Generation,Solution,0,1,2,3,4,5,6,7,8,9,10,11,12,13,14,15,16,17,18,19,20,21,22,23,24,25,26,27,28,29,30,31,32,33,34,35,36,37,38,39,40,41,42,43,44,45,46,47,48,49,50,51,52,53,54,55,56,57,58,59,60,61,62,63,64,65,66,67,68,69,70,71,72,73,74,75,76,77,78,79,80,81,82,83,84,85,86,87,88,89,90,91,92,93,94,95,96,97,98,99,100,101,102,103,104,105
1,0,78,58,61,103,91,55,69,2,45,48,62,94,20,83,96,23,89,95,12,24,19,49,14,38,66,73,82,44,53,77,92,5,4,74,70,42,31,71,0,98,68,104,7,25,80,56,59,57,26,6,46,41,11,21,54,81,32,67,50,86,40,47,101,79,36,13,43,52,88,65,15,33,16,102,90,29,76,87,97,51,100,34,28,10,105,27,85,37,1,99,9,22,18,3,63,60,17,64,84,72,93,8,75,35,30,39
1,1,85,71,59,64,53,97,79,44,63,1,28,16,9,75,92,20,23,34,58,56,70,100,14,0,31,32,45,61,67,104,46,83,5,93,47,103,3,94,51,76,37,25,24,77,7,66,57,84,2,42,21,10,60,43,48,50,96,87,99,52,12,54,11,68,26,17,8,4,15,62,30,91,105,36,22,80,35,41,86,89,102,55,74,65,33,13,90,88,98,78,29,81,73,39,72,101,27,38,49,40,18,95,82,69,6,19
1,2,68,58,32,44,81,104,67,13,69,15,51,2,80,31,96,7,98,17,100,42,19,43,1,14,65,26,36,50,57,90,53,27,16,11,99,94,92,86,102,88,82,28,97,56,10,60,61,89,6,33,5,29,93,45,103,9,52,37,77,64,70,59,34,46,12,85,3,62,91,24,41,49,21,54,8,71,0,18,95,84,39,74,73,4,87,83,101,40,72,78,55,47,105,48,22,25,20,76,79,38,66,35,75,63,23,30
1,3,38,70,51,84,24,36,58,99,7,105,71,91,61,88,40,95,89,102,69,78,1,13,50,22,46,83,42,90,66,25,62,8,17,82,39,18,48,59,3,37,75,41,94,93,20,80,85,54,86,96,12,0,2,43,52,10,64,81,27,76,77,104,9,55,67,65,33,60,15,30,44,4,5,98,56,53,79,34,97,57,11,87,47,16,14,28,100,63,19,29,31,32,23,73,26,74,103,45,68,35,21,49,6,101,72,92
1,4,60,3,6,63,2,93,43,67,4,64,46,97,24,66,59,45,48,104,87,22,49,57,70,65,33,26,11,7,56,100,52,51,71,98,86,38,77,50,23,39,72,94,74,30,34,79,88,18,0,40,21,90,78,105,42,68,58,61,62,73,85,20,36,80,102,53,76,10,9,14,25,91,1,35,96,37,31,89,47,15,13,95,32,103,75,83,8,17,12,81,41,44,55,5,16,92,82,27,84,99,19,101,29,28,69,54
1,5,55,42,83,52,10,13,28,37,71,89,0,25,36,3,17,30,100,31,68,12,39,34,69,105,104,97,76,65,74,82,61,43,87,16,24,56,53,64,60,18,49,75,84,95,1,11,85,72,29,21,59,99,15,6,86,46,90,58,27,73,70,77,41,57,78,81,32,7,33,20,79,62,92,101,40,88,45,94,50,51,35,23,8,38,4,44,63,93,66,103,54,67,48,5,19,80,14,102,26,47,2,96,98,91,22,9
1,6,15,99,75,20,84,97,35,50,22,38,7,6,10,40,49,57,24,41,104,48,28,47,83,72,21,43,17,13,32,3,87,89,102,96,55,56,37,16,74,64,76,63,45,29,1,67,8,78,86,70,105,93,26,14,92,31,42,95,44,18,90,68,46,33,66,27,73,58,98,9,69,5,36,80,79,94,12,52,71,30,39,88,91,54,0,25,11,53,23,100,60,82,59,61,101,77,85,19,4,65,34,103,51,62,81,2
1,7,86,25,15,23,31,67,102,56,0,74,53,2,34,30,65,48,8,59,40,12,97,96,84,39,41,28,13,1,85,17,95,58,35,90,72,80,38,19,10,68,75,21,16,99,83,63,9,87,105,98,37,57,61,50,45,64,3,71,24,70,66,26,52,82,11,5,51,4,44,18,42,46,77,91,43,47,93,54,92,55,32,29,33,60,20,6,81,78,89,69,101,104,88,79,94,7,76,14,49,22,73,62,100,36,27,103
1,8,85,96,99,17,61,4,69,34,50,6,42,26,13,45,78,101,15,80,90,23,18,87,29,10,71,35,5,88,25,52,0,39,8,22,11,20,9,31,98,56,14,53,91,95,57,86,94,37,102,103,16,70,41,21,7,2,65,47,49,73,64,12,84,1,83,28,97,82,55,89,68,58,40,33,24,72,51,76,54,75,105,46,59,74,43,100,32,66,60,44,30,81,93,77,38,3,27,104,48,92,62,19,63,67,79,36
1,9,105,60,62,102,40,18,6,34,1,68,38,19,30,56,32,26,25,33,23,78,12,3,29,97,73,61,86,2,0,74,13,65,53,82,77,94,15,14,22,84,31,27,71,46,8,28,76,35,54,83,75,99,90,42,24,80,5,17,93,7,81,96,44,9,20,45,92,69,67,95,16,85,36,37,100,55,64,41,103,87,104,39,70,72,48,59,49,89,91,63,43,11,52,10,88,101,51,79,50,58,4,98,47,57,66,21
1,10,67,83,55,26,69,29,76,93,27,101,75,42,20,47,41,35,23,2,57,9,39,80,1,78,74,0,5,10,14,97,33,13,58,96,89,99,15,36,21,86,84,50,3,52,104,90,34,85,19,31,28,100,43,103,25,30,65,49,16,94,66,40,79,8,61,92,54,44,24,102,72,63,7,81,91,88,77,22,48,105,6,37,32,11,45,12,17,60,70,51,62,87,68,4,71,64,38,18,59,56,53,82,98,95,46,73
1,11,3,27,52,87,93,23,35,11,58,100,9,13,42,96,95,75,10,64,2,41,17,76,31,22,6,97,105,89,29,32,43,33,78,90,24,72,101,15,48,0,65,8,37,46,18,98,67,92,103,63,28,82,16,59,99,104,94,50,39,91,62,34,47,36,69,85,12,102,79,81,44,57,26,5,56,55,88,40,20,49,73,80,66,53,70,21,77,1,30,4,68,38,71,7,54,83,74,45,51,86,61,14,84,25,19,60
1,12,5,46,25,20,98,11,39,29,45,48,23,19,33,99,53,65,1,87,103,44,8,4,21,71,15,72,93,13,30,28,74,58,35,105,9,70,34,14,10,7,49,56,101,31,86,2,88,91,104,51,59,89,32,97,75,47,95,76,83,81,43,40,24,77,60,64,18,3,54,36,100,38,66,52,84,63,41,68,17,78,94,62,26,12,55,73,16,22,6,102,96,92,37,61,57,82,42,79,0,90,69,27,80,67,85,50
1,13,74,53,56,1,30,72,47,57,44,69,98,101,67,33,23,9,93,64,38,73,105,48,27,77,88,14,15,61,82,83,17,85,65,46,11,90,52,24,79,7,97,6,22,16,100,31,43,5,36,34,32,10,12,4,50,8,71,26,35,104,103,95,29,28,62,94,2,42,20,40,86,75,3,60,58,68,91,96,70,51,59,25,80,0,92,18,45,89,63,39,81,54,102,78,13,55,19,37,99,21,49,76,41,66,84,87
1,14,5,86,1,78,10,12,27,61,45,101,103,105,57,79,23,46,69,60,83,76,102,62,3,20,71,33,49,8,68,89,63,94,6,99,88,19,29,77,2,34,24,21,98,55,70,48,84,38,66,73,75,9,16,51,32,96,14,47,39,11,0,41,18,54,43,37,64,97,81,52,42,58,72,87,26,30,104,17,91,90,56,40,36,31,7,95,85,59,92,53,28,67,93,74,44,100,50,22,4,80,82,13,25,15,65,35
1,15,65,102,51,62,36,73,101,17,94,7,58,31,98,29,49,30,67,96,75,85,89,61,72,24,3,25,38,28,5,16,10,1,88,44,86,18,40,100,53,68,64,54,2,93,42,91,69,4,48,59,104,13,70,22,95,92,77,60,21,12,0,27,19,46,37,43,79,84,105,47,14,57,39,76,99,50,52,32,9,56,26,97,34,41,33,80,87,78,45,82,20,66,81,103,11,6,8,90,63,23,35,71,15,74,55,83
1,16,93,30,92,82,23,34,83,38,80,42,52,68,36,100,76,87,6,81,55,47,27,90,24,19,26,14,91,74,59,21,13,103,63,54,62,89,2,29,66,0,94,95,43,25,96,39,101,32,18,85,15,71,78,28,49,17,33,61,99,3,60,5,4,45,75,79,88,31,64,98,72,84,67,37,11,58,16,8,86,20,22,65,7,97,53,104,102,48,35,10,70,69,105,57,77,73,56,40,46,51,44,1,41,12,50,9
1,17,16,41,52,58,69,23,61,56,2,65,79,1,91,43,18,92,37,5,67,101,60,78,80,14,26,30,40,97,85,74,7,0,25,81,71,90,102,104,66,89,8,62,27,22,73,84,94,39,54,49,95,51,98,47,19,6,17,83,100,9,105,55,33,72,96,34,64,87,45,32,48,86,46,57,11,35,75,21,3,29,103,44,50,77,13,28,10,53,38,93,4,82,68,99,20,36,31,59,24,76,15,70,63,42,88,12
1,18,82,33,54,8,17,58,66,23,100,43,47,25,90,15,36,3,26,71,87,37,69,2,28,45,34,13,14,20,73,81,12,101,64,104,18,68,6,24,42,7,22,41,91,38,27,31,98,30,84,5,10,48,61,76,89,46,50,1,39,21,49,56,86,88,74,103,19,4,96,55,62,93,51,52,40,29,94,92,105,11,16,78,57,32,79,83,72,75,85,67,97,53,0,102,65,99,63,60,80,44,9,95,59,70,77,35
1,19,75,34,83,60,85,3,14,86,82,61,19,64,35,88,42,87,54,57,72,51,10,37,68,89,50,74,56,36,39,20,2,6,81,97,24,79,17,26,71,45,91,67,103,7,4,73,31,8,59,66,21,105,93,96,38,16,1,95,12,13,11,70,53,76,5,100,28,29,15,102,62,0,65,25,49,92,55,18,99,80,32,41,40,90,94,27,23,48,98,52,69,58,22,63,77,47,84,43,44,33,78,30,46,104,101,9
1,20,61,73,6,25,39,77,51,2,29,36,58,87,11,28,4,0,9,89,95,79,94,32,55,12,19,80,84,33,57,41,54,70,24,86,40,5,50,44,63,97,10,103,100,22,30,53,31,68,27,90,72,67,69,99,91,83,20,15,62,46,3,43,48,1,35,45,14,47,59,42,34,75,76,64,18,85,8,74,71,104,38,96,52,88,49,105,82,92,56,78,7,98,21,16,81,13,66,65,17,23,101,93,37,26,60,102
1,21,14,63,27,37,81,19,44,20,30,68,71,59,67,91,70,79,87,22,104,66,2,6,93,86,61,39,58,76,88,45,94,52,24,29,105,47,42,69,55,16,13,74,95,78,99,54,73,21,12,34,38,10,28,50,85,40,75,26,62,4,96,1,23,97,53,7,32,64,5,41,48,9,56,31,92,57,46,33,100,3,80,18,8,72,43,90,0,83,102,65,60,103,84,17,25,89,11,49,82,98,36,15,51,77,35,101
1,22,62,11,54,57,4,86,77,95,83,97,2,12,16,82,45,61,17,94,105,27,39,31,76,49,3,19,22,18,34,78,67,33,24,100,51,55,52,37,9,20,68,25,35,74,44,88,81,104,87,46,28,21,59,36,8,102,7,80,26,70,65,29,6,98,23,38,0,71,58,13,96,43,40,41,1,72,42,92,75,69,63,60,79,53,91,99,15,90,73,85,10,50,5,48,93,14,66,32,101,84,47,30,64,103,89,56
1,23,15,8,74,68,87,65,24,64,9,35,40,67,61,18,89,32,88,81,44,63,75,41,45,21,13,55,72,28,93,57,83,53,5,94,7,29,101,10,25,20,4,73,49,2,62,96,42,71,51,39,19,50,92,30,56,66,11,46,98,95,52,78,27,33,6,17,34,37,1,104,16,103,0,59,48,105,22,47,76,38,90,26,14,69,99,70,23,36,77,85,84,54,43,79,3,100,58,82,97,31,86,102,91,80,60,12
1,24,34,71,50,36,25,3,73,11,27,37,97,102,84,78,19,33,89,101,17,81,30,103,57,49,65,90,93,35,70,53,14,105,9,32,16,98,85,104,0,72,76,99,67,61,80,18,92,45,56,58,2,59,82,62,94,47,54,86,29,21,69,95,12,63,83,77,31,64,26,88,52,23,6,28,91,96,24,100,41,20,1,51,74,40,55,10,46,79,13,15,38,42,87,4,22,60,39,44,66,68,75,48,5,8,43,7
1,25,72,78,21,59,51,31,23,57,41,18,58,60,33,9,94,56,6,55,28,12,101,11,27,13,67,79,16,92,5,43,3,95,2,50,100,1,29,10,97,36,40,19,0,83,8,68,20,49,65,15,34,39,88,38,24,76,102,80,74,44,32,105,35,53,85,103,89,61,62,52,93,84,46,91,64,54,37,66,63,48,30,96,86,75,45,104,71,82,70,17,69,73,77,99,90,42,25,98,47,7,14,26,87,81,4,22
1,26,96,49,55,104,101,35,66,6,72,71,78,14,2,9,85,80,22,81,4,74,24,98,5,69,56,88,23,73,32,0,26,79,62,64,29,77,41,39,83,1,20,27,45,16,54,19,102,36,34,42,52,75,95,50,57,28,43,90,11,97,12,15,63,67,89,103,30,68,93,100,61,10,33,65,105,82,59,60,94,8,53,25,7,38,76,99,17,91,86,18,92,51,37,48,44,46,3,70,13,47,87,58,40,31,84,21
1,27,98,73,29,82,53,89,18,103,8,49,78,92,85,11,58,62,7,32,28,84,93,91,59,21,100,10,5,25,80,14,44,63,17,6,54,72,43,36,3,90,60,20,52,30,27,76,15,70,42,22,35,34,71,37,86,56,24,94,68,13,38,40,81,2,0,50,41,9,23,48,102,31,46,1,101,99,64,12,19,75,39,61,51,57,33,4,67,66,45,97,88,77,55,105,83,65,26,87,104,74,96,47,79,16,95,69
1,28,61,96,3,24,28,54,92,99,90,74,12,34,104,49,26,55,94,14,102,77,70,45,65,72,35,5,7,23,73,62,58,60,42,44,38,79,6,87,0,83,76,82,78,19,36,33,41,100,50,93,81,84,9,97,22,91,63,59,37,48,1,17,53,85,43,18,57,2,20,29,64,89,66,47,8,103,13,46,105,15,88,40,98,69,16,10,11,52,21,30,86,56,25,32,75,31,51,27,4,71,68,101,39,80,95,67
1,29,14,42,92,4,57,7,9,2,62,60,78,74,37,13,66,58,82,41,104,67,75,0,53,25,46,19,17,32,11,10,91,71,31,84,5,44,99,69,26,81,34,79,70,43,95,24,16,64,22,96,54,98,15,6,105,47,52,59,12,65,18,27,45,103,68,38,30,33,73,56,94,61,93,35,85,90,49,51,83,20,101,55,29,88,86,3,40,8,80,76,36,50,77,28,72,23,97,89,102,39,63,48,87,100,21,1
1,30,63,15,2,81,28,93,27,103,101,35,40,76,46,102,26,34,44,24,12,47,18,69,42,57,62,90,77,41,53,70,95,98,25,49,59,88,82,73,74,96,3,48,51,84,16,1,91,14,94,99,85,37,32,52,19,87,61,20,78,21,39,43,22,60,75,58,31,0,17,13,5,36,105,72,67,11,56,54,97,38,45,29,89,104,10,9,33,100,80,71,68,7,50,92,83,55,23,86,4,8,30,79,6,66,64,65
1,31,66,46,39,1,51,92,12,75,71,6,99,84,103,60,11,24,0,34,44,83,45,2,94,49,47,35,43,82,7,104,87,61,4,86,42,22,33,64,19,31,96,54,98,105,56,95,79,57,8,10,37,55,3,18,100,89,88,90,29,21,70,38,23,27,15,52,25,91,62,36,9,72,74,101,32,14,76,20,77,102,85,48,58,67,80,30,97,59,28,73,26,40,5,17,69,50,16,63,65,53,68,78,41,81,13,93
1,32,98,8,60,81,88,86,42,19,95,58,74,59,24,40,50,34,65,36,15,44,71,30,67,61,32,92,7,39,87,5,52,68,6,49,89,77,0,43,101,104,45,100,64,2,85,11,14,1,90,91,21,28,78,35,10,37,56,9,51,29,75,69,102,83,93,16,82,12,73,20,63,38,66,4,76,103,62,48,70,22,47,94,13,41,3,79,53,18,84,46,25,27,80,33,57,72,26,99,17,96,105,55,31,97,23,54
1,33,7,79,90,85,6,65,58,28,4,0,20,46,95,51,61,30,104,67,93,10,76,103,72,29,75,81,5,57,42,24,105,97,21,63,19,1,77,2,101,64,73,100,40,86,94,33,9,99,92,3,36,96,70,91,43,80,69,60,45,27,52,66,38,23,34,18,53,39,48,56,88,15,78,25,12,35,84,14,26,11,59,31,87,83,68,74,37,16,55,13,54,82,22,41,44,32,17,102,62,8,49,71,50,98,89,47
1,34,98,32,35,44,7,49,47,101,31,93,26,90,84,33,20,74,104,92,86,77,23,95,83,58,64,68,43,69,71,88,40,76,34,105,62,18,2,60,63,61,59,19,55,8,82,50,29,73,53,36,78,1,6,79,14,72,22,11,37,13,80,4,45,75,27,9,17,102,25,52,66,16,28,0,96,57,103,5,56,30,3,89,46,87,24,10,85,54,41,51,99,39,67,94,48,97,70,81,21,65,42,12,15,38,91,100
1,35,71,91,24,41,27,2,63,49,72,31,9,57,4,3,97,15,56,100,44,1,46,67,25,69,64,51,77,11,61,62,17,83,79,58,93,52,43,84,98,86,81,70,23,16,48,8,10,12,65,7,88,37,55,13,105,73,5,26,74,102,76,6,35,42,33,75,90,34,32,104,87,39,94,82,36,30,103,22,40,66,78,29,19,92,80,45,28,59,54,60,20,89,96,18,21,14,68,85,101,38,99,47,50,95,53,0
1,36,74,42,9,96,69,38,52,26,84,12,71,14,7,51,82,23,36,41,13,65,83,104,66,46,0,95,72,8,63,92,15,54,31,32,47,4,17,58,2,100,6,30,64,19,79,86,90,80,67,87,77,101,5,75,76,78,43,45,61,60,94,93,35,85,91,1,20,33,103,24,40,50,34,16,73,57,29,37,27,49,3,99,22,21,70,59,88,62,98,55,10,68,97,18,105,25,28,81,53,56,11,102,39,89,44,48
1,37,8,6,26,7,39,56,60,79,100,83,92,27,96,89,24,78,3,76,38,68,98,102,14,23,45,80,87,65,17,81,59,94,62,41,58,75,64,90,48,18,97,19,28,9,77,11,46,71,51,105,54,95,86,70,40,43,104,66,22,91,82,1,16,25,35,50,99,2,69,0,5,13,47,33,103,101,67,34,84,30,93,20,74,21,53,42,15,37,10,12,29,49,63,72,85,36,55,4,61,31,32,88,73,52,44,57
1,38,44,91,21,31,75,59,89,6,63,51,70,0,22,4,19,92,64,68,34,99,66,72,104,8,57,77,96,93,27,3,88,49,79,1,74,40,10,85,9,71,78,69,39,65,84,95,23,53,102,11,42,54,83,18,28,87,50,13,82,81,15,43,12,52,61,60,5,45,58,98,35,17,67,25,36,37,38,80,76,97,24,32,101,16,47,103,105,26,62,41,7,73,46,90,100,55,86,56,94,48,33,14,30,2,20,29
1,39,57,71,53,60,81,25,56,95,36,39,47,21,100,85,3,4,84,86,17,48,32,16,1,77,103,88,76,31,18,102,93,98,94,35,2,64,10,22,7,83,38,20,14,101,37,43,9,46,97,33,66,82,51,96,63,40,105,78,87,80,92,62,49,59,13,91,50,89,19,55,42,27,65,90,104,26,15,30,41,61,68,74,28,69,54,5,45,29,72,12,79,34,6,8,0,67,99,58,44,52,24,73,23,75,11,70
1,40,85,59,79,67,13,94,56,35,89,69,11,20,47,28,1,57,52,51,40,86,83,37,87,58,98,55,19,43,71,41,99,25,27,49,39,0,12,46,61,44,36,9,100,34,8,30,90,23,70,84,14,60,65,62,50,18,4,63,102,103,91,93,42,7,26,81,15,38,32,53,5,74,24,72,21,68,6,2,54,29,73,22,17,76,75,80,10,82,66,105,64,92,77,16,48,96,45,33,104,95,78,101,3,97,88,31
1,41,33,74,60,3,79,69,99,16,101,7,53,12,86,10,61,89,30,46,82,11,31,92,29,14,77,100,68,17,35,27,50,96,87,66,56,102,2,105,4,6,9,84,8,44,54,59,91,85,40,52,90,36,26,64,49,5,57,25,103,34,39,42,97,104,98,78,62,83,65,41,28,80,75,88,55,19,72,58,94,51,76,20,32,81,67,38,47,37,13,22,95,18,63,48,73,23,1,45,24,21,93,15,71,0,70,43
1,42,70,89,68,79,81,51,95,80,76,77,7,50,0,5,60,103,25,85,40,24,21,92,28,74,19,9,45,41,58,12,59,49,88,75,1,33,48,97,46,54,84,35,26,82,27,71,38,31,3,4,47,62,96,98,87,44,72,18,63,67,69,65,10,99,8,14,23,22,2,11,6,64,100,61,90,83,15,16,17,102,56,94,39,20,36,13,42,57,55,30,104,32,86,101,78,53,93,29,73,34,52,105,66,91,37,43
1,43,39,13,60,4,6,93,16,49,54,44,80,29,55,91,62,67,28,86,70,7,41,51,3,63,19,65,8,38,10,78,82,18,37,0,59,81,61,74,23,22,5,36,11,97,69,21,87,31,77,68,94,26,85,95,96,79,52,72,75,103,105,99,57,66,20,1,40,15,24,53,84,17,2,46,58,47,25,50,101,42,89,9,56,92,102,88,83,76,43,73,12,34,45,48,35,32,33,64,27,98,104,14,71,100,90,30
1,44,6,64,14,68,99,49,44,105,24,18,66,10,71,98,91,27,55,53,83,52,13,2,79,89,81,0,70,93,65,5,86,76,73,20,9,19,54,15,22,102,33,34,4,75,25,80,7,11,12,28,30,38,87,36,84,46,78,82,58,100,1,88,92,47,59,95,74,29,96,3,67,104,26,103,40,35,51,21,60,61,63,77,101,56,97,94,8,57,23,62,72,43,48,45,50,17,32,39,41,31,69,16,90,85,42,37
1,45,37,1,102,81,60,45,76,103,58,90,101,87,35,86,23,41,17,104,51,46,2,22,34,18,82,0,28,97,27,93,49,67,85,84,42,11,53,77,48,15,75,4,63,66,3,24,44,43,95,31,10,105,64,62,78,38,68,56,12,55,25,30,94,39,72,6,52,83,91,89,61,92,69,100,65,96,13,88,21,20,79,32,73,99,74,47,80,98,40,29,8,9,50,70,33,26,59,7,16,14,57,36,71,54,5,19
1,46,44,56,23,40,67,41,71,10,80,89,59,34,58,52,30,32,74,79,5,98,64,20,61,70,8,95,69,72,82,18,102,92,38,28,45,36,60,88,42,26,12,85,101,6,91,81,19,83,25,75,105,53,43,21,29,33,48,13,17,93,7,2,27,1,65,55,37,96,4,35,97,99,49,47,73,103,11,77,24,90,46,31,57,86,78,87,54,66,76,68,62,9,84,51,50,39,3,15,104,14,22,0,16,94,100,63
1,47,84,20,104,54,86,103,13,77,92,28,33,78,11,37,39,76,40,51,90,79,29,63,58,17,9,81,14,52,64,62,66,87,59,23,72,4,96,46,80,2,100,102,38,26,43,101,35,0,61,97,57,99,41,49,42,75,93,44,95,15,25,82,56,21,94,65,83,36,24,91,85,5,74,67,32,48,73,98,7,55,89,70,53,105,50,30,45,19,88,8,12,3,47,10,1,34,27,16,18,22,60,6,68,71,31,69
1,48,65,12,20,105,82,15,27,53,28,29,48,79,7,34,66,68,78,18,101,69,42,96,0,24,45,38,11,50,5,40,13,71,63,14,62,55,70,19,30,31,75,64,6,87,80,59,1,95,9,52,77,84,85,46,98,3,49,21,44,89,83,73,43,74,86,76,97,90,4,36,67,2,33,92,41,37,32,39,25,81,93,10,72,47,60,54,94,104,100,57,8,26,91,58,22,23,16,17,103,102,35,99,51,88,61,56
1,49,22,77,46,9,48,78,25,17,29,11,10,34,27,101,51,6,70,97,8,19,41,84,75,37,24,43,74,20,26,87,14,65,56,33,79,66,39,85,47,57,103,60,3,68,83,76,94,5,67,105,98,50,86,2,102,69,92,96,21,52,82,1,32,30,13,23,58,55,40,36,104,18,81,89,7,49,73,44,72,62,53,91,45,61,99,12,15,90,63,54,38,71,0,95,64,35,88,4,16,28,42,31,100,93,80,59
1,50,61,104,16,35,13,67,34,47,65,41,28,18,81,92,80,8,91,11,76,21,29,88,89,87,97,1,62,63,49,46,95,100,103,70,7,5,77,2,23,105,75,102,19,39,85,59,86,0,60,12,93,30,17,6,24,96,32,72,25,74,71,40,57,64,36,73,101,44,26,78,55,14,90,42,43,27,83,53,33,9,66,82,56,50,48,51,79,94,3,22,4,31,98,54,58,69,99,45,52,38,68,37,10,15,20,84
1,51,68,53,22,59,99,39,21,71,35,100,44,79,9,7,32,98,4,105,88,75,80,30,78,73,54,92,83,31,86,60,45,19,50,0,103,49,61,65,34,36,41,2,6,95,67,42,14,58,96,91,43,25,38,5,11,28,20,93,76,70,84,63,13,15,48,72,77,23,74,52,10,69,27,102,82,24,1,104,12,29,51,46,85,3,56,90,62,101,17,40,57,16,55,37,66,87,47,18,97,33,89,81,8,94,26,64
1,52,32,76,96,12,78,2,63,18,69,60,14,26,22,3,42,86,58,95,43,51,20,33,70,49,15,100,4,10,104,83,82,8,41,27,73,29,56,23,61,38,97,11,71,79,45,21,64,39,74,99,5,35,25,67,94,85,13,48,88,28,102,101,75,36,54,1,24,66,31,92,37,34,68,89,16,6,98,55,62,9,19,91,103,50,90,81,72,84,52,17,46,59,7,40,105,80,47,87,93,44,77,0,30,53,57,65
1,53,88,96,86,37,56,36,48,102,81,22,61,94,44,10,20,104,32,83,54,27,85,42,92,80,82,33,35,59,38,26,57,89,103,73,63,90,39,101,50,51,62,14,87,64,28,16,40,13,29,2,97,3,15,17,75,65,18,77,68,91,21,60,43,46,30,34,6,71,70,78,5,76,47,41,79,52,58,7,95,25,8,55,74,67,1,0,66,98,11,99,23,84,12,93,9,105,53,24,4,31,49,69,19,45,72,100
1,54,41,62,52,17,24,36,56,18,2,14,35,38,72,83,95,33,10,22,60,21,12,100,5,25,32,94,59,87,11,85,98,77,9,26,88,101,105,93,63,40,46,19,74,3,61,4,67,15,73,57,78,65,91,44,29,104,48,27,58,23,70,96,43,47,1,0,103,16,82,66,34,79,49,37,6,51,80,84,97,50,102,30,75,13,71,20,28,39,68,76,99,8,90,69,89,64,31,53,42,81,86,7,92,55,45,54
1,55,85,63,44,67,95,105,5,33,35,12,18,55,79,27,61,36,13,23,75,82,32,1,34,25,51,66,101,49,77,103,16,62,64,28,94,99,58,8,91,104,11,6,74,22,45,29,39,89,2,71,57,17,72,54,93,88,80,50,86,26,3,78,41,14,97,20,42,24,100,83,102,53,87,15,70,96,47,48,73,30,19,60,90,21,38,9,10,68,7,40,69,31,4,0,98,65,52,46,43,56,84,59,81,92,76,37
1,56,8,42,88,61,74,78,100,57,90,5,69,101,60,85,17,1,96,40,33,95,7,105,13,53,10,45,58,84,22,55,24,71,104,86,4,6,29,80,18,49,93,65,82,54,3,91,41,67,26,21,72,16,103,94,87,98,68,64,0,32,92,37,25,35,19,75,70,81,12,77,20,50,47,52,83,43,44,11,99,9,27,97,51,89,56,28,34,31,46,62,30,39,63,2,36,59,38,102,73,48,15,76,14,23,66,79
1,57,62,96,35,88,102,95,22,79,0,21,46,91,39,49,20,93,23,40,48,38,98,44,16,63,18,70,80,1,50,29,34,92,71,101,54,68,26,32,11,56,4,28,86,3,69,36,5,77,41,6,89,99,67,65,2,45,81,66,17,94,97,76,8,14,9,75,57,72,85,60,12,47,58,82,43,103,15,104,87,19,7,105,90,25,24,13,42,53,78,73,55,37,59,31,33,74,52,84,83,61,51,100,30,27,64,10
1,58,7,11,31,4,60,100,41,13,5,49,39,20,24,65,84,36,101,92,78,61,74,25,73,93,80,71,38,66,62,40,33,42,91,3,30,97,15,57,29,87,27,104,48,88,103,77,86,95,2,83,81,47,22,69,17,8,12,34,94,67,54,37,28,75,102,6,105,63,59,44,14,45,21,79,89,55,64,82,43,9,99,51,53,72,50,35,46,18,23,19,52,16,68,76,70,96,1,26,32,98,0,85,56,10,90,58
1,59,91,96,32,34,19,95,49,54,67,56,70,21,79,15,78,57,1,83,61,71,99,41,13,45,14,98,20,80,50,63,97,30,24,58,9,16,104,0,73,81,38,3,102,36,4,25,94,44,26,33,86,90,52,27,93,10,100,47,18,40,88,11,28,59,46,5,87,29,8,65,103,85,43,17,72,55,12,69,77,2,60,105,53,62,82,37,6,75,39,74,23,101,66,22,64,76,89,42,7,92,68,51,35,84,48,31
1,60,6,19,25,28,30,88,57,104,40,41,72,86,100,99,7,97,96,15,24,69,4,26,78,73,65,85,39,22,1,67,94,71,87,53,90,60,10,31,56,80,29,9,13,54,44,77,50,3,49,14,37,92,66,5,27,11,35,84,59,91,34,89,21,68,82,98,20,93,45,74,8,95,102,23,18,2,79,75,55,83,47,46,62,64,52,32,58,51,105,36,101,61,103,43,33,76,38,48,81,0,70,16,17,42,63,12
1,61,22,25,37,90,49,103,38,59,55,65,57,102,2,42,52,51,73,95,8,40,61,99,91,64,18,93,17,10,71,36,70,46,27,56,26,68,60,92,83,97,76,79,50,72,94,11,4,69,12,1,16,47,67,29,81,32,63,39,74,101,77,84,6,24,23,86,33,80,85,82,15,44,28,19,45,7,31,89,104,53,0,54,78,5,96,3,87,105,41,34,14,100,35,13,48,62,9,20,58,30,66,98,75,21,43,88
1,62,69,61,104,16,53,41,49,33,22,103,83,5,75,43,74,46,19,91,100,90,94,58,6,88,71,12,72,87,99,96,65,50,86,105,79,67,98,78,59,48,7,42,10,80,73,29,18,11,26,82,13,32,34,28,0,25,84,20,89,101,60,54,85,40,35,97,56,38,45,30,24,17,57,66,51,68,36,39,3,102,37,77,52,2,63,95,93,81,14,21,23,27,64,55,62,31,1,4,15,47,76,92,70,8,9,44
1,63,61,55,74,42,11,84,83,66,7,3,43,6,18,94,95,105,57,12,36,93,80,22,19,65,14,13,0,32,73,37,50,16,48,34,1,56,96,29,35,79,58,100,71,49,86,68,47,87,52,53,69,30,81,99,31,75,38,98,88,101,63,20,92,64,15,39,85,62,24,17,26,82,72,28,46,78,2,44,25,51,91,5,67,54,70,41,89,8,21,103,77,10,33,45,9,4,97,76,60,90,27,102,104,40,59,23
1,64,8,64,36,97,29,12,79,6,53,34,100,38,94,82,4,1,91,95,2,54,30,27,65,105,68,14,61,42,0,56,76,89,3,67,37,73,46,102,81,11,104,84,55,59,22,47,75,57,83,99,18,45,103,39,32,16,40,78,28,92,20,80,58,43,52,51,5,93,31,24,19,23,72,63,85,77,25,88,49,35,74,69,66,21,33,90,10,87,62,41,101,86,70,15,13,71,17,7,96,48,44,60,26,9,50,98
1,65,59,0,38,17,16,22,51,33,3,13,101,74,44,61,75,102,70,104,63,45,72,78,100,37,76,30,49,64,18,28,6,67,34,93,47,32,105,53,82,69,20,40,94,19,98,81,27,73,55,9,35,103,62,99,91,29,96,92,60,86,2,56,52,89,25,57,31,23,10,12,48,77,97,8,43,65,1,5,79,39,88,66,26,95,42,84,21,7,90,71,15,24,50,80,46,11,87,83,58,85,41,36,54,14,68,4
1,66,67,6,74,42,83,12,2,9,93,66,77,92,59,100,96,1,7,15,4,35,0,57,70,56,102,78,61,63,48,33,81,22,94,101,64,55,13,76,79,75,19,91,65,44,37,21,82,84,18,27,99,38,8,47,29,3,80,89,98,88,105,5,60,43,25,45,49,95,62,24,20,41,86,104,36,28,85,73,72,103,54,26,87,52,10,39,46,50,16,68,11,23,90,40,97,71,14,53,58,30,34,31,17,69,32,51
1,67,31,57,92,9,54,63,48,62,60,18,53,90,6,74,78,24,23,100,47,13,88,25,7,65,58,1,72,17,103,2,61,5,77,51,21,41,4,67,34,26,28,37,40,50,12,69,32,59,84,101,11,99,46,97,76,95,55,83,96,105,104,33,93,91,44,71,85,3,79,56,36,16,89,81,29,27,75,22,80,45,98,70,52,15,30,39,102,87,66,43,73,49,14,0,94,86,68,10,8,35,64,19,42,20,38,82
1,68,102,54,45,48,49,21,84,72,78,64,70,56,4,59,43,34,65,77,20,32,89,13,51,68,57,16,9,24,3,10,87,105,26,2,42,38,29,30,23,63,83,90,95,79,47,81,6,104,0,11,55,94,35,44,99,39,97,40,25,93,75,50,69,18,7,91,37,92,88,62,74,67,61,76,14,53,41,98,46,73,15,1,5,58,52,85,17,12,33,71,80,100,19,103,8,28,66,60,96,86,36,101,82,31,27,22
1,69,52,15,84,41,72,4,95,77,71,22,47,51,86,7,45,3,8,25,85,50,98,48,96,16,54,19,89,102,73,62,49,59,37,26,100,76,91,21,104,75,83,101,60,1,66,55,36,69,105,33,9,94,6,5,87,12,35,11,13,24,103,70,10,74,23,82,30,90,28,40,99,67,78,80,44,39,0,31,38,79,43,18,65,29,53,56,81,42,2,57,27,93,97,88,34,61,92,14,46,20,68,17,63,32,64,58
1,70,86,39,31,18,100,14,43,38,78,2,16,10,71,5,35,8,54,51,82,44,48,22,15,50,3,17,55,25,26,64,70,87,30,98,72,23,103,0,91,13,33,85,42,41,21,47,11,29,36,75,45,93,96,49,20,104,24,61,59,19,74,1,65,76,99,28,60,97,83,69,67,81,52,66,57,40,92,62,37,79,7,46,34,58,32,84,94,105,101,102,90,80,63,89,9,27,4,95,53,68,56,77,6,73,12,88
1,71,17,105,60,33,23,49,98,61,4,103,40,78,45,83,67,89,53,3,75,102,86,51,63,39,93,37,90,57,12,80,64,91,68,21,73,97,44,19,92,42,96,1,94,58,101,100,70,59,6,35,65,72,31,104,26,50,43,46,29,85,8,55,14,56,77,69,47,48,66,18,36,71,25,99,5,84,32,87,95,0,82,81,22,74,27,11,16,54,20,13,79,10,76,7,9,41,88,52,62,30,28,15,2,38,24,34
1,72,6,17,56,15,50,9,49,0,78,51,95,5,55,37,18,36,71,33,44,7,32,102,75,30,25,64,67,65,23,19,58,41,57,81,48,94,10,13,31,1,34,105,82,45,53,69,66,8,39,73,2,16,46,80,97,77,3,83,35,14,70,86,74,11,62,93,76,99,60,101,61,100,98,85,52,96,42,88,20,59,22,89,72,79,40,43,26,104,28,84,24,87,103,92,47,54,38,4,27,21,68,91,63,29,12,90
1,73,19,95,94,6,38,69,100,28,81,65,16,5,2,82,78,80,52,79,39,85,84,13,86,31,59,18,72,90,103,88,83,104,10,41,91,9,3,55,58,1,25,7,20,61,15,24,12,0,73,34,60,66,70,56,27,42,45,47,93,26,77,21,102,74,8,97,92,64,57,71,67,87,43,17,22,48,63,62,37,51,105,75,4,68,29,96,33,46,11,98,89,23,44,54,49,53,14,76,36,35,99,32,101,50,40,30
1,74,84,41,67,14,104,43,4,11,7,64,96,0,79,61,5,35,20,30,15,92,37,42,27,100,57,98,63,94,77,10,72,62,13,83,17,85,8,18,55,39,1,66,69,12,46,2,24,28,89,65,9,19,93,60,82,99,71,50,44,74,53,87,52,102,51,54,3,45,6,36,21,34,23,59,29,101,73,78,40,48,58,76,32,90,81,75,22,97,49,33,26,91,68,16,103,56,47,95,86,70,38,105,80,88,31,25
1,75,46,24,85,36,72,28,19,26,65,68,66,71,88,23,82,93,2,25,42,91,97,27,38,1,81,54,8,64,39,58,15,101,75,92,3,48,49,30,4,50,63,105,55,74,29,67,56,99,44,11,61,43,13,94,98,86,32,18,89,90,76,35,104,70,51,62,21,14,7,37,78,20,69,77,79,22,60,73,6,45,83,84,47,102,100,31,80,9,40,57,96,10,12,34,17,41,0,95,53,16,59,52,103,5,87,33
1,76,14,95,49,96,5,61,51,36,69,22,39,50,38,12,29,3,93,90,89,11,55,100,91,81,73,33,4,16,48,98,37,63,42,64,74,21,41,82,23,67,46,9,99,68,30,58,27,1,87,31,17,78,18,103,15,34,13,101,56,10,47,84,32,65,53,72,75,52,45,8,62,86,83,20,2,80,44,26,66,54,60,25,77,57,97,59,6,7,76,94,24,40,104,70,71,88,102,79,43,28,85,0,19,35,105,92
1,77,4,43,85,91,31,65,51,78,42,15,105,29,17,73,38,81,16,7,30,12,66,68,74,23,19,86,84,93,75,47,25,18,13,9,24,92,77,0,28,21,88,5,76,67,63,14,26,58,64,22,53,61,57,69,59,52,62,6,27,3,60,97,101,71,35,79,89,83,36,72,8,50,56,90,10,45,44,33,39,20,34,40,95,70,87,103,11,100,32,49,46,41,94,99,96,102,48,82,55,104,37,54,80,98,2,1
1,78,89,61,24,33,99,68,14,90,60,22,64,102,29,28,35,95,59,6,80,11,42,27,18,67,72,47,81,48,79,38,105,92,23,43,78,73,77,86,55,84,25,65,70,53,69,7,57,46,15,12,76,82,101,4,13,20,36,30,85,32,91,63,75,5,39,16,3,56,21,71,50,51,0,1,98,44,103,96,37,97,9,19,52,54,2,62,88,45,40,8,10,104,17,58,31,49,66,34,93,94,100,41,83,74,87,26
1,79,101,80,46,31,65,83,4,81,72,61,70,94,91,28,84,62,69,57,95,64,48,79,0,20,40,85,105,78,52,88,19,56,35,45,12,99,49,6,96,39,42,8,50,36,89,74,102,21,76,73,33,14,30,54,10,43,26,87,47,58,29,71,38,51,37,1,66,53,75,7,77,63,25,2,86,5,55,41,90,104,32,13,16,98,9,93,22,97,68,44,15,18,23,92,11,34,100,103,82,3,60,24,27,59,17,67
1,80,66,42,47,7,53,73,101,82,95,70,69,76,36,92,88,4,55,50,25,19,46,80,102,63,48,52,103,22,14,72,11,38,65,33,98,79,54,68,0,91,28,100,17,9,94,59,78,67,87,24,1,23,83,60,21,86,5,77,97,81,40,20,18,15,51,44,41,96,10,37,30,3,43,105,13,29,89,39,32,85,8,16,27,6,31,49,45,34,71,93,12,74,35,58,75,2,90,56,61,62,99,104,84,64,26,57
1,81,23,60,52,76,95,68,80,66,77,67,8,18,84,56,101,16,43,27,103,63,70,54,58,22,20,35,86,36,45,87,75,17,71,12,61,31,4,40,21,9,53,81,73,25,91,51,50,42,38,3,55,5,59,65,26,82,92,99,98,85,78,90,34,44,14,94,57,37,46,11,29,2,10,96,6,41,100,32,19,83,104,74,93,49,15,7,64,89,79,13,72,0,48,47,33,30,62,24,105,97,39,88,69,1,102,28
1,82,7,41,80,29,52,82,9,18,71,61,26,89,75,98,84,59,56,68,93,95,79,54,13,6,70,87,1,46,64,77,96,15,99,40,97,12,60,32,63,37,81,69,91,45,85,5,78,43,83,86,27,92,53,72,104,34,65,67,102,74,50,100,44,19,105,57,11,35,0,4,90,36,76,66,23,8,21,3,39,42,88,25,48,49,94,31,24,28,20,62,22,51,103,14,30,101,58,16,10,17,38,2,55,47,33,73
1,83,4,80,97,62,53,88,8,13,99,69,90,87,96,89,9,56,50,47,67,102,14,93,73,17,85,71,35,0,84,26,81,25,18,104,65,38,10,12,82,33,44,66,55,27,76,79,31,92,98,20,34,51,43,46,48,45,58,29,59,16,42,86,101,2,75,61,22,23,21,68,39,72,15,19,49,40,5,57,41,24,77,60,105,6,100,83,1,95,28,64,30,3,54,36,63,78,91,74,32,94,37,11,103,52,7,70
1,84,104,44,67,98,92,65,64,24,71,47,94,8,23,60,16,45,91,86,75,72,88,10,89,52,59,14,55,4,12,81,84,21,74,73,20,35,58,97,95,13,40,62,76,87,9,26,96,69,100,19,0,105,79,77,27,32,33,25,37,78,17,56,49,43,57,48,53,22,2,93,3,66,18,99,85,39,46,102,80,41,51,68,50,83,61,6,28,101,54,103,36,7,42,38,1,82,15,30,29,5,90,11,63,70,31,34
1,85,102,77,47,56,15,97,16,12,96,6,99,89,45,8,71,3,7,85,2,37,93,79,28,63,61,74,11,24,68,29,70,83,25,88,58,9,39,92,14,50,49,23,18,60,10,43,65,21,80,30,32,40,64,101,48,26,31,53,59,66,86,98,105,51,72,75,100,94,38,33,52,73,54,36,90,95,4,0,55,34,57,35,46,42,27,84,41,103,76,91,20,1,82,13,17,87,78,69,22,81,44,62,5,67,104,19
1,86,105,45,72,89,28,101,78,95,64,7,27,67,97,17,13,99,102,36,39,10,96,49,24,25,81,53,30,9,23,14,75,55,94,103,33,104,58,46,61,57,41,76,3,69,34,40,68,15,50,91,74,20,32,98,8,38,87,51,22,100,73,70,1,37,56,12,65,52,79,62,92,19,80,26,85,59,21,11,77,48,93,43,35,60,66,83,82,42,88,54,18,90,44,63,29,47,4,71,2,0,5,86,31,6,84,16
1,87,32,8,59,63,3,15,72,58,71,34,74,86,44,16,0,27,1,46,82,85,80,98,87,36,24,73,48,52,79,50,31,28,91,104,22,37,5,23,55,65,29,68,40,67,60,47,17,18,61,49,14,57,76,83,25,77,70,103,10,101,100,42,9,81,84,43,105,69,54,99,6,89,26,93,62,38,66,92,51,53,33,39,4,20,30,75,96,78,19,102,41,95,97,21,35,45,56,13,64,2,94,7,12,88,90,11
1,88,95,14,15,49,35,19,8,9,30,76,36,97,75,23,91,22,29,24,47,21,89,58,0,81,52,60,6,12,63,69,51,20,5,101,40,38,104,78,45,34,90,4,66,98,46,54,62,68,82,88,100,13,18,44,43,102,33,86,80,48,17,84,77,25,61,32,94,26,3,96,92,65,41,99,11,64,16,53,27,85,71,74,79,56,55,87,39,10,70,72,7,83,57,2,50,1,28,105,31,42,73,93,59,67,103,37
1,89,24,55,37,96,97,81,28,50,3,85,11,17,35,5,34,83,60,73,21,62,98,95,47,90,86,13,1,7,104,54,33,72,23,76,102,91,10,43,75,31,4,15,18,41,9,42,61,59,92,19,66,99,82,53,64,101,22,58,32,67,6,74,16,38,79,52,48,71,105,51,77,56,25,12,89,103,40,93,49,2,100,8,27,69,36,84,44,45,46,87,29,14,65,70,78,94,68,30,0,20,63,26,80,88,39,57
1,90,103,34,63,82,80,12,32,78,70,39,102,56,99,64,22,79,101,16,95,89,36,18,62,73,61,68,13,105,76,28,87,47,42,97,66,15,92,27,14,21,20,84,75,23,8,46,77,88,11,71,0,69,72,104,86,52,6,85,48,51,29,33,57,4,41,65,10,1,2,25,17,58,54,40,24,3,5,9,74,19,93,30,60,96,38,31,98,55,53,44,45,26,37,50,35,67,100,94,59,49,43,91,81,90,83,7
1,91,59,101,46,100,98,19,5,28,68,1,15,58,52,105,74,81,54,4,34,45,42,53,32,102,77,25,69,51,88,37,47,49,79,41,60,23,8,0,3,48,65,9,11,50,35,61,93,57,21,73,30,18,36,29,27,24,76,7,78,56,70,40,84,103,82,97,17,75,91,104,89,96,13,85,86,92,94,6,39,16,43,99,38,14,55,80,12,63,62,33,90,87,26,44,20,72,83,64,10,71,95,31,67,22,66,2
1,92,86,97,9,96,18,53,69,67,40,101,13,37,73,38,6,65,34,41,90,81,71,75,63,3,43,91,72,44,27,89,57,45,51,84,56,74,94,59,104,99,62,46,31,19,25,42,102,26,11,0,58,8,95,68,66,12,70,22,54,61,5,29,20,4,21,28,103,80,32,55,87,64,50,82,100,30,15,48,39,47,14,23,105,2,1,49,10,93,33,16,85,79,76,17,88,77,24,7,60,83,98,36,92,52,35,78
1,93,76,8,100,102,42,66,7,101,2,78,87,70,19,93,71,44,88,56,46,24,60,61,82,97,30,62,5,54,105,22,37,4,31,13,39,67,103,77,21,18,14,0,94,58,74,34,11,89,20,64,47,51,43,26,52,75,6,53,79,85,3,27,29,92,10,90,81,84,32,1,45,69,57,80,35,48,36,63,41,96,12,91,49,33,59,23,83,40,99,50,17,68,104,86,73,95,16,72,28,15,65,38,9,55,98,25
1,94,18,15,54,60,22,31,75,13,46,89,14,5,85,92,98,87,95,32,3,58,24,9,82,21,19,56,57,100,51,81,2,50,55,34,27,29,78,105,33,42,37,11,59,44,16,94,48,62,1,53,83,96,73,4,35,52,0,36,43,99,79,64,93,74,101,84,10,61,30,91,102,41,77,67,8,23,90,20,17,97,72,80,28,7,40,68,6,63,70,65,103,76,38,25,66,26,39,12,69,104,86,45,88,47,71,49
1,95,35,40,20,28,78,31,85,83,11,101,22,15,13,61,64,16,38,37,59,2,90,6,1,72,43,25,69,42,48,55,74,79,92,34,94,91,44,71,99,39,23,73,30,41,9,60,18,93,65,88,82,52,57,32,56,100,76,105,3,53,5,49,66,26,4,36,70,67,103,68,104,96,12,7,63,86,95,87,33,97,77,47,75,24,29,62,54,58,51,21,84,81,10,17,45,14,27,102,8,80,89,98,19,46,50,0
1,96,4,34,87,29,46,44,62,27,51,100,13,35,15,90,97,24,1,38,52,58,75,101,40,36,49,102,17,61,98,99,25,32,11,48,19,7,26,63,2,96,69,67,79,8,76,41,30,9,80,14,70,92,105,81,93,28,16,65,22,84,94,68,42,57,74,6,78,89,45,37,72,83,31,21,43,73,10,91,56,5,23,50,82,55,3,59,64,20,103,85,18,88,71,12,66,86,60,0,47,95,33,104,77,39,54,53
1,97,24,95,64,70,74,23,29,17,10,32,2,14,88,15,85,21,69,86,83,94,53,102,96,77,39,91,20,100,47,34,81,75,38,18,103,33,51,31,27,98,99,52,80,46,13,22,49,89,55,90,73,6,37,63,82,12,11,71,87,67,41,105,84,36,54,3,1,101,92,44,68,19,78,66,40,76,50,45,42,93,5,28,16,62,61,56,48,104,4,60,43,35,9,97,79,8,65,30,57,25,58,72,26,7,0,59
1,98,36,28,9,57,77,11,43,24,104,16,14,64,22,71,105,4,89,55,12,99,30,70,69,91,51,100,26,47,83,79,82,45,86,34,93,59,18,33,1,5,13,41,15,103,90,88,44,50,102,23,7,3,17,66,72,10,25,53,31,61,6,38,52,42,58,0,73,80,74,68,54,39,92,49,37,63,60,27,46,75,95,65,98,56,84,35,94,87,85,76,101,32,8,20,78,67,2,21,29,19,48,40,62,96,81,97
1,99,96,20,1,85,95,63,46,105,91,81,97,34,103,56,7,73,6,42,38,22,71,75,83,10,65,31,78,40,27,50,28,43,100,93,53,102,4,87,55,89,21,57,18,101,52,70,80,86,19,59,39,9,32,79,90,92,88,23,13,14,74,12,3,0,60,62,98,67,99,94,2,41,15,49,8,66,29,104,76,84,5,30,37,47,77,68,69,51,26,61,33,48,16,64,24,17,35,45,36,44,72,82,25,54,11,58
1,100,80,67,72,88,14,32,6,44,42,43,27,91,4,82,70,50,9,23,62,53,63,61,96,76,77,65,19,16,64,33,2,93,90,71,30,35,85,31,68,56,78,40,1,102,51,60,103,3,45,47,57,58,104,34,83,54,94,22,74,28,38,86,99,55,73,46,41,92,20,26,95,84,21,87,11,100,15,25,48,59,49,29,5,39,37,18,36,98,10,105,66,8,69,89,79,24,52,13,101,17,75,97,7,81,12,0
1,101,96,14,3,86,41,54,57,53,102,29,99,105,83,8,93,0,6,56,59,80,104,67,50,64,20,62,60,103,94,18,7,70,51,19,73,75,79,97,2,88,91,90,52,61,13,89,76,63,69,98,101,65,16,1,23,9,87,55,85,84,40,24,5,47,34,10,74,17,22,81,21,44,77,27,45,39,4,31,92,36,100,32,43,72,68,82,11,25,33,42,66,95,37,46,28,35,49,48,71,78,12,26,15,30,38,58
1,102,22,40,11,85,30,33,60,42,98,29,51,15,38,66,7,75,97,13,14,70,32,35,31,87,27,50,65,0,26,104,52,4,19,21,58,94,93,55,102,43,92,80,39,76,89,23,49,45,8,86,10,53,34,63,74,54,56,28,71,36,101,73,57,25,105,1,61,67,68,83,6,96,17,88,90,81,46,18,3,44,100,41,62,79,82,69,91,64,95,72,12,16,77,78,20,9,103,99,59,84,37,24,47,5,48,2
1,103,60,103,51,14,89,100,4,90,70,34,31,24,86,82,105,8,22,21,48,5,55,93,76,77,29,41,45,52,102,96,12,9,10,23,87,37,79,38,44,27,88,69,7,65,62,72,42,33,30,66,71,78,46,40,16,6,26,35,75,98,0,36,1,58,11,91,39,101,18,53,43,19,54,17,73,99,32,63,97,61,84,85,20,67,64,50,59,92,56,94,13,49,28,25,80,95,74,81,57,83,47,3,15,104,2,68
1,104,105,6,16,20,98,7,29,103,92,87,18,55,39,24,63,80,88,104,74,50,1,68,47,2,69,82,19,86,13,26,5,62,32,99,89,67,42,71,79,45,90,76,58,97,33,102,0,41,36,12,30,34,73,27,83,48,94,64,56,11,85,57,52,101,31,54,4,91,96,17,37,40,28,38,65,49,25,22,21,23,75,43,61,8,3,59,100,9,70,78,46,93,51,14,35,15,66,72,81,53,60,10,84,44,95,77
1,105,30,60,63,75,82,78,92,71,22,29,40,67,101,10,18,98,95,104,6,56,26,16,25,0,80,77,14,31,44,34,41,28,2,19,33,94,20,38,62,50,12,76,68,57,54,96,23,39,3,65,36,4,52,91,81,88,27,43,47,90,73,74,9,93,8,53,32,72,46,17,103,13,11,35,99,15,79,66,97,5,100,45,37,83,21,1,42,48,59,58,51,69,24,61,89,85,86,87,49,55,102,84,7,105,70,64
1,106,22,95,25,105,13,94,85,62,7,47,103,19,20,61,39,60,59,102,21,40,26,70,67,53,63,11,76,101,50,83,28,55,84,75,29,0,4,18,97,31,43,1,90,99,42,27,66,88,36,14,45,81,34,8,91,12,23,93,77,24,73,37,100,52,35,69,89,86,5,10,33,57,79,9,64,58,87,92,80,30,38,96,54,17,44,46,6,49,41,56,78,48,82,16,32,74,98,68,72,2,15,51,71,104,3,65
1,107,95,99,67,26,18,65,78,54,23,79,74,80,2,28,94,56,50,92,59,43,81,75,33,60,27,66,71,70,13,19,105,53,3,76,62,57,86,48,72,91,5,30,15,31,21,39,104,61,90,34,29,97,17,41,83,42,87,0,63,102,4,11,7,40,8,68,47,10,32,58,96,93,22,25,38,100,24,52,103,45,101,12,36,51,89,1,9,14,84,49,44,88,55,20,73,37,64,6,77,35,82,69,85,98,16,46
1,108,26,5,24,72,47,75,34,68,32,42,83,25,102,46,93,43,71,49,66,30,2,55,100,58,94,48,16,41,89,101,13,9,20,90,39,91,57,74,87,103,98,96,21,84,64,10,73,36,99,95,31,7,44,52,56,22,33,61,27,1,85,53,37,11,54,4,97,78,79,35,45,23,62,38,6,76,82,59,12,86,50,8,14,17,104,92,19,67,77,0,88,69,28,63,80,40,70,29,15,81,3,65,105,60,51,18
1,109,91,2,18,0,60,67,64,65,29,58,82,32,105,5,54,36,15,37,86,85,76,96,95,68,26,99,39,47,25,56,31,21,84,19,22,75,4,104,72,27,13,50,46,83,63,11,16,87,35,48,45,69,52,59,9,40,94,49,88,80,66,97,34,3,30,33,23,24,62,100,14,70,71,90,81,78,61,44,51,17,38,6,101,7,92,55,102,8,98,28,10,93,73,12,77,103,41,79,42,89,57,43,20,53,74,1
1,110,105,77,63,28,85,9,21,16,1,64,101,48,5,97,30,66,98,90,93,52,40,53,71,41,59,22,34,47,76,75,46,72,7,51,57,67,56,17,69,68,36,61,4,60,99,44,31,45,78,12,13,54,8,81,103,38,33,20,23,26,89,79,27,91,80,43,14,35,74,49,15,24,55,84,100,10,3,58,50,87,86,102,29,19,32,104,82,37,88,6,83,18,95,0,65,70,2,73,94,39,96,62,25,92,42,11
1,111,49,81,14,5,64,98,55,37,102,96,20,43,89,18,87,25,75,83,74,41,9,15,90,45,4,19,86,36,70,66,59,68,31,21,63,104,53,1,92,29,84,58,17,62,47,103,30,73,80,38,82,39,91,76,50,42,67,72,26,3,23,13,105,61,40,51,11,101,35,60,52,33,34,54,71,22,0,48,56,65,27,7,32,6,2,100,94,78,79,69,12,97,8,95,46,85,28,16,24,88,10,57,44,93,77,99
1,112,20,52,37,1,43,105,32,83,7,5,24,78,45,97,44,49,73,2,19,59,13,100,38,77,90,69,6,103,79,36,86,27,33,98,80,66,89,88,75,50,31,12,42,60,4,76,104,94,91,39,87,84,15,35,46,51,57,10,61,26,74,41,54,72,17,23,56,28,48,16,0,21,25,102,40,101,62,63,92,22,82,9,85,71,99,3,65,14,47,95,64,96,18,81,8,30,53,58,70,29,68,93,11,67,55,34
1,113,56,71,44,12,18,73,103,47,48,34,6,84,49,69,2,13,88,36,11,61,59,82,8,43,58,90,94,22,104,37,50,1,0,67,95,35,75,64,29,33,92,91,102,87,89,85,27,100,62,65,38,105,99,98,78,76,60,17,32,53,16,68,7,20,45,86,57,51,42,96,70,77,39,81,31,14,93,15,52,80,24,19,63,41,30,46,23,28,40,72,83,101,9,25,21,54,79,3,10,55,26,66,4,5,74,97
1,114,58,85,16,10,41,50,12,94,17,76,87,51,78,88,1,86,40,18,43,83,59,44,64,80,91,81,14,9,99,75,49,4,5,63,53,73,34,22,2,47,45,27,92,72,33,84,36,39,66,103,57,67,96,30,62,77,52,79,29,20,98,97,105,102,8,3,68,60,48,0,13,54,35,38,15,55,23,93,11,42,21,6,25,89,95,82,31,90,71,70,74,69,24,46,7,101,37,65,26,100,56,19,28,32,104,61
1,115,69,30,5,41,93,32,39,31,72,105,62,9,74,19,85,33,35,91,45,101,20,44,65,47,38,61,2,95,58,84,82,3,12,8,81,79,102,103,43,16,18,83,99,23,98,36,49,73,50,90,37,34,77,11,75,13,55,67,22,78,56,64,29,0,26,53,28,100,24,17,88,94,60,92,48,1,59,68,89,66,63,46,21,57,104,40,27,54,86,4,14,71,15,42,7,6,70,10,97,96,51,25,87,52,80,76
1,116,53,87,1,97,56,54,39,46,79,92,36,48,81,93,30,52,86,70,96,22,77,9,42,94,58,98,15,20,29,89,104,61,83,37,67,75,38,21,85,59,55,7,99,64,72,102,90,82,95,50,6,4,45,11,71,62,27,8,76,28,100,16,57,103,88,49,65,13,19,3,51,43,47,73,35,12,32,74,18,68,23,66,80,105,31,63,101,41,60,26,33,84,91,40,25,78,44,69,24,5,14,10,17,34,0,2
1,117,80,36,91,74,39,54,68,87,25,83,26,41,37,55,58,103,102,19,10,20,70,31,35,71,84,93,45,18,104,33,5,0,52,64,38,62,30,63,22,72,56,61,88,50,28,78,8,27,101,69,43,97,92,60,2,81,94,65,98,6,85,44,53,89,76,75,57,1,4,90,49,21,12,23,51,32,14,79,34,67,59,100,29,11,105,46,3,40,7,13,47,66,73,48,17,24,9,95,86,15,96,77,99,42,82,16
1,118,37,82,64,7,19,28,66,99,20,67,9,17,63,75,36,4,86,15,49,95,26,102,57,80,81,24,74,87,21,11,52,31,85,43,73,79,54,14,45,100,96,50,76,61,23,97,51,70,27,65,98,58,35,69,91,12,78,3,105,1,5,46,22,94,60,71,48,10,41,92,25,83,6,90,44,59,84,8,104,88,103,72,0,16,42,40,30,53,89,62,2,34,39,56,68,18,32,93,33,38,77,13,101,29,55,47
1,119,81,84,74,45,46,12,55,34,38,58,98,66,42,96,8,7,75,71,72,80,65,22,104,21,31,50,28,86,64,62,103,97,60,5,99,61,90,15,3,88,102,82,56,14,9,19,16,63,36,41,95,44,37,85,100,17,57,73,105,68,54,0,43,83,6,67,48,53,47,11,69,49,101,94,10,76,18,23,29,92,91,78,93,59,51,77,26,27,24,13,2,32,70,79,89,1,30,33,87,40,4,25,20,39,52,35
1,120,100,50,82,72,57,45,24,105,34,40,73,39,49,102,43,21,10,48,20,68,7,29,60,89,37,83,0,27,81,88,61,84,94,28,47,5,8,78,70,85,71,67,80,74,15,6,79,30,96,44,18,77,17,101,9,22,14,1,87,98,35,97,66,64,76,31,13,19,42,11,12,69,103,36,23,33,65,51,99,52,3,86,75,26,62,25,91,46,63,93,95,4,104,53,55,58,38,92,54,16,41,32,56,2,90,59
1,121,49,3,86,88,56,76,51,75,74,26,17,30,65,63,13,91,48,20,68,71,96,57,84,19,27,83,101,95,103,32,100,4,44,16,69,41,89,45,31,5,35,54,11,7,80,104,50,58,22,64,60,33,97,23,47,9,15,46,53,43,73,42,93,40,92,82,90,0,81,105,34,99,66,59,25,10,98,39,21,8,38,55,29,94,14,72,6,28,2,79,67,12,37,102,52,61,77,62,24,1,36,78,87,18,85,70
1,122,21,61,38,44,60,75,81,96,32,30,55,45,68,13,69,88,72,74,59,19,94,62,63,82,27,56,37,102,46,48,57,65,105,12,77,66,9,52,31,89,70,28,49,2,41,8,76,90,35,51,7,92,0,73,54,23,64,80,47,4,5,25,87,14,71,86,97,101,83,3,98,100,53,93,91,104,99,95,43,10,103,78,16,39,79,42,50,84,22,36,26,18,6,29,17,33,24,40,34,67,58,1,85,11,20,15
1,123,45,34,67,98,94,38,30,56,10,14,3,71,103,9,48,74,53,39,104,7,62,84,69,31,86,1,41,50,17,20,55,24,61,33,49,28,46,6,58,37,15,83,88,59,11,22,81,16,87,23,29,47,63,78,65,73,60,95,51,99,72,42,85,54,97,96,57,36,102,40,19,91,4,5,2,8,105,93,64,101,43,26,92,35,13,79,27,68,12,66,44,75,70,90,0,77,82,32,89,18,100,21,76,25,52,80
1,124,74,77,27,15,6,85,105,81,30,83,36,14,29,5,9,49,4,55,66,34,102,99,42,56,44,35,93,33,28,64,19,82,80,71,84,32,41,91,1,94,72,65,67,79,3,22,31,17,39,52,69,95,87,13,47,38,101,90,53,76,63,26,89,48,60,98,59,73,100,18,78,24,45,97,68,40,61,92,11,88,7,58,62,23,21,86,10,51,96,12,103,37,54,50,43,75,20,0,16,57,104,25,2,8,70,46
1,125,100,65,9,15,75,2,99,10,79,97,5,55,101,68,102,66,52,94,44,24,50,105,63,12,43,80,53,74,34,17,84,61,18,36,58,46,33,41,82,37,3,69,32,90,93,67,70,26,87,51,28,23,56,22,60,72,39,88,98,48,21,6,29,42,95,83,57,31,8,104,14,89,45,85,96,76,4,59,20,30,19,49,92,27,54,38,40,62,73,77,1,81,13,25,35,78,7,86,11,71,47,16,0,91,103,64
2,0,78,58,61,103,91,55,69,2,45,48,62,94,20,83,96,23,89,95,12,24,19,49,14,38,66,73,82,44,53,77,92,5,4,74,70,42,31,71,0,98,68,104,7,25,80,56,59,57,26,6,46,41,11,21,54,81,32,67,50,86,40,47,101,79,36,13,43,52,88,65,15,33,16,102,90,29,76,87,97,51,100,34,28,10,105,27,85,37,1,99,9,22,18,3,63,60,17,64,84,72,93,8,75,35,30,39
2,1,38,70,51,84,24,36,58,99,7,105,71,91,61,88,40,95,89,102,69,78,1,13,50,22,46,83,42,90,66,25,62,8,17,82,39,18,48,59,3,37,75,41,94,93,20,80,85,54,86,96,12,0,2,43,52,10,64,81,27,76,77,104,9,55,67,65,33,60,15,30,44,4,5,98,56,53,79,34,97,57,11,87,47,16,14,28,100,63,19,29,31,32,23,73,26,74,103,45,68,35,21,49,6,101,72,92
2,2,15,99,75,20,84,97,35,50,22,38,7,6,10,40,49,57,24,41,104,48,28,47,83,72,21,43,17,13,32,3,87,89,102,96,55,56,37,16,74,64,76,63,45,29,1,67,8,78,86,70,105,93,26,14,92,31,42,95,44,18,90,68,46,33,66,27,73,58,98,9,69,5,36,80,79,94,12,52,71,30,39,88,91,54,0,25,11,53,23,100,60,82,59,61,101,77,85,19,4,65,34,103,51,62,81,2
2,3,86,25,15,23,31,67,102,56,0,74,53,2,34,30,65,48,8,59,40,12,97,96,84,39,41,28,13,1,85,17,95,58,35,90,72,80,38,19,10,68,75,21,16,99,83,63,9,87,105,98,37,57,61,50,45,64,3,71,24,70,66,26,52,82,11,5,51,4,44,18,42,46,77,91,43,47,93,54,92,55,32,29,33,60,20,6,81,78,89,69,101,104,88,79,94,7,76,14,49,22,73,62,100,36,27,103
2,4,105,60,62,102,40,18,6,34,1,68,38,19,30,56,32,26,25,33,23,78,12,3,29,97,73,61,86,2,0,74,13,65,53,82,77,94,15,14,22,84,31,27,71,46,8,28,76,35,54,83,75,99,90,42,24,80,5,17,93,7,81,96,44,9,20,45,92,69,67,95,16,85,36,37,100,55,64,41,103,87,104,39,70,72,48,59,49,89,91,63,43,11,52,10,88,101,51,79,50,58,4,98,47,57,66,21
2,5,67,83,55,26,69,29,76,93,27,101,75,42,20,47,41,35,23,2,57,9,39,80,1,78,74,0,5,10,14,97,33,13,58,96,89,99,15,36,21,86,84,50,3,52,104,90,34,85,19,31,28,100,43,103,25,30,65,49,16,94,66,40,79,8,61,92,54,44,24,102,72,63,7,81,91,88,77,22,48,105,6,37,32,11,45,12,17,60,70,51,62,87,68,4,71,64,38,18,59,56,53,82,98,95,46,73
2,6,74,53,56,1,30,72,47,57,44,69,98,101,67,33,23,9,93,64,38,73,105,48,27,77,88,14,15,61,82,83,17,85,65,46,11,90,52,24,79,7,97,6,22,16,100,31,43,5,36,34,32,10,12,4,50,8,71,26,35,104,103,95,29,28,62,94,2,42,20,40,86,75,3,60,58,68,91,96,70,51,59,25,80,0,92,18,45,89,63,39,81,54,102,78,13,55,19,37,99,21,49,76,41,66,84,87
2,7,11,54,57,4,86,77,95,83,97,2,12,16,82,45,61,17,94,105,27,39,31,76,49,3,19,22,18,34,78,10,72,62,13,67,33,24,100,51,55,52,37,9,20,68,25,35,74,44,88,81,104,87,46,28,21,59,36,8,102,7,80,26,70,65,29,6,98,23,38,0,71,58,96,43,40,41,1,42,92,75,69,63,60,79,53,91,99,15,90,73,85,50,5,48,93,14,66,32,101,84,47,30,64,103,89,56
2,8,80,97,62,53,8,99,9,23,100,43,47,25,90,15,36,3,26,71,87,37,69,2,28,45,34,13,14,20,73,81,12,101,64,104,18,68,6,24,42,7,22,41,91,38,27,31,98,30,84,5,10,48,61,76,89,46,50,1,39,21,49,56,86,88,74,103,19,4,96,67,102,93,17,85,35,0,65,82,33,44,66,55,79,92,51,58,29,59,16,75,72,40,57,77,60,105,83,95,54,63,78,32,94,11,52,70
2,9,85,59,64,79,44,28,9,92,20,23,34,56,70,100,14,31,45,67,104,83,5,93,47,103,3,94,51,76,37,25,24,77,7,57,84,2,42,21,10,60,48,50,96,87,52,12,68,8,30,66,71,78,46,40,16,6,26,35,75,98,0,36,1,58,11,91,39,101,18,53,43,19,54,17,73,99,32,63,97,61,4,15,62,105,22,80,41,86,89,102,55,74,65,33,13,90,88,29,81,72,27,38,49,95,82,69
2,10,64,14,68,99,49,105,24,18,66,10,71,91,55,83,52,13,79,0,70,93,5,86,73,20,9,19,54,15,22,102,33,34,4,25,80,7,11,12,30,38,87,36,84,46,28,78,8,27,101,69,43,97,92,60,2,81,94,65,98,6,85,44,53,89,76,75,57,1,82,58,100,88,47,59,95,74,29,96,3,67,104,26,103,40,35,51,21,61,63,77,56,23,62,72,48,45,50,17,32,39,41,31,16,90,42,37
2,11,95,54,67,56,70,21,1,61,71,13,45,20,80,63,97,30,24,58,9,16,0,81,102,36,4,33,86,52,27,47,18,40,88,28,87,8,103,43,17,72,12,69,73,25,91,51,50,42,38,3,55,5,59,65,26,82,92,99,98,85,78,90,34,44,14,94,57,37,46,11,29,2,10,96,6,41,100,32,19,83,104,74,93,49,15,7,64,89,79,77,60,105,53,62,75,39,23,101,66,22,76,68,35,84,48,31
2,12,54,8,100,15,36,3,37,13,99,69,90,87,96,89,9,56,50,47,67,102,14,93,73,17,85,71,35,0,84,26,81,25,18,104,65,38,10,12,82,33,44,66,55,27,76,79,31,92,98,20,34,51,43,46,48,45,58,29,59,16,42,86,101,2,75,61,22,23,21,28,64,68,6,24,7,41,91,30,5,1,39,49,88,74,103,19,4,62,52,40,94,105,11,78,57,32,83,72,97,53,63,60,80,95,70,77
2,13,62,96,35,88,102,95,22,79,0,21,46,91,39,49,20,93,23,40,48,38,98,44,16,63,18,70,80,1,50,29,34,92,71,101,54,68,26,32,11,61,59,19,56,4,28,86,3,69,36,5,77,41,6,89,99,67,65,2,45,81,66,17,94,97,76,8,14,9,75,57,72,85,60,12,47,58,82,43,103,15,104,87,7,105,90,25,24,13,42,53,78,73,55,37,31,33,74,52,84,83,51,100,30,27,64,10
2,14,38,70,51,84,24,36,99,7,105,71,61,88,40,95,89,102,69,78,13,50,22,46,83,66,93,37,90,57,12,80,64,91,68,21,73,97,44,19,92,42,96,1,94,58,25,62,8,17,82,39,18,48,59,3,75,41,20,85,54,86,0,2,43,52,10,81,27,76,77,104,9,55,67,65,33,60,15,30,4,5,98,56,53,79,34,11,87,47,16,14,28,100,63,29,31,32,23,26,74,103,45,35,49,6,101,72
2,15,85,71,59,64,53,97,79,44,63,1,28,16,9,75,92,20,23,34,58,56,70,100,14,0,31,32,45,61,67,104,46,83,5,93,47,103,3,94,51,76,37,25,24,77,7,66,57,84,2,42,21,10,60,43,48,50,96,87,99,52,12,54,11,68,26,17,8,4,15,62,30,91,105,36,22,80,35,41,86,89,102,55,74,65,33,13,90,88,98,78,29,81,73,39,72,101,27,38,49,40,18,95,82,69,6,19
2,16,68,58,32,44,81,104,67,13,69,15,51,2,80,31,96,7,98,17,100,42,19,43,1,14,65,26,36,50,57,90,53,27,16,11,99,94,92,86,102,88,82,28,97,56,10,60,61,89,6,33,5,29,93,45,103,9,52,37,77,64,70,59,34,46,12,85,3,62,91,24,41,49,21,54,8,71,0,18,95,84,39,74,73,4,87,83,101,40,72,78,55,47,105,48,22,25,20,76,79,38,66,35,75,63,23,30
2,17,60,3,6,63,2,93,43,67,4,64,46,97,24,66,59,45,48,104,87,22,49,57,70,65,33,26,11,7,56,100,52,51,71,98,86,38,77,50,23,39,72,94,74,30,34,79,88,18,0,40,21,90,78,105,42,68,58,61,62,73,85,20,36,80,102,53,76,10,9,14,25,91,1,35,96,37,31,89,47,15,13,95,32,103,75,83,8,17,12,81,41,44,55,5,16,92,82,27,84,99,19,101,29,28,69,54
2,18,55,42,83,52,10,13,28,37,71,89,0,25,36,3,17,30,100,31,68,12,39,34,69,105,104,97,76,65,74,82,61,43,87,16,24,56,53,64,60,18,49,75,84,95,1,11,85,72,29,21,59,99,15,6,86,46,90,58,27,73,70,77,41,57,78,81,32,7,33,20,79,62,92,101,40,88,45,94,50,51,35,23,8,38,4,44,63,93,66,103,54,67,48,5,19,80,14,102,26,47,2,96,98,91,22,9
2,19,85,96,99,17,61,4,69,34,50,6,42,26,13,45,78,101,15,80,90,23,18,87,29,10,71,35,5,88,25,52,0,39,8,22,11,20,9,31,98,56,14,53,91,95,57,86,94,37,102,103,16,70,41,21,7,2,65,47,49,73,64,12,84,1,83,28,97,82,55,89,68,58,40,33,24,72,51,76,54,75,105,46,59,74,43,100,32,66,60,44,30,81,93,77,38,3,27,104,48,92,62,19,63,67,79,36
2,20,3,27,52,87,93,23,35,11,58,100,9,13,42,96,95,75,10,64,2,41,17,76,31,22,6,97,105,89,29,32,43,33,78,90,24,72,101,15,48,0,65,8,37,46,18,98,67,92,103,63,28,82,16,59,99,104,94,50,39,91,62,34,47,36,69,85,12,102,79,81,44,57,26,5,56,55,88,40,20,49,73,80,66,53,70,21,77,1,30,4,68,38,71,7,54,83,74,45,51,86,61,14,84,25,19,60
2,21,5,46,25,20,98,11,39,29,45,48,23,19,33,99,53,65,1,87,103,44,8,4,21,71,15,72,93,13,30,28,74,58,35,105,9,70,34,14,10,7,49,56,101,31,86,2,88,91,104,51,59,89,32,97,75,47,95,76,83,81,43,40,24,77,60,64,18,3,54,36,100,38,66,52,84,63,41,68,17,78,94,62,26,12,55,73,16,22,6,102,96,92,37,61,57,82,42,79,0,90,69,27,80,67,85,50
2,22,5,86,1,78,10,12,27,61,45,101,103,105,57,79,23,46,69,60,83,76,102,62,3,20,71,33,49,8,68,89,63,94,6,99,88,19,29,77,2,34,24,21,98,55,70,48,84,38,66,73,75,9,16,51,32,96,14,47,39,11,0,41,18,54,43,37,64,97,81,52,42,58,72,87,26,30,104,17,91,90,56,40,36,31,7,95,85,59,92,53,28,67,93,74,44,100,50,22,4,80,82,13,25,15,65,35
2,23,65,102,51,62,36,73,101,17,94,7,58,31,98,29,49,30,67,96,75,85,89,61,72,24,3,25,38,28,5,16,10,1,88,44,86,18,40,100,53,68,64,54,2,93,42,91,69,4,48,59,104,13,70,22,95,92,77,60,21,12,0,27,19,46,37,43,79,84,105,47,14,57,39,76,99,50,52,32,9,56,26,97,34,41,33,80,87,78,45,82,20,66,81,103,11,6,8,90,63,23,35,71,15,74,55,83
2,24,16,41,52,58,69,23,61,56,2,65,79,1,91,43,18,92,37,5,67,101,60,78,80,14,26,30,40,97,85,74,7,0,25,81,71,90,102,104,66,89,8,62,27,22,73,84,94,39,54,49,95,51,98,47,19,6,17,83,100,9,105,55,33,72,96,34,64,87,45,32,48,86,46,57,11,35,75,21,3,29,103,44,50,77,13,28,10,53,38,93,4,82,68,99,20,36,31,59,24,76,15,70,63,42,88,12
2,25,82,33,54,8,17,58,66,23,100,43,47,25,90,15,36,3,26,71,87,37,69,2,28,45,34,13,14,20,73,81,12,101,64,104,18,68,6,24,42,7,22,41,91,38,27,31,98,30,84,5,10,48,61,76,89,46,50,1,39,21,49,56,86,88,74,103,19,4,96,55,62,93,51,52,40,29,94,92,105,11,16,78,57,32,79,83,72,75,85,67,97,53,0,102,65,99,63,60,80,44,9,95,59,70,77,35
2,26,61,73,6,25,39,77,51,2,29,36,58,87,11,28,4,0,9,89,95,79,94,32,55,12,19,80,84,33,57,41,54,70,24,86,40,5,50,44,63,97,10,103,100,22,30,53,31,68,27,90,72,67,69,99,91,83,20,15,62,46,3,43,48,1,35,45,14,47,59,42,34,75,76,64,18,85,8,74,71,104,38,96,52,88,49,105,82,92,56,78,7,98,21,16,81,13,66,65,17,23,101,93,37,26,60,102
2,27,72,78,21,59,51,31,23,57,41,18,58,60,33,9,94,56,6,55,28,12,101,11,27,13,67,79,16,92,5,43,3,95,2,50,100,1,29,10,97,36,40,19,0,83,8,68,20,49,65,15,34,39,88,38,24,76,102,80,74,44,32,105,35,53,85,103,89,61,62,52,93,84,46,91,64,54,37,66,63,48,30,96,86,75,45,104,71,82,70,17,69,73,77,99,90,42,25,98,47,7,14,26,87,81,4,22
2,28,96,49,55,104,101,35,66,6,72,71,78,14,2,9,85,80,22,81,4,74,24,98,5,69,56,88,23,73,32,0,26,79,62,64,29,77,41,39,83,1,20,27,45,16,54,19,102,36,34,42,52,75,95,50,57,28,43,90,11,97,12,15,63,67,89,103,30,68,93,100,61,10,33,65,105,82,59,60,94,8,53,25,7,38,76,99,17,91,86,18,92,51,37,48,44,46,3,70,13,47,87,58,40,31,84,21
2,29,66,46,39,1,51,92,12,75,71,6,99,84,103,60,11,24,0,34,44,83,45,2,94,49,47,35,43,82,7,104,87,61,4,86,42,22,33,64,19,31,96,54,98,105,56,95,79,57,8,10,37,55,3,18,100,89,88,90,29,21,70,38,23,27,15,52,25,91,62,36,9,72,74,101,32,14,76,20,77,102,85,48,58,67,80,30,97,59,28,73,26,40,5,17,69,50,16,63,65,53,68,78,41,81,13,93
2,30,74,42,9,96,69,38,52,26,84,12,71,14,7,51,82,23,36,41,13,65,83,104,66,46,0,95,72,8,63,92,15,54,31,32,47,4,17,58,2,100,6,30,64,19,79,86,90,80,67,87,77,101,5,75,76,78,43,45,61,60,94,93,35,85,91,1,20,33,103,24,40,50,34,16,73,57,29,37,27,49,3,99,22,21,70,59,88,62,98,55,10,68,97,18,105,25,28,81,53,56,11,102,39,89,44,48
2,31,8,6,26,7,39,56,60,79,100,83,92,27,96,89,24,78,3,76,38,68,98,102,14,23,45,80,87,65,17,81,59,94,62,41,58,75,64,90,48,18,97,19,28,9,77,11,46,71,51,105,54,95,86,70,40,43,104,66,22,91,82,1,16,25,35,50,99,2,69,0,5,13,47,33,103,101,67,34,84,30,93,20,74,21,53,42,15,37,10,12,29,49,63,72,85,36,55,4,61,31,32,88,73,52,44,57
2,32,70,89,68,79,81,51,95,80,76,77,7,50,0,5,60,103,25,85,40,24,21,92,28,74,19,9,45,41,58,12,59,49,88,75,1,33,48,97,46,54,84,35,26,82,27,71,38,31,3,4,47,62,96,98,87,44,72,18,63,67,69,65,10,99,8,14,23,22,2,11,6,64,100,61,90,83,15,16,17,102,56,94,39,20,36,13,42,57,55,30,104,32,86,101,78,53,93,29,73,34,52,105,66,91,37,43
2,33,6,64,14,68,99,49,44,105,24,18,66,10,71,98,91,27,55,53,83,52,13,2,79,89,81,0,70,93,65,5,86,76,73,20,9,19,54,15,22,102,33,34,4,75,25,80,7,11,12,28,30,38,87,36,84,46,78,82,58,100,1,88,92,47,59,95,74,29,96,3,67,104,26,103,40,35,51,21,60,61,63,77,101,56,97,94,8,57,23,62,72,43,48,45,50,17,32,39,41,31,69,16,90,85,42,37
2,34,66,46,39,71,103,60,24,44,2,82,7,87,61,4,42,22,19,31,54,98,105,56,8,37,55,100,88,21,70,38,15,25,62,9,101,76,77,102,67,18,14,0,94,58,74,34,11,89,20,64,47,51,43,26,52,75,6,53,79,85,3,27,29,92,10,90,81,84,32,1,45,69,57,80,35,48,36,63,41,96,12,91,49,33,59,23,83,40,99,50,17,68,104,86,73,95,16,72,28,30,97,5,65,78,13,93
2,35,24,37,97,28,50,3,85,5,34,83,60,21,95,47,1,7,104,23,76,10,43,75,31,18,9,42,61,59,92,56,77,51,71,48,79,38,16,6,67,32,58,64,53,82,66,19,25,103,40,93,49,2,100,69,84,44,96,87,99,52,12,54,11,68,26,17,8,4,15,62,30,91,105,36,22,80,35,41,86,89,102,55,74,65,33,13,90,88,98,78,29,81,73,39,72,101,27,45,46,14,70,94,0,20,63,57
2,36,5,25,20,98,11,45,48,23,19,99,53,1,44,8,4,72,93,74,54,27,81,83,76,95,47,32,104,88,86,31,56,49,7,10,70,9,105,58,71,6,34,30,46,43,60,21,91,68,77,18,65,75,17,15,3,97,2,29,13,40,16,28,64,87,14,62,51,50,101,39,90,63,73,103,89,57,26,38,59,35,33,82,80,92,42,85,24,36,100,66,52,84,41,78,94,12,55,22,102,96,37,61,79,0,69,67
2,37,46,24,36,72,28,19,26,65,68,66,71,88,23,25,42,91,97,27,38,1,81,58,15,101,92,49,30,4,50,63,105,8,17,82,39,18,48,59,3,37,75,41,94,93,20,80,85,54,86,96,12,0,2,43,52,10,64,55,74,29,67,56,99,44,11,61,13,98,32,89,90,76,35,104,70,51,62,21,14,7,78,69,77,79,22,60,73,6,45,83,84,47,102,100,31,9,40,57,34,95,53,16,103,5,87,33
2,38,31,57,92,9,54,63,48,62,60,18,53,74,78,24,23,100,47,13,88,25,7,65,58,1,72,17,103,2,61,5,51,21,41,4,34,26,28,37,40,50,6,30,64,19,79,86,90,80,67,87,77,12,69,32,59,84,101,11,99,46,97,76,95,55,83,96,105,104,33,93,91,44,71,85,3,56,36,16,89,81,29,27,75,22,45,98,70,52,15,39,102,66,43,73,49,14,0,94,68,10,8,35,42,20,38,82
2,39,8,6,26,7,56,60,79,100,83,92,27,96,89,24,78,3,76,38,68,98,102,14,23,45,80,65,17,81,59,94,62,41,58,75,64,90,48,18,97,19,28,9,77,11,46,71,51,105,54,95,86,70,43,104,66,22,91,82,1,16,35,50,99,2,69,0,5,13,47,103,101,67,34,84,93,74,21,53,42,15,37,10,12,29,49,63,72,85,36,55,61,31,32,88,73,44,30,33,87,40,4,25,20,39,52,57
2,40,61,103,91,55,69,2,94,83,23,95,12,24,49,38,73,82,44,77,92,4,74,70,42,71,68,25,80,56,59,57,26,6,46,11,81,32,67,50,86,40,47,101,79,36,52,88,65,15,33,16,102,90,29,76,97,51,28,10,27,85,37,1,99,22,18,63,60,17,64,84,72,93,8,19,45,7,31,89,104,53,0,54,78,5,96,3,87,105,41,34,14,100,35,13,48,62,9,20,58,30,66,98,75,21,43,39
2,41,92,82,23,34,38,80,42,52,68,36,83,25,102,46,93,72,98,64,31,88,79,75,45,4,5,60,3,99,61,33,17,28,78,15,85,18,32,96,95,0,29,62,54,63,21,59,14,26,19,24,27,47,81,6,76,103,87,74,57,91,39,90,20,9,13,101,89,41,16,48,94,58,100,55,2,30,66,49,71,43,84,67,37,11,8,86,22,65,7,97,53,104,35,10,70,69,105,77,73,56,40,51,44,1,12,50
2,42,85,59,64,53,97,63,1,28,9,75,92,20,23,34,0,31,61,104,83,5,47,3,76,37,24,7,66,57,42,21,10,60,43,50,96,99,54,11,26,17,4,15,62,30,91,80,35,41,86,102,55,33,13,90,88,98,22,58,32,67,6,74,16,38,79,52,48,71,105,51,77,56,25,12,89,103,40,93,49,2,100,8,27,69,36,84,44,45,46,87,29,14,65,70,78,94,68,81,73,39,72,101,18,95,82,19
2,43,75,34,83,3,86,82,61,19,64,35,88,42,91,43,18,92,37,5,67,101,60,78,80,14,26,30,40,97,85,74,7,0,25,81,71,90,102,104,66,89,8,62,27,22,73,84,94,39,54,49,95,87,57,72,51,10,68,50,56,36,20,2,6,24,79,17,45,103,4,31,59,21,105,93,96,38,16,1,12,13,11,70,53,76,100,28,29,15,65,55,99,9,46,33,44,47,77,63,58,69,52,98,48,23,41,32
2,44,74,42,9,96,38,52,26,71,14,7,51,82,23,36,41,13,65,83,104,66,46,0,95,72,8,63,92,15,54,31,47,4,17,58,2,100,6,30,64,19,28,37,40,50,12,69,32,59,84,101,11,79,86,90,80,67,87,77,5,75,76,78,43,45,61,60,94,93,35,85,91,1,20,33,103,24,34,16,73,57,29,27,49,3,99,22,21,70,88,62,98,55,10,68,97,18,105,25,81,53,56,102,39,89,44,48
2,45,103,51,14,100,90,70,34,31,24,82,5,55,93,76,77,29,45,102,9,23,37,79,38,44,27,88,69,7,65,72,33,66,71,78,46,40,16,6,75,98,0,1,58,39,101,18,53,19,2,42,21,10,60,43,48,50,96,87,99,52,12,54,11,68,26,17,8,4,15,62,30,91,105,36,22,80,35,41,86,89,73,32,63,97,61,84,85,20,67,64,59,92,56,94,13,49,28,25,95,74,81,57,83,47,3,104
2,46,62,35,88,95,22,79,0,46,91,39,49,93,23,98,44,16,63,18,80,1,50,29,34,92,71,101,54,32,11,56,4,28,86,36,5,77,6,89,99,67,65,2,45,81,66,17,94,76,8,75,57,72,85,12,58,82,43,103,104,26,3,78,41,14,97,20,42,24,100,83,102,53,87,15,70,96,47,48,73,30,19,60,90,21,38,9,10,68,7,40,69,31,105,25,13,55,37,59,33,74,52,84,61,51,27,64
2,47,96,3,24,54,99,90,74,12,34,104,26,55,14,102,77,70,45,72,35,5,7,23,73,62,58,60,42,44,38,6,87,0,83,76,82,78,36,33,41,50,93,81,84,9,97,22,91,85,19,31,28,100,43,103,25,30,65,49,16,94,66,40,79,8,61,92,63,59,37,48,1,17,53,18,57,2,20,29,64,89,47,13,46,105,15,88,98,69,10,11,52,21,86,56,32,75,51,27,4,71,68,101,39,80,95,67
2,48,98,35,44,47,31,93,26,74,104,23,83,68,43,69,71,88,40,76,34,105,2,63,61,19,55,8,82,50,36,14,22,37,13,16,24,56,53,64,60,18,49,75,84,95,1,11,85,72,29,21,59,99,15,6,86,46,90,58,27,73,70,77,41,57,78,81,32,7,33,20,79,62,92,101,80,4,45,9,17,102,25,52,66,28,0,96,103,5,30,3,89,87,10,54,51,39,67,94,48,97,65,42,12,38,91,100
2,49,75,34,83,60,85,3,14,86,82,61,19,64,35,88,42,87,54,57,72,51,10,37,68,89,50,74,56,36,39,20,2,6,81,97,24,79,17,26,71,45,91,67,103,7,4,73,31,8,59,66,21,105,93,96,38,16,1,95,12,13,11,70,53,76,5,100,28,29,15,102,62,0,65,25,49,92,55,18,99,80,32,41,40,90,94,27,23,48,98,52,69,58,22,63,77,47,84,43,44,33,78,30,46,104,101,9
2,50,14,63,27,37,81,19,44,20,30,68,71,59,67,91,70,79,87,22,104,66,2,6,93,86,61,39,58,76,88,45,94,52,24,29,105,47,42,69,55,16,13,74,95,78,99,54,73,21,12,34,38,10,28,50,85,40,75,26,62,4,96,1,23,97,53,7,32,64,5,41,48,9,56,31,92,57,46,33,100,3,80,18,8,72,43,90,0,83,102,65,60,103,84,17,25,89,11,49,82,98,36,15,51,77,35,101
2,51,62,11,54,57,4,86,77,95,83,97,2,12,16,82,45,61,17,94,105,27,39,31,76,49,3,19,22,18,34,78,67,33,24,100,51,55,52,37,9,20,68,25,35,74,44,88,81,104,87,46,28,21,59,36,8,102,7,80,26,70,65,29,6,98,23,38,0,71,58,13,96,43,40,41,1,72,42,92,75,69,63,60,79,53,91,99,15,90,73,85,10,50,5,48,93,14,66,32,101,84,47,30,64,103,89,56
2,52,15,8,74,68,87,65,24,64,9,35,40,67,61,18,89,32,88,81,44,63,75,41,45,21,13,55,72,28,93,57,83,53,5,94,7,29,101,10,25,20,4,73,49,2,62,96,42,71,51,39,19,50,92,30,56,66,11,46,98,95,52,78,27,33,6,17,34,37,1,104,16,103,0,59,48,105,22,47,76,38,90,26,14,69,99,70,23,36,77,85,84,54,43,79,3,100,58,82,97,31,86,102,91,80,60,12
2,53,34,71,50,36,25,3,73,11,27,37,97,102,84,78,19,33,89,101,17,81,30,103,57,49,65,90,93,35,70,53,14,105,9,32,16,98,85,104,0,72,76,99,67,61,80,18,92,45,56,58,2,59,82,62,94,47,54,86,29,21,69,95,12,63,83,77,31,64,26,88,52,23,6,28,91,96,24,100,41,20,1,51,74,40,55,10,46,79,13,15,38,42,87,4,22,60,39,44,66,68,75,48,5,8,43,7
2,54,98,73,29,82,53,89,18,103,8,49,78,92,85,11,58,62,7,32,28,84,93,91,59,21,100,10,5,25,80,14,44,63,17,6,54,72,43,36,3,90,60,20,52,30,27,76,15,70,42,22,35,34,71,37,86,56,24,94,68,13,38,40,81,2,0,50,41,9,23,48,102,31,46,1,101,99,64,12,19,75,39,61,51,57,33,4,67,66,45,97,88,77,55,105,83,65,26,87,104,74,96,47,79,16,95,69
2,55,61,96,3,24,28,54,92,99,90,74,12,34,104,49,26,55,94,14,102,77,70,45,65,72,35,5,7,23,73,62,58,60,42,44,38,79,6,87,0,83,76,82,78,19,36,33,41,100,50,93,81,84,9,97,22,91,63,59,37,48,1,17,53,85,43,18,57,2,20,29,64,89,66,47,8,103,13,46,105,15,88,40,98,69,16,10,11,52,21,30,86,56,25,32,75,31,51,27,4,71,68,101,39,80,95,67
2,56,98,8,60,81,88,86,42,19,95,58,74,59,24,40,50,34,65,36,15,44,71,30,67,61,32,92,7,39,87,5,52,68,6,49,89,77,0,43,101,104,45,100,64,2,85,11,14,1,90,91,21,28,78,35,10,37,56,9,51,29,75,69,102,83,93,16,82,12,73,20,63,38,66,4,76,103,62,48,70,22,47,94,13,41,3,79,53,18,84,46,25,27,80,33,57,72,26,99,17,96,105,55,31,97,23,54
2,57,7,79,90,85,6,65,58,28,4,0,20,46,95,51,61,30,104,67,93,10,76,103,72,29,75,81,5,57,42,24,105,97,21,63,19,1,77,2,101,64,73,100,40,86,94,33,9,99,92,3,36,96,70,91,43,80,69,60,45,27,52,66,38,23,34,18,53,39,48,56,88,15,78,25,12,35,84,14,26,11,59,31,87,83,68,74,37,16,55,13,54,82,22,41,44,32,17,102,62,8,49,71,50,98,89,47
2,58,98,32,35,44,7,49,47,101,31,93,26,90,84,33,20,74,104,92,86,77,23,95,83,58,64,68,43,69,71,88,40,76,34,105,62,18,2,60,63,61,59,19,55,8,82,50,29,73,53,36,78,1,6,79,14,72,22,11,37,13,80,4,45,75,27,9,17,102,25,52,66,16,28,0,96,57,103,5,56,30,3,89,46,87,24,10,85,54,41,51,99,39,67,94,48,97,70,81,21,65,42,12,15,38,91,100
2,59,71,91,24,41,27,2,63,49,72,31,9,57,4,3,97,15,56,100,44,1,46,67,25,69,64,51,77,11,61,62,17,83,79,58,93,52,43,84,98,86,81,70,23,16,48,8,10,12,65,7,88,37,55,13,105,73,5,26,74,102,76,6,35,42,33,75,90,34,32,104,87,39,94,82,36,30,103,22,40,66,78,29,19,92,80,45,28,59,54,60,20,89,96,18,21,14,68,85,101,38,99,47,50,95,53,0
2,60,44,91,21,31,75,59,89,6,63,51,70,0,22,4,19,92,64,68,34,99,66,72,104,8,57,77,96,93,27,3,88,49,79,1,74,40,10,85,9,71,78,69,39,65,84,95,23,53,102,11,42,54,83,18,28,87,50,13,82,81,15,43,12,52,61,60,5,45,58,98,35,17,67,25,36,37,38,80,76,97,24,32,101,16,47,103,105,26,62,41,7,73,46,90,100,55,86,56,94,48,33,14,30,2,20,29
2,61,57,71,53,60,81,25,56,95,36,39,47,21,100,85,3,4,84,86,17,48,32,16,1,77,103,88,76,31,18,102,93,98,94,35,2,64,10,22,7,83,38,20,14,101,37,43,9,46,97,33,66,82,51,96,63,40,105,78,87,80,92,62,49,59,13,91,50,89,19,55,42,27,65,90,104,26,15,30,41,61,68,74,28,69,54,5,45,29,72,12,79,34,6,8,0,67,99,58,44,52,24,73,23,75,11,70
2,62,85,59,79,67,13,94,56,35,89,69,11,20,47,28,1,57,52,51,40,86,83,37,87,58,98,55,19,43,71,41,99,25,27,49,39,0,12,46,61,44,36,9,100,34,8,30,90,23,70,84,14,60,65,62,50,18,4,63,102,103,91,93,42,7,26,81,15,38,32,53,5,74,24,72,21,68,6,2,54,29,73,22,17,76,75,80,10,82,66,105,64,92,77,16,48,96,45,33,104,95,78,101,3,97,88,31
2,63,39,13,60,4,6,93,16,49,54,44,80,29,55,91,62,67,28,86,70,7,41,51,3,63,19,65,8,38,10,78,82,18,37,0,59,81,61,74,23,22,5,36,11,97,69,21,87,31,77,68,94,26,85,95,96,79,52,72,75,103,105,99,57,66,20,1,40,15,24,53,84,17,2,46,58,47,25,50,101,42,89,9,56,92,102,88,83,76,43,73,12,34,45,48,35,32,33,64,27,98,104,14,71,100,90,30
2,64,68,53,22,59,99,39,21,71,35,100,44,79,9,7,32,98,4,105,88,75,80,30,78,73,54,92,83,31,86,60,45,19,50,0,103,49,61,65,34,36,41,2,6,95,67,42,14,58,96,91,43,25,38,5,11,28,20,93,76,70,84,63,13,15,48,72,77,23,74,52,10,69,27,102,82,24,1,104,12,29,51,46,85,3,56,90,62,101,17,40,57,16,55,37,66,87,47,18,97,33,89,81,8,94,26,64
2,65,32,76,96,12,78,2,63,18,69,60,14,26,22,3,42,86,58,95,43,51,20,33,70,49,15,100,4,10,104,83,82,8,41,27,73,29,56,23,61,38,97,11,71,79,45,21,64,39,74,99,5,35,25,67,94,85,13,48,88,28,102,101,75,36,54,1,24,66,31,92,37,34,68,89,16,6,98,55,62,9,19,91,103,50,90,81,72,84,52,17,46,59,7,40,105,80,47,87,93,44,77,0,30,53,57,65
2,66,41,62,52,17,24,36,56,18,2,14,35,38,72,83,95,33,10,22,60,21,12,100,5,25,32,94,59,87,11,85,98,77,9,26,88,101,105,93,63,40,46,19,74,3,61,4,67,15,73,57,78,65,91,44,29,104,48,27,58,23,70,96,43,47,1,0,103,16,82,66,34,79,49,37,6,51,80,84,97,50,102,30,75,13,71,20,28,39,68,76,99,8,90,69,89,64,31,53,42,81,86,7,92,55,45,54
2,67,62,96,35,88,102,95,22,79,0,21,46,91,39,49,20,93,23,40,48,38,98,44,16,63,18,70,80,1,50,29,34,92,71,101,54,68,26,32,11,56,4,28,86,3,69,36,5,77,41,6,89,99,67,65,2,45,81,66,17,94,97,76,8,14,9,75,57,72,85,60,12,47,58,82,43,103,15,104,87,19,7,105,90,25,24,13,42,53,78,73,55,37,59,31,33,74,52,84,83,61,51,100,30,27,64,10
2,68,6,19,25,28,30,88,57,104,40,41,72,86,100,99,7,97,96,15,24,69,4,26,78,73,65,85,39,22,1,67,94,71,87,53,90,60,10,31,56,80,29,9,13,54,44,77,50,3,49,14,37,92,66,5,27,11,35,84,59,91,34,89,21,68,82,98,20,93,45,74,8,95,102,23,18,2,79,75,55,83,47,46,62,64,52,32,58,51,105,36,101,61,103,43,33,76,38,48,81,0,70,16,17,42,63,12
2,69,22,25,37,90,49,103,38,59,55,65,57,102,2,42,52,51,73,95,8,40,61,99,91,64,18,93,17,10,71,36,70,46,27,56,26,68,60,92,83,97,76,79,50,72,94,11,4,69,12,1,16,47,67,29,81,32,63,39,74,101,77,84,6,24,23,86,33,80,85,82,15,44,28,19,45,7,31,89,104,53,0,54,78,5,96,3,87,105,41,34,14,100,35,13,48,62,9,20,58,30,66,98,75,21,43,88
2,70,31,57,92,9,54,63,48,62,60,18,53,90,6,74,78,24,23,100,47,13,88,25,7,65,58,1,72,17,103,2,61,5,77,51,21,41,4,67,34,26,28,37,40,50,12,69,32,59,84,101,11,99,46,97,76,95,55,83,96,105,104,33,93,91,44,71,85,3,79,56,36,16,89,81,29,27,75,22,80,45,98,70,52,15,30,39,102,87,66,43,73,49,14,0,94,86,68,10,8,35,64,19,42,20,38,82
2,71,52,15,84,41,72,4,95,77,71,22,47,51,86,7,45,3,8,25,85,50,98,48,96,16,54,19,89,102,73,62,49,59,37,26,100,76,91,21,104,75,83,101,60,1,66,55,36,69,105,33,9,94,6,5,87,12,35,11,13,24,103,70,10,74,23,82,30,90,28,40,99,67,78,80,44,39,0,31,38,79,43,18,65,29,53,56,81,42,2,57,27,93,97,88,34,61,92,14,46,20,68,17,63,32,64,58
2,72,86,39,31,18,100,14,43,38,78,2,16,10,71,5,35,8,54,51,82,44,48,22,15,50,3,17,55,25,26,64,70,87,30,98,72,23,103,0,91,13,33,85,42,41,21,47,11,29,36,75,45,93,96,49,20,104,24,61,59,19,74,1,65,76,99,28,60,97,83,69,67,81,52,66,57,40,92,62,37,79,7,46,34,58,32,84,94,105,101,102,90,80,63,89,9,27,4,95,53,68,56,77,6,73,12,88
2,73,6,17,56,15,50,9,49,0,78,51,95,5,55,37,18,36,71,33,44,7,32,102,75,30,25,64,67,65,23,19,58,41,57,81,48,94,10,13,31,1,34,105,82,45,53,69,66,8,39,73,2,16,46,80,97,77,3,83,35,14,70,86,74,11,62,93,76,99,60,101,61,100,98,85,52,96,42,88,20,59,22,89,72,79,40,43,26,104,28,84,24,87,103,92,47,54,38,4,27,21,68,91,63,29,12,90
2,74,19,95,94,6,38,69,100,28,81,65,16,5,2,82,78,80,52,79,39,85,84,13,86,31,59,18,72,90,103,88,83,104,10,41,91,9,3,55,58,1,25,7,20,61,15,24,12,0,73,34,60,66,70,56,27,42,45,47,93,26,77,21,102,74,8,97,92,64,57,71,67,87,43,17,22,48,63,62,37,51,105,75,4,68,29,96,33,46,11,98,89,23,44,54,49,53,14,76,36,35,99,32,101,50,40,30
2,75,84,41,67,14,104,43,4,11,7,64,96,0,79,61,5,35,20,30,15,92,37,42,27,100,57,98,63,94,77,10,72,62,13,83,17,85,8,18,55,39,1,66,69,12,46,2,24,28,89,65,9,19,93,60,82,99,71,50,44,74,53,87,52,102,51,54,3,45,6,36,21,34,23,59,29,101,73,78,40,48,58,76,32,90,81,75,22,97,49,33,26,91,68,16,103,56,47,95,86,70,38,105,80,88,31,25
2,76,91,39,54,68,83,26,41,37,55,103,102,19,10,20,70,31,35,71,93,45,18,104,33,5,0,13,40,3,105,67,34,79,14,32,51,23,21,49,90,4,57,75,76,89,53,44,85,6,98,65,29,74,95,59,47,92,88,1,100,58,82,78,46,84,36,87,38,30,28,12,11,7,80,25,94,81,2,60,97,43,69,101,27,8,50,61,56,72,22,63,62,64,52,66,73,48,17,24,9,86,15,96,77,99,42,16
2,77,32,76,12,78,2,63,18,69,60,14,26,22,3,86,58,95,43,51,20,33,70,49,15,100,4,10,104,83,82,8,41,27,73,29,56,23,61,38,92,42,96,1,97,11,71,79,45,21,64,39,74,99,5,35,25,67,94,85,13,48,88,28,102,101,75,36,54,24,66,31,37,34,68,89,16,6,98,55,62,9,19,91,103,50,90,81,72,84,52,17,46,59,7,40,105,80,47,87,93,44,77,0,30,53,57,65
2,78,61,73,6,25,39,2,29,36,58,87,11,28,4,0,9,95,79,94,32,55,12,19,80,84,57,24,86,40,50,44,63,97,100,22,30,53,31,68,27,90,72,69,99,83,20,15,62,46,3,43,48,1,35,14,47,59,42,34,75,76,64,18,85,74,71,104,38,96,52,88,49,105,82,92,56,78,7,98,16,51,91,5,67,54,70,41,89,8,21,103,77,10,33,45,81,13,66,65,17,23,101,93,37,26,60,102
2,79,23,76,95,68,80,66,67,84,56,101,16,63,70,54,58,22,20,35,45,71,61,31,21,9,81,73,91,51,50,42,38,3,92,99,98,78,34,14,57,96,41,32,102,36,4,25,94,44,26,33,86,90,52,27,93,10,100,47,18,40,88,11,28,59,46,5,87,29,8,65,103,85,43,17,72,55,12,69,77,2,60,105,53,62,82,37,6,75,39,19,83,104,74,49,15,7,64,89,79,13,0,48,30,24,97,1
2,80,7,79,90,85,6,65,58,28,4,0,20,46,95,51,61,30,104,67,10,76,103,72,29,75,81,5,57,42,24,105,97,21,63,19,1,77,2,101,64,73,100,40,86,94,33,9,99,92,3,36,96,70,91,43,80,69,60,45,27,52,66,38,23,34,18,53,39,48,56,88,15,78,25,35,84,14,26,11,59,31,87,83,68,37,16,55,13,54,71,93,12,74,82,22,41,44,32,17,102,62,8,49,50,98,89,47
2,81,68,53,22,59,99,21,71,35,44,79,9,7,98,105,88,75,80,30,78,73,83,31,45,19,50,0,103,49,61,65,34,6,95,42,14,58,96,91,43,38,5,11,28,20,70,84,63,13,15,48,77,23,52,69,27,102,82,24,1,12,29,51,46,74,86,76,97,90,4,36,67,2,33,92,41,37,32,39,25,81,93,10,72,47,60,54,94,104,100,57,85,3,56,62,101,17,40,16,55,66,87,18,89,8,26,64
2,82,16,41,52,58,69,23,61,65,1,43,18,92,35,88,42,87,54,57,72,51,10,37,68,89,50,74,56,36,39,20,2,6,81,97,24,79,17,26,71,45,91,67,103,7,4,73,31,8,59,66,21,5,101,60,78,80,14,30,40,85,0,25,90,102,104,62,27,22,84,94,49,95,98,47,19,83,100,9,105,55,33,96,34,64,32,48,86,46,11,75,3,29,44,77,13,28,53,38,93,82,99,76,15,70,63,12
2,83,39,31,18,38,78,2,16,71,5,8,54,51,82,44,48,22,17,25,26,64,70,30,98,72,23,103,0,13,33,85,42,41,21,47,11,36,75,45,93,96,20,104,61,59,19,1,65,76,99,28,60,97,83,69,67,81,52,66,57,40,89,79,27,91,80,43,14,35,74,49,15,24,55,84,100,10,3,58,50,87,86,102,29,92,62,37,7,46,34,32,94,105,101,90,63,9,4,95,53,68,56,77,6,73,12,88
2,84,5,46,25,20,98,11,39,29,45,48,23,19,33,99,1,87,103,44,8,4,21,71,15,72,96,102,6,22,16,73,55,12,26,62,94,78,17,68,41,63,84,52,66,38,100,36,54,3,18,64,60,77,24,40,43,81,83,76,95,47,75,97,32,89,59,51,104,91,88,2,57,7,69,53,70,65,86,31,101,56,49,10,14,34,9,105,35,58,74,28,30,13,93,92,37,61,82,42,79,0,90,27,80,67,85,50
2,85,65,12,20,105,1,59,80,87,6,64,75,31,30,19,70,55,62,14,63,71,13,40,5,50,11,38,45,24,0,96,42,69,101,18,78,68,66,34,7,79,48,29,28,53,27,15,82,95,9,52,77,84,85,46,98,3,49,21,44,89,83,73,43,74,86,76,97,90,4,36,67,2,33,92,41,37,32,39,25,81,93,10,72,47,60,54,94,104,100,57,8,26,91,58,22,23,16,17,103,102,35,99,51,88,61,56
2,86,67,83,55,26,69,29,76,27,101,75,42,20,47,41,35,23,2,57,39,80,78,74,0,5,10,14,33,13,58,96,89,99,15,36,21,86,3,52,104,90,34,19,31,28,103,25,30,100,50,93,81,84,9,97,22,91,63,59,37,48,1,17,53,85,43,18,65,49,16,94,66,40,79,8,61,92,54,44,24,102,72,7,88,77,105,6,32,11,45,12,60,70,51,62,87,68,4,71,64,38,56,82,98,95,46,73
2,87,68,58,32,44,81,104,67,13,69,15,51,34,103,56,7,73,6,42,38,22,71,75,83,10,65,2,80,31,96,98,17,100,19,43,1,14,26,36,50,57,90,53,27,16,11,99,94,92,86,102,88,82,28,97,60,61,89,33,5,29,93,45,9,52,37,77,64,70,59,46,12,85,3,62,91,24,41,49,21,54,8,0,18,95,84,39,74,4,87,101,40,72,78,55,47,105,48,25,20,76,79,66,35,63,23,30
2,88,42,83,10,71,89,3,30,100,31,68,12,39,34,69,104,97,76,65,74,43,87,24,56,64,49,84,95,85,21,99,15,86,46,105,62,18,2,60,63,61,59,19,55,8,82,50,29,73,53,36,78,1,6,79,14,72,22,11,37,13,80,4,45,75,27,9,17,102,25,52,66,16,28,0,90,58,70,77,41,57,81,32,7,33,20,92,101,40,88,94,51,35,23,38,44,93,103,54,67,48,5,26,47,96,98,91
2,89,6,51,58,11,4,0,9,13,5,49,39,20,24,65,84,36,101,92,78,61,74,25,73,93,80,71,38,66,62,40,33,42,91,3,30,75,28,37,54,67,94,34,12,8,17,69,22,47,81,83,2,95,86,77,103,88,48,104,27,87,29,57,15,97,89,79,32,55,19,41,70,50,44,63,10,100,53,31,68,90,72,99,46,43,1,35,45,14,59,76,64,18,85,96,52,105,82,56,7,98,21,16,23,26,60,102
2,90,59,67,72,88,14,32,6,44,42,43,27,91,4,82,70,50,9,23,62,53,63,61,96,76,77,65,19,16,64,33,2,93,90,71,30,35,85,31,68,56,78,40,79,13,94,89,69,11,20,47,28,1,57,52,51,86,83,37,87,58,98,55,41,99,25,49,39,0,12,46,36,100,34,8,84,60,18,102,103,7,26,81,15,38,5,74,24,21,54,29,73,22,17,75,80,10,66,105,92,48,45,104,95,101,3,97
2,91,14,63,27,13,16,55,69,42,47,105,29,24,52,94,45,88,76,58,39,61,86,93,6,2,66,104,22,87,79,70,91,67,59,71,68,30,20,44,19,81,37,74,95,78,99,54,73,21,12,34,38,10,28,50,85,40,75,26,62,4,96,1,23,97,53,7,32,64,5,41,48,9,56,31,92,57,46,33,100,3,80,18,8,72,43,90,0,83,102,65,60,103,84,17,25,89,11,49,82,98,36,15,51,77,35,101
2,92,42,66,7,2,78,87,19,93,71,44,46,24,28,59,97,30,80,67,58,48,85,102,77,20,76,14,32,101,74,72,9,36,62,91,25,52,15,27,23,38,70,21,29,90,88,89,100,18,3,55,37,10,8,57,79,95,56,105,98,54,96,31,12,41,35,45,1,84,81,92,53,6,75,43,51,47,64,11,34,94,0,103,39,13,4,22,82,61,60,73,26,40,5,17,69,50,16,63,65,49,33,83,99,68,104,86
2,93,89,61,24,33,99,68,14,90,60,22,64,102,29,28,35,95,59,6,80,11,42,27,18,67,72,47,81,48,79,38,105,92,23,43,78,73,77,55,84,25,65,56,101,31,86,2,88,70,53,69,7,57,46,15,12,76,82,4,13,20,36,30,85,32,91,63,75,5,39,16,3,21,71,50,51,0,1,98,44,103,96,37,97,9,19,52,54,62,45,40,8,10,104,17,58,49,66,34,93,94,100,41,83,74,87,26
2,94,103,63,80,12,70,39,102,99,64,22,79,101,89,36,18,87,95,32,3,58,24,9,82,21,19,56,57,100,51,81,2,50,55,34,27,29,78,105,33,42,37,11,59,44,16,94,48,62,1,53,83,96,73,61,68,13,76,28,47,97,66,15,92,14,20,84,75,23,8,46,77,88,71,0,69,72,104,86,52,6,85,4,41,65,10,25,17,54,40,5,74,93,30,60,38,31,98,45,26,35,67,49,43,91,90,7
2,95,95,67,26,18,65,78,54,23,79,74,80,2,94,56,92,43,81,60,27,66,71,70,62,91,5,30,39,104,61,90,97,41,42,0,63,102,7,40,8,58,22,25,52,101,12,89,1,14,84,49,88,51,98,47,19,6,17,83,100,9,105,55,33,72,96,34,64,87,45,32,48,86,46,57,11,35,75,21,3,29,103,44,50,77,13,28,10,53,38,93,4,82,68,99,20,36,31,59,24,76,15,73,37,69,85,16
2,96,22,33,15,75,70,104,4,19,58,94,43,92,76,49,8,53,74,1,61,83,6,90,46,88,71,12,72,87,99,96,65,50,86,105,79,67,98,78,59,48,7,42,10,80,73,29,18,11,26,82,13,32,34,28,0,25,84,20,89,101,60,54,85,40,35,97,56,38,45,30,24,17,57,66,51,68,36,39,3,102,37,77,52,2,63,95,93,81,14,21,23,27,64,55,62,31,44,100,41,69,91,16,9,103,47,5
2,97,8,42,88,61,74,78,100,57,90,69,66,10,71,98,91,76,86,5,65,93,70,0,81,89,79,2,13,52,83,53,55,27,73,20,9,19,54,15,22,102,33,34,4,75,25,80,7,11,12,28,101,60,85,17,1,96,40,95,105,45,58,84,24,104,6,29,18,49,82,3,41,67,26,21,72,16,103,94,87,68,64,32,92,37,35,77,50,47,43,44,99,97,51,56,31,46,62,30,39,63,36,59,38,48,14,23
2,98,80,59,79,67,13,94,56,35,89,69,11,20,47,28,1,57,76,96,63,53,62,23,50,70,82,4,91,42,6,32,14,88,72,9,36,44,61,46,12,0,39,49,27,25,99,41,71,43,19,55,98,58,87,37,83,86,40,51,52,77,65,16,64,33,2,93,90,30,85,31,68,78,102,60,103,3,45,104,34,54,22,74,38,73,92,26,95,84,21,100,15,48,29,5,18,10,105,66,8,24,101,17,75,97,7,81
2,99,32,63,3,15,58,34,86,44,0,27,19,64,35,88,42,87,54,57,72,51,10,37,68,89,50,74,56,36,39,20,2,6,81,97,24,79,17,26,71,45,91,67,103,7,4,73,31,8,59,66,21,105,93,96,38,16,1,95,12,13,11,70,46,82,85,80,98,48,52,28,104,22,5,23,55,65,29,40,60,47,18,61,49,14,76,83,25,77,101,100,9,84,43,69,99,62,92,53,33,30,75,78,102,41,94,90
2,100,44,56,23,40,67,41,71,10,80,89,59,34,58,52,30,32,74,79,5,98,64,20,61,70,8,95,69,72,82,18,102,92,38,28,45,36,60,88,42,26,12,85,101,6,91,81,19,83,25,75,105,53,43,21,29,33,48,13,17,93,7,2,27,1,65,55,37,96,4,35,97,99,49,47,73,103,11,77,24,90,46,31,57,86,78,87,54,66,76,68,62,9,84,51,50,39,3,15,104,14,22,0,16,94,100,63
2,101,102,77,47,56,15,97,16,12,96,6,99,89,45,8,71,3,7,85,2,37,93,79,28,63,61,74,11,24,68,29,70,83,25,88,58,9,39,92,14,50,49,23,18,60,10,43,65,21,80,30,32,40,64,101,48,26,31,53,59,66,86,98,105,51,72,75,100,94,38,33,52,73,54,36,90,95,4,0,55,34,57,35,46,42,27,84,41,103,76,91,20,1,82,13,17,87,78,69,22,81,44,62,5,67,104,19
2,102,93,30,92,82,23,34,83,38,80,42,52,68,36,100,76,87,6,81,55,47,27,90,24,19,26,14,91,74,59,21,13,103,63,54,62,89,2,29,66,0,94,95,43,25,96,39,101,32,18,85,15,71,78,28,49,17,33,61,99,3,60,5,4,45,75,79,88,31,64,98,72,84,67,37,11,58,16,8,86,20,22,65,7,97,53,104,102,48,35,10,70,69,105,57,77,73,56,40,46,51,44,1,41,12,50,9
2,103,7,11,31,4,60,100,41,13,5,49,39,20,24,65,84,36,101,92,78,61,74,25,73,93,80,71,38,66,62,40,33,42,91,3,30,97,15,57,29,87,27,104,48,88,103,77,86,95,2,83,81,47,22,69,17,8,12,34,94,67,54,37,28,75,102,6,105,63,59,44,14,45,21,79,89,55,64,82,43,9,99,51,53,72,50,35,46,18,23,19,52,16,68,76,70,96,1,26,32,98,0,85,56,10,90,58
2,104,4,80,97,62,53,88,8,13,99,69,90,87,96,89,9,56,50,47,67,102,14,93,73,17,85,71,35,0,84,26,81,25,18,104,65,38,10,12,82,33,44,66,55,27,76,79,31,92,98,20,34,51,43,46,48,45,58,29,59,16,42,86,101,2,75,61,22,23,21,68,39,72,15,19,49,40,5,57,41,24,77,60,105,6,100,83,1,95,28,64,30,3,54,36,63,78,91,74,32,94,37,11,103,52,7,70
2,105,14,42,92,4,57,7,9,2,62,60,78,74,37,13,66,58,82,41,104,67,75,0,53,25,46,19,17,32,11,10,91,71,31,84,5,44,99,69,26,81,34,79,70,43,95,24,16,64,22,96,54,98,15,6,105,47,52,59,12,65,18,27,45,103,68,38,30,33,73,56,94,61,93,35,85,90,49,51,83,20,101,55,29,88,86,3,40,8,80,76,36,50,77,28,72,23,97,89,102,39,63,48,87,100,21,1
2,106,46,24,85,36,72,28,19,26,65,68,66,71,88,23,82,93,2,25,42,91,97,27,38,1,81,54,8,64,39,58,15,101,75,92,3,48,49,30,4,50,63,105,55,74,29,67,56,99,44,11,61,43,13,94,98,86,32,18,89,90,76,35,104,70,51,62,21,14,7,37,78,20,69,77,79,22,60,73,6,45,83,84,47,102,100,31,80,9,40,57,96,10,12,34,17,41,0,95,53,16,59,52,103,5,87,33
2,107,63,44,67,95,5,33,35,18,79,27,61,36,23,32,1,34,51,66,101,49,77,16,62,64,28,99,91,11,6,74,22,45,29,39,89,2,71,17,54,93,88,80,50,86,26,3,41,20,100,83,102,70,96,48,30,21,38,10,68,94,97,76,8,14,9,75,57,72,85,60,12,47,58,82,43,103,15,104,87,19,7,105,90,25,24,13,42,53,78,73,55,37,40,69,31,4,0,98,65,52,46,56,84,59,81,92
2,108,85,63,44,67,95,105,5,33,35,12,18,55,79,27,61,36,13,23,75,82,32,1,34,25,51,66,101,49,77,103,16,62,64,28,94,99,58,8,91,104,11,6,74,22,45,29,39,89,2,71,57,17,72,54,93,88,80,50,86,26,3,78,41,14,97,20,42,24,100,83,102,53,87,15,70,96,47,48,73,30,19,60,90,21,38,9,10,68,7,40,69,31,4,0,98,65,52,46,43,56,84,59,81,92,76,37
2,109,77,47,15,16,12,96,6,89,8,3,7,2,37,93,63,24,68,70,83,58,9,92,14,50,49,18,60,10,43,65,80,30,32,27,73,29,56,23,61,38,97,11,71,79,45,21,64,39,74,99,5,35,25,67,94,85,13,48,88,28,102,101,75,36,54,1,40,26,31,53,59,66,86,98,105,51,72,100,33,52,90,95,4,0,55,34,57,46,42,84,41,103,76,91,20,82,17,87,78,69,22,81,44,62,104,19
2,110,96,37,36,48,102,22,61,94,20,54,27,85,42,92,80,82,33,38,103,44,8,4,21,71,15,72,93,13,30,28,74,58,35,105,9,70,34,14,10,7,49,56,101,31,86,2,88,91,104,51,59,89,32,97,75,47,95,76,83,81,43,40,24,77,60,64,18,3,26,57,73,63,90,39,50,62,87,16,29,17,65,68,46,6,78,5,41,79,52,25,55,67,1,0,66,98,11,99,23,84,12,53,69,19,45,100
2,111,103,34,63,82,80,12,32,78,70,39,102,56,99,64,22,79,101,16,95,89,36,18,62,73,61,68,13,105,76,28,87,47,42,97,66,15,92,27,14,21,20,84,75,23,8,46,77,88,11,71,0,69,72,104,86,52,6,85,48,51,29,33,57,4,41,65,10,1,2,25,17,58,54,40,24,3,5,9,74,19,93,30,60,96,38,31,98,55,53,44,45,26,37,50,35,67,100,94,59,49,43,91,81,90,83,7
2,112,91,96,32,34,19,95,49,54,67,56,70,21,79,15,78,57,1,83,61,71,99,41,13,45,14,98,20,80,50,63,97,30,24,58,9,16,104,0,73,81,38,3,102,36,4,25,94,44,26,33,86,90,52,27,93,10,100,47,18,40,88,11,28,59,46,5,87,29,8,65,103,85,43,17,72,55,12,69,77,2,60,105,53,62,82,37,6,75,39,74,23,101,66,22,64,76,89,42,7,92,68,51,35,84,48,31
2,113,32,63,72,59,51,31,23,57,41,18,58,60,33,9,94,56,6,55,28,12,101,11,27,13,67,79,16,92,5,43,3,95,2,50,100,1,29,10,97,36,40,19,0,83,8,68,20,49,65,15,34,39,71,74,86,44,46,82,85,80,98,87,24,73,48,52,91,104,22,37,47,17,61,14,76,25,77,70,103,42,81,84,105,69,54,99,89,26,93,62,38,66,53,4,30,75,96,78,102,21,35,45,64,7,88,90
2,114,88,96,86,37,56,36,48,102,81,22,61,94,44,10,20,104,32,83,54,27,85,42,92,80,82,33,35,59,38,26,57,89,103,73,63,90,39,101,50,51,62,14,87,64,28,16,40,13,29,2,97,3,15,17,75,65,18,77,68,91,21,60,43,46,30,34,6,71,70,78,5,76,47,41,79,52,58,7,95,25,8,55,74,67,1,0,66,98,11,99,23,84,12,93,9,105,53,24,4,31,49,69,19,45,72,100
2,115,7,60,13,49,39,65,101,2,29,36,58,87,11,28,4,0,9,89,95,79,94,32,55,12,19,80,84,33,57,41,54,70,24,86,40,5,50,44,63,97,10,103,100,22,30,53,31,68,27,90,72,67,69,99,91,83,20,15,62,46,3,43,48,1,92,78,61,74,25,73,93,71,38,66,42,104,88,77,81,47,17,8,34,37,75,102,6,105,59,14,45,21,64,82,51,35,18,23,52,16,76,96,26,98,85,56
2,116,36,91,25,41,37,55,58,102,19,71,18,33,5,0,64,30,63,56,50,78,65,6,44,75,57,90,49,12,23,51,32,67,29,81,48,94,10,13,31,1,34,105,82,45,53,69,66,8,39,73,2,16,46,80,97,77,3,83,35,14,70,86,74,11,62,93,76,99,60,101,61,100,98,85,52,96,42,88,20,59,22,89,72,79,40,43,26,104,28,84,24,87,103,92,47,54,38,4,27,21,68,7,17,9,95,15
2,117,63,15,2,28,93,27,103,101,35,40,76,58,52,105,74,81,54,46,102,26,34,44,24,12,47,18,69,42,57,62,90,77,41,53,70,95,98,25,49,59,88,82,73,96,3,48,51,84,16,1,91,14,94,99,85,37,32,19,87,61,20,78,21,39,43,22,60,75,31,0,17,13,5,36,72,67,11,56,97,38,45,29,89,104,10,9,33,100,80,71,68,7,50,92,83,55,23,86,4,8,30,79,6,66,64,65
2,118,103,34,63,82,80,12,32,78,70,39,102,56,99,64,22,79,101,16,89,36,18,73,61,68,105,28,47,42,66,15,92,27,14,21,20,84,58,97,95,13,40,62,76,87,9,26,75,23,8,46,77,88,11,71,0,69,72,104,86,52,6,85,48,51,29,33,57,4,41,65,10,1,2,25,17,54,24,3,5,74,19,93,30,60,96,38,31,98,55,53,44,45,37,50,35,67,100,94,59,49,43,91,81,90,83,7
2,119,6,56,50,9,49,0,78,95,55,18,36,71,33,44,7,102,75,30,25,64,67,65,23,19,41,57,81,94,10,31,34,105,82,8,39,73,2,16,80,77,3,14,70,86,74,62,93,76,60,101,98,52,96,88,20,22,40,43,26,104,28,84,87,92,47,53,32,72,46,17,103,13,11,35,99,15,79,66,97,5,100,45,37,83,21,1,42,48,59,58,51,69,24,61,89,85,54,38,4,27,68,91,63,29,12,90
2,120,98,32,35,44,7,49,47,101,31,93,26,90,84,33,20,74,104,92,86,77,23,95,83,58,64,68,43,69,71,88,40,76,34,105,62,18,2,60,63,56,4,28,61,59,19,55,8,82,50,29,12,42,65,21,81,70,97,48,94,67,39,99,51,41,54,85,10,24,87,46,89,3,30,5,103,57,96,0,16,66,52,25,102,17,9,27,75,45,80,13,37,11,22,72,14,79,6,1,78,36,53,73,15,38,91,100
2,121,71,91,24,41,27,2,63,49,72,31,9,57,4,3,97,15,56,100,44,1,46,67,25,69,64,51,77,11,61,62,17,83,79,94,39,87,104,32,34,90,75,33,42,35,6,76,102,74,26,5,73,105,13,55,37,88,7,65,12,10,8,48,16,23,70,81,86,98,84,43,52,93,58,82,36,30,103,22,40,66,78,29,19,92,80,45,28,59,54,60,20,89,96,18,21,14,68,85,101,38,99,47,50,95,53,0
2,122,63,15,2,81,28,93,27,103,101,35,40,76,46,102,26,34,44,24,12,47,18,69,42,57,62,90,77,41,53,70,95,98,25,49,59,88,82,73,74,96,3,48,51,84,16,1,91,14,94,99,85,37,32,52,19,87,61,20,78,21,39,43,22,60,75,58,31,0,17,13,5,36,105,72,67,11,56,54,97,38,45,29,89,104,10,9,33,100,80,71,68,7,50,92,83,55,23,86,4,8,30,79,6,66,64,65
2,123,76,8,100,102,42,66,7,101,2,78,87,70,19,93,71,44,88,56,46,24,60,61,82,97,30,62,5,54,105,22,37,4,31,13,39,67,103,77,21,18,14,0,94,58,74,34,11,89,20,64,47,51,43,26,52,75,6,53,79,85,3,27,29,92,10,90,81,84,32,1,45,69,57,80,35,48,36,63,41,96,12,91,49,33,59,23,83,40,99,50,17,68,104,86,73,95,16,72,28,15,65,38,9,55,98,25
2,124,75,34,3,19,64,35,88,54,72,51,74,86,44,16,0,27,1,46,82,85,80,98,87,36,24,73,48,52,79,50,31,28,91,104,22,37,5,23,55,65,29,68,40,67,60,47,17,18,61,49,14,57,76,83,25,77,70,103,10,101,100,42,89,56,39,20,2,6,81,97,26,71,45,7,4,8,59,66,21,105,93,96,38,95,12,13,11,53,15,102,62,92,99,32,41,90,94,69,58,63,84,43,33,78,30,9
2,125,89,61,24,33,99,68,14,90,60,22,64,102,29,28,35,95,59,6,80,11,42,27,18,67,72,47,81,48,79,38,105,92,23,43,78,73,77,86,55,84,25,65,70,53,69,7,57,46,15,12,76,82,101,4,13,20,36,30,85,32,91,63,75,5,39,16,3,56,21,71,50,51,0,1,98,44,103,96,37,97,9,19,52,54,2,62,88,45,40,8,10,104,17,58,31,49,66,34,93,94,100,41,83,74,87,26
3,0,78,58,61,103,91,55,69,2,45,48,62,94,20,83,96,23,89,95,12,24,19,49,14,38,66,73,82,44,53,77,92,5,4,74,70,42,31,71,0,98,68,104,7,25,80,56,59,57,26,6,46,41,11,21,54,81,32,67,50,86,40,47,101,79,36,13,43,52,88,65,15,33,16,102,90,29,76,87,97,51,100,34,28,10,105,27,85,37,1,99,9,22,18,3,63,60,17,64,84,72,93,8,75,35,30,39
3,1,15,99,75,20,84,97,35,50,22,38,7,6,10,40,49,57,24,41,104,48,28,47,83,72,21,43,17,13,32,3,87,89,102,96,55,56,37,16,74,64,76,63,45,29,1,67,8,78,86,70,105,93,26,14,92,31,42,95,44,18,90,68,46,33,66,27,73,58,98,9,69,5,36,80,79,94,12,52,71,30,39,88,91,54,0,25,11,53,23,100,60,82,59,61,101,77,85,19,4,65,34,103,51,62,81,2
3,2,86,25,15,23,31,67,102,56,0,74,53,2,34,30,65,48,8,59,40,12,97,96,84,39,41,28,13,1,85,17,95,58,35,90,72,80,38,19,10,68,75,21,16,99,83,63,9,87,105,98,37,57,61,50,45,64,3,71,24,70,66,26,52,82,11,5,51,4,44,18,42,46,77,91,43,47,93,54,92,55,32,29,33,60,20,6,81,78,89,69,101,104,88,79,94,7,76,14,49,22,73,62,100,36,27,103
3,3,105,60,62,102,40,18,6,34,1,68,38,19,30,56,32,26,25,33,23,78,12,3,29,97,73,61,86,2,0,74,13,65,53,82,77,94,15,14,22,84,31,27,71,46,8,28,76,35,54,83,75,99,90,42,24,80,5,17,93,7,81,96,44,9,20,45,92,69,67,95,16,85,36,37,100,55,64,41,103,87,104,39,70,72,48,59,49,89,91,63,43,11,52,10,88,101,51,79,50,58,4,98,47,57,66,21
3,4,11,54,57,4,86,77,95,83,97,2,12,16,82,45,61,17,94,105,27,39,31,76,49,3,19,22,18,34,78,10,72,62,13,67,33,24,100,51,55,52,37,9,20,68,25,35,74,44,88,81,104,87,46,28,21,59,36,8,102,7,80,26,70,65,29,6,98,23,38,0,71,58,96,43,40,41,1,42,92,75,69,63,60,79,53,91,99,15,90,73,85,50,5,48,93,14,66,32,101,84,47,30,64,103,89,56
3,5,80,97,62,53,8,99,9,23,100,43,47,25,90,15,36,3,26,71,87,37,69,2,28,45,34,13,14,20,73,81,12,101,64,104,18,68,6,24,42,7,22,41,91,38,27,31,98,30,84,5,10,48,61,76,89,46,50,1,39,21,49,56,86,88,74,103,19,4,96,67,102,93,17,85,35,0,65,82,33,44,66,55,79,92,51,58,29,59,16,75,72,40,57,77,60,105,83,95,54,63,78,32,94,11,52,70
3,6,85,59,64,79,44,28,9,92,20,23,34,56,70,100,14,31,45,67,104,83,5,93,47,103,3,94,51,76,37,25,24,77,7,57,84,2,42,21,10,60,48,50,96,87,52,12,68,8,30,66,71,78,46,40,16,6,26,35,75,98,0,36,1,58,11,91,39,101,18,53,43,19,54,17,73,99,32,63,97,61,4,15,62,105,22,80,41,86,89,102,55,74,65,33,13,90,88,29,81,72,27,38,49,95,82,69
3,7,64,14,68,99,49,105,24,18,66,10,71,91,55,83,52,13,79,0,70,93,5,86,73,20,9,19,54,15,22,102,33,34,4,25,80,7,11,12,30,38,87,36,84,46,28,78,8,27,101,69,43,97,92,60,2,81,94,65,98,6,85,44,53,89,76,75,57,1,82,58,100,88,47,59,95,74,29,96,3,67,104,26,103,40,35,51,21,61,63,77,56,23,62,72,48,45,50,17,32,39,41,31,16,90,42,37
3,8,95,54,67,56,70,21,1,61,71,13,45,20,80,63,97,30,24,58,9,16,0,81,102,36,4,33,86,52,27,47,18,40,88,28,87,8,103,43,17,72,12,69,73,25,91,51,50,42,38,3,55,5,59,65,26,82,92,99,98,85,78,90,34,44,14,94,57,37,46,11,29,2,10,96,6,41,100,32,19,83,104,74,93,49,15,7,64,89,79,77,60,105,53,62,75,39,23,101,66,22,76,68,35,84,48,31
3,9,38,70,51,84,24,36,99,7,105,71,61,88,40,95,89,102,69,78,13,50,22,46,83,66,93,37,90,57,12,80,64,91,68,21,73,97,44,19,92,42,96,1,94,58,25,62,8,17,82,39,18,48,59,3,75,41,20,85,54,86,0,2,43,52,10,81,27,76,77,104,9,55,67,65,33,60,15,30,4,5,98,56,53,79,34,11,87,47,16,14,28,100,63,29,31,32,23,26,74,103,45,35,49,6,101,72
3,10,44,9,23,56,14,104,83,51,25,7,42,48,96,52,71,26,36,39,53,66,46,0,95,72,8,63,92,15,54,31,47,4,17,58,2,100,6,30,64,19,28,37,40,50,12,69,32,59,84,101,11,79,86,90,80,67,87,77,5,75,76,78,43,45,61,60,94,93,35,85,91,1,20,33,103,24,34,16,73,57,29,27,49,3,99,22,21,70,88,62,98,55,10,68,97,18,105,41,89,102,74,65,13,81,38,82
3,11,41,52,58,23,65,92,87,57,68,89,56,39,20,6,81,24,79,17,26,45,7,4,8,59,60,78,80,14,30,40,25,102,62,27,94,90,48,18,97,19,28,9,77,11,46,71,51,105,54,95,86,70,43,104,66,22,91,82,1,16,35,50,99,2,69,0,5,13,47,103,101,67,34,84,93,74,21,53,42,15,37,10,12,29,49,63,72,85,36,55,61,31,32,88,73,44,98,83,100,33,96,64,75,3,38,76
3,12,25,15,23,67,102,0,74,53,2,34,30,65,48,8,59,40,12,97,96,84,39,41,28,13,1,32,104,88,86,31,56,49,7,10,70,9,105,58,85,17,95,35,90,72,80,38,19,68,75,21,16,99,83,63,87,98,37,57,61,50,45,64,3,71,24,66,26,52,82,11,5,51,4,44,18,42,46,77,91,43,47,93,54,92,55,29,33,60,20,6,81,78,89,69,101,79,94,76,14,22,73,62,100,36,27,103
3,13,71,64,97,79,63,28,16,9,20,23,34,56,70,14,0,31,32,45,61,46,83,5,93,103,51,37,25,24,77,7,66,84,42,21,10,43,48,50,87,99,52,12,54,11,68,17,8,4,15,62,30,91,92,60,2,81,94,65,98,6,85,44,53,89,76,75,57,1,82,58,100,88,47,59,95,74,29,96,3,67,104,26,105,36,22,80,35,41,86,102,55,33,13,90,78,73,39,72,101,27,38,49,40,18,69,19
3,14,24,36,72,28,19,65,66,88,23,91,97,27,38,1,81,58,44,77,92,4,74,70,42,71,68,25,80,56,59,57,26,6,46,15,101,49,30,50,63,105,8,17,82,39,18,48,3,37,75,41,94,93,20,85,54,86,96,12,0,2,43,52,10,64,55,29,67,99,11,61,13,98,32,89,90,76,35,104,51,62,21,14,7,78,69,79,22,60,73,45,83,84,47,102,100,31,9,40,34,95,53,16,103,5,87,33
3,15,9,38,14,82,23,104,95,72,92,31,100,64,28,69,59,79,67,45,85,83,5,93,47,103,3,94,51,76,37,25,24,77,7,57,84,2,42,21,10,60,48,50,96,87,52,12,68,8,30,66,71,78,46,40,16,6,26,35,75,98,0,36,1,58,11,91,39,101,18,53,43,19,54,17,73,99,32,63,97,61,4,15,62,105,22,80,41,86,89,102,55,74,65,33,13,90,20,34,29,27,49,70,88,81,56,44
3,16,85,63,44,67,95,105,5,18,55,68,38,19,30,56,32,26,25,33,23,78,12,3,29,97,73,61,86,2,0,74,13,65,53,82,77,94,15,14,22,84,31,27,71,46,8,28,76,35,79,36,75,1,34,51,66,101,49,103,16,62,64,99,58,91,104,11,6,45,98,4,69,40,7,10,9,21,90,60,48,47,96,70,87,102,83,100,24,42,20,41,50,80,88,93,54,72,17,57,89,39,52,43,59,81,92,37
3,17,73,39,60,4,6,93,16,49,54,44,80,29,55,91,62,67,28,86,70,7,41,51,3,63,19,65,8,38,10,78,82,18,37,0,59,81,61,74,23,22,5,36,11,97,69,21,87,31,77,68,94,26,85,95,96,79,52,72,75,103,105,99,57,66,20,1,40,15,24,53,84,17,2,46,58,47,25,50,101,42,89,9,56,92,32,12,33,100,30,27,90,83,43,48,35,45,14,34,76,64,71,104,88,98,13,102
3,18,36,102,61,92,38,71,72,58,105,70,7,49,101,88,91,51,89,95,40,24,1,13,50,22,46,83,42,90,66,25,62,8,17,82,39,18,48,59,3,37,75,41,94,93,20,80,85,54,86,96,12,0,2,43,52,10,64,81,27,76,77,104,9,55,67,65,33,60,15,30,44,4,5,98,56,53,79,34,97,57,11,87,47,16,14,28,100,63,19,29,31,32,23,73,26,74,103,45,68,35,21,6,78,99,84,69
3,19,44,91,31,75,89,51,70,0,22,19,64,68,34,72,104,57,77,27,3,88,49,79,1,74,40,10,85,39,65,23,42,54,83,18,28,87,50,82,52,61,60,5,98,35,17,67,25,36,37,80,76,24,101,16,47,103,73,46,100,55,86,56,48,14,20,29,2,6,81,97,26,71,45,7,4,8,59,66,21,105,93,96,38,95,12,13,11,53,15,102,62,92,99,32,41,90,94,69,58,63,84,43,33,78,30,9
3,20,56,72,57,44,98,101,33,23,9,93,38,73,48,88,15,61,82,83,17,65,46,24,7,97,30,62,5,54,105,22,37,4,31,13,39,67,103,77,21,18,14,0,94,58,74,34,11,89,20,64,47,51,43,26,52,75,6,53,79,85,3,27,29,92,10,90,81,84,32,1,45,69,16,100,36,12,50,8,71,35,104,95,28,2,42,40,86,60,68,91,96,70,59,25,80,63,102,78,55,19,99,49,76,41,66,87
3,21,38,70,51,84,24,36,58,99,7,105,71,91,61,88,40,95,89,102,69,78,1,13,50,22,46,83,42,90,66,25,62,8,17,82,39,18,48,59,3,37,75,41,94,93,20,80,85,54,86,96,12,0,2,43,52,10,64,81,27,76,77,104,9,55,67,65,33,60,15,30,44,4,5,98,56,53,79,34,97,57,11,87,47,16,14,28,100,63,19,29,31,32,23,73,26,74,103,45,68,35,21,49,6,101,72,92
3,22,67,83,55,26,69,29,76,93,27,101,75,42,20,47,41,35,23,2,57,9,39,80,1,78,74,0,5,10,14,97,33,13,58,96,89,99,15,36,21,86,84,50,3,52,104,90,34,85,19,31,28,100,43,103,25,30,65,49,16,94,66,40,79,8,61,92,54,44,24,102,72,63,7,81,91,88,77,22,48,105,6,37,32,11,45,12,17,60,70,51,62,87,68,4,71,64,38,18,59,56,53,82,98,95,46,73
3,23,74,53,56,1,30,72,47,57,44,69,98,101,67,33,23,9,93,64,38,73,105,48,27,77,88,14,15,61,82,83,17,85,65,46,11,90,52,24,79,7,97,6,22,16,100,31,43,5,36,34,32,10,12,4,50,8,71,26,35,104,103,95,29,28,62,94,2,42,20,40,86,75,3,60,58,68,91,96,70,51,59,25,80,0,92,18,45,89,63,39,81,54,102,78,13,55,19,37,99,21,49,76,41,66,84,87
3,24,54,8,100,15,36,3,37,13,99,69,90,87,96,89,9,56,50,47,67,102,14,93,73,17,85,71,35,0,84,26,81,25,18,104,65,38,10,12,82,33,44,66,55,27,76,79,31,92,98,20,34,51,43,46,48,45,58,29,59,16,42,86,101,2,75,61,22,23,21,28,64,68,6,24,7,41,91,30,5,1,39,49,88,74,103,19,4,62,52,40,94,105,11,78,57,32,83,72,97,53,63,60,80,95,70,77
3,25,62,96,35,88,102,95,22,79,0,21,46,91,39,49,20,93,23,40,48,38,98,44,16,63,18,70,80,1,50,29,34,92,71,101,54,68,26,32,11,61,59,19,56,4,28,86,3,69,36,5,77,41,6,89,99,67,65,2,45,81,66,17,94,97,76,8,14,9,75,57,72,85,60,12,47,58,82,43,103,15,104,87,7,105,90,25,24,13,42,53,78,73,55,37,31,33,74,52,84,83,51,100,30,27,64,10
3,26,85,71,59,64,53,97,79,44,63,1,28,16,9,75,92,20,23,34,58,56,70,100,14,0,31,32,45,61,67,104,46,83,5,93,47,103,3,94,51,76,37,25,24,77,7,66,57,84,2,42,21,10,60,43,48,50,96,87,99,52,12,54,11,68,26,17,8,4,15,62,30,91,105,36,22,80,35,41,86,89,102,55,74,65,33,13,90,88,98,78,29,81,73,39,72,101,27,38,49,40,18,95,82,69,6,19
3,27,60,3,6,63,2,93,43,67,4,64,46,97,24,66,59,45,48,104,87,22,49,57,70,65,33,26,11,7,56,100,52,51,71,98,86,38,77,50,23,39,72,94,74,30,34,79,88,18,0,40,21,90,78,105,42,68,58,61,62,73,85,20,36,80,102,53,76,10,9,14,25,91,1,35,96,37,31,89,47,15,13,95,32,103,75,83,8,17,12,81,41,44,55,5,16,92,82,27,84,99,19,101,29,28,69,54
3,28,55,42,83,52,10,13,28,37,71,89,0,25,36,3,17,30,100,31,68,12,39,34,69,105,104,97,76,65,74,82,61,43,87,16,24,56,53,64,60,18,49,75,84,95,1,11,85,72,29,21,59,99,15,6,86,46,90,58,27,73,70,77,41,57,78,81,32,7,33,20,79,62,92,101,40,88,45,94,50,51,35,23,8,38,4,44,63,93,66,103,54,67,48,5,19,80,14,102,26,47,2,96,98,91,22,9
3,29,3,27,52,87,93,23,35,11,58,100,9,13,42,96,95,75,10,64,2,41,17,76,31,22,6,97,105,89,29,32,43,33,78,90,24,72,101,15,48,0,65,8,37,46,18,98,67,92,103,63,28,82,16,59,99,104,94,50,39,91,62,34,47,36,69,85,12,102,79,81,44,57,26,5,56,55,88,40,20,49,73,80,66,53,70,21,77,1,30,4,68,38,71,7,54,83,74,45,51,86,61,14,84,25,19,60
3,30,61,73,6,25,39,77,51,2,29,36,58,87,11,28,4,0,9,89,95,79,94,32,55,12,19,80,84,33,57,41,54,70,24,86,40,5,50,44,63,97,10,103,100,22,30,53,31,68,27,90,72,67,69,99,91,83,20,15,62,46,3,43,48,1,35,45,14,47,59,42,34,75,76,64,18,85,8,74,71,104,38,96,52,88,49,105,82,92,56,78,7,98,21,16,81,13,66,65,17,23,101,93,37,26,60,102
3,31,96,49,55,104,101,35,66,6,72,71,78,14,2,9,85,80,22,81,4,74,24,98,5,69,56,88,23,73,32,0,26,79,62,64,29,77,41,39,83,1,20,27,45,16,54,19,102,36,34,42,52,75,95,50,57,28,43,90,11,97,12,15,63,67,89,103,30,68,93,100,61,10,33,65,105,82,59,60,94,8,53,25,7,38,76,99,17,91,86,18,92,51,37,48,44,46,3,70,13,47,87,58,40,31,84,21
3,32,66,46,39,1,51,92,12,75,71,6,99,84,103,60,11,24,0,34,44,83,45,2,94,49,47,35,43,82,7,104,87,61,4,86,42,22,33,64,19,31,96,54,98,105,56,95,79,57,8,10,37,55,3,18,100,89,88,90,29,21,70,38,23,27,15,52,25,91,62,36,9,72,74,101,32,14,76,20,77,102,85,48,58,67,80,30,97,59,28,73,26,40,5,17,69,50,16,63,65,53,68,78,41,81,13,93
3,33,74,42,9,96,69,38,52,26,84,12,71,14,7,51,82,23,36,41,13,65,83,104,66,46,0,95,72,8,63,92,15,54,31,32,47,4,17,58,2,100,6,30,64,19,79,86,90,80,67,87,77,101,5,75,76,78,43,45,61,60,94,93,35,85,91,1,20,33,103,24,40,50,34,16,73,57,29,37,27,49,3,99,22,21,70,59,88,62,98,55,10,68,97,18,105,25,28,81,53,56,11,102,39,89,44,48
3,34,70,89,68,79,81,51,95,80,76,77,7,50,0,5,60,103,25,85,40,24,21,92,28,74,19,9,45,41,58,12,59,49,88,75,1,33,48,97,46,54,84,35,26,82,27,71,38,31,3,4,47,62,96,98,87,44,72,18,63,67,69,65,10,99,8,14,23,22,2,11,6,64,100,61,90,83,15,16,17,102,56,94,39,20,36,13,42,57,55,30,104,32,86,101,78,53,93,29,73,34,52,105,66,91,37,43
3,35,66,46,39,71,103,60,24,44,2,82,7,87,61,4,42,22,19,31,54,98,105,56,8,37,55,100,88,21,70,38,15,25,62,9,101,76,77,102,67,18,14,0,94,58,74,34,11,89,20,64,47,51,43,26,52,75,6,53,79,85,3,27,29,92,10,90,81,84,32,1,45,69,57,80,35,48,36,63,41,96,12,91,49,33,59,23,83,40,99,50,17,68,104,86,73,95,16,72,28,30,97,5,65,78,13,93
3,36,24,37,97,28,50,3,85,5,34,83,60,21,95,47,1,7,104,23,76,10,43,75,31,18,9,42,61,59,92,56,77,51,71,48,79,38,16,6,67,32,58,64,53,82,66,19,25,103,40,93,49,2,100,69,84,44,96,87,99,52,12,54,11,68,26,17,8,4,15,62,30,91,105,36,22,80,35,41,86,89,102,55,74,65,33,13,90,88,98,78,29,81,73,39,72,101,27,45,46,14,70,94,0,20,63,57
3,37,61,103,91,55,69,2,94,83,23,95,12,24,49,38,73,82,44,77,92,4,74,70,42,71,68,25,80,56,59,57,26,6,46,11,81,32,67,50,86,40,47,101,79,36,52,88,65,15,33,16,102,90,29,76,97,51,28,10,27,85,37,1,99,22,18,63,60,17,64,84,72,93,8,19,45,7,31,89,104,53,0,54,78,5,96,3,87,105,41,34,14,100,35,13,48,62,9,20,58,30,66,98,75,21,43,39
3,38,85,59,64,53,97,63,1,28,9,75,92,20,23,34,0,31,61,104,83,5,47,3,76,37,24,7,66,57,42,21,10,60,43,50,96,99,54,11,26,17,4,15,62,30,91,80,35,41,86,102,55,33,13,90,88,98,22,58,32,67,6,74,16,38,79,52,48,71,105,51,77,56,25,12,89,103,40,93,49,2,100,8,27,69,36,84,44,45,46,87,29,14,65,70,78,94,68,81,73,39,72,101,18,95,82,19
3,39,74,42,9,96,38,52,26,71,14,7,51,82,23,36,41,13,65,83,104,66,46,0,95,72,8,63,92,15,54,31,47,4,17,58,2,100,6,30,64,19,28,37,40,50,12,69,32,59,84,101,11,79,86,90,80,67,87,77,5,75,76,78,43,45,61,60,94,93,35,85,91,1,20,33,103,24,34,16,73,57,29,27,49,3,99,22,21,70,88,62,98,55,10,68,97,18,105,25,81,53,56,102,39,89,44,48
3,40,103,51,14,100,90,70,34,31,24,82,5,55,93,76,77,29,45,102,9,23,37,79,38,44,27,88,69,7,65,72,33,66,71,78,46,40,16,6,75,98,0,1,58,39,101,18,53,19,2,42,21,10,60,43,48,50,96,87,99,52,12,54,11,68,26,17,8,4,15,62,30,91,105,36,22,80,35,41,86,89,73,32,63,97,61,84,85,20,67,64,59,92,56,94,13,49,28,25,95,74,81,57,83,47,3,104
3,41,25,20,98,11,48,23,99,1,44,4,74,27,81,83,76,95,47,32,88,86,56,49,10,70,9,58,71,6,30,46,43,21,91,68,77,18,65,75,15,97,2,29,13,40,16,28,62,51,50,101,39,90,63,73,103,57,26,38,59,33,82,80,92,42,85,24,60,17,64,84,72,93,8,19,45,7,31,89,104,53,0,54,78,5,96,3,87,105,41,34,14,100,35,36,66,52,94,12,55,22,102,37,61,79,69,67
3,42,23,31,67,74,34,30,65,48,40,12,97,96,39,35,38,10,68,83,87,105,2,63,61,19,55,8,82,50,36,14,22,37,13,16,24,56,53,64,60,18,49,75,84,95,1,11,85,72,29,21,59,99,15,6,86,46,90,58,27,73,70,77,41,57,78,81,32,7,33,20,79,62,92,101,80,4,45,9,17,102,25,52,66,28,0,98,93,47,43,91,42,44,51,5,26,71,3,54,89,69,104,88,94,76,100,103
3,43,66,46,39,1,51,92,12,75,71,6,99,84,9,7,32,98,4,105,103,60,11,24,0,34,44,83,45,2,94,49,47,35,43,82,104,87,61,86,42,22,33,64,19,31,96,54,56,95,79,57,8,10,37,55,3,18,100,89,88,90,29,21,70,38,23,27,15,52,25,91,62,36,72,74,101,14,76,20,77,102,85,48,58,67,80,30,97,59,28,73,26,40,5,17,69,50,16,63,65,53,68,78,41,81,13,93
3,44,105,60,102,40,68,38,19,30,56,12,18,55,79,27,61,36,13,25,34,1,32,82,75,23,51,66,101,49,77,103,16,62,64,28,94,99,58,8,91,104,11,6,74,22,45,29,39,89,26,33,78,3,97,73,86,2,0,65,53,15,14,84,31,71,46,76,35,54,83,90,42,24,80,5,17,93,7,81,96,44,9,20,92,69,67,95,85,37,100,41,87,70,72,48,59,63,43,52,10,88,50,4,98,47,57,21
3,45,72,78,21,51,31,23,57,41,18,58,60,33,9,56,6,28,12,101,11,27,13,79,16,92,5,3,95,2,1,29,10,97,36,40,19,0,8,68,20,65,15,34,39,88,38,24,76,102,80,74,32,105,85,103,89,61,62,52,93,84,46,64,54,66,63,48,30,96,86,75,104,71,82,70,17,69,73,77,99,42,25,47,7,14,26,87,4,98,55,53,44,45,37,50,35,67,100,94,59,49,43,91,81,90,83,22
3,46,102,73,101,17,94,7,31,29,30,67,75,85,47,28,1,57,76,96,63,53,62,23,50,70,82,4,91,42,6,32,14,88,72,9,36,44,61,46,12,0,39,49,27,25,99,41,71,43,19,55,98,58,87,37,83,86,40,51,52,77,65,89,24,3,38,5,16,10,18,100,68,64,54,2,93,69,48,59,104,13,22,95,92,60,21,79,84,105,56,26,97,34,33,80,78,45,20,66,81,103,11,8,90,35,15,74
3,47,67,95,5,33,18,79,27,36,23,1,51,101,16,28,11,6,22,29,2,50,26,3,41,100,21,10,94,97,9,57,72,60,12,58,43,87,13,78,55,31,40,19,0,83,8,68,20,49,65,15,34,39,88,38,24,76,102,80,74,44,32,105,35,53,85,103,89,61,62,52,93,84,46,91,64,54,37,66,63,48,30,96,86,75,45,104,71,82,70,17,69,73,77,99,90,42,25,98,47,7,14,4,56,59,81,92
3,48,95,26,54,23,2,43,81,66,71,70,90,8,58,25,101,12,14,47,17,100,9,33,34,64,87,45,35,3,77,13,28,82,20,104,18,68,6,24,42,7,22,41,91,38,27,31,98,30,84,5,10,48,61,76,89,46,50,1,39,21,49,56,86,88,74,103,19,4,96,55,62,93,51,52,40,29,94,92,105,11,16,78,57,32,79,83,72,75,85,67,97,53,0,102,65,99,63,60,80,44,36,59,15,73,37,69
3,49,13,60,6,25,39,77,51,2,29,36,58,87,11,28,4,0,9,89,95,79,94,32,55,12,19,80,84,33,57,41,54,70,24,86,40,5,50,44,63,97,10,103,100,22,30,53,31,68,27,90,72,67,69,99,91,83,20,15,62,46,3,43,48,1,35,45,14,47,59,42,34,75,76,64,18,85,8,74,71,104,38,96,52,88,93,16,49,7,65,78,82,37,81,61,23,21,26,105,66,17,101,56,92,102,73,98
3,50,66,39,71,103,27,2,63,49,72,31,9,57,4,3,97,15,56,100,44,1,46,67,25,69,64,51,77,11,61,62,17,83,79,58,60,24,82,7,87,42,22,19,54,98,105,8,37,55,88,21,70,38,101,76,102,18,14,0,94,74,34,89,20,47,43,26,52,75,6,32,84,81,90,10,92,29,85,53,45,80,35,48,36,41,96,12,91,33,59,23,40,99,50,68,104,86,73,95,16,28,30,5,65,78,13,93
3,51,62,102,40,6,34,1,19,56,32,26,23,78,3,29,73,2,0,74,13,77,14,22,84,31,27,71,39,104,87,41,64,55,36,85,16,95,69,45,20,9,96,81,5,80,24,42,75,83,54,35,28,70,72,49,43,52,88,90,11,97,12,15,63,67,89,103,30,68,93,100,61,10,33,65,105,82,59,60,94,8,53,25,7,38,76,99,17,91,86,18,92,51,37,48,44,46,101,79,50,58,4,98,47,57,66,21
3,52,74,42,9,96,38,52,26,71,14,7,51,82,23,36,41,13,65,83,104,66,0,95,72,8,63,92,15,54,31,47,4,17,58,2,100,6,30,64,19,28,37,40,12,69,59,84,101,79,90,80,67,87,5,76,78,43,61,60,94,93,85,91,1,20,33,24,34,16,45,32,48,86,46,57,11,35,75,21,3,29,103,44,50,77,73,27,49,99,22,70,88,62,98,55,10,68,97,18,105,25,81,53,56,102,39,89
3,53,31,57,92,9,54,63,62,18,53,74,78,51,82,44,48,22,17,25,26,64,70,30,98,72,23,103,0,13,33,85,42,41,21,47,11,36,75,45,93,96,20,104,61,59,19,1,65,76,99,28,60,97,83,69,67,81,52,66,24,100,88,7,58,2,5,4,34,37,40,50,6,79,86,90,80,87,77,12,32,84,101,46,95,55,105,91,71,3,56,16,89,29,27,15,39,102,43,73,49,14,94,68,10,8,35,38
3,54,96,3,24,54,99,90,74,12,34,104,26,55,14,102,77,70,45,72,35,5,7,23,73,62,58,60,42,44,38,6,87,0,83,76,78,36,33,41,50,93,81,84,9,97,85,19,31,28,100,43,103,25,30,65,49,94,66,40,22,91,82,1,16,79,8,61,92,63,59,37,48,17,53,18,57,2,20,29,64,89,47,13,46,105,15,88,98,69,10,11,52,21,86,56,32,75,51,27,4,71,68,101,39,80,95,67
3,55,6,63,2,43,67,4,66,48,104,87,22,57,65,26,11,7,56,100,51,71,98,86,38,50,23,39,72,94,74,30,34,79,88,40,90,78,105,42,68,58,73,20,36,80,102,53,76,10,14,25,1,82,28,97,60,61,89,33,5,29,93,45,9,52,37,77,64,70,59,46,12,85,3,62,91,24,41,49,21,54,8,0,18,95,35,96,31,47,15,13,32,103,75,83,17,81,44,55,16,92,27,84,99,19,101,69
3,56,102,56,97,99,89,45,8,18,2,14,35,38,72,83,95,33,10,22,60,21,12,100,5,25,32,94,59,87,11,85,98,77,9,26,88,101,105,93,63,40,46,19,74,3,61,4,67,15,73,57,78,65,91,44,29,104,48,27,58,23,70,96,43,47,1,0,103,16,82,66,34,79,49,37,6,51,80,84,71,7,28,24,68,39,92,50,30,64,31,53,86,75,52,54,36,90,55,42,41,76,20,13,17,69,81,62
3,57,64,14,49,24,18,66,10,71,83,13,79,0,70,93,5,73,20,9,19,33,34,25,7,38,84,46,28,78,27,101,69,97,92,2,81,94,65,98,6,85,44,53,76,75,57,1,82,58,100,88,47,59,60,43,48,50,96,87,99,52,12,54,11,68,26,17,8,4,15,62,30,91,105,36,22,80,35,41,86,89,102,55,95,74,29,3,67,104,103,40,51,21,61,63,77,56,23,72,45,32,39,31,16,90,42,37
3,58,92,82,23,34,38,80,68,36,83,25,102,46,93,72,98,31,88,79,75,45,4,5,60,3,99,61,33,17,28,78,15,85,32,96,95,29,62,63,21,59,26,19,24,27,6,76,103,87,74,57,91,90,20,9,13,101,14,47,39,11,0,41,18,54,43,37,64,97,81,52,42,58,89,16,48,94,100,55,2,30,66,49,71,84,67,8,86,22,65,7,53,104,35,10,70,69,105,77,73,56,40,51,44,1,12,50
3,59,35,66,6,71,78,14,2,80,22,4,74,24,98,5,56,23,73,32,0,26,79,62,29,77,83,1,27,54,19,102,34,42,75,50,57,28,90,97,12,15,30,68,61,33,65,105,82,60,94,8,53,25,38,76,99,86,18,17,93,7,81,96,44,9,20,45,92,69,67,95,16,85,36,37,100,55,64,41,103,87,104,39,70,72,48,59,49,89,91,63,43,11,52,10,88,101,51,46,3,13,47,58,40,31,84,21
3,60,32,72,59,51,31,23,57,18,33,9,94,56,6,55,28,12,101,11,27,13,67,16,3,95,2,100,29,10,97,36,19,83,8,68,20,49,65,34,39,74,86,44,46,82,80,98,87,24,48,52,104,22,37,47,17,61,14,76,25,77,70,103,81,84,105,54,89,26,38,0,71,58,96,43,40,41,1,42,92,75,69,63,60,79,53,91,99,15,90,73,85,50,5,93,62,66,4,30,78,102,21,35,45,64,7,88
3,61,68,58,32,44,81,104,67,13,69,15,51,2,80,31,96,7,98,17,100,42,19,43,1,14,65,26,36,50,57,90,53,27,16,11,99,94,92,86,102,88,82,28,97,56,10,60,61,89,6,33,5,29,93,45,103,9,52,37,77,64,70,59,34,46,12,85,3,62,91,24,41,49,21,54,8,71,0,18,95,84,39,74,73,4,87,83,101,40,72,78,55,47,105,48,22,25,20,76,79,38,66,35,75,63,23,30
3,62,85,96,99,17,61,4,69,34,50,6,42,26,13,45,78,101,15,80,90,23,18,87,29,10,71,35,5,88,25,52,0,39,8,22,11,20,9,31,98,56,14,53,91,95,57,86,94,37,102,103,16,70,41,21,7,2,65,47,49,73,64,12,84,1,83,28,97,82,55,89,68,58,40,33,24,72,51,76,54,75,105,46,59,74,43,100,32,66,60,44,30,81,93,77,38,3,27,104,48,92,62,19,63,67,79,36
3,63,5,86,1,78,10,12,27,61,45,101,103,105,57,79,23,46,69,60,83,76,102,62,3,20,71,33,49,8,68,89,63,94,6,99,88,19,29,77,2,34,24,21,98,55,70,48,84,38,66,73,75,9,16,51,32,96,14,47,39,11,0,41,18,54,43,37,64,97,81,52,42,58,72,87,26,30,104,17,91,90,56,40,36,31,7,95,85,59,92,53,28,67,93,74,44,100,50,22,4,80,82,13,25,15,65,35
3,64,65,102,51,62,36,73,101,17,94,7,58,31,98,29,49,30,67,96,75,85,89,61,72,24,3,25,38,28,5,16,10,1,88,44,86,18,40,100,53,68,64,54,2,93,42,91,69,4,48,59,104,13,70,22,95,92,77,60,21,12,0,27,19,46,37,43,79,84,105,47,14,57,39,76,99,50,52,32,9,56,26,97,34,41,33,80,87,78,45,82,20,66,81,103,11,6,8,90,63,23,35,71,15,74,55,83
3,65,16,41,52,58,69,23,61,56,2,65,79,1,91,43,18,92,37,5,67,101,60,78,80,14,26,30,40,97,85,74,7,0,25,81,71,90,102,104,66,89,8,62,27,22,73,84,94,39,54,49,95,51,98,47,19,6,17,83,100,9,105,55,33,72,96,34,64,87,45,32,48,86,46,57,11,35,75,21,3,29,103,44,50,77,13,28,10,53,38,93,4,82,68,99,20,36,31,59,24,76,15,70,63,42,88,12
3,66,8,6,26,7,39,56,60,79,100,83,92,27,96,89,24,78,3,76,38,68,98,102,14,23,45,80,87,65,17,81,59,94,62,41,58,75,64,90,48,18,97,19,28,9,77,11,46,71,51,105,54,95,86,70,40,43,104,66,22,91,82,1,16,25,35,50,99,2,69,0,5,13,47,33,103,101,67,34,84,30,93,20,74,21,53,42,15,37,10,12,29,49,63,72,85,36,55,4,61,31,32,88,73,52,44,57
3,67,6,64,14,68,99,49,44,105,24,18,66,10,71,98,91,27,55,53,83,52,13,2,79,89,81,0,70,93,65,5,86,76,73,20,9,19,54,15,22,102,33,34,4,75,25,80,7,11,12,28,30,38,87,36,84,46,78,82,58,100,1,88,92,47,59,95,74,29,96,3,67,104,26,103,40,35,51,21,60,61,63,77,101,56,97,94,8,57,23,62,72,43,48,45,50,17,32,39,41,31,69,16,90,85,42,37
3,68,5,25,20,98,11,45,48,23,19,99,53,1,44,8,4,72,93,74,54,27,81,83,76,95,47,32,104,88,86,31,56,49,7,10,70,9,105,58,71,6,34,30,46,43,60,21,91,68,77,18,65,75,17,15,3,97,2,29,13,40,16,28,64,87,14,62,51,50,101,39,90,63,73,103,89,57,26,38,59,35,33,82,80,92,42,85,24,36,100,66,52,84,41,78,94,12,55,22,102,96,37,61,79,0,69,67
3,69,46,24,36,72,28,19,26,65,68,66,71,88,23,25,42,91,97,27,38,1,81,58,15,101,92,49,30,4,50,63,105,8,17,82,39,18,48,59,3,37,75,41,94,93,20,80,85,54,86,96,12,0,2,43,52,10,64,55,74,29,67,56,99,44,11,61,13,98,32,89,90,76,35,104,70,51,62,21,14,7,78,69,77,79,22,60,73,6,45,83,84,47,102,100,31,9,40,57,34,95,53,16,103,5,87,33
3,70,31,57,92,9,54,63,48,62,60,18,53,74,78,24,23,100,47,13,88,25,7,65,58,1,72,17,103,2,61,5,51,21,41,4,34,26,28,37,40,50,6,30,64,19,79,86,90,80,67,87,77,12,69,32,59,84,101,11,99,46,97,76,95,55,83,96,105,104,33,93,91,44,71,85,3,56,36,16,89,81,29,27,75,22,45,98,70,52,15,39,102,66,43,73,49,14,0,94,68,10,8,35,42,20,38,82
3,71,8,6,26,7,56,60,79,100,83,92,27,96,89,24,78,3,76,38,68,98,102,14,23,45,80,65,17,81,59,94,62,41,58,75,64,90,48,18,97,19,28,9,77,11,46,71,51,105,54,95,86,70,43,104,66,22,91,82,1,16,35,50,99,2,69,0,5,13,47,103,101,67,34,84,93,74,21,53,42,15,37,10,12,29,49,63,72,85,36,55,61,31,32,88,73,44,30,33,87,40,4,25,20,39,52,57
3,72,92,82,23,34,38,80,42,52,68,36,83,25,102,46,93,72,98,64,31,88,79,75,45,4,5,60,3,99,61,33,17,28,78,15,85,18,32,96,95,0,29,62,54,63,21,59,14,26,19,24,27,47,81,6,76,103,87,74,57,91,39,90,20,9,13,101,89,41,16,48,94,58,100,55,2,30,66,49,71,43,84,67,37,11,8,86,22,65,7,97,53,104,35,10,70,69,105,77,73,56,40,51,44,1,12,50
3,73,75,34,83,3,86,82,61,19,64,35,88,42,91,43,18,92,37,5,67,101,60,78,80,14,26,30,40,97,85,74,7,0,25,81,71,90,102,104,66,89,8,62,27,22,73,84,94,39,54,49,95,87,57,72,51,10,68,50,56,36,20,2,6,24,79,17,45,103,4,31,59,21,105,93,96,38,16,1,12,13,11,70,53,76,100,28,29,15,65,55,99,9,46,33,44,47,77,63,58,69,52,98,48,23,41,32
3,74,62,35,88,95,22,79,0,46,91,39,49,93,23,98,44,16,63,18,80,1,50,29,34,92,71,101,54,32,11,56,4,28,86,36,5,77,6,89,99,67,65,2,45,81,66,17,94,76,8,75,57,72,85,12,58,82,43,103,104,26,3,78,41,14,97,20,42,24,100,83,102,53,87,15,70,96,47,48,73,30,19,60,90,21,38,9,10,68,7,40,69,31,105,25,13,55,37,59,33,74,52,84,61,51,27,64
3,75,96,3,24,54,99,90,74,12,34,104,26,55,14,102,77,70,45,72,35,5,7,23,73,62,58,60,42,44,38,6,87,0,83,76,82,78,36,33,41,50,93,81,84,9,97,22,91,85,19,31,28,100,43,103,25,30,65,49,16,94,66,40,79,8,61,92,63,59,37,48,1,17,53,18,57,2,20,29,64,89,47,13,46,105,15,88,98,69,10,11,52,21,86,56,32,75,51,27,4,71,68,101,39,80,95,67
3,76,98,35,44,47,31,93,26,74,104,23,83,68,43,69,71,88,40,76,34,105,2,63,61,19,55,8,82,50,36,14,22,37,13,16,24,56,53,64,60,18,49,75,84,95,1,11,85,72,29,21,59,99,15,6,86,46,90,58,27,73,70,77,41,57,78,81,32,7,33,20,79,62,92,101,80,4,45,9,17,102,25,52,66,28,0,96,103,5,30,3,89,87,10,54,51,39,67,94,48,97,65,42,12,38,91,100
3,77,14,63,27,37,81,19,44,20,30,68,71,59,67,91,70,79,87,22,104,66,2,6,93,86,61,39,58,76,88,45,94,52,24,29,105,47,42,69,55,16,13,74,95,78,99,54,73,21,12,34,38,10,28,50,85,40,75,26,62,4,96,1,23,97,53,7,32,64,5,41,48,9,56,31,92,57,46,33,100,3,80,18,8,72,43,90,0,83,102,65,60,103,84,17,25,89,11,49,82,98,36,15,51,77,35,101
3,78,62,11,54,57,4,86,77,95,83,97,2,12,16,82,45,61,17,94,105,27,39,31,76,49,3,19,22,18,34,78,67,33,24,100,51,55,52,37,9,20,68,25,35,74,44,88,81,104,87,46,28,21,59,36,8,102,7,80,26,70,65,29,6,98,23,38,0,71,58,13,96,43,40,41,1,72,42,92,75,69,63,60,79,53,91,99,15,90,73,85,10,50,5,48,93,14,66,32,101,84,47,30,64,103,89,56
3,79,15,8,74,68,87,65,24,64,9,35,40,67,61,18,89,32,88,81,44,63,75,41,45,21,13,55,72,28,93,57,83,53,5,94,7,29,101,10,25,20,4,73,49,2,62,96,42,71,51,39,19,50,92,30,56,66,11,46,98,95,52,78,27,33,6,17,34,37,1,104,16,103,0,59,48,105,22,47,76,38,90,26,14,69,99,70,23,36,77,85,84,54,43,79,3,100,58,82,97,31,86,102,91,80,60,12
3,80,34,71,50,36,25,3,73,11,27,37,97,102,84,78,19,33,89,101,17,81,30,103,57,49,65,90,93,35,70,53,14,105,9,32,16,98,85,104,0,72,76,99,67,61,80,18,92,45,56,58,2,59,82,62,94,47,54,86,29,21,69,95,12,63,83,77,31,64,26,88,52,23,6,28,91,96,24,100,41,20,1,51,74,40,55,10,46,79,13,15,38,42,87,4,22,60,39,44,66,68,75,48,5,8,43,7
3,81,7,79,90,85,6,65,58,28,4,0,20,46,95,51,61,30,104,67,93,10,76,103,72,29,75,81,5,57,42,24,105,97,21,63,19,1,77,2,101,64,73,100,40,86,94,33,9,99,92,3,36,96,70,91,43,80,69,60,45,27,52,66,38,23,34,18,53,39,48,56,88,15,78,25,12,35,84,14,26,11,59,31,87,83,68,74,37,16,55,13,54,82,22,41,44,32,17,102,62,8,49,71,50,98,89,47
3,82,98,32,35,44,7,49,47,101,31,93,26,90,84,33,20,74,104,92,86,77,23,95,83,58,64,68,43,69,71,88,40,76,34,105,62,18,2,60,63,61,59,19,55,8,82,50,29,73,53,36,78,1,6,79,14,72,22,11,37,13,80,4,45,75,27,9,17,102,25,52,66,16,28,0,96,57,103,5,56,30,3,89,46,87,24,10,85,54,41,51,99,39,67,94,48,97,70,81,21,65,42,12,15,38,91,100
3,83,62,96,35,88,102,95,22,79,0,21,46,91,39,49,20,93,23,40,48,38,98,44,16,63,18,70,80,1,50,29,34,92,71,101,54,68,26,32,11,56,4,28,86,3,69,36,5,77,41,6,89,99,67,65,2,45,81,66,17,94,97,76,8,14,9,75,57,72,85,60,12,47,58,82,43,103,15,104,87,19,7,105,90,25,24,13,42,53,78,73,55,37,59,31,33,74,52,84,83,61,51,100,30,27,64,10
3,84,84,41,67,14,104,43,4,11,7,64,96,0,79,61,5,35,20,30,15,92,37,42,27,100,57,98,63,94,77,10,72,62,13,83,17,85,8,18,55,39,1,66,69,12,46,2,24,28,89,65,9,19,93,60,82,99,71,50,44,74,53,87,52,102,51,54,3,45,6,36,21,34,23,59,29,101,73,78,40,48,58,76,32,90,81,75,22,97,49,33,26,91,68,16,103,56,47,95,86,70,38,105,80,88,31,25
3,85,14,63,27,13,16,55,69,42,47,105,29,24,52,94,45,88,76,58,39,61,86,93,6,2,66,104,22,87,79,70,91,67,59,71,68,30,20,44,19,81,37,74,95,78,99,54,73,21,12,34,38,10,28,50,85,40,75,26,62,4,96,1,23,97,53,7,32,64,5,41,48,9,56,31,92,57,46,33,100,3,80,18,8,72,43,90,0,83,102,65,60,103,84,17,25,89,11,49,82,98,36,15,51,77,35,101
3,86,103,63,80,12,70,39,102,99,64,22,79,101,89,36,18,87,95,32,3,58,24,9,82,21,19,56,57,100,51,81,2,50,55,34,27,29,78,105,33,42,37,11,59,44,16,94,48,62,1,53,83,96,73,61,68,13,76,28,47,97,66,15,92,14,20,84,75,23,8,46,77,88,71,0,69,72,104,86,52,6,85,4,41,65,10,25,17,54,40,5,74,93,30,60,38,31,98,45,26,35,67,49,43,91,90,7
3,87,8,42,88,61,74,78,100,57,90,69,66,10,71,98,91,76,86,5,65,93,70,0,81,89,79,2,13,52,83,53,55,27,73,20,9,19,54,15,22,102,33,34,4,75,25,80,7,11,12,28,101,60,85,17,1,96,40,95,105,45,58,84,24,104,6,29,18,49,82,3,41,67,26,21,72,16,103,94,87,68,64,32,92,37,35,77,50,47,43,44,99,97,51,56,31,46,62,30,39,63,36,59,38,48,14,23
3,88,68,53,22,59,99,21,71,35,79,9,7,105,88,75,80,30,73,83,31,45,19,50,0,103,49,61,65,6,95,42,58,91,43,38,98,78,34,14,57,96,41,32,102,36,4,25,94,44,26,33,86,90,52,27,93,10,100,5,11,28,20,70,84,63,13,15,48,77,23,69,82,24,1,12,29,51,46,74,76,97,67,2,92,37,39,81,72,47,60,54,104,85,3,56,62,101,17,40,16,55,66,87,18,89,8,64
3,89,95,54,67,56,70,21,1,61,71,13,45,20,80,24,58,16,0,102,36,4,33,86,27,47,18,40,88,87,8,43,17,72,12,69,73,51,42,52,104,90,34,19,31,28,103,25,30,100,50,93,81,84,9,97,22,91,63,59,37,38,3,55,5,65,26,82,92,99,98,85,78,44,14,94,57,46,11,29,2,10,96,6,41,32,83,74,49,15,7,64,89,79,77,60,105,53,62,75,39,23,101,66,76,68,35,48
3,90,24,68,22,35,95,59,6,42,18,67,72,47,81,48,79,38,105,23,78,73,55,84,25,65,56,101,80,31,96,98,17,100,19,43,1,14,26,36,50,57,90,53,27,16,11,99,94,92,86,102,88,82,28,97,60,61,89,33,5,29,93,45,9,52,37,77,64,70,2,69,7,46,15,12,76,4,13,20,30,85,32,91,63,75,39,3,21,71,51,0,44,103,54,62,40,8,10,104,58,49,66,34,41,83,74,87
3,91,39,31,18,38,16,71,8,54,82,44,48,74,78,24,23,100,47,13,88,25,7,65,58,1,72,17,103,2,61,5,51,21,41,4,34,26,28,37,40,50,6,30,64,19,79,86,90,80,67,87,77,12,69,32,59,84,101,11,22,70,98,0,33,85,42,36,75,45,93,96,20,104,76,99,60,97,83,81,52,66,57,89,27,91,43,14,35,49,15,55,10,3,102,29,92,62,46,94,105,63,9,95,53,68,56,73
3,92,52,10,71,0,25,17,30,31,12,39,79,101,89,36,18,87,95,32,3,58,24,9,82,21,19,56,57,100,51,81,2,50,55,34,27,29,78,105,33,42,37,11,59,44,16,94,48,62,1,53,83,96,73,61,68,13,76,28,47,97,66,15,92,14,20,84,75,23,8,46,77,69,104,65,74,43,64,60,49,85,72,99,6,86,90,70,41,7,40,88,45,35,38,4,63,93,103,54,67,5,80,102,26,98,91,22
3,93,84,41,67,14,104,43,4,11,7,64,96,0,79,61,5,35,20,30,15,92,37,42,27,100,57,98,63,94,77,10,72,62,13,83,17,85,8,18,55,39,1,66,69,12,46,2,24,28,89,65,9,19,93,60,82,99,71,50,44,74,53,87,52,102,51,54,3,33,73,56,45,6,36,21,34,23,59,29,101,78,40,48,58,76,32,90,81,75,22,97,49,26,91,68,16,103,47,95,86,70,38,105,80,88,31,25
3,94,7,79,90,85,6,65,58,28,4,0,20,95,51,61,30,104,67,93,10,76,103,29,75,5,57,42,24,105,97,21,63,19,1,77,2,101,64,73,100,40,86,94,33,9,99,92,3,36,96,70,91,43,80,69,60,45,27,66,38,23,34,18,53,39,48,56,88,15,78,25,12,35,14,26,11,59,31,87,83,68,74,37,16,55,13,81,72,84,52,17,46,54,82,22,41,44,32,102,62,8,49,71,50,98,89,47
3,95,5,86,1,78,10,12,27,61,45,103,105,79,23,46,69,60,83,76,102,62,3,71,33,49,8,68,63,6,99,88,19,29,77,2,34,24,21,98,55,70,84,38,66,73,75,51,32,96,14,47,11,0,18,54,43,37,87,74,57,91,39,90,20,9,13,101,89,41,16,48,94,58,64,97,81,52,42,72,26,30,104,17,56,40,36,31,7,95,85,59,92,53,28,67,93,44,100,50,22,4,80,82,25,15,65,35
3,96,61,91,55,69,2,94,83,23,95,12,49,44,77,4,74,70,71,68,25,56,6,46,11,81,32,67,86,40,47,79,88,65,15,16,102,29,76,97,28,10,27,37,1,99,22,18,60,17,64,72,93,8,19,45,7,31,104,53,0,54,78,5,96,3,87,105,51,50,101,39,90,63,73,103,89,57,26,38,59,35,33,82,80,92,42,85,24,36,100,66,52,84,41,34,14,13,48,62,9,20,58,30,98,75,21,43
3,97,31,74,104,23,69,88,40,76,34,2,8,36,14,22,56,53,49,59,15,12,97,96,84,39,41,28,13,1,85,17,95,58,35,90,72,80,38,19,10,68,75,21,16,99,83,63,9,87,105,98,37,57,61,50,45,64,3,71,24,70,66,26,52,82,11,5,51,4,44,18,42,46,77,91,43,47,93,54,92,55,32,29,33,60,20,6,86,27,73,78,81,7,79,62,101,102,25,0,103,30,89,67,94,48,65,100
3,98,68,53,22,59,99,39,21,71,35,100,44,79,103,60,11,24,0,34,9,7,32,98,4,105,88,75,80,30,78,73,54,92,83,31,86,45,19,50,49,61,65,36,41,2,6,95,67,42,14,58,96,91,43,25,38,5,28,20,93,76,70,84,63,13,15,48,72,77,23,74,52,10,69,27,102,85,46,51,29,12,104,1,82,3,56,90,62,101,17,40,57,16,55,37,66,87,47,18,97,33,89,81,8,94,26,64
3,99,42,83,71,89,30,100,12,39,34,104,76,43,24,56,62,67,28,86,70,7,41,51,3,63,19,65,8,38,10,78,82,18,37,0,59,81,61,74,23,22,5,36,11,97,69,21,87,31,77,68,94,26,85,95,96,79,52,72,75,103,105,99,57,66,20,1,64,49,84,15,46,2,60,55,50,29,73,53,6,14,13,80,4,45,27,9,17,102,25,16,90,58,32,33,92,101,40,88,35,44,93,54,48,47,98,91
3,100,101,78,87,88,56,97,105,37,31,13,67,77,94,58,11,89,20,64,47,51,52,79,85,3,92,1,19,43,71,41,99,25,27,49,39,0,12,46,61,44,36,9,100,34,8,30,90,23,70,84,14,60,65,62,50,18,4,63,102,103,91,93,42,7,26,81,15,38,32,53,5,74,24,72,21,68,6,2,54,29,73,22,17,76,75,80,10,82,66,45,69,57,35,48,96,33,59,83,40,104,86,95,16,28,55,98
3,101,59,42,43,82,50,9,23,53,63,61,96,76,19,64,85,31,11,20,47,28,1,57,83,37,99,0,34,60,18,7,26,5,24,21,54,75,10,66,92,17,4,15,62,30,91,80,35,41,86,102,55,33,13,90,88,98,22,58,32,67,6,74,16,38,79,52,48,71,105,51,77,56,25,12,89,103,40,93,49,2,100,8,27,69,36,84,44,45,46,87,29,14,65,70,78,94,68,81,73,39,72,101,104,95,3,97
3,102,103,63,80,102,22,101,89,9,19,51,0,25,36,3,17,30,100,31,68,12,39,34,69,105,104,97,76,65,74,82,61,43,87,16,24,56,53,64,60,18,49,75,84,95,1,11,85,72,29,21,59,99,15,6,86,46,90,58,27,73,70,77,41,57,78,81,32,7,33,20,79,2,50,55,42,37,44,94,48,62,83,96,13,28,47,66,92,14,23,8,88,71,52,4,10,54,40,5,93,38,98,45,26,35,67,91
3,103,56,97,6,89,45,8,71,3,7,85,2,37,79,61,74,24,68,83,88,9,39,14,50,60,10,30,64,101,26,31,86,51,72,75,73,54,36,4,34,57,35,46,42,103,91,20,82,17,59,66,21,105,93,96,38,16,1,95,12,13,11,70,53,76,5,100,28,29,15,102,62,0,65,25,49,92,55,18,99,80,32,41,40,90,94,27,23,48,98,52,69,58,22,63,77,47,84,43,44,33,87,78,81,67,104,19
3,104,89,68,81,51,95,80,76,77,7,50,0,5,60,103,25,85,40,24,21,92,28,74,19,9,45,41,58,87,79,70,91,12,59,49,88,75,1,33,48,97,46,54,84,35,26,82,27,71,38,31,3,4,47,62,96,98,44,72,18,63,67,69,65,10,99,8,14,23,22,2,11,6,64,100,61,90,83,15,16,17,102,56,94,39,20,36,13,42,57,55,30,104,32,86,101,78,53,93,29,73,34,52,105,66,37,43
3,105,75,34,19,64,88,54,72,51,44,16,0,27,1,46,82,85,98,87,36,24,73,48,52,79,50,31,28,91,104,22,37,5,23,55,65,29,68,40,67,60,47,17,18,61,49,57,76,25,103,10,101,100,42,80,97,77,3,83,35,14,70,86,74,11,89,56,39,20,2,6,81,26,71,45,7,4,8,59,66,21,105,93,96,38,95,12,13,53,15,102,62,92,99,32,41,90,94,69,58,63,84,43,33,78,30,9
3,106,52,15,84,41,4,95,77,71,22,51,86,7,45,8,50,98,48,96,19,89,102,73,49,59,37,26,76,91,21,75,83,1,66,55,36,69,105,33,9,6,5,87,12,35,11,13,24,103,70,74,23,82,30,90,28,99,67,78,80,44,0,31,38,79,43,18,65,29,53,42,2,27,97,88,34,61,92,39,25,81,93,10,72,47,60,54,94,104,100,57,85,3,56,62,101,17,40,16,14,46,20,68,63,32,64,58
3,107,103,51,14,100,90,70,34,31,24,82,5,55,93,76,77,29,45,102,9,23,37,79,38,44,27,69,7,65,72,33,66,71,78,49,59,88,46,40,16,6,75,98,0,1,58,39,101,18,53,19,2,42,21,10,60,43,48,50,96,87,99,52,12,54,11,68,26,17,8,4,15,62,30,91,105,36,22,80,35,41,86,89,73,32,63,97,61,84,85,20,67,64,92,56,94,13,28,25,95,74,81,57,83,47,3,104
3,108,5,25,20,98,11,45,48,23,99,53,44,8,4,93,74,54,27,81,83,76,47,32,104,88,86,28,13,1,85,17,95,58,35,90,72,80,38,19,31,56,49,7,10,70,9,105,71,6,34,30,46,43,60,21,91,68,77,18,65,75,15,3,97,2,29,40,16,64,87,14,62,51,50,101,39,63,73,103,89,57,26,59,33,82,92,42,24,36,100,66,52,84,41,78,94,12,55,22,102,96,37,61,79,0,69,67
3,109,61,103,91,55,69,2,94,83,23,95,12,24,73,82,44,77,97,27,38,1,81,58,15,101,92,49,30,4,50,63,105,8,17,74,70,42,71,68,25,80,56,59,57,26,22,99,37,85,10,28,51,76,29,90,102,16,33,65,88,52,36,79,47,40,86,67,32,11,46,6,18,60,64,84,72,93,19,45,7,31,89,104,53,0,54,78,5,96,3,87,41,34,14,100,35,13,48,62,9,20,66,98,75,21,43,39
3,110,71,91,41,27,103,60,24,44,2,82,7,87,61,4,42,22,19,31,54,98,105,56,8,37,55,100,88,21,70,38,15,25,62,9,63,49,72,57,3,97,1,46,67,69,64,51,77,11,17,83,79,58,93,52,43,84,86,81,23,16,48,10,12,65,13,73,5,26,74,102,76,6,35,33,75,90,34,32,104,39,94,36,30,40,66,78,29,92,80,45,28,59,20,89,96,18,14,68,85,101,99,47,50,95,53,0
3,111,11,57,4,86,95,83,97,2,12,16,82,45,94,27,39,31,49,3,19,18,34,78,10,72,13,67,33,24,100,51,55,52,9,20,68,35,74,44,88,104,87,46,28,21,59,36,8,102,7,80,65,29,6,98,23,0,71,58,96,43,40,41,1,92,75,63,60,79,22,37,47,17,61,14,76,25,77,70,103,42,81,84,105,69,54,99,89,26,93,62,38,66,53,91,15,90,73,85,50,5,48,32,101,30,64,56
3,112,15,2,81,27,103,101,35,40,8,49,78,92,85,11,58,62,7,32,28,84,93,91,59,21,100,10,5,25,80,14,44,63,17,6,54,72,43,36,3,90,60,20,52,76,46,102,26,34,24,12,47,18,69,42,57,77,41,53,70,95,98,88,82,73,74,96,48,51,16,1,94,99,37,19,87,61,39,22,75,31,0,13,105,67,56,97,38,45,29,89,104,9,33,71,68,50,83,55,23,86,4,30,79,66,64,65
3,113,67,83,55,26,69,29,76,27,101,75,42,20,47,41,35,23,2,57,39,80,78,74,0,5,10,14,33,13,58,96,89,99,15,36,21,86,3,52,104,90,34,19,31,28,103,25,30,100,50,93,81,84,9,97,22,91,63,59,37,48,1,17,53,85,43,18,65,49,16,94,66,40,79,8,61,92,54,44,24,102,72,7,88,77,105,6,32,11,45,12,60,70,51,62,87,68,4,71,64,38,56,82,98,95,46,73
3,114,31,57,92,9,54,63,48,62,60,18,53,90,6,74,78,24,23,100,47,13,88,25,7,65,58,1,72,17,103,2,61,5,77,51,21,41,4,67,34,26,28,37,40,50,12,69,32,59,84,101,11,99,46,97,76,95,55,83,96,105,104,33,93,91,44,71,85,3,79,56,36,16,89,81,29,27,75,22,80,45,98,70,52,15,30,39,102,87,66,43,73,49,14,0,94,86,68,10,8,35,64,19,42,20,38,82
3,115,6,17,56,15,50,9,49,0,78,51,95,5,55,37,18,36,71,33,44,7,32,102,75,30,25,64,67,65,23,19,58,41,57,81,48,94,10,13,31,1,34,105,82,45,53,69,66,8,39,73,2,16,46,80,97,77,3,83,35,14,70,86,74,11,62,93,76,99,60,101,61,100,98,85,52,96,42,88,20,59,22,89,72,79,40,43,26,104,28,84,24,87,103,92,47,54,38,4,27,21,68,91,63,29,12,90
3,116,42,66,7,2,78,87,19,93,71,44,46,24,28,59,97,30,80,67,58,48,85,102,77,20,76,14,32,101,74,72,9,36,62,91,25,52,15,27,23,38,70,21,29,90,88,89,100,18,3,55,37,10,8,57,79,95,56,105,98,54,96,31,12,41,35,45,1,84,81,92,53,6,75,43,51,47,64,11,34,94,0,103,39,13,4,22,82,61,60,73,26,40,5,17,69,50,16,63,65,49,33,83,99,68,104,86
3,117,39,13,60,4,6,93,16,49,54,44,80,29,55,91,62,67,28,86,70,7,41,51,3,63,19,65,8,38,10,78,82,18,37,0,59,81,61,74,23,22,5,36,11,97,69,21,87,31,77,68,94,26,85,95,96,79,52,72,75,103,105,99,57,66,20,1,40,15,24,53,84,17,2,46,58,47,25,50,101,42,89,9,56,92,102,88,83,76,43,73,12,34,45,48,35,32,33,64,27,98,104,14,71,100,90,30
3,118,41,52,58,69,23,61,56,2,65,79,43,18,92,37,5,67,101,60,78,80,14,26,30,40,97,74,7,0,25,81,71,90,102,104,66,89,8,62,22,84,94,39,54,95,51,98,47,19,6,17,83,100,9,105,55,72,96,64,87,45,32,48,86,46,11,75,21,44,35,85,91,1,20,33,103,24,34,16,73,57,29,27,49,3,50,77,13,28,10,53,38,93,4,82,68,99,36,31,59,76,15,70,63,42,88,12
3,119,54,66,23,43,90,15,26,71,37,69,2,73,81,104,18,42,41,91,27,30,5,61,39,56,74,62,94,92,16,78,79,85,67,0,63,102,7,40,8,58,22,25,52,101,12,89,1,14,84,49,88,51,98,47,19,6,17,83,100,9,105,55,33,72,96,34,64,87,45,32,48,86,46,57,11,35,75,21,3,29,103,44,50,77,13,28,10,53,38,93,4,82,68,99,20,36,31,59,24,76,97,65,60,80,95,70
3,120,71,91,24,41,27,2,63,49,72,31,9,57,4,3,97,15,56,100,44,1,46,67,25,69,64,51,77,11,61,62,17,83,79,58,93,52,43,84,98,86,81,70,23,16,48,8,10,12,65,7,88,37,55,13,105,73,5,26,74,102,76,6,35,42,33,75,90,34,32,104,87,39,94,82,36,30,103,22,40,66,78,29,19,92,80,45,28,59,54,60,20,89,96,18,21,14,68,85,101,38,99,47,50,95,53,0
3,121,62,96,88,0,91,39,49,20,93,40,48,38,98,70,80,1,29,92,71,101,68,26,32,11,61,56,4,3,36,5,41,65,66,97,76,57,85,60,58,103,15,104,87,7,90,77,86,95,2,83,81,47,22,69,17,8,12,34,94,67,54,37,28,75,102,6,105,63,59,44,14,45,21,79,89,55,64,82,43,9,99,51,53,72,50,35,46,18,23,19,52,16,25,24,13,42,78,73,31,33,74,84,100,30,27,10
3,122,95,67,26,18,65,78,54,23,79,74,80,2,94,56,92,43,81,60,27,66,71,70,62,91,5,30,39,104,61,90,97,41,42,0,63,102,7,40,8,58,22,25,52,101,12,89,1,14,84,49,88,51,98,47,19,6,17,83,100,9,105,55,33,72,96,34,64,87,45,32,48,86,46,57,11,35,75,21,3,29,103,44,50,77,13,28,10,53,38,93,4,82,68,99,20,36,31,59,24,76,15,73,37,69,85,16
3,123,44,91,21,31,75,59,89,6,63,51,70,0,22,4,19,92,64,68,34,99,66,72,104,8,57,77,96,93,27,3,88,49,79,1,74,40,10,85,9,71,78,69,39,65,84,95,23,53,102,11,42,54,83,18,28,87,50,13,82,81,15,43,12,52,61,60,5,45,58,98,35,17,67,25,36,37,38,80,76,97,24,32,101,16,47,103,105,26,62,41,7,73,46,90,100,55,86,56,94,48,33,14,30,2,20,29
3,124,29,89,103,8,78,92,85,11,101,35,40,76,46,102,26,34,44,24,12,47,18,69,42,57,62,67,4,33,61,39,75,19,64,99,1,31,23,9,50,0,2,81,38,13,68,94,56,86,37,71,22,15,27,30,52,20,60,36,43,72,54,6,17,63,14,80,5,10,100,21,91,93,84,28,32,7,58,51,48,3,96,74,73,82,88,59,49,25,98,95,70,53,41,77,90,66,45,97,55,105,83,65,87,104,79,16
3,125,68,53,22,59,99,21,71,35,44,79,9,7,98,105,88,75,80,30,78,73,83,31,45,19,50,0,103,49,61,65,34,6,95,42,14,58,96,91,43,38,5,11,28,20,70,84,63,13,15,48,77,23,52,69,27,102,82,24,1,12,29,51,46,74,86,76,97,90,4,36,67,2,33,92,41,37,32,39,25,81,93,10,72,47,60,54,94,104,100,57,85,3,56,62,101,17,40,16,55,66,87,18,89,8,26,64
4,0,85,59,64,79,44,28,9,92,20,23,34,56,70,100,14,31,45,67,104,83,5,93,47,103,3,94,51,76,37,25,24,77,7,57,84,2,42,21,10,60,48,50,96,87,52,12,68,8,30,66,71,78,46,40,16,6,26,35,75,98,0,36,1,58,11,91,39,101,18,53,43,19,54,17,73,99,32,63,97,61,4,15,62,105,22,80,41,86,89,102,55,74,65,33,13,90,88,29,81,72,27,38,49,95,82,69
4,1,9,38,14,82,23,104,95,72,92,31,100,64,28,69,59,79,67,45,85,83,5,93,47,103,3,94,51,76,37,25,24,77,7,57,84,2,42,21,10,60,48,50,96,87,52,12,68,8,30,66,71,78,46,40,16,6,26,35,75,98,0,36,1,58,11,91,39,101,18,53,43,19,54,17,73,99,32,63,97,61,4,15,62,105,22,80,41,86,89,102,55,74,65,33,13,90,20,34,29,27,49,70,88,81,56,44
4,2,56,72,57,44,98,101,33,23,9,93,38,73,48,88,15,61,82,83,17,65,46,24,7,97,30,62,5,54,105,22,37,4,31,13,39,67,103,77,21,18,14,0,94,58,74,34,11,89,20,64,47,51,43,26,52,75,6,53,79,85,3,27,29,92,10,90,81,84,32,1,45,69,16,100,36,12,50,8,71,35,104,95,28,2,42,40,86,60,68,91,96,70,59,25,80,63,102,78,55,19,99,49,76,41,66,87
4,3,18,27,36,23,16,22,29,3,100,10,94,9,57,60,43,13,78,31,88,25,7,65,58,1,72,17,103,2,61,5,51,21,41,4,34,26,28,37,40,50,6,30,64,19,79,86,90,80,67,87,77,12,69,32,59,84,101,11,99,46,97,76,95,55,83,96,105,104,33,0,8,68,20,49,15,39,38,24,102,74,44,35,53,85,89,62,52,93,91,54,66,63,48,75,45,71,82,70,73,42,98,47,14,56,81,92
4,4,36,102,61,92,71,72,58,105,70,7,49,88,89,95,24,1,22,83,42,66,25,8,17,82,48,59,3,6,30,46,43,21,91,68,77,18,65,75,15,97,2,29,13,40,16,28,62,51,50,101,39,90,63,73,103,57,26,38,37,41,94,93,20,80,85,54,86,96,12,0,52,10,64,81,27,76,104,9,55,67,33,60,44,4,5,98,56,53,79,34,11,87,47,14,100,19,31,32,23,74,45,35,78,99,84,69
4,5,56,63,102,44,98,101,33,23,9,93,38,73,48,88,15,61,82,83,17,65,46,24,7,97,30,62,5,54,105,22,37,4,31,13,39,67,103,77,21,18,14,0,94,58,74,34,11,89,20,64,47,51,43,26,52,75,6,53,79,85,3,27,29,92,10,90,81,84,32,1,45,69,16,100,36,12,50,8,71,35,104,95,28,2,42,40,86,60,68,91,96,70,59,25,80,87,72,55,99,78,57,41,19,49,66,76
4,6,92,54,63,48,18,23,47,25,7,1,17,5,51,4,28,37,6,30,2,50,26,3,41,100,21,10,94,97,9,57,72,60,12,58,43,87,13,78,55,31,40,19,0,83,8,68,20,49,65,15,34,39,88,38,24,76,102,80,74,44,32,105,35,53,85,103,89,61,62,64,79,86,90,67,77,69,59,84,101,11,99,46,95,96,104,33,93,91,71,56,36,16,81,29,27,75,22,45,98,70,52,66,73,14,42,82
4,7,36,102,61,38,71,105,49,101,88,91,51,89,95,40,24,13,50,22,83,42,66,25,8,17,82,39,18,48,3,37,75,94,93,80,54,96,12,0,2,43,52,10,64,76,1,11,85,72,29,21,59,99,15,6,86,46,90,58,27,73,70,77,41,57,78,81,32,7,33,20,79,62,92,104,9,55,67,65,60,30,44,4,5,98,56,53,34,97,87,47,16,14,28,100,63,19,31,23,26,74,103,45,68,35,84,69
4,8,78,58,61,103,91,55,69,2,45,48,62,94,20,83,96,23,89,95,12,24,19,49,14,38,66,73,82,44,53,77,92,5,4,74,70,42,31,71,0,98,68,104,7,25,80,56,59,57,26,6,46,41,11,21,54,81,32,67,50,86,40,47,101,79,36,13,43,52,88,65,15,33,16,102,90,29,76,87,97,51,100,34,28,10,105,27,85,37,1,99,9,22,18,3,63,60,17,64,84,72,93,8,75,35,30,39
4,9,15,99,75,20,84,97,35,50,22,38,7,6,10,40,49,57,24,41,104,48,28,47,83,72,21,43,17,13,32,3,87,89,102,96,55,56,37,16,74,64,76,63,45,29,1,67,8,78,86,70,105,93,26,14,92,31,42,95,44,18,90,68,46,33,66,27,73,58,98,9,69,5,36,80,79,94,12,52,71,30,39,88,91,54,0,25,11,53,23,100,60,82,59,61,101,77,85,19,4,65,34,103,51,62,81,2
4,10,86,25,15,23,31,67,102,56,0,74,53,2,34,30,65,48,8,59,40,12,97,96,84,39,41,28,13,1,85,17,95,58,35,90,72,80,38,19,10,68,75,21,16,99,83,63,9,87,105,98,37,57,61,50,45,64,3,71,24,70,66,26,52,82,11,5,51,4,44,18,42,46,77,91,43,47,93,54,92,55,32,29,33,60,20,6,81,78,89,69,101,104,88,79,94,7,76,14,49,22,73,62,100,36,27,103
4,11,11,54,57,4,86,77,95,83,97,2,12,16,82,45,61,17,94,105,27,39,31,76,49,3,19,22,18,34,78,10,72,62,13,67,33,24,100,51,55,52,37,9,20,68,25,35,74,44,88,81,104,87,46,28,21,59,36,8,102,7,80,26,70,65,29,6,98,23,38,0,71,58,96,43,40,41,1,42,92,75,69,63,60,79,53,91,99,15,90,73,85,50,5,48,93,14,66,32,101,84,47,30,64,103,89,56
4,12,80,97,62,53,8,99,9,23,100,43,47,25,90,15,36,3,26,71,87,37,69,2,28,45,34,13,14,20,73,81,12,101,64,104,18,68,6,24,42,7,22,41,91,38,27,31,98,30,84,5,10,48,61,76,89,46,50,1,39,21,49,56,86,88,74,103,19,4,96,67,102,93,17,85,35,0,65,82,33,44,66,55,79,92,51,58,29,59,16,75,72,40,57,77,60,105,83,95,54,63,78,32,94,11,52,70
4,13,64,14,68,99,49,105,24,18,66,10,71,91,55,83,52,13,79,0,70,93,5,86,73,20,9,19,54,15,22,102,33,34,4,25,80,7,11,12,30,38,87,36,84,46,28,78,8,27,101,69,43,97,92,60,2,81,94,65,98,6,85,44,53,89,76,75,57,1,82,58,100,88,47,59,95,74,29,96,3,67,104,26,103,40,35,51,21,61,63,77,56,23,62,72,48,45,50,17,32,39,41,31,16,90,42,37
4,14,95,54,67,56,70,21,1,61,71,13,45,20,80,63,97,30,24,58,9,16,0,81,102,36,4,33,86,52,27,47,18,40,88,28,87,8,103,43,17,72,12,69,73,25,91,51,50,42,38,3,55,5,59,65,26,82,92,99,98,85,78,90,34,44,14,94,57,37,46,11,29,2,10,96,6,41,100,32,19,83,104,74,93,49,15,7,64,89,79,77,60,105,53,62,75,39,23,101,66,22,76,68,35,84,48,31
4,15,41,52,58,23,65,92,87,57,68,89,56,39,20,6,81,24,79,17,26,45,7,4,8,59,60,78,80,14,30,40,25,102,62,27,94,90,48,18,97,19,28,9,77,11,46,71,51,105,54,95,86,70,43,104,66,22,91,82,1,16,35,50,99,2,69,0,5,13,47,103,101,67,34,84,93,74,21,53,42,15,37,10,12,29,49,63,72,85,36,55,61,31,32,88,73,44,98,83,100,33,96,64,75,3,38,76
4,16,25,15,23,67,102,0,74,53,2,34,30,65,48,8,59,40,12,97,96,84,39,41,28,13,1,32,104,88,86,31,56,49,7,10,70,9,105,58,85,17,95,35,90,72,80,38,19,68,75,21,16,99,83,63,87,98,37,57,61,50,45,64,3,71,24,66,26,52,82,11,5,51,4,44,18,42,46,77,91,43,47,93,54,92,55,29,33,60,20,6,81,78,89,69,101,79,94,76,14,22,73,62,100,36,27,103
4,17,71,64,97,79,63,28,16,9,20,23,34,56,70,14,0,31,32,45,61,46,83,5,93,103,51,37,25,24,77,7,66,84,42,21,10,43,48,50,87,99,52,12,54,11,68,17,8,4,15,62,30,91,92,60,2,81,94,65,98,6,85,44,53,89,76,75,57,1,82,58,100,88,47,59,95,74,29,96,3,67,104,26,105,36,22,80,35,41,86,102,55,33,13,90,78,73,39,72,101,27,38,49,40,18,69,19
4,18,24,36,72,28,19,65,66,88,23,91,97,27,38,1,81,58,44,77,92,4,74,70,42,71,68,25,80,56,59,57,26,6,46,15,101,49,30,50,63,105,8,17,82,39,18,48,3,37,75,41,94,93,20,85,54,86,96,12,0,2,43,52,10,64,55,29,67,99,11,61,13,98,32,89,90,76,35,104,51,62,21,14,7,78,69,79,22,60,73,45,83,84,47,102,100,31,9,40,34,95,53,16,103,5,87,33
4,19,36,102,61,92,38,71,72,58,105,70,7,49,101,88,91,51,89,95,40,24,1,13,50,22,46,83,42,90,66,25,62,8,17,82,39,18,48,59,3,37,75,41,94,93,20,80,85,54,86,96,12,0,2,43,52,10,64,81,27,76,77,104,9,55,67,65,33,60,15,30,44,4,5,98,56,53,79,34,97,57,11,87,47,16,14,28,100,63,19,29,31,32,23,73,26,74,103,45,68,35,21,6,78,99,84,69
4,20,44,91,31,75,89,51,70,0,22,19,64,68,34,72,104,57,77,27,3,88,49,79,1,74,40,10,85,39,65,23,42,54,83,18,28,87,50,82,52,61,60,5,98,35,17,67,25,36,37,80,76,24,101,16,47,103,73,46,100,55,86,56,48,14,20,29,2,6,81,97,26,71,45,7,4,8,59,66,21,105,93,96,38,95,12,13,11,53,15,102,62,92,99,32,41,90,94,69,58,63,84,43,33,78,30,9
4,21,62,96,35,88,102,95,22,79,0,21,46,91,39,49,20,93,23,40,48,38,98,44,16,63,18,70,80,1,50,29,34,92,71,101,54,68,26,32,11,61,59,19,56,4,28,86,3,69,36,5,77,41,6,89,99,67,65,2,45,81,66,17,94,97,76,8,14,9,75,57,72,85,60,12,47,58,82,43,103,15,104,87,7,105,90,25,24,13,42,53,78,73,55,37,31,33,74,52,84,83,51,100,30,27,64,10
4,22,3,27,52,87,93,23,35,11,58,100,9,13,42,96,95,75,10,64,2,41,17,76,31,22,6,97,105,89,29,32,43,33,78,90,24,72,101,15,48,0,65,8,37,46,18,98,67,92,103,63,28,82,16,59,99,104,94,50,39,91,62,34,47,36,69,85,12,102,79,81,44,57,26,5,56,55,88,40,20,49,73,80,66,53,70,21,77,1,30,4,68,38,71,7,54,83,74,45,51,86,61,14,84,25,19,60
4,23,25,20,98,11,48,23,99,1,44,4,74,27,81,83,76,95,47,32,88,86,56,49,10,70,9,58,71,6,30,46,43,21,91,68,77,18,65,75,15,97,2,29,13,40,16,28,62,51,50,101,39,90,63,73,103,57,26,38,59,33,82,80,92,42,85,24,60,17,64,84,72,93,8,19,45,7,31,89,104,53,0,54,78,5,96,3,87,105,41,34,14,100,35,36,66,52,94,12,55,22,102,37,61,79,69,67
4,24,72,78,21,51,31,23,57,41,18,58,60,33,9,56,6,28,12,101,11,27,13,79,16,92,5,3,95,2,1,29,10,97,36,40,19,0,8,68,20,65,15,34,39,88,38,24,76,102,80,74,32,105,85,103,89,61,62,52,93,84,46,64,54,66,63,48,30,96,86,75,104,71,82,70,17,69,73,77,99,42,25,47,7,14,26,87,4,98,55,53,44,45,37,50,35,67,100,94,59,49,43,91,81,90,83,22
4,25,67,95,5,33,18,79,27,36,23,1,51,101,16,28,11,6,22,29,2,50,26,3,41,100,21,10,94,97,9,57,72,60,12,58,43,87,13,78,55,31,40,19,0,83,8,68,20,49,65,15,34,39,88,38,24,76,102,80,74,44,32,105,35,53,85,103,89,61,62,52,93,84,46,91,64,54,37,66,63,48,30,96,86,75,45,104,71,82,70,17,69,73,77,99,90,42,25,98,47,7,14,4,56,59,81,92
4,26,74,42,9,96,38,52,26,71,14,7,51,82,23,36,41,13,65,83,104,66,0,95,72,8,63,92,15,54,31,47,4,17,58,2,100,6,30,64,19,28,37,40,12,69,59,84,101,79,90,80,67,87,5,76,78,43,61,60,94,93,85,91,1,20,33,24,34,16,45,32,48,86,46,57,11,35,75,21,3,29,103,44,50,77,73,27,49,99,22,70,88,62,98,55,10,68,97,18,105,25,81,53,56,102,39,89
4,27,31,57,92,9,54,63,62,18,53,74,78,51,82,44,48,22,17,25,26,64,70,30,98,72,23,103,0,13,33,85,42,41,21,47,11,36,75,45,93,96,20,104,61,59,19,1,65,76,99,28,60,97,83,69,67,81,52,66,24,100,88,7,58,2,5,4,34,37,40,50,6,79,86,90,80,87,77,12,32,84,101,46,95,55,105,91,71,3,56,16,89,29,27,15,39,102,43,73,49,14,94,68,10,8,35,38
4,28,44,9,23,56,14,104,83,51,25,7,42,48,52,71,26,36,39,53,66,46,0,95,72,8,63,92,15,54,31,47,4,17,58,2,100,6,30,64,19,28,37,40,50,12,69,32,59,84,101,11,79,86,90,80,67,77,5,75,96,87,76,78,43,45,61,60,94,93,35,85,91,1,20,33,103,24,34,16,73,57,29,27,49,3,99,22,21,70,88,62,98,55,10,68,97,18,105,41,89,102,74,65,13,81,38,82
4,29,92,82,23,34,38,80,68,36,25,102,46,93,72,98,31,88,79,45,4,5,60,3,61,33,17,28,78,15,85,32,96,95,29,62,59,26,19,24,27,6,75,21,16,99,83,63,76,103,87,74,57,91,90,20,9,13,101,14,47,39,11,0,41,18,54,43,37,64,97,81,52,42,58,89,48,94,100,55,2,30,66,49,71,84,67,8,86,22,65,7,53,104,35,10,70,69,105,77,73,56,40,51,44,1,12,50
4,30,100,83,89,3,68,17,28,9,71,105,69,0,13,34,42,37,10,12,36,55,31,30,25,39,104,97,76,65,74,82,61,43,87,16,24,56,53,64,60,18,49,75,84,95,1,11,85,72,29,21,59,99,15,6,86,46,90,58,27,73,70,77,41,57,78,81,32,7,33,20,79,62,92,101,40,88,45,94,50,51,35,23,8,38,4,44,63,93,66,103,54,67,48,5,19,80,14,102,26,47,2,96,98,91,22,52
4,31,46,24,44,67,95,105,5,18,55,68,38,19,30,56,32,26,25,33,23,78,12,3,29,36,72,28,65,66,71,88,42,91,97,27,1,81,58,15,101,92,49,4,50,63,8,17,82,39,48,59,37,75,41,94,93,20,80,85,54,86,96,0,2,43,52,10,64,74,99,11,61,13,98,89,90,76,35,104,70,51,62,21,14,7,69,77,79,22,60,73,6,45,83,84,47,102,100,31,9,40,57,34,53,16,103,87
4,32,65,88,23,91,27,1,81,58,44,77,4,74,70,71,68,25,56,6,46,49,30,18,48,37,75,20,86,43,10,55,67,99,11,61,98,32,76,21,15,97,2,29,13,40,16,28,62,51,50,101,39,90,63,73,103,57,26,38,59,33,82,80,92,42,85,24,60,17,64,84,72,93,8,19,45,7,31,89,104,53,0,54,78,5,96,3,87,105,41,34,14,100,35,36,66,52,94,12,69,79,22,83,47,102,9,95
4,33,44,91,89,51,70,0,22,19,64,72,57,77,27,88,49,79,1,74,85,39,65,23,54,83,18,87,82,52,61,98,17,67,25,37,80,76,24,101,16,47,73,46,55,56,100,31,43,5,36,34,32,10,12,4,50,8,71,26,35,104,103,95,29,28,62,94,2,42,20,40,86,75,3,60,58,68,48,14,6,81,97,45,7,59,66,21,105,93,96,38,13,11,53,15,102,92,99,41,90,69,63,84,33,78,30,9
4,34,80,97,62,8,9,23,43,47,25,36,3,26,71,87,37,2,28,45,34,13,14,73,81,12,101,64,104,18,6,24,42,7,41,38,98,84,5,48,61,76,10,103,100,22,30,53,31,68,27,90,72,67,69,99,91,83,20,15,89,46,50,1,39,21,49,56,86,88,74,19,4,96,102,93,17,85,35,0,65,82,33,44,66,55,79,92,51,58,29,59,16,75,40,57,77,60,105,95,54,63,78,32,94,11,52,70
4,35,86,25,15,23,31,67,102,56,0,74,53,2,34,30,65,48,8,59,40,12,97,96,84,39,41,28,13,1,85,17,95,58,35,90,72,80,38,10,68,75,26,19,24,27,6,76,21,16,99,83,63,9,87,105,45,50,61,57,37,98,64,3,71,70,66,52,82,11,5,51,4,44,18,42,46,77,91,43,47,93,54,92,55,32,29,33,60,20,81,78,89,69,101,104,88,79,94,7,14,49,22,73,62,100,36,103
4,36,79,58,4,102,40,18,6,34,1,68,38,19,30,56,32,26,25,33,23,78,12,3,29,97,73,61,86,2,0,74,13,65,53,82,77,94,15,14,22,84,31,27,71,46,8,28,76,35,54,83,75,99,90,42,24,80,5,17,93,7,81,96,44,9,20,45,92,69,67,95,16,85,36,37,100,55,64,41,103,87,104,39,51,10,57,105,21,63,101,70,91,43,60,66,48,88,11,59,72,52,62,49,50,98,89,47
4,37,11,54,57,4,86,77,95,83,97,2,12,16,82,45,61,17,94,105,27,39,31,76,49,3,19,22,18,34,78,10,72,62,13,67,33,24,100,51,55,52,37,9,20,68,25,35,74,44,88,81,104,87,46,28,21,59,36,8,102,7,80,26,70,65,29,6,98,23,38,0,71,58,96,43,40,41,1,42,92,75,69,63,60,79,53,91,99,15,90,73,85,50,5,48,93,14,66,32,101,84,47,64,30,89,56,103
4,38,96,3,99,90,34,55,102,45,72,35,23,62,58,60,87,83,76,78,12,24,19,49,14,38,66,73,82,44,53,77,92,5,4,74,70,42,31,71,0,98,68,104,7,25,80,56,59,57,26,6,46,41,11,21,54,36,33,50,93,81,84,9,97,22,91,85,28,100,43,103,30,65,16,94,40,79,8,61,63,37,48,1,17,18,2,20,29,64,89,47,13,105,15,88,69,10,52,86,32,75,51,27,101,39,95,67
4,39,27,37,59,64,53,97,79,44,63,1,28,16,9,75,92,20,23,34,58,56,70,100,14,0,31,32,45,61,67,104,46,83,5,93,81,19,30,68,71,91,87,22,66,2,6,86,39,76,88,94,52,24,29,105,47,42,69,55,13,74,95,78,99,54,73,21,12,38,10,50,85,40,26,62,4,96,7,41,48,57,33,3,80,18,8,72,43,90,102,65,60,103,84,17,25,89,11,49,82,98,36,15,51,77,35,101
4,40,9,38,14,82,23,72,92,28,4,0,20,95,51,61,30,104,67,93,10,76,103,29,75,5,57,42,24,105,97,21,31,100,64,69,59,79,45,85,83,47,3,94,37,25,77,7,84,2,60,48,50,96,87,52,12,68,8,66,71,78,46,40,16,6,26,35,98,36,1,58,11,91,39,101,18,53,43,19,54,17,73,99,32,63,15,62,22,80,41,86,89,102,55,74,65,33,13,90,34,27,49,70,88,81,56,44
4,41,74,53,1,30,72,57,44,69,98,33,23,9,93,64,38,105,27,77,88,15,61,82,83,85,65,11,90,52,79,22,31,43,5,34,32,10,12,50,35,104,95,28,62,94,17,67,25,36,37,80,76,24,101,16,47,103,73,46,100,55,86,56,48,14,20,29,2,6,81,97,26,71,45,7,4,8,42,40,75,3,60,58,68,91,96,70,51,59,0,92,18,89,63,39,54,102,78,13,19,99,21,49,41,66,84,87
4,42,103,51,100,90,70,34,31,24,5,55,93,77,29,102,23,37,79,38,44,27,69,7,65,33,71,78,49,59,88,46,40,16,6,98,0,1,39,101,18,53,19,42,21,10,43,48,50,96,87,99,52,54,11,68,26,4,15,2,45,81,66,17,94,97,76,8,14,9,75,57,72,85,60,12,47,58,82,62,30,91,105,36,22,80,35,41,86,89,73,32,63,61,84,20,67,64,92,56,13,28,25,95,74,83,3,104
4,43,105,60,62,102,40,18,6,34,1,68,38,19,30,56,32,26,25,33,23,78,12,3,29,97,73,61,86,2,0,74,13,65,53,82,77,94,15,14,22,84,31,27,71,46,8,28,76,35,54,83,75,99,90,42,24,80,5,17,93,7,81,96,44,9,20,45,92,69,67,95,16,85,36,37,100,55,64,41,103,87,104,39,70,72,48,59,49,89,91,63,43,11,52,10,88,101,51,79,50,58,4,98,47,57,66,21
4,44,38,70,51,84,24,36,99,7,105,71,61,88,40,95,89,102,69,78,13,50,22,46,83,66,93,37,90,57,12,80,64,91,68,21,73,97,44,19,92,42,96,1,94,58,25,62,8,17,82,39,18,48,59,3,75,41,20,85,54,86,0,2,43,52,10,81,27,76,77,104,9,55,67,65,33,60,15,30,4,5,98,56,53,79,34,11,87,47,16,14,28,100,63,29,31,32,23,26,74,103,45,35,49,6,101,72
4,45,44,9,23,56,14,104,83,51,25,7,42,48,96,52,71,26,36,39,53,66,46,0,95,72,8,63,92,15,54,31,47,4,17,58,2,100,6,30,64,19,28,37,40,50,12,69,32,59,84,101,11,79,86,90,80,67,87,77,5,75,76,78,43,45,61,60,94,93,35,85,91,1,20,33,103,24,34,16,73,57,29,27,49,3,99,22,21,70,88,62,98,55,10,68,97,18,105,41,89,102,74,65,13,81,38,82
4,46,85,63,44,67,95,105,5,18,55,68,38,19,30,56,32,26,25,33,23,78,12,3,29,97,73,61,86,2,0,74,13,65,53,82,77,94,15,14,22,84,31,27,71,46,8,28,76,35,79,36,75,1,34,51,66,101,49,103,16,62,64,99,58,91,104,11,6,45,98,4,69,40,7,10,9,21,90,60,48,47,96,70,87,102,83,100,24,42,20,41,50,80,88,93,54,72,17,57,89,39,52,43,59,81,92,37
4,47,73,39,60,4,6,93,16,49,54,44,80,29,55,91,62,67,28,86,70,7,41,51,3,63,19,65,8,38,10,78,82,18,37,0,59,81,61,74,23,22,5,36,11,97,69,21,87,31,77,68,94,26,85,95,96,79,52,72,75,103,105,99,57,66,20,1,40,15,24,53,84,17,2,46,58,47,25,50,101,42,89,9,56,92,32,12,33,100,30,27,90,83,43,48,35,45,14,34,76,64,71,104,88,98,13,102
4,48,38,70,51,84,24,36,58,99,7,105,71,91,61,88,40,95,89,102,69,78,1,13,50,22,46,83,42,90,66,25,62,8,17,82,39,18,48,59,3,37,75,41,94,93,20,80,85,54,86,96,12,0,2,43,52,10,64,81,27,76,77,104,9,55,67,65,33,60,15,30,44,4,5,98,56,53,79,34,97,57,11,87,47,16,14,28,100,63,19,29,31,32,23,73,26,74,103,45,68,35,21,49,6,101,72,92
4,49,67,83,55,26,69,29,76,93,27,101,75,42,20,47,41,35,23,2,57,9,39,80,1,78,74,0,5,10,14,97,33,13,58,96,89,99,15,36,21,86,84,50,3,52,104,90,34,85,19,31,28,100,43,103,25,30,65,49,16,94,66,40,79,8,61,92,54,44,24,102,72,63,7,81,91,88,77,22,48,105,6,37,32,11,45,12,17,60,70,51,62,87,68,4,71,64,38,18,59,56,53,82,98,95,46,73
4,50,60,3,6,63,2,93,43,67,4,64,46,97,24,66,59,45,48,104,87,22,49,57,70,65,33,26,11,7,56,100,52,51,71,98,86,38,77,50,23,39,72,94,74,30,34,79,88,18,0,40,21,90,78,105,42,68,58,61,62,73,85,20,36,80,102,53,76,10,9,14,25,91,1,35,96,37,31,89,47,15,13,95,32,103,75,83,8,17,12,81,41,44,55,5,16,92,82,27,84,99,19,101,29,28,69,54
4,51,55,42,83,52,10,13,28,37,71,89,0,25,36,3,17,30,100,31,68,12,39,34,69,105,104,97,76,65,74,82,61,43,87,16,24,56,53,64,60,18,49,75,84,95,1,11,85,72,29,21,59,99,15,6,86,46,90,58,27,73,70,77,41,57,78,81,32,7,33,20,79,62,92,101,40,88,45,94,50,51,35,23,8,38,4,44,63,93,66,103,54,67,48,5,19,80,14,102,26,47,2,96,98,91,22,9
4,52,61,73,6,25,39,77,51,2,29,36,58,87,11,28,4,0,9,89,95,79,94,32,55,12,19,80,84,33,57,41,54,70,24,86,40,5,50,44,63,97,10,103,100,22,30,53,31,68,27,90,72,67,69,99,91,83,20,15,62,46,3,43,48,1,35,45,14,47,59,42,34,75,76,64,18,85,8,74,71,104,38,96,52,88,49,105,82,92,56,78,7,98,21,16,81,13,66,65,17,23,101,93,37,26,60,102
4,53,96,49,55,104,101,35,66,6,72,71,78,14,2,9,85,80,22,81,4,74,24,98,5,69,56,88,23,73,32,0,26,79,62,64,29,77,41,39,83,1,20,27,45,16,54,19,102,36,34,42,52,75,95,50,57,28,43,90,11,97,12,15,63,67,89,103,30,68,93,100,61,10,33,65,105,82,59,60,94,8,53,25,7,38,76,99,17,91,86,18,92,51,37,48,44,46,3,70,13,47,87,58,40,31,84,21
4,54,66,46,39,71,103,60,24,44,2,82,7,87,61,4,42,22,19,31,54,98,105,56,8,37,55,100,88,21,70,38,15,25,62,9,101,76,77,102,67,18,14,0,94,58,74,34,11,89,20,64,47,51,43,26,52,75,6,53,79,85,3,27,29,92,10,90,81,84,32,1,45,69,57,80,35,48,36,63,41,96,12,91,49,33,59,23,83,40,99,50,17,68,104,86,73,95,16,72,28,30,97,5,65,78,13,93
4,55,24,37,97,28,50,3,85,5,34,83,60,21,95,47,1,7,104,23,76,10,43,75,31,18,9,42,61,59,92,56,77,51,71,48,79,38,16,6,67,32,58,64,53,82,66,19,25,103,40,93,49,2,100,69,84,44,96,87,99,52,12,54,11,68,26,17,8,4,15,62,30,91,105,36,22,80,35,41,86,89,102,55,74,65,33,13,90,88,98,78,29,81,73,39,72,101,27,45,46,14,70,94,0,20,63,57
4,56,85,59,64,53,97,63,1,28,9,75,92,20,23,34,0,31,61,104,83,5,47,3,76,37,24,7,66,57,42,21,10,60,43,50,96,99,54,11,26,17,4,15,62,30,91,80,35,41,86,102,55,33,13,90,88,98,22,58,32,67,6,74,16,38,79,52,48,71,105,51,77,56,25,12,89,103,40,93,49,2,100,8,27,69,36,84,44,45,46,87,29,14,65,70,78,94,68,81,73,39,72,101,18,95,82,19
4,57,74,42,9,96,38,52,26,71,14,7,51,82,23,36,41,13,65,83,104,66,46,0,95,72,8,63,92,15,54,31,47,4,17,58,2,100,6,30,64,19,28,37,40,50,12,69,32,59,84,101,11,79,86,90,80,67,87,77,5,75,76,78,43,45,61,60,94,93,35,85,91,1,20,33,103,24,34,16,73,57,29,27,49,3,99,22,21,70,88,62,98,55,10,68,97,18,105,25,81,53,56,102,39,89,44,48
4,58,23,31,67,74,34,30,65,48,40,12,97,96,39,35,38,10,68,83,87,105,2,63,61,19,55,8,82,50,36,14,22,37,13,16,24,56,53,64,60,18,49,75,84,95,1,11,85,72,29,21,59,99,15,6,86,46,90,58,27,73,70,77,41,57,78,81,32,7,33,20,79,62,92,101,80,4,45,9,17,102,25,52,66,28,0,98,93,47,43,91,42,44,51,5,26,71,3,54,89,69,104,88,94,76,100,103
4,59,102,73,101,17,94,7,31,29,30,67,75,85,47,28,1,57,76,96,63,53,62,23,50,70,82,4,91,42,6,32,14,88,72,9,36,44,61,46,12,0,39,49,27,25,99,41,71,43,19,55,98,58,87,37,83,86,40,51,52,77,65,89,24,3,38,5,16,10,18,100,68,64,54,2,93,69,48,59,104,13,22,95,92,60,21,79,84,105,56,26,97,34,33,80,78,45,20,66,81,103,11,8,90,35,15,74
4,60,13,60,6,25,39,77,51,2,29,36,58,87,11,28,4,0,9,89,95,79,94,32,55,12,19,80,84,33,57,41,54,70,24,86,40,5,50,44,63,97,10,103,100,22,30,53,31,68,27,90,72,67,69,99,91,83,20,15,62,46,3,43,48,1,35,45,14,47,59,42,34,75,76,64,18,85,8,74,71,104,38,96,52,88,93,16,49,7,65,78,82,37,81,61,23,21,26,105,66,17,101,56,92,102,73,98
4,61,62,102,40,6,34,1,19,56,32,26,23,78,3,29,73,2,0,74,13,77,14,22,84,31,27,71,39,104,87,41,64,55,36,85,16,95,69,45,20,9,96,81,5,80,24,42,75,83,54,35,28,70,72,49,43,52,88,90,11,97,12,15,63,67,89,103,30,68,93,100,61,10,33,65,105,82,59,60,94,8,53,25,7,38,76,99,17,91,86,18,92,51,37,48,44,46,101,79,50,58,4,98,47,57,66,21
4,62,96,3,24,54,99,90,74,12,34,104,26,55,14,102,77,70,45,72,35,5,7,23,73,62,58,60,42,44,38,6,87,0,83,76,78,36,33,41,50,93,81,84,9,97,85,19,31,28,100,43,103,25,30,65,49,94,66,40,22,91,82,1,16,79,8,61,92,63,59,37,48,17,53,18,57,2,20,29,64,89,47,13,46,105,15,88,98,69,10,11,52,21,86,56,32,75,51,27,4,71,68,101,39,80,95,67
4,63,6,63,2,43,67,4,66,48,104,87,22,57,65,26,11,7,56,100,51,71,98,86,38,50,23,39,72,94,74,30,34,79,88,40,90,78,105,42,68,58,73,20,36,80,102,53,76,10,14,25,1,82,28,97,60,61,89,33,5,29,93,45,9,52,37,77,64,70,59,46,12,85,3,62,91,24,41,49,21,54,8,0,18,95,35,96,31,47,15,13,32,103,75,83,17,81,44,55,16,92,27,84,99,19,101,69
4,64,92,82,23,34,38,80,68,36,83,25,102,46,93,72,98,31,88,79,75,45,4,5,60,3,99,61,33,17,28,78,15,85,32,96,95,29,62,63,21,59,26,19,24,27,6,76,103,87,74,57,91,90,20,9,13,101,14,47,39,11,0,41,18,54,43,37,64,97,81,52,42,58,89,16,48,94,100,55,2,30,66,49,71,84,67,8,86,22,65,7,53,104,35,10,70,69,105,77,73,56,40,51,44,1,12,50
4,65,35,66,6,71,78,14,2,80,22,4,74,24,98,5,56,23,73,32,0,26,79,62,29,77,83,1,27,54,19,102,34,42,75,50,57,28,90,97,12,15,30,68,61,33,65,105,82,60,94,8,53,25,38,76,99,86,18,17,93,7,81,96,44,9,20,45,92,69,67,95,16,85,36,37,100,55,64,41,103,87,104,39,70,72,48,59,49,89,91,63,43,11,52,10,88,101,51,46,3,13,47,58,40,31,84,21
4,66,32,72,59,51,31,23,57,18,33,9,94,56,6,55,28,12,101,11,27,13,67,16,3,95,2,100,29,10,97,36,19,83,8,68,20,49,65,34,39,74,86,44,46,82,80,98,87,24,48,52,104,22,37,47,17,61,14,76,25,77,70,103,81,84,105,54,89,26,38,0,71,58,96,43,40,41,1,42,92,75,69,63,60,79,53,91,99,15,90,73,85,50,5,93,62,66,4,30,78,102,21,35,45,64,7,88
4,67,68,58,32,44,81,104,67,13,69,15,51,2,80,31,96,7,98,17,100,42,19,43,1,14,65,26,36,50,57,90,53,27,16,11,99,94,92,86,102,88,82,28,97,56,10,60,61,89,6,33,5,29,93,45,103,9,52,37,77,64,70,59,34,46,12,85,3,62,91,24,41,49,21,54,8,71,0,18,95,84,39,74,73,4,87,83,101,40,72,78,55,47,105,48,22,25,20,76,79,38,66,35,75,63,23,30
4,68,5,86,1,78,10,12,27,61,45,101,103,105,57,79,23,46,69,60,83,76,102,62,3,20,71,33,49,8,68,89,63,94,6,99,88,19,29,77,2,34,24,21,98,55,70,48,84,38,66,73,75,9,16,51,32,96,14,47,39,11,0,41,18,54,43,37,64,97,81,52,42,58,72,87,26,30,104,17,91,90,56,40,36,31,7,95,85,59,92,53,28,67,93,74,44,100,50,22,4,80,82,13,25,15,65,35
4,69,65,102,51,62,36,73,101,17,94,7,58,31,98,29,49,30,67,96,75,85,89,61,72,24,3,25,38,28,5,16,10,1,88,44,86,18,40,100,53,68,64,54,2,93,42,91,69,4,48,59,104,13,70,22,95,92,77,60,21,12,0,27,19,46,37,43,79,84,105,47,14,57,39,76,99,50,52,32,9,56,26,97,34,41,33,80,87,78,45,82,20,66,81,103,11,6,8,90,63,23,35,71,15,74,55,83
4,70,31,57,92,9,54,63,48,62,60,18,53,74,78,24,23,100,47,13,88,25,7,65,58,1,72,17,103,2,61,5,51,21,41,4,34,26,28,37,40,50,6,30,64,19,79,86,90,80,67,87,77,12,69,32,59,84,101,11,99,46,97,76,95,55,83,96,105,104,33,93,91,44,71,85,3,56,36,16,89,81,29,27,75,22,45,98,70,52,15,39,102,66,43,73,49,14,0,94,68,10,8,35,42,20,38,82
4,71,8,6,26,7,56,60,79,100,83,92,27,96,89,24,78,3,76,38,68,98,102,14,23,45,80,65,17,81,59,94,62,41,58,75,64,90,48,18,97,19,28,9,77,11,46,71,51,105,54,95,86,70,43,104,66,22,91,82,1,16,35,50,99,2,69,0,5,13,47,103,101,67,34,84,93,74,21,53,42,15,37,10,12,29,49,63,72,85,36,55,61,31,32,88,73,44,30,33,87,40,4,25,20,39,52,57
4,72,92,82,23,34,38,80,42,52,68,36,83,25,102,46,93,72,98,64,31,88,79,75,45,4,5,60,3,99,61,33,17,28,78,15,85,18,32,96,95,0,29,62,54,63,21,59,14,26,19,24,27,47,81,6,76,103,87,74,57,91,39,90,20,9,13,101,89,41,16,48,94,58,100,55,2,30,66,49,71,43,84,67,37,11,8,86,22,65,7,97,53,104,35,10,70,69,105,77,73,56,40,51,44,1,12,50
4,73,24,68,22,35,95,59,6,42,18,67,72,47,81,48,79,38,105,23,78,73,55,84,25,65,56,101,80,31,96,98,17,100,19,43,1,14,26,36,50,57,90,53,27,16,11,99,94,92,86,102,88,82,28,97,60,61,89,33,5,29,93,45,9,52,37,77,64,70,2,69,7,46,15,12,76,4,13,20,30,85,32,91,63,75,39,3,21,71,51,0,44,103,54,62,40,8,10,104,58,49,66,34,41,83,74,87
4,74,52,10,71,0,25,17,30,31,12,39,79,101,89,36,18,87,95,32,3,58,24,9,82,21,19,56,57,100,51,81,2,50,55,34,27,29,78,105,33,42,37,11,59,44,16,94,48,62,1,53,83,96,73,61,68,13,76,28,47,97,66,15,92,14,20,84,75,23,8,46,77,69,104,65,74,43,64,60,49,85,72,99,6,86,90,70,41,7,40,88,45,35,38,4,63,93,103,54,67,5,80,102,26,98,91,22
4,75,5,86,1,78,10,12,27,61,45,103,105,79,23,46,69,60,83,76,102,62,3,71,33,49,8,68,63,6,99,88,19,29,77,2,34,24,21,98,55,70,84,38,66,73,75,51,32,96,14,47,11,0,18,54,43,37,87,74,57,91,39,90,20,9,13,101,89,41,16,48,94,58,64,97,81,52,42,72,26,30,104,17,56,40,36,31,7,95,85,59,92,53,28,67,93,44,100,50,22,4,80,82,25,15,65,35
4,76,103,63,80,102,22,101,89,9,19,51,0,25,36,3,17,30,100,31,68,12,39,34,69,105,104,97,76,65,74,82,61,43,87,16,24,56,53,64,60,18,49,75,84,95,1,11,85,72,29,21,59,99,15,6,86,46,90,58,27,73,70,77,41,57,78,81,32,7,33,20,79,2,50,55,42,37,44,94,48,62,83,96,13,28,47,66,92,14,23,8,88,71,52,4,10,54,40,5,93,38,98,45,26,35,67,91
4,77,56,97,6,89,45,8,71,3,7,85,2,37,79,61,74,24,68,83,88,9,39,14,50,60,10,30,64,101,26,31,86,51,72,75,73,54,36,4,34,57,35,46,42,103,91,20,82,17,59,66,21,105,93,96,38,16,1,95,12,13,11,70,53,76,5,100,28,29,15,102,62,0,65,25,49,92,55,18,99,80,32,41,40,90,94,27,23,48,98,52,69,58,22,63,77,47,84,43,44,33,87,78,81,67,104,19
4,78,15,2,81,27,103,101,35,40,8,49,78,92,85,11,58,62,7,32,28,84,93,91,59,21,100,10,5,25,80,14,44,63,17,6,54,72,43,36,3,90,60,20,52,76,46,102,26,34,24,12,47,18,69,42,57,77,41,53,70,95,98,88,82,73,74,96,48,51,16,1,94,99,37,19,87,61,39,22,75,31,0,13,105,67,56,97,38,45,29,89,104,9,33,71,68,50,83,55,23,86,4,30,79,66,64,65
4,79,98,11,23,99,1,44,4,74,27,83,76,95,47,32,88,56,49,70,9,58,71,6,30,46,21,91,68,90,66,25,62,8,17,82,39,18,48,59,3,37,75,41,94,93,20,80,85,54,86,96,12,0,2,43,52,10,64,81,77,65,15,97,29,13,40,16,28,51,50,101,63,73,103,57,26,38,33,92,42,24,60,84,72,19,45,7,31,89,104,53,78,5,87,105,34,14,100,35,36,55,22,102,61,79,69,67
4,80,64,14,24,66,83,13,79,0,93,5,73,20,33,25,84,28,78,27,101,69,97,92,2,81,94,98,85,44,53,76,57,1,82,58,72,80,38,19,31,56,49,7,10,70,9,105,71,6,34,30,46,43,60,21,91,68,77,18,65,75,15,100,88,47,59,48,50,96,87,99,52,12,54,11,26,17,8,4,62,36,22,35,41,86,89,102,55,95,74,29,3,67,104,103,40,51,61,63,23,45,32,39,16,90,42,37
4,81,74,42,9,96,52,26,71,14,7,51,82,23,36,41,13,65,83,104,66,46,95,72,8,63,92,15,54,47,4,17,58,2,100,6,30,64,19,28,37,40,50,12,69,32,59,84,101,11,86,90,67,87,77,5,75,76,45,78,80,44,0,31,38,79,43,61,60,94,93,35,85,91,1,20,33,103,24,34,16,73,57,29,27,49,3,99,22,21,70,88,62,98,55,10,68,97,18,105,25,81,53,56,102,39,89,48
4,82,89,8,101,35,40,76,102,24,12,47,18,69,42,62,67,4,33,61,39,75,64,1,23,0,13,68,56,86,71,27,20,60,36,43,72,54,17,52,104,90,34,19,31,28,103,25,30,100,50,93,81,84,9,97,22,91,63,59,37,38,3,55,5,65,26,82,92,99,98,85,78,44,14,94,57,46,11,29,2,10,96,6,41,32,83,74,49,15,7,80,21,58,51,48,73,88,95,70,53,77,66,45,105,87,79,16
4,83,95,26,54,23,2,43,81,66,71,70,90,8,58,25,101,12,14,47,17,100,9,33,34,64,87,45,35,3,77,13,28,82,20,104,18,68,6,24,42,7,22,41,91,38,27,31,98,30,84,5,10,48,61,76,89,46,50,1,39,21,49,56,86,88,74,103,19,4,96,55,62,93,51,52,40,29,94,92,105,11,16,78,57,32,79,83,72,75,85,67,97,53,0,102,65,99,63,60,80,44,36,37,59,69,15,73
4,84,89,51,76,7,0,5,94,83,23,95,12,24,49,38,73,82,44,77,92,4,74,70,42,71,68,25,80,56,59,57,26,6,46,11,81,32,67,50,86,40,47,101,79,36,52,60,103,85,21,28,19,9,45,41,58,87,91,88,75,1,33,48,97,54,84,35,27,31,3,62,96,98,72,18,63,69,65,10,99,8,14,22,2,64,100,61,90,15,16,17,102,39,20,13,55,30,104,78,53,93,29,34,105,66,37,43
4,85,5,98,11,45,23,99,53,4,72,74,61,88,40,95,89,102,69,78,13,50,22,46,83,66,93,37,90,57,12,80,64,91,68,21,73,97,44,19,92,42,96,1,94,58,25,62,8,17,82,39,18,48,59,3,75,41,20,85,54,86,0,2,43,52,10,81,27,76,77,104,9,55,67,65,33,60,15,47,32,31,56,49,7,70,105,71,6,34,30,29,16,28,87,14,51,101,63,103,26,38,35,24,36,100,84,79
4,86,7,90,6,65,58,4,0,72,92,31,100,64,28,69,59,79,67,45,85,83,5,93,47,103,3,94,51,76,37,25,20,95,61,30,104,10,29,75,57,42,24,105,97,21,63,19,1,77,2,101,73,40,86,33,9,99,36,96,70,91,43,80,60,27,66,38,23,34,18,53,39,48,56,88,15,78,12,35,14,26,11,87,68,74,16,55,13,81,84,52,17,46,54,82,22,41,44,32,102,62,8,49,71,50,98,89
4,87,52,10,71,0,25,17,30,31,12,39,79,101,36,18,87,95,32,3,58,24,9,82,21,19,56,57,100,51,81,2,50,55,34,27,78,105,42,37,11,59,44,16,94,48,62,1,53,83,96,15,66,47,28,29,5,33,89,61,60,97,76,13,68,73,92,14,20,84,75,23,8,46,77,69,104,65,74,43,64,49,85,72,99,6,86,90,70,41,7,40,88,45,35,38,4,63,93,103,54,67,80,102,26,98,91,22
4,88,61,91,55,69,2,94,83,23,95,12,49,38,73,82,44,98,4,105,103,60,11,24,0,34,77,92,74,70,42,71,68,25,56,80,59,57,26,6,46,81,32,67,50,86,40,47,101,79,36,52,88,65,15,33,16,102,90,29,76,97,51,28,10,27,85,37,1,99,22,18,63,17,64,84,72,93,8,19,45,7,31,89,104,53,54,78,5,96,3,87,41,14,100,35,13,48,62,9,20,58,30,66,75,21,43,39
4,89,5,86,1,78,10,12,27,61,45,101,103,105,57,79,23,46,69,60,83,76,102,3,20,71,33,49,8,68,89,63,94,6,99,88,19,29,77,2,34,24,21,98,55,70,48,84,38,66,73,75,9,16,51,32,96,14,47,39,11,0,41,18,54,43,37,64,97,81,52,42,58,72,26,30,104,17,91,90,56,40,36,31,7,95,85,59,92,53,28,67,93,74,44,62,87,100,50,22,4,80,82,13,25,15,65,35
4,90,52,15,84,41,4,95,71,22,51,86,7,8,50,98,48,96,19,89,102,73,49,59,37,26,91,21,83,1,66,55,36,69,105,33,9,6,87,12,35,11,13,24,103,70,74,23,82,30,90,28,99,67,80,44,0,31,38,77,5,75,76,78,43,45,61,79,18,65,29,53,42,2,27,97,88,34,92,39,25,81,93,10,72,47,60,54,94,104,100,57,85,3,56,62,101,17,40,16,14,46,20,68,63,32,64,58
4,91,8,6,26,7,39,56,60,79,100,83,92,27,52,15,84,41,4,95,77,71,22,51,86,45,50,98,48,96,19,89,102,73,49,59,37,76,91,21,75,1,66,55,36,69,105,33,9,5,87,12,35,11,13,24,103,70,74,23,82,30,90,28,99,67,78,80,44,0,31,38,43,18,65,29,53,42,2,97,88,34,61,25,81,93,10,72,47,54,94,104,57,85,3,62,101,17,40,16,14,46,20,68,63,32,64,58
4,92,35,21,93,23,38,70,1,71,54,68,11,13,42,96,95,75,10,64,2,41,17,76,31,22,6,97,105,89,29,32,43,33,78,90,24,72,101,15,48,0,65,8,37,46,18,98,67,92,103,63,28,82,16,59,99,104,94,50,39,91,62,34,47,36,69,85,12,102,79,81,44,57,26,5,56,55,88,40,20,49,73,80,66,53,4,86,3,77,45,14,9,60,58,87,19,7,25,74,52,84,83,61,51,100,30,27
4,93,95,67,65,78,54,23,79,74,80,2,94,56,92,81,60,27,62,30,39,104,61,90,97,41,0,63,102,7,40,8,58,22,25,101,12,89,1,14,84,49,88,98,19,6,17,83,100,9,105,55,33,72,96,34,87,64,3,71,24,70,66,26,52,82,11,5,51,4,44,18,42,46,77,91,43,47,45,32,48,86,57,35,75,21,29,103,50,13,28,10,53,38,93,68,99,20,36,31,59,76,15,73,37,69,85,16
4,94,85,63,36,72,28,19,26,65,68,66,71,88,23,25,42,91,97,27,38,1,81,58,15,44,67,95,105,5,18,55,30,56,32,33,78,12,3,29,73,61,86,2,0,74,13,53,82,77,94,14,22,84,31,46,8,76,35,79,75,34,51,101,49,103,16,62,64,99,104,11,6,45,98,4,69,40,7,10,9,21,90,60,48,47,96,70,87,102,83,100,24,20,41,50,80,93,54,17,57,89,39,52,43,59,92,37
4,95,65,102,51,62,36,73,101,17,7,58,31,98,29,49,30,67,96,75,85,89,61,72,24,3,25,38,28,5,16,10,1,88,44,86,18,40,100,53,68,54,2,93,42,91,69,4,48,59,104,70,22,95,92,77,60,21,12,27,19,46,37,43,79,84,105,47,14,57,76,99,50,52,32,9,56,26,64,11,34,94,0,103,39,13,97,41,33,80,87,78,45,82,20,66,81,6,8,90,63,23,35,71,15,74,55,83
4,96,86,25,23,31,67,102,56,0,74,53,34,65,48,59,40,97,20,30,15,92,37,42,27,100,57,98,63,94,77,10,72,62,13,83,17,85,8,18,55,39,1,66,69,12,46,2,24,96,84,41,28,95,58,35,90,80,38,19,68,75,21,16,99,9,87,105,61,50,45,64,3,71,70,26,52,82,11,5,51,4,44,91,43,47,93,54,32,29,33,60,6,81,78,89,101,104,88,79,7,76,14,49,22,73,36,103
4,97,73,6,25,39,77,51,2,29,36,58,87,11,28,4,0,9,95,79,94,32,55,12,19,80,33,57,54,70,24,86,40,44,63,97,103,100,53,68,90,72,22,41,91,38,27,31,98,30,84,5,10,48,61,76,89,46,50,1,67,69,99,83,20,15,62,3,43,35,45,14,47,59,42,34,75,64,18,85,8,74,71,104,96,52,88,49,105,82,92,56,78,7,21,16,81,13,66,65,17,23,101,93,37,26,60,102
4,98,13,60,25,39,77,51,2,29,36,58,87,11,28,4,0,89,95,79,94,32,12,80,84,33,57,41,54,70,24,86,40,5,50,44,63,97,10,103,22,30,53,31,68,27,90,67,47,19,6,17,83,100,9,105,55,72,96,64,69,99,91,20,15,62,46,3,43,48,1,35,45,14,59,42,34,75,76,18,85,8,74,71,104,38,52,88,93,16,49,7,65,78,82,37,81,61,23,21,26,66,101,56,92,102,73,98
4,99,85,96,99,17,61,69,2,80,22,4,74,24,98,5,56,23,73,32,0,26,79,62,29,77,83,1,27,54,19,102,34,42,75,50,57,28,90,97,12,15,6,13,45,78,101,18,87,10,71,35,88,25,52,39,8,11,20,9,31,14,53,91,95,86,94,37,103,16,70,41,21,7,65,47,49,64,84,82,55,89,68,58,40,33,72,51,76,105,46,59,43,100,66,60,44,30,81,93,38,3,104,48,92,63,67,36
4,100,66,14,2,4,74,24,69,34,50,6,42,26,13,45,78,101,15,80,90,23,18,87,29,10,71,35,5,88,25,52,0,39,8,22,11,20,9,31,98,56,73,32,79,62,77,83,1,27,54,19,102,75,57,28,97,12,30,68,61,33,65,105,82,60,94,53,38,76,99,86,17,93,7,81,96,44,92,67,95,16,85,36,37,100,55,64,41,103,104,70,72,48,59,49,89,91,63,43,51,46,3,47,58,40,84,21
4,101,71,91,41,27,103,60,24,44,2,82,7,87,61,4,42,22,19,31,54,98,105,56,8,37,55,100,88,21,70,38,15,25,62,9,63,49,72,57,3,97,1,46,67,69,64,51,77,11,17,83,79,58,93,52,43,84,86,81,23,16,48,10,12,65,13,73,5,26,74,102,76,6,35,33,75,90,34,32,104,39,94,36,30,40,66,78,29,92,80,45,28,59,20,89,96,18,14,68,85,101,99,47,50,95,53,0
4,102,102,56,97,99,89,45,8,18,2,14,35,38,72,83,95,33,10,22,60,21,12,100,5,25,32,94,59,87,11,85,98,77,9,26,88,101,105,93,63,40,46,19,74,3,61,4,67,15,73,57,78,65,91,44,29,104,48,27,58,23,70,96,43,47,1,0,103,16,82,66,34,79,49,37,6,51,80,84,71,7,28,24,68,39,92,50,30,64,31,53,86,75,52,54,36,90,55,42,41,76,20,13,17,69,81,62
4,103,34,71,50,36,25,3,73,11,27,37,97,102,84,78,19,33,89,101,17,81,30,103,57,49,65,90,93,35,70,53,14,105,9,32,16,98,85,104,0,72,76,99,67,61,80,18,92,45,56,58,2,59,82,62,94,47,54,86,29,21,69,95,12,63,83,77,31,64,26,88,52,23,6,28,91,96,24,100,41,20,1,51,74,40,55,10,46,79,13,15,38,42,87,4,22,60,39,44,66,68,75,48,5,8,43,7
4,104,54,8,100,15,36,3,37,13,99,69,90,87,96,89,9,56,50,47,67,102,14,93,73,17,85,71,35,0,84,26,81,25,18,104,65,38,10,12,82,33,44,66,55,27,76,79,31,92,98,20,34,51,43,46,48,45,58,29,59,16,42,86,101,2,75,61,22,23,21,28,64,68,6,24,7,41,91,30,5,1,39,49,88,74,103,19,4,62,52,40,94,105,11,78,57,32,83,72,97,53,63,60,80,95,70,77
4,105,97,28,3,13,37,22,14,36,50,82,67,6,38,79,48,71,51,77,92,61,42,9,31,43,10,76,23,104,7,47,83,34,5,16,24,56,53,64,60,18,49,75,84,95,1,11,85,72,29,21,59,99,32,58,66,19,25,103,40,93,2,100,69,44,96,87,52,12,54,68,26,17,8,4,15,62,30,91,105,80,35,41,86,89,102,55,74,65,33,90,88,98,78,81,73,39,101,27,45,46,70,94,0,20,63,57
4,106,62,102,40,6,1,78,3,2,0,13,77,22,84,27,71,39,104,41,64,55,36,85,95,69,20,9,96,81,80,24,42,75,83,54,70,72,49,43,52,88,90,12,67,89,93,61,10,65,105,82,59,94,8,25,7,38,76,99,17,91,86,18,92,51,37,48,33,60,15,30,44,4,5,98,56,53,79,34,97,57,11,87,47,16,14,28,100,63,19,29,31,32,23,73,26,74,103,45,68,35,46,101,50,58,66,21
4,107,8,6,26,7,39,56,60,79,100,83,92,27,96,89,24,78,3,76,38,68,98,102,14,23,45,80,87,65,17,81,59,94,62,41,58,75,64,90,48,18,97,19,28,9,77,11,46,71,51,105,54,95,86,70,40,43,104,66,22,91,82,1,16,25,35,50,99,2,69,0,5,13,47,33,103,101,67,34,84,30,93,20,74,21,53,42,15,37,10,12,29,49,63,72,85,36,55,4,61,31,32,88,73,52,44,57
4,108,46,24,36,72,28,19,26,65,68,66,71,88,23,25,42,91,97,27,38,1,81,58,15,101,92,49,30,4,50,63,105,8,17,82,39,18,48,59,3,37,75,41,94,93,20,80,85,54,86,96,12,0,2,43,52,10,64,55,74,29,67,56,99,44,11,61,13,98,32,89,90,76,35,104,70,51,62,21,14,7,78,69,77,79,22,60,73,6,45,83,84,47,102,100,31,9,40,57,34,95,53,16,103,5,87,33
4,109,25,23,1,44,4,74,27,81,95,88,56,49,70,58,71,6,30,46,91,68,77,65,15,97,16,28,50,101,103,57,26,38,59,33,80,92,42,24,63,105,8,17,82,39,18,48,3,37,75,41,94,93,20,85,54,86,96,12,0,2,43,52,10,64,55,29,67,99,11,61,13,98,32,89,90,76,35,104,51,62,21,14,7,78,69,79,22,60,73,45,83,84,47,102,100,31,9,40,72,19,53,5,87,34,36,66
4,110,67,14,104,43,4,11,7,64,0,79,61,5,20,30,15,92,8,59,40,12,97,96,84,39,41,28,13,1,85,17,95,58,35,90,72,80,38,19,10,68,75,21,16,99,83,63,9,37,42,27,100,57,98,94,77,62,18,55,66,69,46,2,24,89,65,93,60,82,71,50,44,74,53,87,52,102,51,54,3,33,73,56,45,6,36,34,23,29,101,78,48,76,32,81,22,49,26,91,103,47,86,70,105,88,31,25
4,111,5,25,20,98,11,45,48,23,19,99,53,1,44,8,4,72,93,74,54,27,81,83,76,95,47,32,104,88,86,31,56,49,7,10,70,9,105,58,71,6,34,30,46,43,60,21,91,68,77,18,65,75,17,15,3,97,2,29,13,40,16,28,64,87,14,62,51,50,101,39,90,63,73,103,89,57,26,38,59,35,33,82,80,92,42,85,24,36,100,66,52,84,41,78,94,12,55,22,102,96,37,61,79,0,69,67
4,112,5,25,20,98,11,45,48,23,99,53,44,8,4,93,74,54,27,81,83,76,47,32,104,88,86,28,13,1,85,17,95,58,35,90,72,80,38,19,31,56,49,7,10,70,9,105,71,6,34,30,46,43,60,21,91,68,77,18,65,75,15,3,97,2,29,40,16,64,87,14,62,51,50,101,39,63,73,103,89,57,26,59,33,82,92,42,24,36,100,66,52,84,41,78,94,12,55,22,102,96,37,61,79,0,69,67
4,113,62,35,88,95,22,79,0,46,91,39,49,93,23,98,44,16,63,18,80,1,50,29,34,92,71,101,54,32,11,56,4,28,86,36,5,77,6,89,99,67,65,2,45,81,66,17,94,76,8,75,57,72,85,12,58,82,43,103,104,26,3,78,41,14,97,20,42,24,100,83,102,53,87,15,70,96,47,48,73,30,19,60,90,21,38,9,10,68,7,40,69,31,105,25,13,55,37,59,33,74,52,84,61,51,27,64
4,114,96,3,24,54,99,90,74,12,34,104,26,55,14,102,77,70,45,72,35,5,7,23,73,62,58,60,42,44,38,6,87,0,83,76,82,78,36,33,41,50,93,81,84,9,97,22,91,85,19,31,28,100,43,103,25,30,65,49,16,94,66,40,79,8,61,92,63,59,37,48,1,17,53,18,57,2,20,29,64,89,47,13,46,105,15,88,98,69,10,11,52,21,86,56,32,75,51,27,4,71,68,101,39,80,95,67
4,115,42,9,38,52,71,7,51,82,23,41,65,83,0,95,72,8,63,15,54,31,47,4,17,58,2,100,64,19,37,12,69,84,79,67,87,43,61,60,93,91,1,24,16,48,86,46,57,11,21,3,103,44,50,77,27,49,22,70,88,62,98,55,10,97,13,73,5,26,74,102,76,6,35,33,75,90,34,32,104,39,94,36,30,40,66,78,29,92,80,45,28,59,20,89,96,18,14,68,85,101,99,105,25,81,53,56
4,116,85,96,99,17,61,4,69,34,50,6,42,26,13,45,78,101,15,80,90,23,18,87,29,10,71,35,5,88,25,52,0,39,8,22,11,20,9,31,98,56,14,53,91,95,57,86,94,37,102,103,16,70,41,21,7,2,65,47,49,73,64,12,84,1,83,28,97,82,55,89,68,58,40,33,24,72,51,76,54,75,105,46,59,74,43,100,32,66,60,44,30,81,93,77,38,3,27,104,48,92,62,19,63,67,79,36
4,117,64,14,49,24,18,66,10,71,83,13,79,0,70,93,5,73,20,9,19,33,34,25,7,38,84,46,28,78,27,101,69,97,92,2,81,94,65,98,6,85,44,53,76,75,57,1,82,58,100,88,47,59,60,43,48,50,96,87,99,52,12,54,11,68,26,17,8,4,15,62,30,91,105,36,22,80,35,41,86,89,102,55,95,74,29,3,67,104,103,40,51,21,61,63,77,56,23,72,45,32,39,31,16,90,42,37
4,118,52,15,84,41,4,95,77,71,22,51,86,7,8,6,26,39,56,60,79,100,83,92,27,96,89,24,78,3,76,38,68,98,102,14,23,45,80,87,65,17,81,59,94,62,58,75,64,90,48,18,97,19,28,9,11,46,105,54,70,40,43,104,66,91,82,1,16,25,35,50,99,2,69,0,5,13,47,33,103,101,67,34,30,93,20,74,21,53,42,37,10,12,29,49,63,72,85,36,55,61,31,32,88,73,44,57
4,119,6,64,14,68,99,49,44,105,24,18,66,10,71,98,91,27,55,53,83,52,13,2,79,89,81,0,70,93,65,5,86,76,73,20,9,19,54,15,22,102,33,34,4,75,25,80,7,11,12,28,30,38,87,36,84,46,78,82,58,100,1,88,92,47,59,95,74,29,96,3,67,104,26,103,40,35,51,21,60,61,63,77,101,56,97,94,8,57,23,62,72,43,48,45,50,17,32,39,41,31,69,16,90,85,42,37
4,120,95,26,54,23,2,43,81,66,71,70,90,8,58,25,101,12,14,47,17,100,9,33,34,64,87,45,35,3,77,13,28,82,20,104,18,68,6,24,42,7,22,41,91,38,27,31,98,30,84,5,10,48,61,76,89,46,50,1,39,21,49,56,86,88,74,103,19,4,96,55,62,93,51,52,40,29,94,92,105,11,16,78,57,32,79,83,72,75,85,67,97,53,0,102,65,99,63,60,80,44,36,59,15,73,37,69
4,121,83,89,3,100,68,76,24,56,60,6,27,57,78,7,79,92,45,23,8,38,14,102,26,96,80,65,17,81,59,94,62,41,58,75,64,90,48,18,97,19,28,9,77,11,46,71,51,105,54,95,86,70,43,104,66,22,91,82,1,16,35,50,99,2,69,0,5,13,47,103,101,67,34,84,93,74,21,53,42,15,37,10,12,29,49,63,72,85,36,55,61,31,32,88,73,44,30,33,87,40,4,25,20,39,52,98
4,122,2,66,7,71,38,39,94,34,79,90,78,42,73,20,10,14,25,28,97,33,5,93,9,37,64,70,46,24,49,0,18,31,13,83,81,16,65,98,6,85,44,53,76,75,57,1,82,58,100,88,47,59,60,43,48,50,96,87,99,52,12,54,11,68,26,17,8,4,15,62,30,91,105,36,22,80,35,41,86,89,102,101,19,84,27,92,32,45,72,23,56,77,63,61,21,51,40,103,104,67,3,29,74,95,55,69
4,123,85,64,27,37,81,19,44,20,30,68,71,59,67,91,70,79,87,22,104,66,2,6,93,86,61,39,58,76,88,45,94,52,24,29,53,97,63,1,28,16,9,75,92,23,34,56,100,14,0,31,32,46,83,5,47,103,3,51,25,77,7,57,84,42,21,10,60,43,48,50,96,99,12,54,11,26,17,8,4,15,62,105,36,80,35,41,89,102,55,74,65,33,13,90,98,78,73,72,101,38,49,40,18,95,82,69
4,124,61,103,91,55,69,2,94,83,23,95,12,24,49,38,73,82,44,77,92,4,74,70,42,71,68,25,80,56,59,57,26,6,46,11,81,32,67,50,86,40,47,101,79,36,52,88,65,15,33,16,102,90,29,76,97,51,28,10,27,85,37,1,99,22,18,63,60,17,64,84,72,93,8,19,45,7,31,89,104,53,0,54,78,5,96,3,87,105,41,34,14,100,35,13,48,62,9,20,58,30,66,98,75,21,43,39
4,125,7,79,90,85,6,65,58,28,4,0,20,46,95,51,61,30,104,67,93,10,76,72,29,75,81,5,57,42,24,105,97,21,63,19,1,77,2,101,64,73,100,40,86,94,33,9,99,92,3,36,96,70,91,43,80,69,60,45,27,52,66,38,23,34,18,53,39,48,56,88,15,78,25,12,35,84,14,26,59,31,87,83,68,74,37,16,55,13,54,82,22,41,44,32,17,102,62,8,49,103,11,71,50,98,89,47
5,0,56,72,57,44,98,101,33,23,9,93,38,73,48,88,15,61,82,83,17,65,46,24,7,97,30,62,5,54,105,22,37,4,31,13,39,67,103,77,21,18,14,0,94,58,74,34,11,89,20,64,47,51,43,26,52,75,6,53,79,85,3,27,29,92,10,90,81,84,32,1,45,69,16,100,36,12,50,8,71,35,104,95,28,2,42,40,86,60,68,91,96,70,59,25,80,63,102,78,55,19,99,49,76,41,66,87
5,1,18,27,36,23,16,22,29,3,100,10,94,9,57,60,43,13,78,31,88,25,7,65,58,1,72,17,103,2,61,5,51,21,41,4,34,26,28,37,40,50,6,30,64,19,79,86,90,80,67,87,77,12,69,32,59,84,101,11,99,46,97,76,95,55,83,96,105,104,33,0,8,68,20,49,15,39,38,24,102,74,44,35,53,85,89,62,52,93,91,54,66,63,48,75,45,71,82,70,73,42,98,47,14,56,81,92
5,2,36,102,61,92,71,72,58,105,70,7,49,88,89,95,24,1,22,83,42,66,25,8,17,82,48,59,3,6,30,46,43,21,91,68,77,18,65,75,15,97,2,29,13,40,16,28,62,51,50,101,39,90,63,73,103,57,26,38,37,41,94,93,20,80,85,54,86,96,12,0,52,10,64,81,27,76,104,9,55,67,33,60,44,4,5,98,56,53,79,34,11,87,47,14,100,19,31,32,23,74,45,35,78,99,84,69
5,3,56,63,102,44,98,101,33,23,9,93,38,73,48,88,15,61,82,83,17,65,46,24,7,97,30,62,5,54,105,22,37,4,31,13,39,67,103,77,21,18,14,0,94,58,74,34,11,89,20,64,47,51,43,26,52,75,6,53,79,85,3,27,29,92,10,90,81,84,32,1,45,69,16,100,36,12,50,8,71,35,104,95,28,2,42,40,86,60,68,91,96,70,59,25,80,87,72,55,99,78,57,41,19,49,66,76
5,4,92,54,63,48,18,23,47,25,7,1,17,5,51,4,28,37,6,30,2,50,26,3,41,100,21,10,94,97,9,57,72,60,12,58,43,87,13,78,55,31,40,19,0,83,8,68,20,49,65,15,34,39,88,38,24,76,102,80,74,44,32,105,35,53,85,103,89,61,62,64,79,86,90,67,77,69,59,84,101,11,99,46,95,96,104,33,93,91,71,56,36,16,81,29,27,75,22,45,98,70,52,66,73,14,42,82
5,5,36,102,61,38,71,105,49,101,88,91,51,89,95,40,24,13,50,22,83,42,66,25,8,17,82,39,18,48,3,37,75,94,93,80,54,96,12,0,2,43,52,10,64,76,1,11,85,72,29,21,59,99,15,6,86,46,90,58,27,73,70,77,41,57,78,81,32,7,33,20,79,62,92,104,9,55,67,65,60,30,44,4,5,98,56,53,34,97,87,47,16,14,28,100,63,19,31,23,26,74,103,45,68,35,84,69
5,6,92,54,63,48,18,23,47,25,1,5,51,4,28,88,15,61,82,83,17,65,46,24,7,97,37,6,30,2,50,26,3,41,100,21,10,94,9,57,72,60,12,58,43,87,13,78,55,31,40,19,0,8,68,20,49,34,39,38,76,102,80,74,44,32,105,35,53,85,103,89,62,64,79,86,90,67,77,69,59,84,101,11,99,95,96,104,33,93,91,71,56,36,16,81,29,27,75,22,45,98,70,52,66,73,14,42
5,7,44,31,75,51,70,0,22,19,68,34,72,104,77,27,3,88,49,79,1,40,10,85,65,23,83,28,50,82,61,60,5,98,35,17,67,25,36,80,76,24,38,96,93,105,21,66,59,8,4,7,45,71,26,42,52,81,97,64,58,94,48,16,41,89,101,13,9,20,90,39,91,57,74,87,37,43,54,18,6,2,29,14,56,86,55,100,46,73,103,47,95,12,11,53,15,102,62,92,99,32,69,63,84,33,78,30
5,8,74,9,96,52,26,71,82,36,20,23,34,56,70,14,0,31,32,45,61,46,83,5,93,103,51,37,25,24,77,7,66,84,42,21,10,43,48,50,87,41,13,65,104,95,72,8,63,92,15,54,47,4,17,58,2,100,6,30,64,19,28,40,12,69,59,101,11,86,90,67,75,76,78,80,44,38,79,60,94,35,85,91,1,33,16,73,57,29,27,49,3,99,22,88,62,98,55,68,97,18,105,81,53,102,39,89
5,9,103,63,80,102,22,101,89,9,19,51,0,3,17,100,42,37,10,12,36,55,31,30,25,39,104,97,68,34,69,105,76,65,74,82,61,43,87,16,24,56,53,64,60,18,49,75,84,95,1,11,85,72,29,21,59,99,15,6,86,46,90,58,27,73,70,77,41,57,78,81,32,7,33,20,79,2,50,44,94,48,62,83,96,13,28,47,66,92,14,23,8,88,71,52,4,54,40,5,93,38,98,45,26,35,67,91
5,10,15,99,75,20,84,97,35,50,22,38,7,6,10,40,49,57,24,41,104,11,25,0,54,91,88,39,30,71,52,12,94,79,80,36,5,69,9,98,58,73,27,66,33,46,68,90,18,44,95,42,31,92,14,26,93,105,70,86,78,8,67,1,29,45,63,76,64,74,16,37,56,55,96,102,89,87,3,32,13,17,43,21,72,83,47,28,48,53,23,100,60,82,59,61,101,77,85,19,4,65,34,103,51,62,81,2
5,11,7,90,23,56,6,65,58,4,0,72,92,31,100,64,28,69,59,79,67,45,85,83,5,93,47,103,3,94,51,76,37,25,20,95,61,30,104,10,29,75,57,42,24,105,97,21,63,19,1,77,2,101,73,40,86,33,9,99,36,96,70,91,43,80,60,27,66,38,34,18,53,39,48,88,15,78,12,35,14,26,11,87,68,74,16,55,13,81,84,52,17,46,54,82,22,41,44,32,102,62,8,49,71,50,98,89
5,12,35,23,38,1,71,54,68,42,96,95,10,41,17,31,22,6,105,43,78,24,72,101,48,0,65,8,18,98,67,103,59,104,62,34,47,36,79,81,50,57,90,53,27,16,11,99,94,92,86,102,88,82,28,97,60,61,89,33,5,29,93,45,9,52,37,77,64,70,2,69,7,46,15,12,76,4,13,20,30,85,32,91,63,75,39,3,21,44,26,56,55,40,49,73,80,66,14,58,87,19,25,74,84,83,51,100
5,13,9,38,14,82,23,104,95,72,92,31,100,64,28,69,59,79,67,45,85,83,5,93,47,103,3,94,51,76,37,25,24,77,7,57,84,2,42,21,10,60,48,50,96,87,52,12,68,8,30,66,71,78,46,40,16,6,26,35,75,98,0,36,1,58,11,91,39,101,18,53,43,19,54,17,73,99,32,63,97,61,4,15,62,105,22,80,41,86,89,102,55,74,65,33,13,90,20,34,29,27,49,70,88,81,56,44
5,14,78,58,61,103,91,55,69,2,45,48,62,94,20,83,96,23,89,95,12,24,19,49,14,38,66,73,82,44,53,77,92,5,4,74,70,42,31,71,0,98,68,104,7,25,80,56,59,57,26,6,46,41,11,21,54,81,32,67,50,86,40,47,101,79,36,13,43,52,88,65,15,33,16,102,90,29,76,87,97,51,100,34,28,10,105,27,85,37,1,99,9,22,18,3,63,60,17,64,84,72,93,8,75,35,30,39
5,15,15,99,75,20,84,97,35,50,22,38,7,6,10,40,49,57,24,41,104,48,28,47,83,72,21,43,17,13,32,3,87,89,102,96,55,56,37,16,74,64,76,63,45,29,1,67,8,78,86,70,105,93,26,14,92,31,42,95,44,18,90,68,46,33,66,27,73,58,98,9,69,5,36,80,79,94,12,52,71,30,39,88,91,54,0,25,11,53,23,100,60,82,59,61,101,77,85,19,4,65,34,103,51,62,81,2
5,16,64,14,68,99,49,105,24,18,66,10,71,91,55,83,52,13,79,0,70,93,5,86,73,20,9,19,54,15,22,102,33,34,4,25,80,7,11,12,30,38,87,36,84,46,28,78,8,27,101,69,43,97,92,60,2,81,94,65,98,6,85,44,53,89,76,75,57,1,82,58,100,88,47,59,95,74,29,96,3,67,104,26,103,40,35,51,21,61,63,77,56,23,62,72,48,45,50,17,32,39,41,31,16,90,42,37
5,17,95,54,67,56,70,21,1,61,71,13,45,20,80,63,97,30,24,58,9,16,0,81,102,36,4,33,86,52,27,47,18,40,88,28,87,8,103,43,17,72,12,69,73,25,91,51,50,42,38,3,55,5,59,65,26,82,92,99,98,85,78,90,34,44,14,94,57,37,46,11,29,2,10,96,6,41,100,32,19,83,104,74,93,49,15,7,64,89,79,77,60,105,53,62,75,39,23,101,66,22,76,68,35,84,48,31
5,18,71,64,97,79,63,28,16,9,20,23,34,56,70,14,0,31,32,45,61,46,83,5,93,103,51,37,25,24,77,7,66,84,42,21,10,43,48,50,87,99,52,12,54,11,68,17,8,4,15,62,30,91,92,60,2,81,94,65,98,6,85,44,53,89,76,75,57,1,82,58,100,88,47,59,95,74,29,96,3,67,104,26,105,36,22,80,35,41,86,102,55,33,13,90,78,73,39,72,101,27,38,49,40,18,69,19
5,19,36,102,61,92,38,71,72,58,105,70,7,49,101,88,91,51,89,95,40,24,1,13,50,22,46,83,42,90,66,25,62,8,17,82,39,18,48,59,3,37,75,41,94,93,20,80,85,54,86,96,12,0,2,43,52,10,64,81,27,76,77,104,9,55,67,65,33,60,15,30,44,4,5,98,56,53,79,34,97,57,11,87,47,16,14,28,100,63,19,29,31,32,23,73,26,74,103,45,68,35,21,6,78,99,84,69
5,20,62,96,35,88,102,95,22,79,0,21,46,91,39,49,20,93,23,40,48,38,98,44,16,63,18,70,80,1,50,29,34,92,71,101,54,68,26,32,11,61,59,19,56,4,28,86,3,69,36,5,77,41,6,89,99,67,65,2,45,81,66,17,94,97,76,8,14,9,75,57,72,85,60,12,47,58,82,43,103,15,104,87,7,105,90,25,24,13,42,53,78,73,55,37,31,33,74,52,84,83,51,100,30,27,64,10
5,21,44,9,23,56,14,104,83,51,25,7,42,48,52,71,26,36,39,53,66,46,0,95,72,8,63,92,15,54,31,47,4,17,58,2,100,6,30,64,19,28,37,40,50,12,69,32,59,84,101,11,79,86,90,80,67,77,5,75,96,87,76,78,43,45,61,60,94,93,35,85,91,1,20,33,103,24,34,16,73,57,29,27,49,3,99,22,21,70,88,62,98,55,10,68,97,18,105,41,89,102,74,65,13,81,38,82
5,22,46,24,44,67,95,105,5,18,55,68,38,19,30,56,32,26,25,33,23,78,12,3,29,36,72,28,65,66,71,88,42,91,97,27,1,81,58,15,101,92,49,4,50,63,8,17,82,39,48,59,37,75,41,94,93,20,80,85,54,86,96,0,2,43,52,10,64,74,99,11,61,13,98,89,90,76,35,104,70,51,62,21,14,7,69,77,79,22,60,73,6,45,83,84,47,102,100,31,9,40,57,34,53,16,103,87
5,23,79,58,4,102,40,18,6,34,1,68,38,19,30,56,32,26,25,33,23,78,12,3,29,97,73,61,86,2,0,74,13,65,53,82,77,94,15,14,22,84,31,27,71,46,8,28,76,35,54,83,75,99,90,42,24,80,5,17,93,7,81,96,44,9,20,45,92,69,67,95,16,85,36,37,100,55,64,41,103,87,104,39,51,10,57,105,21,63,101,70,91,43,60,66,48,88,11,59,72,52,62,49,50,98,89,47
5,24,27,37,59,64,53,97,79,44,63,1,28,16,9,75,92,20,23,34,58,56,70,100,14,0,31,32,45,61,67,104,46,83,5,93,81,19,30,68,71,91,87,22,66,2,6,86,39,76,88,94,52,24,29,105,47,42,69,55,13,74,95,78,99,54,73,21,12,38,10,50,85,40,26,62,4,96,7,41,48,57,33,3,80,18,8,72,43,90,102,65,60,103,84,17,25,89,11,49,82,98,36,15,51,77,35,101
5,25,9,38,14,82,23,72,92,28,4,0,20,95,51,61,30,104,67,93,10,76,103,29,75,5,57,42,24,105,97,21,31,100,64,69,59,79,45,85,83,47,3,94,37,25,77,7,84,2,60,48,50,96,87,52,12,68,8,66,71,78,46,40,16,6,26,35,98,36,1,58,11,91,39,101,18,53,43,19,54,17,73,99,32,63,15,62,22,80,41,86,89,102,55,74,65,33,13,90,34,27,49,70,88,81,56,44
5,26,31,57,9,54,63,60,53,78,24,23,100,13,25,7,65,58,72,17,103,2,51,21,41,4,26,28,37,40,6,30,19,79,86,90,80,87,77,12,32,101,11,97,95,55,33,93,91,44,84,5,10,48,61,76,89,46,50,1,67,69,99,83,20,15,62,3,43,35,45,14,47,59,42,34,75,64,94,0,73,66,102,39,70,98,22,27,29,81,16,36,56,92,82,105,49,88,52,96,104,71,74,8,85,18,68,38
5,27,73,6,25,51,2,58,28,4,0,9,79,94,19,80,57,54,24,86,40,63,103,100,53,68,90,72,41,38,31,30,5,10,48,61,50,1,20,62,43,35,14,47,42,34,64,67,74,8,18,87,77,12,69,32,59,84,101,11,99,46,97,76,95,55,83,96,105,104,33,93,91,44,71,85,3,56,36,16,89,81,29,27,75,22,45,98,70,52,15,39,88,49,82,92,78,7,21,13,66,65,17,23,37,26,60,102
5,28,92,82,23,34,38,80,42,52,68,36,83,25,102,46,93,64,31,88,79,75,45,4,5,60,3,61,33,17,28,78,15,18,32,96,16,98,85,104,0,72,76,99,95,29,62,54,63,21,59,14,26,19,24,27,47,81,6,103,87,74,57,91,39,90,20,9,13,101,89,41,48,94,58,100,55,2,30,66,49,71,43,84,67,37,11,8,86,22,65,7,97,53,35,10,70,69,105,77,73,56,40,51,44,1,12,50
5,29,79,4,102,40,18,34,1,68,38,19,30,56,32,26,25,33,23,78,3,29,73,61,86,0,74,13,53,82,15,22,84,31,27,71,46,28,35,54,83,90,42,24,80,5,93,7,96,44,20,92,77,41,6,89,99,67,65,2,45,81,66,17,94,97,76,8,14,9,75,57,72,85,60,12,47,58,69,95,16,36,37,100,55,64,103,87,104,39,51,10,105,21,63,101,70,91,43,48,88,11,59,52,62,49,50,98
5,30,5,1,78,10,12,27,61,105,79,23,69,60,83,76,102,62,3,33,49,68,63,99,88,19,77,34,24,21,98,70,84,38,66,75,51,32,96,11,0,18,54,43,37,87,74,57,91,39,90,9,13,89,101,16,47,103,73,46,100,55,86,56,48,14,20,29,2,6,81,97,26,71,45,7,4,8,59,41,94,58,64,52,42,72,30,104,17,40,36,31,95,85,92,53,28,67,93,44,50,22,80,82,25,15,65,35
5,31,80,97,62,99,9,23,100,47,90,15,69,28,45,34,13,14,20,73,81,64,104,22,41,38,3,94,51,76,37,25,68,12,52,87,96,50,48,60,10,21,42,2,84,57,7,77,24,8,30,66,71,78,46,40,16,6,26,35,75,98,0,36,1,58,11,91,39,101,18,53,43,19,27,31,5,61,89,49,56,86,88,74,103,4,67,102,93,17,85,65,82,33,44,55,79,92,29,59,72,105,83,95,54,63,32,70
5,32,74,38,26,71,7,51,23,36,13,83,66,46,95,72,63,31,100,6,37,40,50,69,32,84,101,90,78,57,12,97,73,21,68,91,64,80,44,19,92,42,96,1,94,58,25,62,8,17,82,39,18,48,59,3,75,41,20,85,54,86,0,2,43,52,10,81,27,76,77,104,9,55,67,65,33,60,15,30,4,5,98,56,53,79,34,11,87,47,16,14,28,45,61,93,35,103,24,29,49,99,22,70,88,105,102,89
5,33,36,61,92,71,72,58,2,80,22,4,74,24,98,5,56,23,73,32,0,26,79,62,29,77,83,1,27,54,19,102,34,42,75,50,57,28,90,105,70,7,49,88,89,95,66,25,8,17,82,48,59,3,6,30,46,43,21,91,68,18,65,15,97,13,40,16,51,101,39,63,103,38,37,41,94,93,20,85,86,96,12,52,10,64,81,76,104,9,55,67,33,60,44,53,11,87,47,14,100,31,45,35,78,99,84,69
5,34,85,59,64,79,44,28,9,92,20,23,34,56,70,100,14,31,45,67,104,83,5,93,47,103,3,94,51,76,37,25,24,77,7,57,84,2,42,21,10,60,48,50,96,87,52,12,68,8,30,66,71,78,46,40,16,6,26,35,75,98,0,36,1,58,11,91,39,101,18,53,43,19,54,17,73,99,32,63,97,61,4,15,62,105,22,80,41,86,89,102,55,74,65,33,13,90,88,29,81,72,27,38,49,95,82,69
5,35,86,25,15,23,31,67,102,56,0,74,53,2,34,30,65,48,8,59,40,12,97,96,84,39,41,28,13,1,85,17,95,58,35,90,72,80,38,19,10,68,75,21,16,99,83,63,9,87,105,98,37,57,61,50,45,64,3,71,24,70,66,26,52,82,11,5,51,4,44,18,42,46,77,91,43,47,93,54,92,55,32,29,33,60,20,6,81,78,89,69,101,104,88,79,94,7,76,14,49,22,73,62,100,36,27,103
5,36,11,54,57,4,86,77,95,83,97,2,12,16,82,45,61,17,94,105,27,39,31,76,49,3,19,22,18,34,78,10,72,62,13,67,33,24,100,51,55,52,37,9,20,68,25,35,74,44,88,81,104,87,46,28,21,59,36,8,102,7,80,26,70,65,29,6,98,23,38,0,71,58,96,43,40,41,1,42,92,75,69,63,60,79,53,91,99,15,90,73,85,50,5,48,93,14,66,32,101,84,47,30,64,103,89,56
5,37,80,97,62,53,8,99,9,23,100,43,47,25,90,15,36,3,26,71,87,37,69,2,28,45,34,13,14,20,73,81,12,101,64,104,18,68,6,24,42,7,22,41,91,38,27,31,98,30,84,5,10,48,61,76,89,46,50,1,39,21,49,56,86,88,74,103,19,4,96,67,102,93,17,85,35,0,65,82,33,44,66,55,79,92,51,58,29,59,16,75,72,40,57,77,60,105,83,95,54,63,78,32,94,11,52,70
5,38,25,15,23,67,102,0,74,53,2,34,30,65,48,8,59,40,12,97,96,84,39,41,28,13,1,32,104,88,86,31,56,49,7,10,70,9,105,58,85,17,95,35,90,72,80,38,19,68,75,21,16,99,83,63,87,98,37,57,61,50,45,64,3,71,24,66,26,52,82,11,5,51,4,44,18,42,46,77,91,43,47,93,54,92,55,29,33,60,20,6,81,78,89,69,101,79,94,76,14,22,73,62,100,36,27,103
5,39,24,36,72,28,19,65,66,88,23,91,97,27,38,1,81,58,44,77,92,4,74,70,42,71,68,25,80,56,59,57,26,6,46,15,101,49,30,50,63,105,8,17,82,39,18,48,3,37,75,41,94,93,20,85,54,86,96,12,0,2,43,52,10,64,55,29,67,99,11,61,13,98,32,89,90,76,35,104,51,62,21,14,7,78,69,79,22,60,73,45,83,84,47,102,100,31,9,40,34,95,53,16,103,5,87,33
5,40,44,91,31,75,89,51,70,0,22,19,64,68,34,72,104,57,77,27,3,88,49,79,1,74,40,10,85,39,65,23,42,54,83,18,28,87,50,82,52,61,60,5,98,35,17,67,25,36,37,80,76,24,101,16,47,103,73,46,100,55,86,56,48,14,20,29,2,6,81,97,26,71,45,7,4,8,59,66,21,105,93,96,38,95,12,13,11,53,15,102,62,92,99,32,41,90,94,69,58,63,84,43,33,78,30,9
5,41,11,54,57,4,86,77,95,83,97,2,12,16,82,45,61,17,94,105,27,39,31,76,49,3,19,22,18,34,78,10,72,62,13,67,33,24,100,51,55,52,37,9,20,68,25,35,74,44,88,81,104,87,46,28,21,59,36,8,102,7,80,26,70,65,29,6,98,23,38,0,71,58,96,43,40,41,1,42,92,75,69,63,60,79,53,91,99,15,90,73,85,50,5,48,93,14,66,32,101,84,47,64,30,89,56,103
5,42,96,3,99,90,34,55,102,45,72,35,23,62,58,60,87,83,76,78,12,24,19,49,14,38,66,73,82,44,53,77,92,5,4,74,70,42,31,71,0,98,68,104,7,25,80,56,59,57,26,6,46,41,11,21,54,36,33,50,93,81,84,9,97,22,91,85,28,100,43,103,30,65,16,94,40,79,8,61,63,37,48,1,17,18,2,20,29,64,89,47,13,105,15,88,69,10,52,86,32,75,51,27,101,39,95,67
5,43,105,60,62,102,40,18,6,34,1,68,38,19,30,56,32,26,25,33,23,78,12,3,29,97,73,61,86,2,0,74,13,65,53,82,77,94,15,14,22,84,31,27,71,46,8,28,76,35,54,83,75,99,90,42,24,80,5,17,93,7,81,96,44,9,20,45,92,69,67,95,16,85,36,37,100,55,64,41,103,87,104,39,70,72,48,59,49,89,91,63,43,11,52,10,88,101,51,79,50,58,4,98,47,57,66,21
5,44,38,70,51,84,24,36,99,7,105,71,61,88,40,95,89,102,69,78,13,50,22,46,83,66,93,37,90,57,12,80,64,91,68,21,73,97,44,19,92,42,96,1,94,58,25,62,8,17,82,39,18,48,59,3,75,41,20,85,54,86,0,2,43,52,10,81,27,76,77,104,9,55,67,65,33,60,15,30,4,5,98,56,53,79,34,11,87,47,16,14,28,100,63,29,31,32,23,26,74,103,45,35,49,6,101,72
5,45,44,9,23,56,14,104,83,51,25,7,42,48,96,52,71,26,36,39,53,66,46,0,95,72,8,63,92,15,54,31,47,4,17,58,2,100,6,30,64,19,28,37,40,50,12,69,32,59,84,101,11,79,86,90,80,67,87,77,5,75,76,78,43,45,61,60,94,93,35,85,91,1,20,33,103,24,34,16,73,57,29,27,49,3,99,22,21,70,88,62,98,55,10,68,97,18,105,41,89,102,74,65,13,81,38,82
5,46,38,70,51,84,24,36,58,99,7,105,71,91,61,88,40,95,89,102,69,78,1,13,50,22,46,83,42,90,66,25,62,8,17,82,39,18,48,59,3,37,75,41,94,93,20,80,85,54,86,96,12,0,2,43,52,10,64,81,27,76,77,104,9,55,67,65,33,60,15,30,44,4,5,98,56,53,79,34,97,57,11,87,47,16,14,28,100,63,19,29,31,32,23,73,26,74,103,45,68,35,21,49,6,101,72,92
5,47,15,23,67,102,0,53,2,65,59,97,90,8,58,25,101,12,14,47,17,100,9,33,34,64,87,45,35,3,77,13,28,82,20,104,18,68,6,24,42,7,22,41,91,38,27,31,98,30,84,5,10,48,61,76,89,46,50,1,39,21,49,56,86,88,74,103,19,4,96,55,62,93,51,52,40,29,94,92,105,11,16,78,57,32,70,85,95,72,80,75,99,83,63,37,71,66,26,44,43,54,60,81,69,79,73,36
5,48,35,66,71,4,24,56,23,73,0,79,62,77,1,27,54,19,102,34,42,75,28,90,12,68,61,33,105,60,8,53,76,86,18,17,20,45,69,67,95,16,36,64,87,104,103,25,30,100,50,93,81,84,9,97,22,91,63,59,37,38,3,55,5,65,26,82,92,99,98,85,78,44,14,94,57,46,11,29,2,10,96,6,41,32,83,74,49,15,7,80,21,58,51,48,39,70,72,89,43,52,88,101,13,47,40,31
5,49,24,68,22,35,95,6,42,67,72,47,79,38,105,78,73,55,84,25,56,101,31,14,23,45,80,65,17,81,59,94,62,41,58,75,64,90,48,18,97,96,98,100,19,43,1,26,36,50,57,53,27,16,11,99,92,86,102,88,82,28,60,61,89,33,5,29,93,9,52,37,77,70,2,69,7,46,15,12,76,4,13,20,30,85,32,91,63,39,3,21,71,51,0,44,103,54,40,8,10,104,49,66,34,83,74,87
5,50,33,79,27,51,11,6,22,41,21,97,9,57,72,13,78,19,1,74,85,39,65,23,54,83,18,87,82,52,61,98,17,67,25,37,80,76,24,101,16,47,73,46,55,56,100,31,43,5,36,34,32,10,12,4,50,8,71,26,35,104,103,95,29,28,62,94,2,42,20,40,86,75,3,60,58,68,0,49,15,88,38,102,44,105,53,89,93,84,91,64,66,63,48,30,96,45,70,69,77,99,90,7,14,59,81,92
5,51,66,14,4,74,69,34,6,45,78,23,87,10,71,35,5,88,25,52,0,8,22,11,20,9,31,98,56,32,79,46,43,21,91,68,77,18,65,75,15,97,2,29,13,40,16,28,62,51,50,101,39,90,63,73,103,57,26,38,59,33,82,80,92,42,85,24,60,17,64,83,1,27,54,19,102,12,30,61,105,94,53,76,99,86,93,7,81,96,44,67,95,36,37,100,55,41,104,70,72,48,49,89,3,47,58,84
5,52,51,36,58,7,61,88,78,1,13,22,25,17,18,3,41,94,2,43,10,27,9,65,60,4,5,57,16,100,29,31,23,103,21,72,34,26,28,37,40,50,6,30,64,19,79,86,90,80,67,87,77,12,69,32,59,84,101,11,99,46,97,76,95,55,83,96,105,104,33,0,8,68,20,49,15,39,38,24,102,74,44,35,53,85,89,62,52,93,91,54,66,63,48,75,45,71,82,70,73,42,98,47,14,56,81,92
5,53,85,63,44,67,95,105,5,18,55,68,38,19,26,23,78,3,29,97,73,61,86,0,74,13,65,82,77,94,14,22,31,71,8,28,76,35,79,36,75,34,51,66,49,103,16,62,64,99,91,104,11,6,45,98,4,69,7,10,21,60,96,70,87,102,20,1,40,15,24,53,84,17,2,46,58,47,25,50,101,42,89,9,56,92,32,12,33,100,30,27,90,83,43,48,41,80,88,93,54,72,57,39,52,59,81,37
5,54,97,62,8,23,43,47,25,36,3,26,71,87,28,4,0,9,95,79,94,32,55,12,19,80,33,57,54,70,24,86,40,37,2,45,34,13,14,73,81,101,64,104,18,6,42,7,41,38,98,84,5,48,61,76,10,103,100,22,30,53,31,68,27,90,72,67,69,99,91,83,20,15,89,46,50,1,39,21,49,56,88,74,96,102,93,17,85,35,65,82,44,66,92,51,58,29,59,16,75,77,60,105,63,78,11,52
5,55,5,98,11,45,23,99,53,4,72,74,61,88,40,95,89,102,69,78,13,50,22,46,83,66,93,37,90,57,12,80,64,91,68,21,73,97,44,19,92,42,96,1,94,58,25,62,8,17,82,39,18,48,59,3,75,41,20,85,54,86,0,2,43,52,10,81,27,76,77,104,9,55,67,65,33,60,15,47,32,31,56,49,7,70,105,71,6,34,30,29,16,28,87,14,101,103,79,63,24,84,38,51,26,36,100,35
5,56,85,59,64,53,97,63,1,28,9,75,92,20,23,34,0,31,61,104,83,5,47,3,76,37,24,7,66,57,42,21,10,60,43,50,96,99,54,11,26,4,15,62,30,91,80,35,41,86,102,55,33,13,90,88,98,22,58,32,67,6,74,16,38,79,52,48,71,105,51,77,56,25,12,89,103,40,93,49,2,100,8,27,36,84,44,45,46,87,29,14,65,70,78,94,68,73,39,72,101,18,95,82,17,69,81,19
5,57,41,52,58,23,65,92,87,57,68,89,56,39,20,6,81,24,79,17,26,45,7,4,8,59,60,78,80,14,30,40,25,102,62,27,94,90,48,18,97,19,28,9,77,11,46,71,51,105,54,95,86,70,43,104,66,22,91,82,1,16,35,50,99,2,69,0,5,13,47,103,101,67,34,84,93,74,21,53,42,15,37,10,12,29,49,63,72,85,36,55,61,31,32,88,73,44,98,83,100,33,96,64,75,3,38,76
5,58,3,27,52,87,93,23,35,11,58,100,9,13,42,96,95,75,10,64,2,41,17,76,31,22,6,97,105,89,29,32,43,33,78,90,24,72,101,15,48,0,65,8,37,46,18,98,67,92,103,63,28,82,16,59,99,104,94,50,39,91,62,34,47,36,69,85,12,102,79,81,44,57,26,5,56,55,88,40,20,49,73,80,66,53,70,21,77,1,30,4,68,38,71,7,54,83,74,45,51,86,61,14,84,25,19,60
5,59,25,20,98,11,48,23,99,1,44,4,74,27,81,83,76,95,47,32,88,86,56,49,10,70,9,58,71,6,30,46,43,21,91,68,77,18,65,75,15,97,2,29,13,40,16,28,62,51,50,101,39,90,63,73,103,57,26,38,59,33,82,80,92,42,85,24,60,17,64,84,72,93,8,19,45,7,31,89,104,53,0,54,78,5,96,3,87,105,41,34,14,100,35,36,66,52,94,12,55,22,102,37,61,79,69,67
5,60,92,82,23,34,38,80,68,36,25,102,46,93,72,98,31,88,79,45,4,5,60,3,61,33,17,28,78,15,85,32,96,95,29,62,59,26,19,24,27,6,75,21,16,99,83,63,76,103,87,74,57,91,90,20,9,13,101,14,47,39,11,0,41,18,54,43,37,64,97,81,52,42,58,89,48,94,100,55,2,30,66,49,71,84,67,8,86,22,65,7,53,104,35,10,70,69,105,77,73,56,40,51,44,1,12,50
5,61,100,83,89,3,68,17,28,9,71,105,69,0,13,34,42,37,10,12,36,55,31,30,25,39,104,97,76,65,74,82,61,43,87,16,24,56,53,64,60,18,49,75,84,95,1,11,85,72,29,21,59,99,15,6,86,46,90,58,27,73,70,77,41,57,78,81,32,7,33,20,79,62,92,101,40,88,45,94,50,51,35,23,8,38,4,44,63,93,66,103,54,67,48,5,19,80,14,102,26,47,2,96,98,91,22,52
5,62,65,88,23,91,27,1,81,58,44,77,4,74,70,71,68,25,56,6,46,49,30,18,48,37,75,20,86,43,10,55,67,99,11,61,98,32,76,21,15,97,2,29,13,40,16,28,62,51,50,101,39,90,63,73,103,57,26,38,59,33,82,80,92,42,85,24,60,17,64,84,72,93,8,19,45,7,31,89,104,53,0,54,78,5,96,3,87,105,41,34,14,100,35,36,66,52,94,12,69,79,22,83,47,102,9,95
5,63,44,91,89,51,70,0,22,19,64,72,57,77,27,88,49,79,1,74,85,39,65,23,54,83,18,87,82,52,61,98,17,67,25,37,80,76,24,101,16,47,73,46,55,56,100,31,43,5,36,34,32,10,12,4,50,8,71,26,35,104,103,95,29,28,62,94,2,42,20,40,86,75,3,60,58,68,48,14,6,81,97,45,7,59,66,21,105,93,96,38,13,11,53,15,102,92,99,41,90,69,63,84,33,78,30,9
5,64,80,97,62,8,9,23,43,47,25,36,3,26,71,87,37,2,28,45,34,13,14,73,81,12,101,64,104,18,6,24,42,7,41,38,98,84,5,48,61,76,10,103,100,22,30,53,31,68,27,90,72,67,69,99,91,83,20,15,89,46,50,1,39,21,49,56,86,88,74,19,4,96,102,93,17,85,35,0,65,82,33,44,66,55,79,92,51,58,29,59,16,75,40,57,77,60,105,95,54,63,78,32,94,11,52,70
5,65,86,25,15,23,31,67,102,56,0,74,53,2,34,30,65,48,8,59,40,12,97,96,84,39,41,28,13,1,85,17,95,58,35,90,72,80,38,10,68,75,26,19,24,27,6,76,21,16,99,83,63,9,87,105,45,50,61,57,37,98,64,3,71,70,66,52,82,11,5,51,4,44,18,42,46,77,91,43,47,93,54,92,55,32,29,33,60,20,81,78,89,69,101,104,88,79,94,7,14,49,22,73,62,100,36,103
5,66,74,53,1,30,72,57,44,69,98,33,23,9,93,64,38,105,27,77,88,15,61,82,83,85,65,11,90,52,79,22,31,43,5,34,32,10,12,50,35,104,95,28,62,94,17,67,25,36,37,80,76,24,101,16,47,103,73,46,100,55,86,56,48,14,20,29,2,6,81,97,26,71,45,7,4,8,42,40,75,3,60,58,68,91,96,70,51,59,0,92,18,89,63,39,54,102,78,13,19,99,21,49,41,66,84,87
5,67,103,51,100,90,70,34,31,24,5,55,93,77,29,102,23,37,79,38,44,27,69,7,65,33,71,78,49,59,88,46,40,16,6,98,0,1,39,101,18,53,19,42,21,10,43,48,50,96,87,99,52,54,11,68,26,4,15,2,45,81,66,17,94,97,76,8,14,9,75,57,72,85,60,12,47,58,82,62,30,91,105,36,22,80,35,41,86,89,73,32,63,61,84,20,67,64,92,56,13,28,25,95,74,83,3,104
5,68,85,63,44,67,95,105,5,18,55,68,38,19,30,56,32,26,25,33,23,78,12,3,29,97,73,61,86,2,0,74,13,65,53,82,77,94,15,14,22,84,31,27,71,46,8,28,76,35,79,36,75,1,34,51,66,101,49,103,16,62,64,99,58,91,104,11,6,45,98,4,69,40,7,10,9,21,90,60,48,47,96,70,87,102,83,100,24,42,20,41,50,80,88,93,54,72,17,57,89,39,52,43,59,81,92,37
5,69,73,39,60,4,6,93,16,49,54,44,80,29,55,91,62,67,28,86,70,7,41,51,3,63,19,65,8,38,10,78,82,18,37,0,59,81,61,74,23,22,5,36,11,97,69,21,87,31,77,68,94,26,85,95,96,79,52,72,75,103,105,99,57,66,20,1,40,15,24,53,84,17,2,46,58,47,25,50,101,42,89,9,56,92,32,12,33,100,30,27,90,83,43,48,35,45,14,34,76,64,71,104,88,98,13,102
5,70,67,83,55,26,69,29,76,93,27,101,75,42,20,47,41,35,23,2,57,9,39,80,1,78,74,0,5,10,14,97,33,13,58,96,89,99,15,36,21,86,84,50,3,52,104,90,34,85,19,31,28,100,43,103,25,30,65,49,16,94,66,40,79,8,61,92,54,44,24,102,72,63,7,81,91,88,77,22,48,105,6,37,32,11,45,12,17,60,70,51,62,87,68,4,71,64,38,18,59,56,53,82,98,95,46,73
5,71,60,3,6,63,2,93,43,67,4,64,46,97,24,66,59,45,48,104,87,22,49,57,70,65,33,26,11,7,56,100,52,51,71,98,86,38,77,50,23,39,72,94,74,30,34,79,88,18,0,40,21,90,78,105,42,68,58,61,62,73,85,20,36,80,102,53,76,10,9,14,25,91,1,35,96,37,31,89,47,15,13,95,32,103,75,83,8,17,12,81,41,44,55,5,16,92,82,27,84,99,19,101,29,28,69,54
5,72,66,46,39,71,103,60,24,44,2,82,7,87,61,4,42,22,19,31,54,98,105,56,8,37,55,100,88,21,70,38,15,25,62,9,101,76,77,102,67,18,14,0,94,58,74,34,11,89,20,64,47,51,43,26,52,75,6,53,79,85,3,27,29,92,10,90,81,84,32,1,45,69,57,80,35,48,36,63,41,96,12,91,49,33,59,23,83,40,99,50,17,68,104,86,73,95,16,72,28,30,97,5,65,78,13,93
5,73,62,102,40,6,34,1,19,56,32,26,23,78,3,29,73,2,0,74,13,77,14,22,84,31,27,71,39,104,87,41,64,55,36,85,16,95,69,45,20,9,96,81,5,80,24,42,75,83,54,35,28,70,72,49,43,52,88,90,11,97,12,15,63,67,89,103,30,68,93,100,61,10,33,65,105,82,59,60,94,8,53,25,7,38,76,99,17,91,86,18,92,51,37,48,44,46,101,79,50,58,4,98,47,57,66,21
5,74,6,63,2,43,67,4,66,48,104,87,22,57,65,26,11,7,56,100,51,71,98,86,38,50,23,39,72,94,74,30,34,79,88,40,90,78,105,42,68,58,73,20,36,80,102,53,76,10,14,25,1,82,28,97,60,61,89,33,5,29,93,45,9,52,37,77,64,70,59,46,12,85,3,62,91,24,41,49,21,54,8,0,18,95,35,96,31,47,15,13,32,103,75,83,17,81,44,55,16,92,27,84,99,19,101,69
5,75,64,14,24,66,83,13,79,0,93,5,73,20,33,25,84,28,78,27,101,69,97,92,2,81,94,98,85,44,53,76,57,1,82,58,72,80,38,19,31,56,49,7,10,70,9,105,71,6,34,30,46,43,60,21,91,68,77,18,65,75,15,100,88,47,59,48,50,96,87,99,52,12,54,11,26,17,8,4,62,36,22,35,41,86,89,102,55,95,74,29,3,67,104,103,40,51,61,63,23,45,32,39,16,90,42,37
5,76,89,8,101,35,40,76,102,24,12,47,18,69,42,62,67,4,33,61,39,75,64,1,23,0,13,68,56,86,71,27,20,60,36,43,72,54,17,52,104,90,34,19,31,28,103,25,30,100,50,93,81,84,9,97,22,91,63,59,37,38,3,55,5,65,26,82,92,99,98,85,78,44,14,94,57,46,11,29,2,10,96,6,41,32,83,74,49,15,7,80,21,58,51,48,73,88,95,70,53,77,66,45,105,87,79,16
5,77,89,51,76,7,0,5,94,83,23,95,12,24,49,38,73,82,44,77,92,4,74,70,42,71,68,25,80,56,59,57,26,6,46,11,81,32,67,50,86,40,47,101,79,36,52,60,103,85,21,28,19,9,45,41,58,87,91,88,75,1,33,48,97,54,84,35,27,31,3,62,96,98,72,18,63,69,65,10,99,8,14,22,2,64,100,61,90,15,16,17,102,39,20,13,55,30,104,78,53,93,29,34,105,66,37,43
5,78,5,98,11,45,23,99,53,4,72,74,61,88,40,95,89,102,69,78,13,50,22,46,83,66,93,37,90,57,12,80,64,91,68,21,73,97,44,19,92,42,96,1,94,58,25,62,8,17,82,39,18,48,59,3,75,41,20,85,54,86,0,2,43,52,10,81,27,76,77,104,9,55,67,65,33,60,15,47,32,31,56,49,7,70,105,71,6,34,30,29,16,28,87,14,51,101,63,103,26,38,35,24,36,100,84,79
5,79,95,67,65,78,54,23,79,74,80,2,94,56,92,81,60,27,62,30,39,104,61,90,97,41,0,63,102,7,40,8,58,22,25,101,12,89,1,14,84,49,88,98,19,6,17,83,100,9,105,55,33,72,96,34,87,64,3,71,24,70,66,26,52,82,11,5,51,4,44,18,42,46,77,91,43,47,45,32,48,86,57,35,75,21,29,103,50,13,28,10,53,38,93,68,99,20,36,31,59,76,15,73,37,69,85,16
5,80,13,60,25,39,77,51,2,29,36,58,87,11,28,4,0,89,95,79,94,32,12,80,84,33,57,41,54,70,24,86,40,5,50,44,63,97,10,103,22,30,53,31,68,27,90,67,47,19,6,17,83,100,9,105,55,72,96,64,69,99,91,20,15,62,46,3,43,48,1,35,45,14,59,42,34,75,76,18,85,8,74,71,104,38,52,88,93,16,49,7,65,78,82,37,81,61,23,21,26,66,101,56,92,102,73,98
5,81,54,8,100,15,36,3,37,13,99,69,90,87,96,89,9,56,50,47,67,102,14,93,73,17,85,71,35,0,84,26,81,25,18,104,65,38,10,12,82,33,44,66,55,27,76,79,31,92,98,20,34,51,43,46,48,45,58,29,59,16,42,86,101,2,75,61,22,23,21,28,64,68,6,24,7,41,91,30,5,1,39,49,88,74,103,19,4,62,52,40,94,105,11,78,57,32,83,72,97,53,63,60,80,95,70,77
5,82,42,9,38,52,71,7,51,82,23,41,65,83,0,95,72,8,63,15,54,31,47,4,17,58,2,100,64,19,37,12,69,84,79,67,87,43,61,60,93,91,1,24,16,48,86,46,57,11,21,3,103,44,50,77,27,49,22,70,88,62,98,55,10,97,13,73,5,26,74,102,76,6,35,33,75,90,34,32,104,39,94,36,30,40,66,78,29,92,80,45,28,59,20,89,96,18,14,68,85,101,99,105,25,81,53,56
5,83,85,64,27,37,81,19,44,20,30,68,71,59,67,91,70,79,87,22,104,66,2,6,93,86,61,39,58,76,88,45,94,52,24,29,53,97,63,1,28,16,9,75,92,23,34,56,100,14,0,31,32,46,83,5,47,103,3,51,25,77,7,57,84,42,21,10,60,43,48,50,96,99,12,54,11,26,17,8,4,15,62,105,36,80,35,41,89,102,55,74,65,33,13,90,98,78,73,72,101,38,49,40,18,95,82,69
5,84,51,70,77,27,79,1,23,18,82,98,17,67,25,37,101,16,22,29,2,50,26,3,85,53,35,105,32,44,74,80,102,76,24,38,88,39,34,15,65,49,20,68,8,83,0,19,40,31,55,78,13,87,43,58,12,60,72,57,9,97,94,10,21,100,41,103,89,61,62,52,93,84,46,91,64,54,47,73,56,5,36,4,71,104,95,28,42,86,75,48,14,6,81,45,7,59,66,96,11,92,99,90,69,63,33,30
5,85,95,67,65,54,23,74,80,94,56,92,60,62,30,39,104,61,97,0,63,102,40,8,22,25,101,12,89,1,14,84,49,88,98,19,17,83,100,9,105,96,34,87,64,3,71,24,85,72,29,21,59,99,15,6,86,46,90,58,27,73,70,77,41,57,78,81,32,7,33,20,79,2,50,55,42,37,66,26,52,82,11,5,51,4,44,18,91,43,47,45,48,35,75,103,13,28,10,53,38,93,68,36,31,76,69,16
5,86,36,22,13,78,88,25,7,58,1,17,61,51,40,50,90,69,84,99,46,95,83,105,8,38,24,102,89,62,91,66,71,82,70,42,39,18,48,59,3,37,75,41,94,93,20,80,85,54,86,96,12,0,2,43,52,10,64,87,11,57,97,34,79,53,56,98,5,4,44,30,15,60,33,65,67,55,9,104,77,76,27,81,47,16,14,28,100,63,19,29,31,32,23,73,26,74,103,45,68,35,21,49,6,101,72,92
5,87,85,63,44,67,95,105,5,18,55,68,38,19,30,56,32,26,25,33,23,78,12,3,29,97,73,61,86,2,0,74,13,65,53,82,77,94,15,14,22,84,31,27,71,46,8,28,76,35,79,36,75,1,34,51,66,101,49,103,16,62,64,99,58,91,104,11,6,45,98,4,69,40,7,10,9,21,90,60,48,47,96,70,87,102,83,100,24,42,20,41,50,80,88,93,54,72,17,57,52,89,43,37,92,59,39,81
5,88,24,68,22,35,95,6,42,72,38,105,23,78,84,25,101,31,96,17,100,19,43,1,14,90,27,11,97,60,61,89,33,29,93,45,9,52,77,64,48,0,65,8,37,46,18,98,67,92,103,63,28,82,16,59,99,104,94,50,39,91,62,34,47,36,69,85,12,102,79,81,44,57,26,5,56,55,88,40,20,49,73,80,66,53,4,86,3,70,2,7,15,76,13,30,32,75,21,71,51,54,10,58,41,83,74,87
5,89,71,41,27,60,24,44,7,87,61,4,42,22,31,98,56,8,37,55,100,88,21,38,15,63,49,72,57,3,67,51,77,17,83,79,93,52,84,86,81,23,10,12,65,62,58,75,64,90,48,18,97,19,28,9,11,46,105,54,70,40,43,104,66,91,82,1,16,25,35,50,99,2,69,0,5,13,47,33,103,73,26,74,102,76,6,34,32,39,94,36,30,78,29,92,80,45,59,20,89,96,14,68,85,101,95,53
5,90,67,95,33,18,79,27,23,1,51,28,11,6,22,29,2,3,41,21,94,97,9,57,72,60,58,87,13,78,40,19,0,83,68,20,49,65,24,101,16,47,73,46,55,56,100,31,43,5,36,34,32,10,12,4,50,8,71,26,35,104,15,39,88,38,76,102,80,74,44,105,53,85,103,89,61,62,52,93,84,91,64,54,37,66,63,48,30,96,86,75,45,82,70,17,69,77,99,90,42,25,98,7,14,59,81,92
5,91,85,59,79,44,28,9,92,23,70,100,45,83,47,3,94,51,37,25,77,57,2,60,87,52,34,13,14,20,73,81,12,101,64,104,18,68,6,24,42,7,22,41,91,38,27,31,98,30,84,5,10,48,61,76,89,46,50,1,39,21,49,56,86,88,74,103,19,4,96,67,102,93,8,66,71,78,40,16,26,35,75,0,36,58,11,53,43,54,17,99,32,63,97,15,62,105,80,55,65,33,90,29,72,95,82,69
5,92,35,71,78,14,2,80,58,105,70,7,49,88,89,95,24,1,22,83,42,66,25,8,17,82,48,59,3,6,30,46,43,21,91,68,77,18,65,4,74,98,5,56,23,73,32,0,26,79,62,29,27,54,19,102,34,75,50,57,28,90,97,12,15,61,33,60,94,53,38,76,99,86,93,81,96,44,9,20,45,92,69,67,16,85,36,37,100,55,64,41,103,87,104,39,72,63,11,52,10,101,51,13,47,40,31,84
5,93,102,56,97,99,89,45,8,2,14,35,38,72,83,33,10,22,60,21,12,100,5,25,32,94,59,87,11,85,98,77,9,26,88,101,105,93,63,40,46,19,74,3,61,4,67,15,73,57,78,65,91,44,29,104,48,27,58,23,70,96,43,47,1,0,103,16,66,34,79,49,37,6,51,80,84,71,7,28,24,68,39,92,50,30,64,31,53,86,75,52,54,36,90,55,42,41,76,20,13,17,69,81,18,95,82,62
5,94,40,78,13,27,71,64,85,95,69,20,81,72,67,91,70,79,87,22,104,66,2,6,93,86,61,39,58,76,88,45,94,52,24,29,53,97,63,1,28,16,9,75,92,23,34,56,100,14,0,31,32,46,83,5,47,103,3,51,25,77,7,57,84,42,21,10,60,43,48,50,96,99,12,54,11,26,17,8,4,15,62,105,36,80,35,41,89,102,55,74,65,49,90,82,59,38,18,37,33,30,44,98,19,73,68,101
5,95,3,27,52,87,93,23,35,11,58,100,9,13,42,96,95,75,10,64,2,41,17,76,31,22,6,97,105,89,29,32,43,33,78,90,24,72,101,15,48,0,65,8,37,46,18,98,67,92,103,63,28,82,16,59,99,104,94,50,39,91,62,34,47,36,69,85,12,102,79,81,44,57,26,5,56,55,88,40,20,49,73,80,66,53,70,21,77,1,30,4,68,38,71,7,54,83,74,45,19,25,61,86,14,84,51,60
5,96,52,10,71,0,25,17,30,31,12,39,36,18,87,95,3,24,9,82,56,100,2,55,34,105,42,37,11,16,1,53,83,96,47,28,89,61,60,97,76,13,68,84,75,69,104,65,74,43,29,21,59,99,15,6,86,46,90,58,27,73,70,77,41,57,78,81,32,7,33,20,79,62,92,101,40,88,45,94,50,51,35,23,8,38,4,44,63,93,66,103,54,67,48,5,19,80,14,102,64,49,85,72,26,98,91,22
5,97,23,2,81,25,101,14,100,33,34,20,30,65,48,8,59,40,12,97,96,84,39,41,28,13,1,32,104,88,86,31,56,49,7,10,70,9,105,58,85,17,95,35,90,72,80,38,19,68,75,21,16,99,83,63,87,98,37,57,61,50,45,64,3,71,24,66,26,52,82,11,5,51,4,44,18,42,46,77,91,43,47,93,54,92,6,22,27,76,89,74,103,55,62,29,94,78,79,67,53,0,102,60,36,69,15,73
5,98,101,35,40,102,24,12,47,42,62,4,33,61,75,1,23,0,13,68,56,71,27,54,90,34,19,31,28,30,50,84,97,22,3,5,26,98,78,14,57,46,29,2,6,32,65,105,82,60,94,8,53,25,38,76,99,86,18,17,93,7,81,96,44,9,20,45,92,69,67,95,16,85,36,37,100,55,64,41,103,87,104,39,70,72,48,59,49,89,91,63,43,11,52,10,83,74,15,80,21,58,51,73,88,77,66,79
5,99,96,17,61,6,42,13,45,23,87,10,71,35,25,52,22,11,9,31,14,95,70,41,21,7,2,64,84,1,29,32,43,33,78,90,24,72,101,15,48,0,65,8,37,46,18,98,67,92,103,63,28,82,16,59,99,104,94,50,39,91,62,34,47,36,69,85,12,102,79,81,44,57,26,5,56,55,88,40,20,49,73,80,66,53,4,86,3,83,97,89,68,58,51,76,54,75,105,74,100,60,30,93,77,38,27,19
5,100,74,42,9,96,38,52,26,71,14,7,51,82,23,36,41,13,65,104,66,0,95,8,63,92,54,47,4,17,58,2,6,64,19,28,37,40,12,59,84,101,10,103,100,22,30,53,31,68,27,90,72,67,69,99,91,83,20,15,62,46,3,43,79,80,87,5,76,78,61,60,94,93,85,1,33,24,34,16,45,32,48,86,57,11,35,75,21,29,44,50,77,73,49,70,88,98,55,97,18,105,25,81,56,102,39,89
5,101,8,6,7,60,79,83,92,27,89,24,78,3,76,38,68,102,23,45,81,59,94,84,25,65,56,101,80,31,96,98,17,100,19,43,1,14,26,36,50,62,41,58,75,64,90,48,18,97,28,9,77,11,46,71,51,105,54,95,86,70,104,66,22,91,82,16,35,99,2,69,0,5,13,47,103,67,34,93,74,21,53,42,15,37,10,12,29,49,63,72,85,55,61,32,88,73,44,30,33,87,40,4,20,39,52,57
5,102,96,3,24,54,90,74,12,34,104,26,55,14,102,77,70,45,72,35,5,7,23,73,62,58,60,42,44,38,6,87,0,83,76,82,78,36,33,41,50,93,81,84,9,91,19,31,100,43,103,25,30,65,49,16,94,66,40,79,8,97,51,28,10,27,85,37,1,99,22,18,63,17,61,92,59,48,53,57,2,20,29,64,89,47,13,46,105,15,88,98,69,11,52,21,86,56,32,75,4,71,68,101,39,80,95,67
5,103,65,88,23,91,27,1,81,58,44,77,4,74,70,71,68,25,56,6,46,49,30,18,48,37,20,86,43,10,55,67,99,11,61,98,32,21,15,97,2,29,13,53,76,75,40,16,28,62,51,50,101,39,90,63,73,103,57,26,38,59,33,82,80,19,8,93,72,84,64,17,60,24,85,42,92,45,7,31,89,104,0,54,78,5,96,3,87,105,41,34,14,100,35,36,66,52,94,12,69,79,22,83,47,102,9,95
5,104,56,79,100,83,27,76,98,102,14,23,81,94,48,11,95,86,66,22,1,35,99,69,10,70,9,58,71,6,30,46,43,21,91,68,77,18,65,75,15,97,2,29,13,40,16,28,62,51,50,101,39,90,63,73,103,57,26,38,59,33,82,80,92,42,85,24,60,17,64,84,72,93,8,19,45,7,31,89,104,53,0,54,78,5,96,3,87,105,41,34,47,67,74,37,12,49,36,55,61,32,88,44,4,25,20,52
5,105,86,25,23,31,67,102,56,0,74,53,34,65,48,59,40,97,20,30,15,92,94,32,55,12,19,80,84,33,57,37,42,27,100,98,63,77,10,72,62,13,83,17,85,8,18,39,1,66,69,46,2,24,96,41,28,95,58,35,90,38,68,75,21,16,99,9,87,105,61,50,45,64,3,71,70,26,52,82,11,5,51,4,44,91,43,47,93,54,29,60,6,81,78,89,101,104,88,79,7,76,14,49,22,73,36,103
5,106,35,21,93,23,38,70,1,71,54,68,11,13,42,96,95,75,10,64,2,41,17,76,31,22,6,97,105,89,29,32,43,33,78,90,24,72,101,15,48,0,65,8,37,46,18,98,67,92,103,63,28,82,16,59,99,104,94,50,39,91,62,34,47,36,69,85,12,102,79,81,44,57,26,5,56,55,88,40,20,49,73,80,66,53,4,86,3,77,45,14,9,60,58,87,19,7,25,74,52,84,83,61,51,100,30,27
5,107,31,57,92,9,54,63,62,18,53,74,78,51,82,44,48,22,17,25,26,64,70,30,98,72,23,103,0,13,33,85,42,41,21,47,11,36,75,45,93,96,20,104,61,59,19,1,65,76,99,28,60,97,83,69,67,81,52,66,24,100,88,7,58,2,5,4,34,37,40,50,6,79,86,90,80,87,77,12,32,84,101,46,95,55,105,91,71,3,56,16,89,29,27,15,39,102,43,73,49,14,94,68,10,8,35,38
5,108,85,59,64,53,97,63,1,28,9,75,92,20,23,34,0,31,61,104,83,5,47,3,76,37,24,7,66,57,42,21,10,60,43,50,96,99,54,11,26,17,4,15,62,30,91,80,35,41,86,102,55,33,13,90,88,98,22,58,32,67,6,74,16,38,79,52,48,71,105,51,77,56,25,12,89,103,40,93,49,2,100,8,27,69,36,84,44,45,46,87,29,14,65,70,78,94,68,81,73,39,72,101,18,95,82,19
5,109,103,63,80,102,22,101,89,9,19,51,0,25,36,3,17,30,100,31,68,12,39,34,69,105,104,97,76,65,74,82,61,43,87,16,24,56,53,64,60,18,49,75,84,95,1,11,85,72,29,21,59,99,15,6,86,46,90,58,27,73,70,77,41,57,78,81,32,7,33,20,79,2,50,55,42,37,44,94,48,62,83,96,13,28,47,66,92,14,23,8,88,71,52,4,10,54,40,5,93,38,98,45,26,35,67,91
5,110,96,49,55,104,101,35,66,72,78,14,2,9,85,80,22,81,4,74,24,98,5,69,56,88,23,73,0,26,62,64,77,51,71,48,79,38,16,6,67,32,58,29,41,39,83,1,20,27,45,54,19,102,36,34,42,52,75,95,50,57,28,43,90,11,97,12,15,63,89,103,30,68,93,100,61,10,33,65,105,82,59,60,94,8,53,25,7,76,99,17,91,86,18,92,37,44,46,3,70,13,47,87,40,31,84,21
5,111,85,96,99,17,61,69,2,80,22,4,74,24,98,5,56,23,73,32,0,26,79,62,29,77,83,1,27,54,19,102,34,42,75,50,57,28,90,97,12,15,6,13,45,78,101,18,87,10,71,35,88,25,52,39,8,11,20,9,31,14,53,91,95,86,94,37,103,16,70,41,21,7,65,47,49,64,84,82,55,89,68,58,40,33,72,51,76,105,46,59,43,100,66,60,44,30,81,93,38,3,104,48,92,63,67,36
5,112,24,68,22,35,95,59,6,42,18,67,72,47,81,48,79,38,105,23,78,73,55,84,25,65,56,101,80,31,96,98,17,100,19,43,1,14,26,36,50,57,90,53,27,16,11,99,94,92,86,102,88,82,28,97,60,61,89,33,5,29,93,45,9,52,37,77,64,70,2,69,7,46,15,12,76,4,13,20,30,85,32,91,63,75,39,3,21,71,51,0,44,103,54,62,40,8,10,104,58,49,66,34,41,83,74,87
5,113,23,44,4,74,81,88,49,70,71,6,91,65,16,28,38,59,80,63,8,82,39,18,48,3,37,41,93,54,86,0,43,10,64,55,29,67,61,13,98,76,35,36,11,97,69,21,87,31,77,68,94,26,85,95,96,79,52,72,75,103,105,99,57,66,20,1,40,15,24,53,84,17,2,46,58,47,25,50,101,42,89,9,56,92,32,12,33,100,30,27,90,83,104,51,62,14,7,78,22,60,73,45,102,19,5,34
5,114,96,3,24,54,99,90,74,12,34,104,26,55,14,102,77,70,45,72,35,5,7,23,73,62,58,60,42,44,38,6,87,0,83,76,78,36,33,41,50,93,81,84,9,97,85,19,31,28,100,43,103,25,30,65,49,94,66,40,22,91,82,1,16,79,8,61,92,63,59,37,48,17,53,18,57,2,20,29,64,89,47,13,46,105,15,88,98,69,10,11,52,21,86,56,32,75,51,27,4,71,68,101,39,80,95,67
5,115,92,82,23,34,38,80,68,36,83,25,102,46,93,72,98,31,88,79,75,45,4,5,60,3,99,61,33,17,28,78,15,85,32,96,95,29,62,63,21,59,26,19,24,27,6,76,103,87,74,57,91,90,20,9,13,101,14,47,39,11,0,41,18,54,43,37,64,97,81,52,42,58,89,16,48,94,100,55,2,30,66,49,71,84,67,8,86,22,65,7,53,104,35,10,70,69,105,77,73,56,40,51,44,1,12,50
5,116,31,57,92,9,54,63,48,62,60,18,53,74,78,24,23,100,47,13,88,25,7,65,58,1,72,17,103,2,61,5,51,21,41,4,34,26,28,37,40,50,6,30,64,19,79,86,90,80,67,87,77,12,69,32,59,84,101,11,99,46,97,76,95,55,83,96,105,104,33,93,91,44,71,85,3,56,36,16,89,81,29,27,75,22,45,98,70,52,15,39,102,66,43,73,49,14,0,94,68,10,8,35,42,20,38,82
5,117,31,57,92,9,54,63,48,62,60,18,53,65,7,25,88,13,47,100,23,24,78,74,58,1,72,17,103,2,61,5,51,21,41,4,34,26,28,37,40,50,6,30,64,19,79,86,90,80,67,87,77,12,69,32,59,84,101,11,99,46,97,76,95,55,83,96,105,104,33,93,91,44,71,85,3,56,36,16,89,81,29,27,75,22,45,98,70,52,15,39,102,66,43,73,49,14,0,94,68,10,8,35,42,20,38,82
5,118,5,86,1,78,10,12,27,61,45,103,105,79,23,46,69,60,83,76,102,62,3,71,33,49,8,68,63,6,99,88,19,29,77,2,34,24,21,98,55,70,84,38,66,73,75,51,32,96,14,47,11,0,18,54,43,37,87,74,57,91,39,90,20,9,13,101,89,41,16,48,94,58,64,97,81,52,42,72,26,30,104,17,56,40,36,31,7,95,85,59,92,53,28,67,93,44,100,50,22,4,80,82,25,15,65,35
5,119,67,95,5,33,18,79,27,36,23,1,51,101,16,28,11,6,22,29,2,50,26,3,41,100,21,10,94,97,9,57,72,60,12,58,43,87,13,78,55,31,40,19,0,83,8,68,20,49,65,15,34,39,88,38,24,76,102,80,74,44,32,105,35,53,85,103,89,61,62,52,93,84,46,91,64,54,37,66,63,48,30,96,86,75,45,104,71,82,70,17,69,73,77,99,90,42,25,98,47,7,14,4,56,59,81,92
5,120,61,91,55,69,2,94,83,23,95,12,49,38,73,82,44,98,4,105,103,60,11,24,0,34,77,92,74,70,42,71,68,25,56,80,59,57,26,6,46,81,32,67,50,86,40,47,101,79,36,52,88,65,15,33,16,102,90,29,76,97,51,28,10,27,85,37,1,99,22,18,63,17,64,84,72,93,8,19,45,7,31,89,104,53,54,78,5,96,3,87,41,14,100,35,13,48,62,9,20,58,30,66,75,21,43,39
5,121,66,14,2,4,74,24,69,34,50,6,42,26,13,45,78,101,15,80,90,23,18,87,29,10,71,35,5,88,25,52,0,39,8,22,11,20,9,31,98,56,73,32,79,62,77,83,1,27,54,19,102,75,57,28,97,12,30,68,61,33,65,105,82,60,94,53,38,76,99,86,17,93,7,81,96,44,92,67,95,16,85,36,37,100,55,64,41,103,104,70,72,48,59,49,89,91,63,43,51,46,3,47,58,40,84,21
5,122,5,86,1,78,10,12,27,61,45,101,103,105,57,79,23,46,69,60,83,76,102,3,20,71,33,49,8,68,89,63,94,6,99,88,19,29,77,2,34,24,21,98,55,70,48,84,38,66,73,75,9,16,51,32,96,14,47,39,11,0,41,18,54,43,37,64,97,81,52,42,58,72,26,30,104,17,91,90,56,40,36,31,7,95,85,59,92,53,28,67,93,74,44,62,87,100,50,22,4,80,82,13,25,15,65,35
5,123,74,42,9,96,38,52,26,71,14,7,51,82,23,36,41,13,65,83,104,66,0,95,72,8,63,92,15,54,31,47,4,17,58,2,100,6,30,64,19,28,37,40,12,69,59,84,101,79,90,80,67,87,5,76,78,43,61,60,94,93,85,91,1,20,33,24,34,16,45,32,48,86,46,57,11,35,75,21,3,29,103,44,50,77,73,27,49,99,22,70,88,62,98,55,10,68,97,18,105,25,81,53,56,102,39,89
5,124,67,95,5,33,79,27,36,23,1,51,101,16,28,11,6,22,29,2,26,3,41,21,10,94,97,9,57,72,60,12,58,43,87,13,78,55,31,40,19,0,83,8,20,49,34,39,38,24,76,102,80,74,44,32,91,68,77,18,65,75,15,100,88,47,59,48,50,96,105,35,53,85,103,89,61,62,52,93,84,46,64,54,37,66,63,30,86,45,104,71,82,70,17,69,73,99,90,42,25,98,7,14,4,56,81,92
5,125,96,3,24,54,99,90,74,12,34,104,26,55,14,102,77,70,45,72,35,5,7,23,73,58,60,42,44,38,6,25,103,43,100,28,31,19,85,97,67,17,94,62,9,84,81,93,50,41,33,36,78,76,83,0,87,30,65,49,66,40,22,91,82,1,16,79,8,61,92,63,59,37,48,53,18,57,2,20,29,64,89,47,13,46,105,15,88,98,69,10,11,52,21,86,56,32,75,51,27,4,71,68,101,39,80,95
6,0,18,27,36,23,16,22,29,3,100,10,94,9,57,60,43,13,78,31,88,25,7,65,58,1,72,17,103,2,61,5,51,21,41,4,34,26,28,37,40,50,6,30,64,19,79,86,90,80,67,87,77,12,69,32,59,84,101,11,99,46,97,76,95,55,83,96,105,104,33,0,8,68,20,49,15,39,38,24,102,74,44,35,53,85,89,62,52,93,91,54,66,63,48,75,45,71,82,70,73,42,98,47,14,56,81,92
6,1,36,102,61,92,71,72,58,105,70,7,49,88,89,95,24,1,22,83,42,66,25,8,17,82,48,59,3,6,30,46,43,21,91,68,77,18,65,75,15,97,2,29,13,40,16,28,62,51,50,101,39,90,63,73,103,57,26,38,37,41,94,93,20,80,85,54,86,96,12,0,52,10,64,81,27,76,104,9,55,67,33,60,44,4,5,98,56,53,79,34,11,87,47,14,100,19,31,32,23,74,45,35,78,99,84,69
6,2,92,54,63,48,18,23,47,25,7,1,17,5,51,4,28,37,6,30,2,50,26,3,41,100,21,10,94,97,9,57,72,60,12,58,43,87,13,78,55,31,40,19,0,83,8,68,20,49,65,15,34,39,88,38,24,76,102,80,74,44,32,105,35,53,85,103,89,61,62,64,79,86,90,67,77,69,59,84,101,11,99,46,95,96,104,33,93,91,71,56,36,16,81,29,27,75,22,45,98,70,52,66,73,14,42,82
6,3,36,102,61,38,71,105,49,101,88,91,51,89,95,40,24,13,50,22,83,42,66,25,8,17,82,39,18,48,3,37,75,94,93,80,54,96,12,0,2,43,52,10,64,76,1,11,85,72,29,21,59,99,15,6,86,46,90,58,27,73,70,77,41,57,78,81,32,7,33,20,79,62,92,104,9,55,67,65,60,30,44,4,5,98,56,53,34,97,87,47,16,14,28,100,63,19,31,23,26,74,103,45,68,35,84,69
6,4,44,31,75,51,70,0,22,19,68,34,72,104,77,27,3,88,49,79,1,40,10,85,65,23,83,28,50,82,61,60,5,98,35,17,67,25,36,80,76,24,38,96,93,105,21,66,59,8,4,7,45,71,26,42,52,81,97,64,58,94,48,16,41,89,101,13,9,20,90,39,91,57,74,87,37,43,54,18,6,2,29,14,56,86,55,100,46,73,103,47,95,12,11,53,15,102,62,92,99,32,69,63,84,33,78,30
6,5,74,9,96,52,26,71,82,36,20,23,34,56,70,14,0,31,32,45,61,46,83,5,93,103,51,37,25,24,77,7,66,84,42,21,10,43,48,50,87,41,13,65,104,95,72,8,63,92,15,54,47,4,17,58,2,100,6,30,64,19,28,40,12,69,59,101,11,86,90,67,75,76,78,80,44,38,79,60,94,35,85,91,1,33,16,73,57,29,27,49,3,99,22,88,62,98,55,68,97,18,105,81,53,102,39,89
6,6,103,63,80,102,22,101,89,9,19,51,0,3,17,100,42,37,10,12,36,55,31,30,25,39,104,97,68,34,69,105,76,65,74,82,61,43,87,16,24,56,53,64,60,18,49,75,84,95,1,11,85,72,29,21,59,99,15,6,86,46,90,58,27,73,70,77,41,57,78,81,32,7,33,20,79,2,50,44,94,48,62,83,96,13,28,47,66,92,14,23,8,88,71,52,4,54,40,5,93,38,98,45,26,35,67,91
6,7,7,90,23,56,6,65,58,4,0,72,92,31,100,64,28,69,59,79,67,45,85,83,5,93,47,103,3,94,51,76,37,25,20,95,61,30,104,10,29,75,57,42,24,105,97,21,63,19,1,77,2,101,73,40,86,33,9,99,36,96,70,91,43,80,60,27,66,38,34,18,53,39,48,88,15,78,12,35,14,26,11,87,68,74,16,55,13,81,84,52,17,46,54,82,22,41,44,32,102,62,8,49,71,50,98,89
6,8,35,23,38,1,71,54,68,42,96,95,10,41,17,31,22,6,105,43,78,24,72,101,48,0,65,8,18,98,67,103,59,104,62,34,47,36,79,81,50,57,90,53,27,16,11,99,94,92,86,102,88,82,28,97,60,61,89,33,5,29,93,45,9,52,37,77,64,70,2,69,7,46,15,12,76,4,13,20,30,85,32,91,63,75,39,3,21,44,26,56,55,40,49,73,80,66,14,58,87,19,25,74,84,83,51,100
6,9,92,54,63,48,18,23,47,25,7,1,17,5,51,4,28,37,6,2,50,26,3,41,100,21,94,97,9,72,60,12,58,43,87,13,78,30,104,10,29,75,57,42,24,55,31,40,19,0,83,8,68,20,49,65,15,34,39,88,38,76,102,80,74,44,32,105,35,53,85,103,89,61,62,64,79,86,90,67,77,69,59,84,101,11,99,46,95,96,33,93,91,71,56,36,16,81,27,22,45,98,70,52,66,73,14,82
6,10,23,35,100,13,42,95,17,31,22,105,89,24,101,8,103,63,28,50,91,36,69,102,26,88,82,39,18,48,3,37,75,94,93,80,54,96,12,0,2,43,52,10,64,76,1,11,85,72,29,21,59,99,15,6,86,46,90,58,27,73,70,77,41,57,78,81,32,7,33,20,79,62,92,104,9,55,67,65,60,30,44,4,5,98,56,53,34,97,87,47,16,14,40,49,66,68,38,71,83,74,45,51,61,84,25,19
6,11,18,27,23,16,22,29,3,100,71,105,69,0,13,34,42,37,10,12,36,55,31,30,25,94,9,57,60,43,78,88,7,65,58,1,72,17,103,2,61,5,51,21,41,4,26,28,40,50,6,64,19,79,86,90,80,67,87,77,32,59,84,101,11,99,46,97,76,95,83,96,104,33,8,68,20,49,15,39,38,24,102,74,44,35,53,85,89,62,52,93,91,54,66,63,48,75,45,82,70,73,98,47,14,56,81,92
6,12,52,10,71,0,25,17,30,31,12,39,36,18,87,95,3,9,82,56,100,2,55,34,105,42,37,11,1,53,83,96,28,89,61,60,97,13,68,84,75,69,104,65,74,43,29,21,59,99,15,80,76,24,101,16,47,6,86,46,90,58,27,73,70,77,41,57,78,81,32,7,33,20,79,62,92,40,88,45,94,50,51,35,23,8,38,4,44,63,93,66,103,54,67,48,5,19,14,102,64,49,85,72,26,98,91,22
6,13,51,36,58,61,1,13,25,17,18,3,41,2,43,10,27,9,65,4,5,57,16,100,31,23,103,21,72,34,26,28,37,40,50,6,30,64,19,86,90,80,67,87,77,12,59,84,11,99,46,97,76,95,83,96,105,0,8,68,15,39,38,24,102,74,44,35,53,85,62,52,93,91,66,63,48,75,45,71,82,70,54,92,55,32,29,33,60,20,81,78,89,69,101,104,88,79,94,7,14,49,22,73,42,98,47,56
6,14,7,90,23,56,6,65,58,4,72,92,100,64,28,69,59,79,67,45,85,83,5,93,47,103,3,94,51,76,37,25,20,95,61,30,104,87,13,78,55,31,40,19,0,10,29,75,57,42,24,105,97,21,63,1,77,2,101,73,86,33,9,99,36,96,70,91,43,80,60,27,66,38,34,18,53,39,48,88,15,12,35,14,26,11,68,74,16,81,84,52,17,46,54,82,22,41,44,32,102,62,8,49,71,50,98,89
6,15,103,63,80,102,22,90,74,101,89,9,19,51,0,3,17,100,42,37,10,12,36,55,31,30,25,39,104,97,68,34,69,105,76,65,82,61,43,87,16,24,56,53,64,60,18,49,75,84,95,1,11,85,72,29,21,59,99,15,6,86,46,58,27,73,70,77,41,57,78,81,32,7,33,20,79,2,50,44,94,48,62,83,96,13,28,47,66,92,14,23,8,88,71,52,4,54,40,5,93,38,98,45,26,35,67,91
6,16,80,97,53,8,9,23,100,47,25,15,36,3,26,71,87,37,28,45,34,20,73,81,12,101,18,68,6,24,42,41,91,38,27,31,30,84,5,48,46,50,1,39,49,56,86,88,74,103,19,4,96,102,93,17,85,65,82,33,0,2,43,52,10,64,55,29,67,99,11,61,13,98,32,89,90,76,35,104,51,62,21,14,7,78,69,79,22,44,66,92,58,59,16,75,72,40,57,77,60,105,83,95,54,63,94,70
6,17,24,68,22,35,95,6,42,72,38,105,23,78,84,25,101,31,96,17,100,19,43,1,14,90,27,11,48,0,65,8,18,98,67,92,103,28,82,16,59,99,104,94,50,62,34,47,36,102,79,81,57,88,49,97,60,61,89,33,5,29,93,45,9,52,37,77,64,70,2,69,7,46,15,12,76,4,13,20,30,85,32,91,63,75,39,3,21,44,26,56,55,40,73,80,66,53,86,71,51,54,10,58,41,83,74,87
6,18,44,9,20,23,34,56,95,72,92,31,100,64,28,69,59,79,67,45,85,83,5,93,70,14,104,47,103,3,94,51,76,37,25,24,77,7,57,84,2,42,21,10,60,48,50,96,87,52,12,68,8,30,66,71,78,46,40,16,6,26,35,75,98,0,36,1,58,11,91,39,101,18,53,43,19,54,17,73,99,32,63,97,61,4,15,62,105,22,80,41,86,89,102,55,74,65,33,13,90,88,29,81,27,38,49,82
6,19,56,72,57,44,98,101,33,23,9,93,38,73,48,88,15,61,82,83,17,65,46,24,7,97,30,62,5,54,105,22,37,4,31,13,39,67,103,77,21,18,14,0,94,58,74,34,11,89,20,64,47,51,43,26,52,75,6,53,79,85,3,27,29,92,10,90,81,84,32,1,45,69,16,100,36,12,50,8,71,35,104,95,28,2,42,40,86,60,68,91,96,70,59,25,80,63,102,78,55,19,99,49,76,41,66,87
6,20,56,63,102,44,98,101,33,23,9,93,38,73,48,88,15,61,82,83,17,65,46,24,7,97,30,62,5,54,105,22,37,4,31,13,39,67,103,77,21,18,14,0,94,58,74,34,11,89,20,64,47,51,43,26,52,75,6,53,79,85,3,27,29,92,10,90,81,84,32,1,45,69,16,100,36,12,50,8,71,35,104,95,28,2,42,40,86,60,68,91,96,70,59,25,80,87,72,55,99,78,57,41,19,49,66,76
6,21,92,54,63,48,18,23,47,25,1,5,51,4,28,88,15,61,82,83,17,65,46,24,7,97,37,6,30,2,50,26,3,41,100,21,10,94,9,57,72,60,12,58,43,87,13,78,55,31,40,19,0,8,68,20,49,34,39,38,76,102,80,74,44,32,105,35,53,85,103,89,62,64,79,86,90,67,77,69,59,84,101,11,99,95,96,104,33,93,91,71,56,36,16,81,29,27,75,22,45,98,70,52,66,73,14,42
6,22,9,38,14,82,23,104,95,72,92,31,100,64,28,69,59,79,67,45,85,83,5,93,47,103,3,94,51,76,37,25,24,77,7,57,84,2,42,21,10,60,48,50,96,87,52,12,68,8,30,66,71,78,46,40,16,6,26,35,75,98,0,36,1,58,11,91,39,101,18,53,43,19,54,17,73,99,32,63,97,61,4,15,62,105,22,80,41,86,89,102,55,74,65,33,13,90,20,34,29,27,49,70,88,81,56,44
6,23,71,64,97,79,63,28,16,9,20,23,34,56,70,14,0,31,32,45,61,46,83,5,93,103,51,37,25,24,77,7,66,84,42,21,10,43,48,50,87,99,52,12,54,11,68,17,8,4,15,62,30,91,92,60,2,81,94,65,98,6,85,44,53,89,76,75,57,1,82,58,100,88,47,59,95,74,29,96,3,67,104,26,105,36,22,80,35,41,86,102,55,33,13,90,78,73,39,72,101,27,38,49,40,18,69,19
6,24,44,9,23,56,14,104,83,51,25,7,42,48,52,71,26,36,39,53,66,46,0,95,72,8,63,92,15,54,31,47,4,17,58,2,100,6,30,64,19,28,37,40,50,12,69,32,59,84,101,11,79,86,90,80,67,77,5,75,96,87,76,78,43,45,61,60,94,93,35,85,91,1,20,33,103,24,34,16,73,57,29,27,49,3,99,22,21,70,88,62,98,55,10,68,97,18,105,41,89,102,74,65,13,81,38,82
6,25,79,58,4,102,40,18,6,34,1,68,38,19,30,56,32,26,25,33,23,78,12,3,29,97,73,61,86,2,0,74,13,65,53,82,77,94,15,14,22,84,31,27,71,46,8,28,76,35,54,83,75,99,90,42,24,80,5,17,93,7,81,96,44,9,20,45,92,69,67,95,16,85,36,37,100,55,64,41,103,87,104,39,51,10,57,105,21,63,101,70,91,43,60,66,48,88,11,59,72,52,62,49,50,98,89,47
6,26,27,37,59,64,53,97,79,44,63,1,28,16,9,75,92,20,23,34,58,56,70,100,14,0,31,32,45,61,67,104,46,83,5,93,81,19,30,68,71,91,87,22,66,2,6,86,39,76,88,94,52,24,29,105,47,42,69,55,13,74,95,78,99,54,73,21,12,38,10,50,85,40,26,62,4,96,7,41,48,57,33,3,80,18,8,72,43,90,102,65,60,103,84,17,25,89,11,49,82,98,36,15,51,77,35,101
6,27,9,38,14,82,23,72,92,28,4,0,20,95,51,61,30,104,67,93,10,76,103,29,75,5,57,42,24,105,97,21,31,100,64,69,59,79,45,85,83,47,3,94,37,25,77,7,84,2,60,48,50,96,87,52,12,68,8,66,71,78,46,40,16,6,26,35,98,36,1,58,11,91,39,101,18,53,43,19,54,17,73,99,32,63,15,62,22,80,41,86,89,102,55,74,65,33,13,90,34,27,49,70,88,81,56,44
6,28,31,57,9,54,63,60,53,78,24,23,100,13,25,7,65,58,72,17,103,2,51,21,41,4,26,28,37,40,6,30,19,79,86,90,80,87,77,12,32,101,11,97,95,55,33,93,91,44,84,5,10,48,61,76,89,46,50,1,67,69,99,83,20,15,62,3,43,35,45,14,47,59,42,34,75,64,94,0,73,66,102,39,70,98,22,27,29,81,16,36,56,92,82,105,49,88,52,96,104,71,74,8,85,18,68,38
6,29,92,82,23,34,38,80,42,52,68,36,83,25,102,46,93,64,31,88,79,75,45,4,5,60,3,61,33,17,28,78,15,18,32,96,16,98,85,104,0,72,76,99,95,29,62,54,63,21,59,14,26,19,24,27,47,81,6,103,87,74,57,91,39,90,20,9,13,101,89,41,48,94,58,100,55,2,30,66,49,71,43,84,67,37,11,8,86,22,65,7,97,53,35,10,70,69,105,77,73,56,40,51,44,1,12,50
6,30,79,4,102,40,18,34,1,68,38,19,30,56,32,26,25,33,23,78,3,29,73,61,86,0,74,13,53,82,15,22,84,31,27,71,46,28,35,54,83,90,42,24,80,5,93,7,96,44,20,92,77,41,6,89,99,67,65,2,45,81,66,17,94,97,76,8,14,9,75,57,72,85,60,12,47,58,69,95,16,36,37,100,55,64,103,87,104,39,51,10,105,21,63,101,70,91,43,48,88,11,59,52,62,49,50,98
6,31,5,1,78,10,12,27,61,105,79,23,69,60,83,76,102,62,3,33,49,68,63,99,88,19,77,34,24,21,98,70,84,38,66,75,51,32,96,11,0,18,54,43,37,87,74,57,91,39,90,9,13,89,101,16,47,103,73,46,100,55,86,56,48,14,20,29,2,6,81,97,26,71,45,7,4,8,59,41,94,58,64,52,42,72,30,104,17,40,36,31,95,85,92,53,28,67,93,44,50,22,80,82,25,15,65,35
6,32,80,97,62,99,9,23,100,47,90,15,69,28,45,34,13,14,20,73,81,64,104,22,41,38,3,94,51,76,37,25,68,12,52,87,96,50,48,60,10,21,42,2,84,57,7,77,24,8,30,66,71,78,46,40,16,6,26,35,75,98,0,36,1,58,11,91,39,101,18,53,43,19,27,31,5,61,89,49,56,86,88,74,103,4,67,102,93,17,85,65,82,33,44,55,79,92,29,59,72,105,83,95,54,63,32,70
6,33,74,38,26,71,7,51,23,36,13,83,66,46,95,72,63,31,100,6,37,40,50,69,32,84,101,90,78,57,12,97,73,21,68,91,64,80,44,19,92,42,96,1,94,58,25,62,8,17,82,39,18,48,59,3,75,41,20,85,54,86,0,2,43,52,10,81,27,76,77,104,9,55,67,65,33,60,15,30,4,5,98,56,53,79,34,11,87,47,16,14,28,45,61,93,35,103,24,29,49,99,22,70,88,105,102,89
6,34,36,61,92,71,72,58,2,80,22,4,74,24,98,5,56,23,73,32,0,26,79,62,29,77,83,1,27,54,19,102,34,42,75,50,57,28,90,105,70,7,49,88,89,95,66,25,8,17,82,48,59,3,6,30,46,43,21,91,68,18,65,15,97,13,40,16,51,101,39,63,103,38,37,41,94,93,20,85,86,96,12,52,10,64,81,76,104,9,55,67,33,60,44,53,11,87,47,14,100,31,45,35,78,99,84,69
6,35,56,83,76,98,102,23,48,66,99,70,9,91,68,15,101,63,73,57,38,65,46,24,7,97,30,62,5,54,105,22,37,4,31,13,39,67,103,77,21,18,14,0,94,58,74,34,11,89,20,64,47,51,43,26,52,75,6,53,79,85,3,27,29,92,10,90,81,84,32,1,45,69,16,100,36,12,50,8,71,35,104,95,28,2,42,40,86,59,33,82,80,60,17,72,93,19,78,96,87,41,49,55,61,88,44,25
6,36,38,82,95,72,64,28,9,92,20,23,34,56,70,100,7,77,24,25,37,76,51,94,3,103,47,85,79,59,69,93,5,83,104,67,45,31,14,57,84,2,42,21,10,60,48,50,96,87,52,12,68,8,30,66,71,78,46,40,16,6,26,35,75,98,0,36,1,58,11,91,39,101,18,53,43,19,54,17,73,99,32,63,97,61,4,15,62,105,22,80,41,86,89,102,55,74,65,33,13,90,29,27,49,88,81,44
6,37,85,63,44,67,95,18,55,68,38,19,32,26,25,33,23,78,12,3,97,73,86,2,0,74,13,65,82,77,94,84,31,27,71,46,47,87,11,34,79,53,56,98,5,4,30,15,81,59,43,52,39,89,57,17,72,54,80,50,41,20,42,100,83,102,96,48,60,90,21,9,10,7,40,69,6,104,91,58,64,62,101,66,51,1,75,36,76,8,16,14,28,45,61,93,35,103,24,29,49,99,22,70,88,105,92,37
6,38,5,1,78,12,27,61,45,103,57,79,23,46,60,83,76,102,3,20,33,68,63,6,99,88,19,29,34,24,21,98,38,75,9,16,51,32,96,14,47,39,0,18,54,64,81,52,42,72,26,104,17,91,90,40,36,31,95,85,59,92,28,93,74,44,62,87,13,101,89,41,48,94,58,100,55,2,30,66,49,71,43,84,67,37,11,8,86,22,65,7,97,53,35,10,70,69,105,77,73,56,50,4,80,82,25,15
6,39,71,64,97,79,63,28,16,9,20,23,34,56,70,14,0,31,93,5,83,46,61,45,32,103,51,37,25,24,77,7,66,84,42,21,10,43,48,50,87,99,52,12,54,11,68,17,8,4,15,62,30,91,92,60,2,81,94,65,98,6,85,44,53,89,76,75,57,1,82,58,100,88,47,59,95,74,29,96,3,67,104,26,105,36,22,80,35,41,86,102,55,33,13,90,78,73,39,72,101,27,38,49,40,18,69,19
6,40,31,57,92,9,54,63,48,62,60,7,51,82,23,36,41,13,65,83,104,66,0,95,18,53,25,88,47,100,24,78,74,58,1,72,17,103,2,61,5,21,4,34,26,28,37,40,50,6,30,64,19,79,86,90,80,67,87,77,12,69,32,59,84,101,11,99,46,97,76,55,96,105,33,93,91,44,71,85,3,56,16,89,81,29,27,75,22,45,98,70,52,15,39,102,43,73,49,14,94,68,10,8,35,42,20,38
6,41,3,87,93,23,35,58,100,9,13,42,96,95,64,2,41,17,76,31,22,6,97,89,29,43,33,78,90,24,72,101,48,0,65,8,37,46,18,67,92,103,63,28,82,16,59,99,104,94,50,39,91,62,34,47,36,85,12,102,79,81,44,57,26,5,55,40,20,49,73,80,66,53,70,77,1,30,4,68,38,71,7,54,83,74,105,15,88,98,69,10,11,52,21,86,56,32,75,51,27,45,61,14,84,25,19,60
6,42,15,99,75,20,84,97,35,50,22,38,7,6,10,40,49,57,24,41,104,11,25,0,54,91,88,39,30,71,52,12,94,79,80,36,5,69,9,98,58,73,27,66,33,46,68,90,18,44,95,42,31,92,14,26,93,105,70,86,78,8,67,1,29,45,63,76,64,74,16,37,56,55,96,102,89,87,3,32,13,17,43,21,72,83,47,28,48,53,23,100,60,82,59,61,101,77,85,19,4,65,34,103,51,62,81,2
6,43,78,58,61,103,91,55,69,2,45,48,62,94,20,83,96,23,89,95,12,24,19,49,14,38,66,73,82,44,53,77,92,5,4,74,70,42,31,71,0,98,68,104,7,25,80,56,59,57,26,6,46,41,11,21,54,81,32,67,50,86,40,47,101,79,36,13,43,52,88,65,15,33,16,102,90,29,76,87,97,51,100,34,28,10,105,27,85,37,1,99,9,22,18,3,63,60,17,64,84,72,93,8,75,35,30,39
6,44,15,99,75,20,84,97,35,50,22,38,7,6,10,40,49,57,24,41,104,48,28,47,83,72,21,43,17,13,32,3,87,89,102,96,55,56,37,16,74,64,76,63,45,29,1,67,8,78,86,70,105,93,26,14,92,31,42,95,44,18,90,68,46,33,66,27,73,58,98,9,69,5,36,80,79,94,12,52,71,30,39,88,91,54,0,25,11,53,23,100,60,82,59,61,101,77,85,19,4,65,34,103,51,62,81,2
6,45,64,14,68,99,49,105,24,18,66,10,71,91,55,83,52,13,79,0,70,93,5,86,73,20,9,19,54,15,22,102,33,34,4,25,80,7,11,12,30,38,87,36,84,46,28,78,8,27,101,69,43,97,92,60,2,81,94,65,98,6,85,44,53,89,76,75,57,1,82,58,100,88,47,59,95,74,29,96,3,67,104,26,103,40,35,51,21,61,63,77,56,23,62,72,48,45,50,17,32,39,41,31,16,90,42,37
6,46,95,54,67,56,70,21,1,61,71,13,45,20,80,63,97,30,24,58,9,16,0,81,102,36,4,33,86,52,27,47,18,40,88,28,87,8,103,43,17,72,12,69,73,25,91,51,50,42,38,3,55,5,59,65,26,82,92,99,98,85,78,90,34,44,14,94,57,37,46,11,29,2,10,96,6,41,100,32,19,83,104,74,93,49,15,7,64,89,79,77,60,105,53,62,75,39,23,101,66,22,76,68,35,84,48,31
6,47,36,102,61,92,38,71,72,58,105,70,7,49,101,88,91,51,89,95,40,24,1,13,50,22,46,83,42,90,66,25,62,8,17,82,39,18,48,59,3,37,75,41,94,93,20,80,85,54,86,96,12,0,2,43,52,10,64,81,27,76,77,104,9,55,67,65,33,60,15,30,44,4,5,98,56,53,79,34,97,57,11,87,47,16,14,28,100,63,19,29,31,32,23,73,26,74,103,45,68,35,21,6,78,99,84,69
6,48,46,24,44,67,95,105,5,18,55,68,38,19,30,56,32,26,25,33,23,78,12,3,29,36,72,28,65,66,71,88,42,91,97,27,1,81,58,15,101,92,49,4,50,63,8,17,82,39,48,59,37,75,41,94,93,20,80,85,54,86,96,0,2,43,52,10,64,74,99,11,61,13,98,89,90,76,35,104,70,51,62,21,14,7,69,77,79,22,60,73,6,45,83,84,47,102,100,31,9,40,57,34,53,16,103,87
6,49,73,6,25,51,2,58,28,4,0,9,79,94,19,80,57,54,24,86,40,63,103,100,53,68,90,72,41,38,31,30,5,10,48,61,50,1,20,62,43,35,14,47,42,34,64,67,74,8,18,87,77,12,69,32,59,84,101,11,99,46,97,76,95,55,83,96,105,104,33,93,91,44,71,85,3,56,36,16,89,81,29,27,75,22,45,98,70,52,15,39,88,49,82,92,78,7,21,13,66,65,17,23,37,26,60,102
6,50,85,59,64,79,44,28,9,92,20,23,34,56,70,100,14,31,45,67,104,83,5,93,47,103,3,94,51,76,37,25,24,77,7,57,84,2,42,21,10,60,48,50,96,87,52,12,68,8,30,66,71,78,46,40,16,6,26,35,75,98,0,36,1,58,11,91,39,101,18,53,43,19,54,17,73,99,32,63,97,61,4,15,62,105,22,80,41,86,89,102,55,74,65,33,13,90,88,29,81,72,27,38,49,95,82,69
6,51,24,36,72,28,19,65,66,88,23,91,97,27,38,1,81,58,44,77,92,4,74,70,42,71,68,25,80,56,59,57,26,6,46,15,101,49,30,50,63,105,8,17,82,39,18,48,3,37,75,41,94,93,20,85,54,86,96,12,0,2,43,52,10,64,55,29,67,99,11,61,13,98,32,89,90,76,35,104,51,62,21,14,7,78,69,79,22,60,73,45,83,84,47,102,100,31,9,40,34,95,53,16,103,5,87,33
6,52,96,3,99,90,34,55,102,45,72,35,23,62,58,60,87,83,76,78,12,24,19,49,14,38,66,73,82,44,53,77,92,5,4,74,70,42,31,71,0,98,68,104,7,25,80,56,59,57,26,6,46,41,11,21,54,36,33,50,93,81,84,9,97,22,91,85,28,100,43,103,30,65,16,94,40,79,8,61,63,37,48,1,17,18,2,20,29,64,89,47,13,105,15,88,69,10,52,86,32,75,51,27,101,39,95,67
6,53,44,9,23,56,14,104,83,51,25,7,42,48,96,52,71,26,36,39,53,66,46,0,95,72,8,63,92,15,54,31,47,4,17,58,2,100,6,30,64,19,28,37,40,50,12,69,32,59,84,101,11,79,86,90,80,67,87,77,5,75,76,78,43,45,61,60,94,93,35,85,91,1,20,33,103,24,34,16,73,57,29,27,49,3,99,22,21,70,88,62,98,55,10,68,97,18,105,41,89,102,74,65,13,81,38,82
6,54,15,23,67,102,0,53,2,65,59,97,90,8,58,25,101,12,14,47,17,100,9,33,34,64,87,45,35,3,77,13,28,82,20,104,18,68,6,24,42,7,22,41,91,38,27,31,98,30,84,5,10,48,61,76,89,46,50,1,39,21,49,56,86,88,74,103,19,4,96,55,62,93,51,52,40,29,94,92,105,11,16,78,57,32,70,85,95,72,80,75,99,83,63,37,71,66,26,44,43,54,60,81,69,79,73,36
6,55,24,68,22,35,95,6,42,67,72,47,79,38,105,78,73,55,84,25,56,101,31,14,23,45,80,65,17,81,59,94,62,41,58,75,64,90,48,18,97,96,98,100,19,43,1,26,36,50,57,53,27,16,11,99,92,86,102,88,82,28,60,61,89,33,5,29,93,9,52,37,77,70,2,69,7,46,15,12,76,4,13,20,30,85,32,91,63,39,3,21,71,51,0,44,103,54,40,8,10,104,49,66,34,83,74,87
6,56,33,79,27,51,11,6,22,41,21,97,9,57,72,13,78,19,1,74,85,39,65,23,54,83,18,87,82,52,61,98,17,67,25,37,80,76,24,101,16,47,73,46,55,56,100,31,43,5,36,34,32,10,12,4,50,8,71,26,35,104,103,95,29,28,62,94,2,42,20,40,86,75,3,60,58,68,0,49,15,88,38,102,44,105,53,89,93,84,91,64,66,63,48,30,96,45,70,69,77,99,90,7,14,59,81,92
6,57,66,14,4,74,69,34,6,45,78,23,87,10,71,35,5,88,25,52,0,8,22,11,20,9,31,98,56,32,79,46,43,21,91,68,77,18,65,75,15,97,2,29,13,40,16,28,62,51,50,101,39,90,63,73,103,57,26,38,59,33,82,80,92,42,85,24,60,17,64,83,1,27,54,19,102,12,30,61,105,94,53,76,99,86,93,7,81,96,44,67,95,36,37,100,55,41,104,70,72,48,49,89,3,47,58,84
6,58,51,36,58,7,61,88,78,1,13,22,25,17,18,3,41,94,2,43,10,27,9,65,60,4,5,57,16,100,29,31,23,103,21,72,34,26,28,37,40,50,6,30,64,19,79,86,90,80,67,87,77,12,69,32,59,84,101,11,99,46,97,76,95,55,83,96,105,104,33,0,8,68,20,49,15,39,38,24,102,74,44,35,53,85,89,62,52,93,91,54,66,63,48,75,45,71,82,70,73,42,98,47,14,56,81,92
6,59,97,62,8,23,43,47,25,36,3,26,71,87,28,4,0,9,95,79,94,32,55,12,19,80,33,57,54,70,24,86,40,37,2,45,34,13,14,73,81,101,64,104,18,6,42,7,41,38,98,84,5,48,61,76,10,103,100,22,30,53,31,68,27,90,72,67,69,99,91,83,20,15,89,46,50,1,39,21,49,56,88,74,96,102,93,17,85,35,65,82,44,66,92,51,58,29,59,16,75,77,60,105,63,78,11,52
6,60,5,98,11,45,23,99,53,4,72,74,61,88,40,95,89,102,69,78,13,50,22,46,83,66,93,37,90,57,12,80,64,91,68,21,73,97,44,19,92,42,96,1,94,58,25,62,8,17,82,39,18,48,59,3,75,41,20,85,54,86,0,2,43,52,10,81,27,76,77,104,9,55,67,65,33,60,15,47,32,31,56,49,7,70,105,71,6,34,30,29,16,28,87,14,101,103,79,63,24,84,38,51,26,36,100,35
6,61,96,3,24,54,90,74,12,34,104,26,55,14,102,77,70,45,72,35,7,23,73,62,58,60,42,38,6,87,0,83,76,82,78,36,33,41,50,93,81,84,9,91,19,31,100,43,103,25,30,65,49,16,94,66,40,79,8,97,28,10,27,85,37,1,99,5,51,4,44,22,18,63,17,61,92,59,48,53,57,2,20,29,64,89,47,13,46,105,15,88,98,69,11,52,21,86,56,32,75,71,68,101,39,80,95,67
6,62,92,23,36,102,72,31,88,45,61,78,32,95,19,24,99,74,22,83,42,66,25,8,17,82,48,71,49,100,89,58,47,14,87,11,34,79,53,56,98,5,4,44,60,33,67,55,9,104,76,27,81,64,10,52,0,12,96,86,54,85,80,20,93,94,41,37,38,26,57,103,73,63,90,39,101,50,51,62,28,16,40,13,29,2,97,15,75,65,18,77,68,91,21,43,46,30,6,3,59,84,7,35,70,69,105,1
6,63,24,44,67,95,105,5,18,55,68,38,19,30,56,32,26,25,33,23,78,12,3,72,29,97,73,61,86,2,0,74,13,65,53,82,77,94,15,14,22,84,31,27,71,46,8,28,76,35,79,36,75,1,34,51,66,101,49,103,16,62,64,99,58,91,104,11,6,45,98,4,69,40,7,10,9,88,42,81,92,50,63,17,39,48,59,37,41,93,20,80,85,54,96,43,52,89,90,70,21,60,83,47,102,100,57,87
6,64,58,4,102,40,6,34,1,19,56,32,26,23,78,3,29,73,2,0,74,13,77,14,22,84,31,27,71,28,35,54,83,75,42,24,80,5,81,96,9,20,45,69,95,16,85,36,55,64,41,87,104,39,57,21,70,52,88,90,11,97,12,15,63,67,89,103,30,68,93,100,61,10,33,65,105,82,59,60,94,8,53,25,7,38,76,99,17,91,86,18,92,51,37,48,44,46,101,79,43,66,72,62,49,50,98,47
6,65,23,81,25,101,14,33,34,20,48,59,40,12,97,96,84,39,65,83,104,66,0,95,72,8,63,92,15,54,31,47,4,17,58,2,100,6,30,41,28,13,1,32,88,86,56,49,7,10,70,9,105,85,35,90,80,38,19,68,75,21,16,99,87,98,37,57,61,50,45,64,3,71,24,26,52,82,11,5,51,44,18,42,46,77,91,43,93,22,27,76,89,74,103,55,62,29,94,78,79,67,53,102,60,36,69,73
6,66,36,102,92,72,105,70,88,1,25,82,46,68,77,40,51,50,79,45,4,5,60,3,61,33,17,28,78,15,85,32,96,95,29,62,59,26,19,24,27,6,75,21,16,99,83,63,76,103,87,74,57,91,90,20,9,13,101,14,47,39,11,0,41,18,54,43,37,64,97,81,52,42,58,89,48,94,100,55,2,30,66,49,71,84,67,8,86,22,65,7,53,104,73,38,93,80,12,10,44,98,56,34,31,23,35,69
6,67,15,25,23,67,102,0,74,53,2,34,30,65,48,8,59,40,12,97,96,84,39,41,28,13,1,32,104,88,86,31,56,49,7,10,70,9,105,58,85,17,95,35,90,72,80,38,19,68,75,21,16,99,83,63,87,98,37,57,61,50,45,64,3,71,24,66,26,52,82,11,5,51,4,44,18,42,46,77,91,43,47,93,54,92,55,29,33,60,20,6,81,78,101,14,100,22,27,76,89,103,62,94,69,79,73,36
6,68,103,101,9,51,0,25,36,3,30,100,31,68,12,39,34,69,105,104,97,76,82,61,87,16,24,56,64,60,49,75,84,95,1,11,85,72,29,21,59,6,46,58,27,70,77,57,78,81,7,20,79,2,50,42,37,44,94,48,83,96,28,47,66,92,14,23,8,88,71,52,4,10,40,5,18,53,43,19,54,17,73,99,32,63,15,62,22,80,41,86,89,102,55,74,65,33,13,90,93,38,98,45,26,35,67,91
6,69,36,102,61,38,71,105,101,88,91,51,89,95,40,24,13,50,22,83,42,66,25,8,17,82,39,18,48,3,37,94,93,80,96,12,64,1,11,72,29,21,59,99,6,46,90,58,73,70,57,78,79,62,92,30,75,41,20,85,54,86,0,2,43,52,10,81,27,76,77,104,9,55,67,65,33,60,15,47,32,31,56,49,7,44,4,5,98,53,34,97,87,16,14,28,100,63,19,23,26,74,103,45,68,35,84,69
6,70,97,62,8,23,43,47,25,36,3,26,87,28,4,0,9,95,79,94,32,55,12,19,80,33,57,54,70,24,86,40,37,2,45,34,14,73,81,101,18,6,42,7,41,38,84,5,48,61,76,10,103,100,22,30,53,31,68,27,90,72,67,69,99,91,83,20,15,89,46,50,1,39,21,49,56,74,96,102,93,17,85,35,65,82,44,66,92,51,58,29,59,16,75,77,60,105,63,78,11,64,71,104,88,98,13,52
6,71,86,25,15,23,31,67,102,56,0,74,2,34,30,65,8,59,40,12,97,96,84,39,41,28,13,1,17,95,58,90,72,80,38,10,68,26,19,24,27,6,76,21,16,99,83,9,87,105,50,61,57,37,64,3,11,5,51,4,18,46,77,43,47,92,55,32,29,33,60,20,81,78,69,101,104,88,79,94,7,14,44,35,53,85,89,62,52,93,91,54,66,63,48,75,45,71,82,70,73,42,98,49,22,100,36,103
6,72,5,78,10,12,27,61,105,79,23,69,60,83,76,102,62,3,33,49,68,63,99,88,19,77,34,24,21,98,70,84,38,66,75,51,32,96,11,0,54,43,37,17,85,8,18,39,1,87,74,57,91,90,9,13,89,101,16,47,103,73,46,100,55,86,56,48,14,20,29,2,6,81,97,26,71,45,7,50,44,93,67,28,53,92,95,31,36,40,104,30,72,42,52,64,58,94,41,59,4,22,80,82,25,15,65,35
6,73,85,59,64,53,97,63,1,9,75,23,34,0,31,61,104,5,3,76,24,21,10,60,43,99,54,11,26,4,15,30,91,80,35,86,102,90,88,98,22,58,67,6,74,16,38,52,71,105,51,56,25,12,89,103,40,93,49,100,8,73,70,77,41,57,78,81,32,7,33,20,79,2,50,55,42,37,44,94,48,62,83,96,13,28,47,66,92,14,27,36,84,45,46,87,29,65,68,39,72,101,18,95,82,17,69,19
6,74,62,96,35,88,102,95,22,79,0,21,46,91,39,49,20,93,23,40,48,38,98,44,16,63,18,70,80,1,50,29,34,92,71,101,54,68,26,32,11,61,59,19,56,4,28,86,3,69,36,5,77,41,6,89,99,67,65,2,45,81,66,17,94,97,76,8,14,9,75,57,72,85,60,12,47,58,82,43,103,15,104,87,7,105,90,25,24,13,42,53,78,73,55,37,31,33,74,52,84,83,51,100,30,27,64,10
6,75,86,25,15,23,31,67,102,56,0,74,53,2,34,30,65,48,8,59,40,12,97,96,84,39,41,28,13,1,85,17,95,58,35,90,72,80,38,19,10,68,75,21,16,99,83,63,9,87,105,98,37,57,61,50,45,64,3,71,24,70,66,26,52,82,11,5,51,4,44,18,42,46,77,91,43,47,93,54,92,55,32,29,33,60,20,6,81,78,89,69,101,104,88,79,94,7,76,14,49,22,73,62,100,36,27,103
6,76,11,54,57,4,86,77,95,83,97,2,12,16,82,45,61,17,94,105,27,39,31,76,49,3,19,22,18,34,78,10,72,62,13,67,33,24,100,51,55,52,37,9,20,68,25,35,74,44,88,81,104,87,46,28,21,59,36,8,102,7,80,26,70,65,29,6,98,23,38,0,71,58,96,43,40,41,1,42,92,75,69,63,60,79,53,91,99,15,90,73,85,50,5,48,93,14,66,32,101,84,47,30,64,103,89,56
6,77,80,97,62,53,8,99,9,23,100,43,47,25,90,15,36,3,26,71,87,37,69,2,28,45,34,13,14,20,73,81,12,101,64,104,18,68,6,24,42,7,22,41,91,38,27,31,98,30,84,5,10,48,61,76,89,46,50,1,39,21,49,56,86,88,74,103,19,4,96,67,102,93,17,85,35,0,65,82,33,44,66,55,79,92,51,58,29,59,16,75,72,40,57,77,60,105,83,95,54,63,78,32,94,11,52,70
6,78,25,15,23,67,102,0,74,53,2,34,30,65,48,8,59,40,12,97,96,84,39,41,28,13,1,32,104,88,86,31,56,49,7,10,70,9,105,58,85,17,95,35,90,72,80,38,19,68,75,21,16,99,83,63,87,98,37,57,61,50,45,64,3,71,24,66,26,52,82,11,5,51,4,44,18,42,46,77,91,43,47,93,54,92,55,29,33,60,20,6,81,78,89,69,101,79,94,76,14,22,73,62,100,36,27,103
6,79,44,91,31,75,89,51,70,0,22,19,64,68,34,72,104,57,77,27,3,88,49,79,1,74,40,10,85,39,65,23,42,54,83,18,28,87,50,82,52,61,60,5,98,35,17,67,25,36,37,80,76,24,101,16,47,103,73,46,100,55,86,56,48,14,20,29,2,6,81,97,26,71,45,7,4,8,59,66,21,105,93,96,38,95,12,13,11,53,15,102,62,92,99,32,41,90,94,69,58,63,84,43,33,78,30,9
6,80,11,54,57,4,86,77,95,83,97,2,12,16,82,45,61,17,94,105,27,39,31,76,49,3,19,22,18,34,78,10,72,62,13,67,33,24,100,51,55,52,37,9,20,68,25,35,74,44,88,81,104,87,46,28,21,59,36,8,102,7,80,26,70,65,29,6,98,23,38,0,71,58,96,43,40,41,1,42,92,75,69,63,60,79,53,91,99,15,90,73,85,50,5,48,93,14,66,32,101,84,47,64,30,89,56,103
6,81,105,60,62,102,40,18,6,34,1,68,38,19,30,56,32,26,25,33,23,78,12,3,29,97,73,61,86,2,0,74,13,65,53,82,77,94,15,14,22,84,31,27,71,46,8,28,76,35,54,83,75,99,90,42,24,80,5,17,93,7,81,96,44,9,20,45,92,69,67,95,16,85,36,37,100,55,64,41,103,87,104,39,70,72,48,59,49,89,91,63,43,11,52,10,88,101,51,79,50,58,4,98,47,57,66,21
6,82,38,70,51,84,24,36,99,7,105,71,61,88,40,95,89,102,69,78,13,50,22,46,83,66,93,37,90,57,12,80,64,91,68,21,73,97,44,19,92,42,96,1,94,58,25,62,8,17,82,39,18,48,59,3,75,41,20,85,54,86,0,2,43,52,10,81,27,76,77,104,9,55,67,65,33,60,15,30,4,5,98,56,53,79,34,11,87,47,16,14,28,100,63,29,31,32,23,26,74,103,45,35,49,6,101,72
6,83,38,70,51,84,24,36,58,99,7,105,71,91,61,88,40,95,89,102,69,78,1,13,50,22,46,83,42,90,66,25,62,8,17,82,39,18,48,59,3,37,75,41,94,93,20,80,85,54,86,96,12,0,2,43,52,10,64,81,27,76,77,104,9,55,67,65,33,60,15,30,44,4,5,98,56,53,79,34,97,57,11,87,47,16,14,28,100,63,19,29,31,32,23,73,26,74,103,45,68,35,21,49,6,101,72,92
6,84,85,59,64,53,97,63,1,28,9,75,92,20,23,34,0,31,61,104,83,5,47,3,76,37,24,7,66,57,42,21,10,60,43,50,96,99,54,11,26,4,15,62,30,91,80,35,41,86,102,55,33,13,90,88,98,22,58,32,67,6,74,16,38,79,52,48,71,105,51,77,56,25,12,89,103,40,93,49,2,100,8,27,36,84,44,45,46,87,29,14,65,70,78,94,68,73,39,72,101,18,95,82,17,69,81,19
6,85,41,52,58,23,65,92,87,57,68,89,56,39,20,6,81,24,79,17,26,45,7,4,8,59,60,78,80,14,30,40,25,102,62,27,94,90,48,18,97,19,28,9,77,11,46,71,51,105,54,95,86,70,43,104,66,22,91,82,1,16,35,50,99,2,69,0,5,13,47,103,101,67,34,84,93,74,21,53,42,15,37,10,12,29,49,63,72,85,36,55,61,31,32,88,73,44,98,83,100,33,96,64,75,3,38,76
6,86,25,20,98,11,48,23,99,1,44,4,74,27,81,83,76,95,47,32,88,86,56,49,10,70,9,58,71,6,30,46,43,21,91,68,77,18,65,75,15,97,2,29,13,40,16,28,62,51,50,101,39,90,63,73,103,57,26,38,59,33,82,80,92,42,85,24,60,17,64,84,72,93,8,19,45,7,31,89,104,53,0,54,78,5,96,3,87,105,41,34,14,100,35,36,66,52,94,12,55,22,102,37,61,79,69,67
6,87,100,83,89,3,68,17,28,9,71,105,69,0,13,34,42,37,10,12,36,55,31,30,25,39,104,97,76,65,74,82,61,43,87,16,24,56,53,64,60,18,49,75,84,95,1,11,85,72,29,21,59,99,15,6,86,46,90,58,27,73,70,77,41,57,78,81,32,7,33,20,79,62,92,101,40,88,45,94,50,51,35,23,8,38,4,44,63,93,66,103,54,67,48,5,19,80,14,102,26,47,2,96,98,91,22,52
6,88,65,88,23,91,27,1,81,58,44,77,4,74,70,71,68,25,56,6,46,49,30,18,48,37,75,20,86,43,10,55,67,99,11,61,98,32,76,21,15,97,2,29,13,40,16,28,62,51,50,101,39,90,63,73,103,57,26,38,59,33,82,80,92,42,85,24,60,17,64,84,72,93,8,19,45,7,31,89,104,53,0,54,78,5,96,3,87,105,41,34,14,100,35,36,66,52,94,12,69,79,22,83,47,102,9,95
6,89,44,91,89,51,70,0,22,19,64,72,57,77,27,88,49,79,1,74,85,39,65,23,54,83,18,87,82,52,61,98,17,67,25,37,80,76,24,101,16,47,73,46,55,56,100,31,43,5,36,34,32,10,12,4,50,8,71,26,35,104,103,95,29,28,62,94,2,42,20,40,86,75,3,60,58,68,48,14,6,81,97,45,7,59,66,21,105,93,96,38,13,11,53,15,102,92,99,41,90,69,63,84,33,78,30,9
6,90,80,97,62,8,9,23,43,47,25,36,3,26,71,87,37,2,28,45,34,13,14,73,81,12,101,64,104,18,6,24,42,7,41,38,98,84,5,48,61,76,10,103,100,22,30,53,31,68,27,90,72,67,69,99,91,83,20,15,89,46,50,1,39,21,49,56,86,88,74,19,4,96,102,93,17,85,35,0,65,82,33,44,66,55,79,92,51,58,29,59,16,75,40,57,77,60,105,95,54,63,78,32,94,11,52,70
6,91,86,25,15,23,31,67,102,56,0,74,53,2,34,30,65,48,8,59,40,12,97,96,84,39,41,28,13,1,85,17,95,58,35,90,72,80,38,10,68,75,26,19,24,27,6,76,21,16,99,83,63,9,87,105,45,50,61,57,37,98,64,3,71,70,66,52,82,11,5,51,4,44,18,42,46,77,91,43,47,93,54,92,55,32,29,33,60,20,81,78,89,69,101,104,88,79,94,7,14,49,22,73,62,100,36,103
6,92,74,53,1,30,72,57,44,69,98,33,23,9,93,64,38,105,27,77,88,15,61,82,83,85,65,11,90,52,79,22,31,43,5,34,32,10,12,50,35,104,95,28,62,94,17,67,25,36,37,80,76,24,101,16,47,103,73,46,100,55,86,56,48,14,20,29,2,6,81,97,26,71,45,7,4,8,42,40,75,3,60,58,68,91,96,70,51,59,0,92,18,89,63,39,54,102,78,13,19,99,21,49,41,66,84,87
6,93,103,51,100,90,70,34,31,24,5,55,93,77,29,102,23,37,79,38,44,27,69,7,65,33,71,78,49,59,88,46,40,16,6,98,0,1,39,101,18,53,19,42,21,10,43,48,50,96,87,99,52,54,11,68,26,4,15,2,45,81,66,17,94,97,76,8,14,9,75,57,72,85,60,12,47,58,82,62,30,91,105,36,22,80,35,41,86,89,73,32,63,61,84,20,67,64,92,56,13,28,25,95,74,83,3,104
6,94,85,63,44,67,95,105,5,18,55,68,38,19,30,56,32,26,25,33,23,78,12,3,29,97,73,61,86,2,0,74,13,65,53,82,77,94,15,14,22,84,31,27,71,46,8,28,76,35,79,36,75,1,34,51,66,101,49,103,16,62,64,99,58,91,104,11,6,45,98,4,69,40,7,10,9,21,90,60,48,47,96,70,87,102,83,100,24,42,20,41,50,80,88,93,54,72,17,57,89,39,52,43,59,81,92,37
6,95,73,39,60,4,6,93,16,49,54,44,80,29,55,91,62,67,28,86,70,7,41,51,3,63,19,65,8,38,10,78,82,18,37,0,59,81,61,74,23,22,5,36,11,97,69,21,87,31,77,68,94,26,85,95,96,79,52,72,75,103,105,99,57,66,20,1,40,15,24,53,84,17,2,46,58,47,25,50,101,42,89,9,56,92,32,12,33,100,30,27,90,83,43,48,35,45,14,34,76,64,71,104,88,98,13,102
6,96,5,98,11,45,23,99,53,4,72,74,61,88,40,95,89,102,69,78,13,50,22,46,83,66,93,37,90,57,12,80,64,91,68,21,73,97,44,19,92,42,96,1,94,58,25,62,8,17,82,39,18,48,59,3,75,41,20,85,54,86,0,2,43,52,10,81,27,76,77,104,9,55,67,65,33,60,15,47,32,31,56,49,7,70,105,71,6,34,30,29,16,28,87,14,51,101,63,103,26,38,35,24,36,100,84,79
6,97,54,8,100,15,36,3,37,13,99,69,90,87,96,89,9,56,50,47,67,102,14,93,73,17,85,71,35,0,84,26,81,25,18,104,65,38,10,12,82,33,44,66,55,27,76,79,31,92,98,20,34,51,43,46,48,45,58,29,59,16,42,86,101,2,75,61,22,23,21,28,64,68,6,24,7,41,91,30,5,1,39,49,88,74,103,19,4,62,52,40,94,105,11,78,57,32,83,72,97,53,63,60,80,95,70,77
6,98,42,9,38,52,71,7,51,82,23,41,65,83,0,95,72,8,63,15,54,31,47,4,17,58,2,100,64,19,37,12,69,84,79,67,87,43,61,60,93,91,1,24,16,48,86,46,57,11,21,3,103,44,50,77,27,49,22,70,88,62,98,55,10,97,13,73,5,26,74,102,76,6,35,33,75,90,34,32,104,39,94,36,30,40,66,78,29,92,80,45,28,59,20,89,96,18,14,68,85,101,99,105,25,81,53,56
6,99,85,64,27,37,81,19,44,20,30,68,71,59,67,91,70,79,87,22,104,66,2,6,93,86,61,39,58,76,88,45,94,52,24,29,53,97,63,1,28,16,9,75,92,23,34,56,100,14,0,31,32,46,83,5,47,103,3,51,25,77,7,57,84,42,21,10,60,43,48,50,96,99,12,54,11,26,17,8,4,15,62,105,36,80,35,41,89,102,55,74,65,33,13,90,98,78,73,72,101,38,49,40,18,95,82,69
6,100,51,70,77,27,79,1,23,18,82,98,17,67,25,37,101,16,22,29,2,50,26,3,85,53,35,105,32,44,74,80,102,76,24,38,88,39,34,15,65,49,20,68,8,83,0,19,40,31,55,78,13,87,43,58,12,60,72,57,9,97,94,10,21,100,41,103,89,61,62,52,93,84,46,91,64,54,47,73,56,5,36,4,71,104,95,28,42,86,75,48,14,6,81,45,7,59,66,96,11,92,99,90,69,63,33,30
6,101,85,63,44,67,95,105,5,18,55,68,38,19,30,56,32,26,25,33,23,78,12,3,29,97,73,61,86,2,0,74,13,65,53,82,77,94,15,14,22,84,31,27,71,46,8,28,76,35,79,36,75,1,34,51,66,101,49,103,16,62,64,99,58,91,104,11,6,45,98,4,69,40,7,10,9,21,90,60,48,47,96,70,87,102,83,100,24,42,20,41,50,80,88,93,54,72,17,57,52,89,43,37,92,59,39,81
6,102,24,68,22,35,95,6,42,72,38,105,23,78,84,25,101,31,96,17,100,19,43,1,14,90,27,11,97,60,61,89,33,29,93,45,9,52,77,64,48,0,65,8,37,46,18,98,67,92,103,63,28,82,16,59,99,104,94,50,39,91,62,34,47,36,69,85,12,102,79,81,44,57,26,5,56,55,88,40,20,49,73,80,66,53,4,86,3,70,2,7,15,76,13,30,32,75,21,71,51,54,10,58,41,83,74,87
6,103,67,95,33,18,79,27,23,1,51,28,11,6,22,29,2,3,41,21,94,97,9,57,72,60,58,87,13,78,40,19,0,83,68,20,49,65,24,101,16,47,73,46,55,56,100,31,43,5,36,34,32,10,12,4,50,8,71,26,35,104,15,39,88,38,76,102,80,74,44,105,53,85,103,89,61,62,52,93,84,91,64,54,37,66,63,48,30,96,86,75,45,82,70,17,69,77,99,90,42,25,98,7,14,59,81,92
6,104,85,59,79,44,28,9,92,23,70,100,45,83,47,3,94,51,37,25,77,57,2,60,87,52,34,13,14,20,73,81,12,101,64,104,18,68,6,24,42,7,22,41,91,38,27,31,98,30,84,5,10,48,61,76,89,46,50,1,39,21,49,56,86,88,74,103,19,4,96,67,102,93,8,66,71,78,40,16,26,35,75,0,36,58,11,53,43,54,17,99,32,63,97,15,62,105,80,55,65,33,90,29,72,95,82,69
6,105,35,71,78,14,2,80,58,105,70,7,49,88,89,95,24,1,22,83,42,66,25,8,17,82,48,59,3,6,30,46,43,21,91,68,77,18,65,4,74,98,5,56,23,73,32,0,26,79,62,29,27,54,19,102,34,75,50,57,28,90,97,12,15,61,33,60,94,53,38,76,99,86,93,81,96,44,9,20,45,92,69,67,16,85,36,37,100,55,64,41,103,87,104,39,72,63,11,52,10,101,51,13,47,40,31,84
6,106,102,56,97,99,89,45,8,2,14,35,38,72,83,33,10,22,60,21,12,100,5,25,32,94,59,87,11,85,98,77,9,26,88,101,105,93,63,40,46,19,74,3,61,4,67,15,73,57,78,65,91,44,29,104,48,27,58,23,70,96,43,47,1,0,103,16,66,34,79,49,37,6,51,80,84,71,7,28,24,68,39,92,50,30,64,31,53,86,75,52,54,36,90,55,42,41,76,20,13,17,69,81,18,95,82,62
6,107,52,10,71,0,25,17,30,31,12,39,36,18,87,95,3,24,9,82,56,100,2,55,34,105,42,37,11,16,1,53,83,96,47,28,89,61,60,97,76,13,68,84,75,69,104,65,74,43,29,21,59,99,15,6,86,46,90,58,27,73,70,77,41,57,78,81,32,7,33,20,79,62,92,101,40,88,45,94,50,51,35,23,8,38,4,44,63,93,66,103,54,67,48,5,19,80,14,102,64,49,85,72,26,98,91,22
6,108,96,17,61,6,42,13,45,23,87,10,71,35,25,52,22,11,9,31,14,95,70,41,21,7,2,64,84,1,29,32,43,33,78,90,24,72,101,15,48,0,65,8,37,46,18,98,67,92,103,63,28,82,16,59,99,104,94,50,39,91,62,34,47,36,69,85,12,102,79,81,44,57,26,5,56,55,88,40,20,49,73,80,66,53,4,86,3,83,97,89,68,58,51,76,54,75,105,74,100,60,30,93,77,38,27,19
6,109,56,79,100,83,27,76,98,102,14,23,81,94,48,11,95,86,66,22,1,35,99,69,10,70,9,58,71,6,30,46,43,21,91,68,77,18,65,75,15,97,2,29,13,40,16,28,62,51,50,101,39,90,63,73,103,57,26,38,59,33,82,80,92,42,85,24,60,17,64,84,72,93,8,19,45,7,31,89,104,53,0,54,78,5,96,3,87,105,41,34,47,67,74,37,12,49,36,55,61,32,88,44,4,25,20,52
6,110,74,42,38,52,26,71,14,51,82,23,36,65,83,66,0,95,12,97,96,84,39,41,28,13,1,32,104,88,86,31,56,49,7,10,70,9,105,72,8,63,92,15,54,47,4,17,58,2,100,5,87,67,80,90,79,101,59,69,40,37,19,64,30,6,76,78,43,61,60,94,93,85,91,20,33,24,34,16,45,48,46,57,11,35,75,21,3,29,103,44,50,77,73,27,99,22,62,98,55,68,18,25,81,53,102,89
6,111,15,99,75,20,84,97,35,50,22,6,40,57,24,41,104,48,28,47,83,21,43,17,13,32,3,87,89,102,96,55,37,1,82,58,72,80,38,19,31,56,49,7,10,70,9,105,16,74,64,76,63,45,29,67,8,78,86,93,26,14,92,42,95,44,18,90,68,46,33,66,27,73,98,69,5,36,79,94,12,52,71,30,39,88,91,54,0,25,11,53,23,100,60,59,61,101,77,85,4,65,34,103,51,62,81,2
6,112,9,23,100,13,25,65,58,2,21,41,4,37,40,6,30,79,86,87,77,12,32,11,97,95,55,91,44,10,48,61,76,46,1,67,69,99,83,20,15,3,43,35,14,47,34,28,62,51,50,101,39,90,63,73,103,57,26,38,59,33,82,80,92,42,85,24,60,17,64,84,72,93,8,19,45,7,31,89,104,53,0,54,78,5,75,94,66,102,70,98,22,27,29,81,16,36,56,105,49,88,52,96,71,74,18,68
6,113,92,82,23,34,38,80,68,36,25,102,93,72,98,31,79,45,4,5,60,3,61,33,17,28,78,15,85,32,96,95,29,62,59,26,19,24,27,6,75,16,99,83,63,76,103,87,57,91,90,20,9,13,101,14,89,46,50,1,39,21,49,56,86,88,74,47,11,0,41,18,54,43,37,64,97,81,52,42,58,48,94,100,55,2,30,66,71,84,67,8,22,65,7,53,104,35,10,70,69,105,77,73,40,51,44,12
6,114,41,60,24,7,87,61,42,1,44,4,74,27,81,83,76,95,47,32,88,86,56,49,10,70,9,58,71,6,30,46,43,21,91,68,77,18,22,31,98,8,37,55,100,38,15,63,72,57,3,67,51,17,79,93,52,84,23,12,65,62,75,64,90,48,97,19,28,11,105,54,40,104,66,82,16,25,35,50,99,2,69,0,5,13,33,103,73,26,102,34,39,94,36,78,29,92,80,45,59,20,89,96,14,85,101,53
6,115,67,95,33,18,79,27,23,1,51,28,11,6,29,2,3,21,94,97,9,57,72,60,87,13,78,40,19,0,83,68,20,49,65,24,101,16,46,55,56,100,31,43,5,34,10,12,4,50,8,71,26,104,15,39,88,38,76,102,74,44,53,85,103,52,93,84,64,54,37,66,48,96,75,45,47,58,82,62,30,91,105,36,22,80,35,41,86,89,73,32,63,61,70,17,69,77,99,90,42,25,98,7,14,59,81,92
6,116,95,67,65,78,23,79,80,94,92,81,60,27,62,30,39,104,61,90,97,41,0,63,102,7,40,8,58,22,25,101,12,89,1,84,49,88,98,19,17,83,100,9,105,55,33,72,96,34,64,3,71,24,70,66,26,52,82,11,5,51,4,44,42,46,77,91,47,45,32,48,86,57,74,87,37,43,54,18,6,2,29,14,56,35,75,21,103,50,13,28,10,53,38,93,68,99,20,36,31,59,76,15,73,69,85,16
6,117,83,89,3,68,17,28,71,105,100,10,94,9,57,60,43,13,78,31,88,25,7,65,58,69,0,34,42,37,12,36,55,30,39,104,97,76,74,82,61,87,16,24,56,53,64,18,49,75,84,95,1,11,85,72,29,21,59,99,15,6,86,46,90,27,73,70,77,41,81,32,33,20,79,62,92,101,40,45,50,51,35,23,8,38,4,44,63,93,66,103,54,67,48,5,19,80,14,102,26,47,2,96,98,91,22,52
6,118,64,53,97,63,9,75,92,19,68,34,72,104,77,27,3,88,49,79,1,40,10,85,65,23,83,28,50,82,61,60,5,98,35,17,67,25,36,80,76,24,38,96,93,105,21,66,59,8,4,7,45,71,20,0,31,47,37,57,42,43,99,54,11,26,15,62,30,91,41,86,102,55,33,13,90,22,58,32,6,74,16,52,48,51,56,12,89,103,2,100,84,44,46,87,29,14,70,78,94,73,39,101,18,95,69,81
6,119,15,23,67,102,53,2,65,59,97,90,8,58,25,12,17,100,33,34,64,87,45,35,3,77,28,82,20,104,68,6,24,42,7,22,91,38,27,31,98,30,84,5,10,48,61,76,89,46,50,1,21,49,56,86,9,13,101,14,47,39,11,0,41,18,54,88,74,103,19,4,96,55,62,93,51,52,40,29,94,92,105,16,78,57,32,70,85,95,72,80,75,99,83,63,37,71,66,26,44,43,60,81,69,79,73,36
6,120,66,14,4,74,69,34,6,45,78,23,87,10,35,5,88,25,52,0,8,22,11,20,9,31,98,56,32,79,46,43,91,68,77,18,65,75,97,2,13,40,16,28,64,3,71,24,85,72,29,21,59,99,15,62,51,50,101,39,90,63,73,103,57,26,38,33,82,80,92,42,60,17,83,1,27,54,19,102,12,30,61,105,94,53,76,86,93,7,81,96,44,67,95,36,37,100,55,41,104,70,48,49,89,47,58,84
6,121,67,36,23,1,51,22,50,10,72,12,40,8,68,65,31,88,79,45,4,5,60,3,61,33,17,28,78,15,85,32,96,95,29,62,59,26,19,24,27,6,75,21,16,99,83,63,76,103,87,74,57,91,90,20,9,13,101,14,47,39,11,0,41,18,54,43,37,64,97,81,52,42,58,89,48,94,100,55,2,30,66,49,71,34,38,102,80,44,105,35,53,93,84,46,86,104,82,70,69,73,77,25,98,7,56,92
6,122,92,82,23,36,25,98,79,45,4,5,33,17,28,95,11,6,22,29,2,50,26,3,41,100,21,10,94,97,9,57,72,60,12,58,43,87,13,78,55,31,40,19,0,83,8,68,20,49,65,15,34,39,88,38,24,76,102,80,74,44,32,105,35,53,96,30,48,63,66,37,54,64,91,46,84,93,52,62,61,89,103,85,86,59,27,75,16,99,90,101,14,47,18,81,42,71,67,7,104,70,69,77,73,56,51,1
6,123,73,6,25,58,79,19,80,57,24,40,100,68,72,41,38,31,10,48,50,1,43,35,14,47,42,34,67,74,8,18,87,59,84,101,95,55,83,96,105,104,90,53,27,16,11,99,94,92,86,102,88,82,28,97,60,61,89,33,5,29,93,45,9,52,37,77,64,70,2,69,7,46,15,12,76,4,13,20,30,85,32,91,63,75,39,3,21,71,51,0,44,103,54,62,56,36,81,22,98,49,78,66,65,17,23,26
6,124,61,91,55,69,2,94,83,23,95,12,49,38,73,82,44,98,4,105,103,60,11,24,0,34,77,92,74,70,42,71,68,25,56,80,59,57,26,6,46,81,32,67,50,86,40,47,101,79,36,52,88,65,15,33,16,102,90,29,76,97,51,28,10,27,85,37,1,99,22,18,63,17,64,84,72,93,8,19,45,7,31,89,104,53,54,78,5,96,3,87,41,14,100,35,13,48,62,9,20,58,30,66,75,21,43,39
6,125,8,6,60,79,83,92,72,58,105,70,7,27,89,24,78,3,76,38,68,102,23,45,81,59,94,84,25,65,56,101,80,31,96,98,17,100,19,43,1,14,26,36,50,62,41,75,64,90,48,18,97,28,9,77,11,46,71,51,54,95,86,104,66,22,91,82,16,35,99,2,69,0,5,13,47,103,67,34,93,74,21,53,42,15,37,10,12,29,49,63,85,55,61,32,88,73,44,30,33,87,40,4,20,39,52,57
7,0,18,27,36,23,16,22,29,3,100,10,94,9,57,60,43,13,78,31,88,25,7,65,58,1,72,17,103,2,61,5,51,21,41,4,34,26,28,37,40,50,6,30,64,19,79,86,90,80,67,87,77,12,69,32,59,84,101,11,99,46,97,76,95,55,83,96,105,104,33,0,8,68,20,49,15,39,38,24,102,74,44,35,53,85,89,62,52,93,91,54,66,63,48,75,45,71,82,70,73,42,98,47,14,56,81,92
7,1,36,102,61,92,71,72,58,105,70,7,49,88,89,95,24,1,22,83,42,66,25,8,17,82,48,59,3,6,30,46,43,21,91,68,77,18,65,75,15,97,2,29,13,40,16,28,62,51,50,101,39,90,63,73,103,57,26,38,37,41,94,93,20,80,85,54,86,96,12,0,52,10,64,81,27,76,104,9,55,67,33,60,44,4,5,98,56,53,79,34,11,87,47,14,100,19,31,32,23,74,45,35,78,99,84,69
7,2,36,102,61,38,71,105,49,101,88,91,51,89,95,40,24,13,50,22,83,42,66,25,8,17,82,39,18,48,3,37,75,94,93,80,54,96,12,0,2,43,52,10,64,76,1,11,85,72,29,21,59,99,15,6,86,46,90,58,27,73,70,77,41,57,78,81,32,7,33,20,79,62,92,104,9,55,67,65,60,30,44,4,5,98,56,53,34,97,87,47,16,14,28,100,63,19,31,23,26,74,103,45,68,35,84,69
7,3,74,9,96,52,26,71,82,36,20,23,34,56,70,14,0,31,32,45,61,46,83,5,93,103,51,37,25,24,77,7,66,84,42,21,10,43,48,50,87,41,13,65,104,95,72,8,63,92,15,54,47,4,17,58,2,100,6,30,64,19,28,40,12,69,59,101,11,86,90,67,75,76,78,80,44,38,79,60,94,35,85,91,1,33,16,73,57,29,27,49,3,99,22,88,62,98,55,68,97,18,105,81,53,102,39,89
7,4,103,63,80,102,22,101,89,9,19,51,0,3,17,100,42,37,10,12,36,55,31,30,25,39,104,97,68,34,69,105,76,65,74,82,61,43,87,16,24,56,53,64,60,18,49,75,84,95,1,11,85,72,29,21,59,99,15,6,86,46,90,58,27,73,70,77,41,57,78,81,32,7,33,20,79,2,50,44,94,48,62,83,96,13,28,47,66,92,14,23,8,88,71,52,4,54,40,5,93,38,98,45,26,35,67,91
7,5,23,35,100,13,42,95,17,31,22,105,89,24,101,8,103,63,28,50,91,36,69,102,26,88,82,39,18,48,3,37,75,94,93,80,54,96,12,0,2,43,52,10,64,76,1,11,85,72,29,21,59,99,15,6,86,46,90,58,27,73,70,77,41,57,78,81,32,7,33,20,79,62,92,104,9,55,67,65,60,30,44,4,5,98,56,53,34,97,87,47,16,14,40,49,66,68,38,71,83,74,45,51,61,84,25,19
7,6,18,27,23,16,22,29,3,100,71,105,69,0,13,34,42,37,10,12,36,55,31,30,25,94,9,57,60,43,78,88,7,65,58,1,72,17,103,2,61,5,51,21,41,4,26,28,40,50,6,64,19,79,86,90,80,67,87,77,32,59,84,101,11,99,46,97,76,95,83,96,104,33,8,68,20,49,15,39,38,24,102,74,44,35,53,85,89,62,52,93,91,54,66,63,48,75,45,82,70,73,98,47,14,56,81,92
7,7,80,97,53,8,9,23,100,47,25,15,36,3,26,71,87,37,28,45,34,20,73,81,12,101,18,68,6,24,42,41,91,38,27,31,30,84,5,48,46,50,1,39,49,56,86,88,74,103,19,4,96,102,93,17,85,65,82,33,0,2,43,52,10,64,55,29,67,99,11,61,13,98,32,89,90,76,35,104,51,62,21,14,7,78,69,79,22,44,66,92,58,59,16,75,72,40,57,77,60,105,83,95,54,63,94,70
7,8,24,68,22,35,95,6,42,72,38,105,23,78,84,25,101,31,96,17,100,19,43,1,14,90,27,11,48,0,65,8,18,98,67,92,103,28,82,16,59,99,104,94,50,62,34,47,36,102,79,81,57,88,49,97,60,61,89,33,5,29,93,45,9,52,37,77,64,70,2,69,7,46,15,12,76,4,13,20,30,85,32,91,63,75,39,3,21,44,26,56,55,40,73,80,66,53,86,71,51,54,10,58,41,83,74,87
7,9,23,35,13,42,95,31,22,89,24,103,28,50,36,102,26,88,82,39,18,48,3,75,96,12,0,52,1,11,29,21,99,86,7,10,70,9,105,72,8,63,92,15,54,47,4,17,58,2,100,5,87,67,80,90,79,101,59,69,40,37,19,64,30,6,76,78,43,61,60,94,93,85,91,46,27,73,77,41,57,81,32,33,20,62,104,55,65,44,98,56,53,34,97,16,14,49,66,68,38,71,83,74,45,51,84,25
7,10,92,63,48,18,23,47,25,1,5,4,28,88,15,61,82,17,65,46,24,7,97,37,6,30,2,50,26,3,100,21,94,9,57,72,60,12,43,87,13,78,55,31,40,19,0,8,68,20,49,34,39,38,76,102,80,44,32,105,35,53,85,103,89,62,64,79,86,90,67,77,69,59,84,101,11,99,95,96,104,33,93,91,71,56,36,16,81,29,27,75,22,45,98,70,52,66,73,14,51,54,10,58,41,83,74,42
7,11,36,102,61,38,71,105,101,88,51,89,95,24,13,50,22,83,42,66,25,8,17,82,18,48,37,94,93,80,54,96,12,0,2,43,52,10,64,76,1,11,72,29,59,99,15,6,86,46,90,58,27,73,70,77,41,57,78,81,7,33,20,79,62,92,104,9,67,65,60,4,5,98,53,34,97,87,47,16,30,85,32,91,63,75,39,3,21,44,26,56,55,40,49,14,28,100,19,31,23,74,103,45,68,35,84,69
7,12,95,67,56,70,45,20,9,28,72,69,5,59,82,92,85,34,44,14,100,83,93,49,64,79,104,47,103,3,94,51,76,37,25,24,77,7,57,84,2,42,21,10,60,48,50,96,87,52,12,68,8,30,66,71,78,46,40,16,6,26,35,75,98,0,36,1,58,11,91,39,101,18,53,43,19,54,17,73,99,32,63,97,61,4,15,62,105,22,80,41,86,89,102,55,74,65,33,13,90,88,29,81,27,38,23,31
7,13,36,23,16,22,29,3,100,10,94,9,57,60,13,78,88,25,7,65,58,1,72,17,103,2,51,21,41,4,34,26,28,37,40,50,6,30,64,79,86,90,80,67,87,77,12,69,32,59,84,11,99,46,97,76,95,55,83,96,105,104,33,0,8,68,20,49,15,101,18,53,43,19,27,31,5,61,89,39,38,24,102,74,44,35,85,62,52,93,91,54,66,63,48,75,45,71,82,70,73,42,98,47,14,56,81,92
7,14,18,27,36,23,16,22,9,60,43,13,92,31,100,64,28,69,59,79,67,45,85,83,5,93,47,103,3,94,51,76,37,25,20,95,61,30,104,10,29,75,57,78,88,7,65,58,1,72,17,2,21,41,4,34,26,40,50,6,19,86,90,80,87,77,12,32,84,101,11,99,46,97,55,96,105,33,0,8,68,49,15,39,38,24,102,74,44,35,53,89,62,52,91,54,66,63,48,71,82,70,73,42,98,14,56,81
7,15,67,23,22,50,72,12,8,68,65,31,88,79,5,3,61,33,17,28,78,15,85,32,95,29,59,26,19,27,63,76,74,57,13,14,39,0,41,18,54,43,37,97,81,52,89,94,55,2,30,36,75,1,34,51,66,101,49,103,16,62,64,99,58,91,104,11,6,45,98,4,69,40,7,10,9,21,90,60,48,47,96,70,87,102,83,100,24,42,20,71,38,80,44,105,35,53,93,84,46,86,82,73,77,25,56,92
7,16,7,90,23,56,6,65,58,4,0,72,92,31,100,64,28,69,59,79,67,45,85,83,5,93,47,103,3,94,51,76,37,25,20,95,61,30,104,10,29,75,57,42,24,105,97,21,63,19,1,77,2,101,73,40,86,33,9,99,36,96,70,91,43,80,60,27,66,38,34,18,53,39,48,88,15,78,12,35,14,26,11,87,68,74,16,55,13,81,84,52,17,46,54,82,22,41,44,32,102,62,8,49,71,50,98,89
7,17,35,23,38,1,71,54,68,42,96,95,10,41,17,31,22,6,105,43,78,24,72,101,48,0,65,8,18,98,67,103,59,104,62,34,47,36,79,81,50,57,90,53,27,16,11,99,94,92,86,102,88,82,28,97,60,61,89,33,5,29,93,45,9,52,37,77,64,70,2,69,7,46,15,12,76,4,13,20,30,85,32,91,63,75,39,3,21,44,26,56,55,40,49,73,80,66,14,58,87,19,25,74,84,83,51,100
7,18,7,90,23,56,6,65,58,4,72,92,100,64,28,69,59,79,67,45,85,83,5,93,47,103,3,94,51,76,37,25,20,95,61,30,104,87,13,78,55,31,40,19,0,10,29,75,57,42,24,105,97,21,63,1,77,2,101,73,86,33,9,99,36,96,70,91,43,80,60,27,66,38,34,18,53,39,48,88,15,12,35,14,26,11,68,74,16,81,84,52,17,46,54,82,22,41,44,32,102,62,8,49,71,50,98,89
7,19,103,63,80,102,22,90,74,101,89,9,19,51,0,3,17,100,42,37,10,12,36,55,31,30,25,39,104,97,68,34,69,105,76,65,82,61,43,87,16,24,56,53,64,60,18,49,75,84,95,1,11,85,72,29,21,59,99,15,6,86,46,58,27,73,70,77,41,57,78,81,32,7,33,20,79,2,50,44,94,48,62,83,96,13,28,47,66,92,14,23,8,88,71,52,4,54,40,5,93,38,98,45,26,35,67,91
7,20,44,9,20,23,34,56,95,72,92,31,100,64,28,69,59,79,67,45,85,83,5,93,70,14,104,47,103,3,94,51,76,37,25,24,77,7,57,84,2,42,21,10,60,48,50,96,87,52,12,68,8,30,66,71,78,46,40,16,6,26,35,75,98,0,36,1,58,11,91,39,101,18,53,43,19,54,17,73,99,32,63,97,61,4,15,62,105,22,80,41,86,89,102,55,74,65,33,13,90,88,29,81,27,38,49,82
7,21,92,54,63,48,18,23,47,25,1,5,51,4,28,88,15,61,82,83,17,65,46,24,7,97,37,6,30,2,50,26,3,41,100,21,10,94,9,57,72,60,12,58,43,87,13,78,55,31,40,19,0,8,68,20,49,34,39,38,76,102,80,74,44,32,105,35,53,85,103,89,62,64,79,86,90,67,77,69,59,84,101,11,99,95,96,104,33,93,91,71,56,36,16,81,29,27,75,22,45,98,70,52,66,73,14,42
7,22,44,9,23,56,14,104,83,51,25,7,42,48,52,71,26,36,39,53,66,46,0,95,72,8,63,92,15,54,31,47,4,17,58,2,100,6,30,64,19,28,37,40,50,12,69,32,59,84,101,11,79,86,90,80,67,77,5,75,96,87,76,78,43,45,61,60,94,93,35,85,91,1,20,33,103,24,34,16,73,57,29,27,49,3,99,22,21,70,88,62,98,55,10,68,97,18,105,41,89,102,74,65,13,81,38,82
7,23,79,58,4,102,40,18,6,34,1,68,38,19,30,56,32,26,25,33,23,78,12,3,29,97,73,61,86,2,0,74,13,65,53,82,77,94,15,14,22,84,31,27,71,46,8,28,76,35,54,83,75,99,90,42,24,80,5,17,93,7,81,96,44,9,20,45,92,69,67,95,16,85,36,37,100,55,64,41,103,87,104,39,51,10,57,105,21,63,101,70,91,43,60,66,48,88,11,59,72,52,62,49,50,98,89,47
7,24,27,37,59,64,53,97,79,44,63,1,28,16,9,75,92,20,23,34,58,56,70,100,14,0,31,32,45,61,67,104,46,83,5,93,81,19,30,68,71,91,87,22,66,2,6,86,39,76,88,94,52,24,29,105,47,42,69,55,13,74,95,78,99,54,73,21,12,38,10,50,85,40,26,62,4,96,7,41,48,57,33,3,80,18,8,72,43,90,102,65,60,103,84,17,25,89,11,49,82,98,36,15,51,77,35,101
7,25,79,4,102,40,18,34,1,68,38,19,30,56,32,26,25,33,23,78,3,29,73,61,86,0,74,13,53,82,15,22,84,31,27,71,46,28,35,54,83,90,42,24,80,5,93,7,96,44,20,92,77,41,6,89,99,67,65,2,45,81,66,17,94,97,76,8,14,9,75,57,72,85,60,12,47,58,69,95,16,36,37,100,55,64,103,87,104,39,51,10,105,21,63,101,70,91,43,48,88,11,59,52,62,49,50,98
7,26,56,83,76,98,102,23,48,66,99,70,9,91,68,15,101,63,73,57,38,65,46,24,7,97,30,62,5,54,105,22,37,4,31,13,39,67,103,77,21,18,14,0,94,58,74,34,11,89,20,64,47,51,43,26,52,75,6,53,79,85,3,27,29,92,10,90,81,84,32,1,45,69,16,100,36,12,50,8,71,35,104,95,28,2,42,40,86,59,33,82,80,60,17,72,93,19,78,96,87,41,49,55,61,88,44,25
7,27,38,82,95,72,64,28,9,92,20,23,34,56,70,100,7,77,24,25,37,76,51,94,3,103,47,85,79,59,69,93,5,83,104,67,45,31,14,57,84,2,42,21,10,60,48,50,96,87,52,12,68,8,30,66,71,78,46,40,16,6,26,35,75,98,0,36,1,58,11,91,39,101,18,53,43,19,54,17,73,99,32,63,97,61,4,15,62,105,22,80,41,86,89,102,55,74,65,33,13,90,29,27,49,88,81,44
7,28,85,63,44,67,95,18,55,68,38,19,32,26,25,33,23,78,12,3,97,73,86,2,0,74,13,65,82,77,94,84,31,27,71,46,47,87,11,34,79,53,56,98,5,4,30,15,81,59,43,52,39,89,57,17,72,54,80,50,41,20,42,100,83,102,96,48,60,90,21,9,10,7,40,69,6,104,91,58,64,62,101,66,51,1,75,36,76,8,16,14,28,45,61,93,35,103,24,29,49,99,22,70,88,105,92,37
7,29,5,1,78,12,27,61,45,103,57,79,23,46,60,83,76,102,3,20,33,68,63,6,99,88,19,29,34,24,21,98,38,75,9,16,51,32,96,14,47,39,0,18,54,64,81,52,42,72,26,104,17,91,90,40,36,31,95,85,59,92,28,93,74,44,62,87,13,101,89,41,48,94,58,100,55,2,30,66,49,71,43,84,67,37,11,8,86,22,65,7,97,53,35,10,70,69,105,77,73,56,50,4,80,82,25,15
7,30,3,87,93,23,35,58,100,9,13,42,96,95,64,2,41,17,76,31,22,6,97,89,29,43,33,78,90,24,72,101,48,0,65,8,37,46,18,67,92,103,63,28,82,16,59,99,104,94,50,39,91,62,34,47,36,85,12,102,79,81,44,57,26,5,55,40,20,49,73,80,66,53,70,77,1,30,4,68,38,71,7,54,83,74,105,15,88,98,69,10,11,52,21,86,56,32,75,51,27,45,61,14,84,25,19,60
7,31,80,97,62,99,9,23,100,47,90,69,28,45,34,13,14,73,81,64,22,41,3,94,51,76,37,25,12,52,87,96,50,48,60,10,21,42,2,84,57,7,77,24,30,66,71,78,46,40,16,6,26,35,75,98,36,1,58,11,91,101,18,53,43,19,27,31,5,104,33,0,8,68,20,49,15,39,38,61,89,56,86,88,74,103,4,67,102,93,17,85,65,82,44,55,79,92,29,59,72,105,83,95,54,63,32,70
7,32,92,54,63,48,18,23,47,25,7,1,17,51,28,37,6,2,50,26,3,41,100,21,94,97,9,72,60,12,58,43,87,13,78,30,34,79,53,56,98,5,4,44,104,10,29,75,57,42,24,55,31,40,19,0,83,8,68,20,49,65,15,39,88,38,76,102,80,74,32,105,35,85,103,89,61,62,64,86,90,67,77,69,59,84,101,11,99,46,95,96,33,93,91,71,36,16,81,27,22,45,70,52,66,73,14,82
7,33,78,10,27,105,79,23,83,102,62,3,49,68,63,99,88,19,34,24,21,98,90,91,57,74,87,1,39,18,8,85,17,43,54,0,11,96,32,51,75,66,38,84,101,16,47,103,73,100,55,86,56,48,28,97,60,61,89,33,5,29,93,45,9,52,37,77,64,70,2,69,7,46,15,12,76,4,13,20,14,6,81,26,71,50,44,67,53,92,95,31,36,40,104,30,72,42,58,94,41,59,22,80,82,25,65,35
7,34,44,28,9,23,34,56,100,31,45,67,83,5,47,103,3,25,24,57,84,42,60,87,12,68,30,66,71,78,46,40,16,6,26,36,1,58,91,101,18,92,49,4,50,63,8,17,82,39,48,59,37,75,41,94,93,20,80,85,54,86,96,0,2,43,52,10,64,74,99,11,61,13,98,89,90,76,35,104,70,51,62,21,14,7,69,77,79,22,53,19,73,32,97,15,105,102,55,65,33,88,29,81,72,27,38,95
7,35,56,102,44,98,101,33,23,9,93,38,73,48,88,15,61,82,83,17,65,46,24,7,97,62,5,54,105,22,37,31,67,103,77,21,18,14,0,94,58,74,34,11,89,64,47,51,43,26,52,6,53,79,27,29,92,10,90,81,84,1,45,69,16,100,36,12,50,8,71,35,104,95,28,2,76,4,13,20,30,85,32,91,63,75,39,3,42,40,86,60,68,96,70,59,25,80,87,72,55,99,78,57,41,19,49,66
7,36,18,27,23,16,22,29,3,100,71,69,0,13,34,42,37,10,12,36,55,31,30,25,94,9,57,60,78,88,7,65,58,1,72,103,2,5,51,21,41,26,28,40,50,6,64,79,86,90,80,67,87,77,59,84,101,11,46,76,95,83,96,104,33,8,68,20,49,39,38,53,43,19,54,17,73,99,32,63,97,61,4,15,62,105,24,102,74,44,35,85,89,52,93,91,66,48,75,45,82,70,98,47,14,56,81,92
7,37,23,59,65,83,72,8,92,47,4,58,100,6,28,32,56,49,7,85,90,98,37,50,45,64,3,71,5,51,93,25,20,95,61,30,104,87,13,78,55,31,40,19,0,10,29,75,57,42,24,105,97,21,63,1,77,2,101,73,86,33,9,99,36,96,70,91,43,80,60,27,66,38,34,18,53,39,48,88,15,12,35,14,26,11,68,74,16,81,84,52,17,46,54,82,22,41,44,76,89,103,62,94,79,67,102,69
7,38,92,82,23,25,45,33,28,95,22,29,2,26,3,94,97,12,13,78,55,19,0,68,49,65,88,38,24,74,44,32,31,27,71,46,47,87,11,34,79,53,56,98,5,4,30,15,81,59,43,52,39,89,57,17,72,54,80,50,41,20,42,100,83,102,96,48,60,90,21,9,10,7,40,69,6,104,91,58,64,62,101,66,51,1,75,36,76,8,105,35,63,37,84,93,61,103,85,86,16,99,14,18,67,70,77,73
7,39,74,42,38,26,71,14,51,82,23,36,65,83,66,95,97,84,39,28,13,104,88,31,56,49,9,105,8,63,47,4,17,100,93,80,54,96,12,0,2,43,52,10,64,76,1,11,85,72,29,21,59,99,15,6,86,46,90,58,27,73,70,77,41,57,78,81,32,7,33,20,79,62,92,5,87,67,101,69,40,37,19,30,61,60,94,91,24,34,16,45,48,35,75,3,103,44,50,22,98,55,68,18,25,53,102,89
7,40,24,68,22,35,95,6,42,72,38,105,23,78,84,25,101,31,96,17,100,19,43,1,90,27,11,97,60,61,89,33,29,93,9,77,64,48,0,65,8,37,46,18,67,92,103,63,28,82,16,59,99,104,94,50,39,91,62,34,47,36,69,85,12,102,79,81,44,57,26,5,56,55,88,40,20,49,80,53,4,86,3,2,7,15,76,13,30,32,75,21,71,51,54,10,58,41,83,74,45,98,70,52,66,73,14,87
7,41,35,23,38,1,71,54,68,42,96,95,10,41,17,31,22,6,105,43,78,24,72,101,48,0,65,8,18,67,103,59,104,62,36,79,81,50,57,90,27,11,99,94,92,86,102,88,82,61,89,33,29,93,45,9,52,37,77,64,70,2,69,7,46,15,12,76,13,20,85,32,91,63,75,39,3,21,26,55,60,30,44,4,5,98,56,53,34,97,87,47,16,14,28,40,49,73,80,66,58,19,25,74,84,83,51,100
7,42,24,68,22,6,72,38,105,23,78,84,25,101,31,96,17,100,19,43,1,14,90,27,11,48,0,65,18,98,67,92,103,82,16,59,99,94,35,71,8,50,12,36,75,63,91,32,85,30,20,13,4,76,15,46,7,69,70,64,77,37,52,9,45,93,29,5,33,89,61,60,97,49,88,57,81,79,102,47,34,62,104,95,28,2,42,40,39,3,21,44,26,56,55,73,80,66,53,86,51,54,10,58,41,83,74,87
7,43,35,2,80,58,105,95,24,1,83,25,8,17,48,59,6,30,21,68,65,74,98,56,23,0,26,27,19,102,34,75,50,57,28,90,97,12,15,61,53,38,76,99,86,96,9,45,67,16,85,37,64,41,103,87,39,72,63,10,13,40,31,3,71,70,66,52,82,11,5,51,4,44,18,42,46,77,91,43,47,93,54,92,55,32,29,33,60,20,81,78,89,69,101,104,88,79,94,7,14,49,22,73,62,100,36,84
7,44,51,70,0,22,19,64,72,57,27,88,49,79,1,74,39,23,83,18,82,61,67,37,80,101,16,47,25,24,77,7,66,84,42,21,10,43,48,50,87,99,52,12,54,11,68,17,8,4,15,62,30,91,92,60,2,81,94,65,98,6,85,44,53,89,76,73,46,55,56,100,31,5,36,34,32,71,26,35,104,103,95,29,28,20,40,86,75,3,58,14,97,45,59,105,93,96,38,13,102,41,90,69,63,33,78,9
7,45,44,91,89,51,70,0,22,19,56,32,26,23,78,3,29,64,72,57,77,27,88,49,79,1,74,85,39,65,54,83,18,87,82,52,61,98,17,67,25,37,80,76,24,101,16,47,73,46,55,100,31,43,5,36,34,10,12,4,50,8,71,35,104,103,95,28,62,94,2,42,20,40,86,75,60,58,68,48,14,6,81,97,45,7,59,66,21,105,93,96,38,13,11,53,15,102,92,99,41,90,69,63,84,33,30,9
7,46,92,54,63,48,18,23,47,25,7,1,17,5,51,4,28,37,6,30,2,50,26,3,41,100,21,10,94,97,9,57,72,60,12,58,43,87,13,78,55,31,40,19,0,83,8,68,20,49,65,15,34,39,88,38,24,76,102,80,74,44,32,105,35,53,85,103,89,61,62,64,79,86,90,67,77,69,59,84,101,11,99,46,95,96,104,33,93,91,71,56,36,16,81,29,27,75,22,45,98,70,52,66,73,14,42,82
7,47,44,31,75,51,70,0,22,19,68,34,72,104,77,27,3,88,49,79,1,40,10,85,65,23,83,28,50,82,61,60,5,98,35,17,67,25,36,80,76,24,38,96,93,105,21,66,59,8,4,7,45,71,26,42,52,81,97,64,58,94,48,16,41,89,101,13,9,20,90,39,91,57,74,87,37,43,54,18,6,2,29,14,56,86,55,100,46,73,103,47,95,12,11,53,15,102,62,92,99,32,69,63,84,33,78,30
7,48,92,54,63,48,18,23,47,25,7,1,17,5,51,4,28,37,6,2,50,26,3,41,100,21,94,97,9,72,60,12,58,43,87,13,78,30,104,10,29,75,57,42,24,55,31,40,19,0,83,8,68,20,49,65,15,34,39,88,38,76,102,80,74,44,32,105,35,53,85,103,89,61,62,64,79,86,90,67,77,69,59,84,101,11,99,46,95,96,33,93,91,71,56,36,16,81,27,22,45,98,70,52,66,73,14,82
7,49,52,10,71,0,25,17,30,31,12,39,36,18,87,95,3,9,82,56,100,2,55,34,105,42,37,11,1,53,83,96,28,89,61,60,97,13,68,84,75,69,104,65,74,43,29,21,59,99,15,80,76,24,101,16,47,6,86,46,90,58,27,73,70,77,41,57,78,81,32,7,33,20,79,62,92,40,88,45,94,50,51,35,23,8,38,4,44,63,93,66,103,54,67,48,5,19,14,102,64,49,85,72,26,98,91,22
7,50,51,36,58,61,1,13,25,17,18,3,41,2,43,10,27,9,65,4,5,57,16,100,31,23,103,21,72,34,26,28,37,40,50,6,30,64,19,86,90,80,67,87,77,12,59,84,11,99,46,97,76,95,83,96,105,0,8,68,15,39,38,24,102,74,44,35,53,85,62,52,93,91,66,63,48,75,45,71,82,70,54,92,55,32,29,33,60,20,81,78,89,69,101,104,88,79,94,7,14,49,22,73,42,98,47,56
7,51,56,72,57,44,98,101,33,23,9,93,38,73,48,88,15,61,82,83,17,65,46,24,7,97,30,62,5,54,105,22,37,4,31,13,39,67,103,77,21,18,14,0,94,58,74,34,11,89,20,64,47,51,43,26,52,75,6,53,79,85,3,27,29,92,10,90,81,84,32,1,45,69,16,100,36,12,50,8,71,35,104,95,28,2,42,40,86,60,68,91,96,70,59,25,80,63,102,78,55,19,99,49,76,41,66,87
7,52,56,63,102,44,98,101,33,23,9,93,38,73,48,88,15,61,82,83,17,65,46,24,7,97,30,62,5,54,105,22,37,4,31,13,39,67,103,77,21,18,14,0,94,58,74,34,11,89,20,64,47,51,43,26,52,75,6,53,79,85,3,27,29,92,10,90,81,84,32,1,45,69,16,100,36,12,50,8,71,35,104,95,28,2,42,40,86,60,68,91,96,70,59,25,80,87,72,55,99,78,57,41,19,49,66,76
7,53,9,38,14,82,23,104,95,72,92,31,100,64,28,69,59,79,67,45,85,83,5,93,47,103,3,94,51,76,37,25,24,77,7,57,84,2,42,21,10,60,48,50,96,87,52,12,68,8,30,66,71,78,46,40,16,6,26,35,75,98,0,36,1,58,11,91,39,101,18,53,43,19,54,17,73,99,32,63,97,61,4,15,62,105,22,80,41,86,89,102,55,74,65,33,13,90,20,34,29,27,49,70,88,81,56,44
7,54,71,64,97,79,63,28,16,9,20,23,34,56,70,14,0,31,32,45,61,46,83,5,93,103,51,37,25,24,77,7,66,84,42,21,10,43,48,50,87,99,52,12,54,11,68,17,8,4,15,62,30,91,92,60,2,81,94,65,98,6,85,44,53,89,76,75,57,1,82,58,100,88,47,59,95,74,29,96,3,67,104,26,105,36,22,80,35,41,86,102,55,33,13,90,78,73,39,72,101,27,38,49,40,18,69,19
7,55,9,38,14,82,23,72,92,28,4,0,20,95,51,61,30,104,67,93,10,76,103,29,75,5,57,42,24,105,97,21,31,100,64,69,59,79,45,85,83,47,3,94,37,25,77,7,84,2,60,48,50,96,87,52,12,68,8,66,71,78,46,40,16,6,26,35,98,36,1,58,11,91,39,101,18,53,43,19,54,17,73,99,32,63,15,62,22,80,41,86,89,102,55,74,65,33,13,90,34,27,49,70,88,81,56,44
7,56,31,57,9,54,63,60,53,78,24,23,100,13,25,7,65,58,72,17,103,2,51,21,41,4,26,28,37,40,6,30,19,79,86,90,80,87,77,12,32,101,11,97,95,55,33,93,91,44,84,5,10,48,61,76,89,46,50,1,67,69,99,83,20,15,62,3,43,35,45,14,47,59,42,34,75,64,94,0,73,66,102,39,70,98,22,27,29,81,16,36,56,92,82,105,49,88,52,96,104,71,74,8,85,18,68,38
7,57,92,82,23,34,38,80,42,52,68,36,83,25,102,46,93,64,31,88,79,75,45,4,5,60,3,61,33,17,28,78,15,18,32,96,16,98,85,104,0,72,76,99,95,29,62,54,63,21,59,14,26,19,24,27,47,81,6,103,87,74,57,91,39,90,20,9,13,101,89,41,48,94,58,100,55,2,30,66,49,71,43,84,67,37,11,8,86,22,65,7,97,53,35,10,70,69,105,77,73,56,40,51,44,1,12,50
7,58,5,1,78,10,12,27,61,105,79,23,69,60,83,76,102,62,3,33,49,68,63,99,88,19,77,34,24,21,98,70,84,38,66,75,51,32,96,11,0,18,54,43,37,87,74,57,91,39,90,9,13,89,101,16,47,103,73,46,100,55,86,56,48,14,20,29,2,6,81,97,26,71,45,7,4,8,59,41,94,58,64,52,42,72,30,104,17,40,36,31,95,85,92,53,28,67,93,44,50,22,80,82,25,15,65,35
7,59,80,97,62,99,9,23,100,47,90,15,69,28,45,34,13,14,20,73,81,64,104,22,41,38,3,94,51,76,37,25,68,12,52,87,96,50,48,60,10,21,42,2,84,57,7,77,24,8,30,66,71,78,46,40,16,6,26,35,75,98,0,36,1,58,11,91,39,101,18,53,43,19,27,31,5,61,89,49,56,86,88,74,103,4,67,102,93,17,85,65,82,33,44,55,79,92,29,59,72,105,83,95,54,63,32,70
7,60,74,38,26,71,7,51,23,36,13,83,66,46,95,72,63,31,100,6,37,40,50,69,32,84,101,90,78,57,12,97,73,21,68,91,64,80,44,19,92,42,96,1,94,58,25,62,8,17,82,39,18,48,59,3,75,41,20,85,54,86,0,2,43,52,10,81,27,76,77,104,9,55,67,65,33,60,15,30,4,5,98,56,53,79,34,11,87,47,16,14,28,45,61,93,35,103,24,29,49,99,22,70,88,105,102,89
7,61,36,61,92,71,72,58,2,80,22,4,74,24,98,5,56,23,73,32,0,26,79,62,29,77,83,1,27,54,19,102,34,42,75,50,57,28,90,105,70,7,49,88,89,95,66,25,8,17,82,48,59,3,6,30,46,43,21,91,68,18,65,15,97,13,40,16,51,101,39,63,103,38,37,41,94,93,20,85,86,96,12,52,10,64,81,76,104,9,55,67,33,60,44,53,11,87,47,14,100,31,45,35,78,99,84,69
7,62,71,64,97,79,63,28,16,9,20,23,34,56,70,14,0,31,93,5,83,46,61,45,32,103,51,37,25,24,77,7,66,84,42,21,10,43,48,50,87,99,52,12,54,11,68,17,8,4,15,62,30,91,92,60,2,81,94,65,98,6,85,44,53,89,76,75,57,1,82,58,100,88,47,59,95,74,29,96,3,67,104,26,105,36,22,80,35,41,86,102,55,33,13,90,78,73,39,72,101,27,38,49,40,18,69,19
7,63,31,57,92,9,54,63,48,62,60,7,51,82,23,36,41,13,65,83,104,66,0,95,18,53,25,88,47,100,24,78,74,58,1,72,17,103,2,61,5,21,4,34,26,28,37,40,50,6,30,64,19,79,86,90,80,67,87,77,12,69,32,59,84,101,11,99,46,97,76,55,96,105,33,93,91,44,71,85,3,56,16,89,81,29,27,75,22,45,98,70,52,15,39,102,43,73,49,14,94,68,10,8,35,42,20,38
7,64,15,99,75,20,84,97,35,50,22,38,7,6,10,40,49,57,24,41,104,11,25,0,54,91,88,39,30,71,52,12,94,79,80,36,5,69,9,98,58,73,27,66,33,46,68,90,18,44,95,42,31,92,14,26,93,105,70,86,78,8,67,1,29,45,63,76,64,74,16,37,56,55,96,102,89,87,3,32,13,17,43,21,72,83,47,28,48,53,23,100,60,82,59,61,101,77,85,19,4,65,34,103,51,62,81,2
7,65,15,99,75,20,84,97,35,50,22,38,7,6,10,40,49,57,24,41,104,48,28,47,83,72,21,43,17,13,32,3,87,89,102,96,55,56,37,16,74,64,76,63,45,29,1,67,8,78,86,70,105,93,26,14,92,31,42,95,44,18,90,68,46,33,66,27,73,58,98,9,69,5,36,80,79,94,12,52,71,30,39,88,91,54,0,25,11,53,23,100,60,82,59,61,101,77,85,19,4,65,34,103,51,62,81,2
7,66,64,14,68,99,49,105,24,18,66,10,71,91,55,83,52,13,79,0,70,93,5,86,73,20,9,19,54,15,22,102,33,34,4,25,80,7,11,12,30,38,87,36,84,46,28,78,8,27,101,69,43,97,92,60,2,81,94,65,98,6,85,44,53,89,76,75,57,1,82,58,100,88,47,59,95,74,29,96,3,67,104,26,103,40,35,51,21,61,63,77,56,23,62,72,48,45,50,17,32,39,41,31,16,90,42,37
7,67,36,102,61,92,38,71,72,58,105,70,7,49,101,88,91,51,89,95,40,24,1,13,50,22,46,83,42,90,66,25,62,8,17,82,39,18,48,59,3,37,75,41,94,93,20,80,85,54,86,96,12,0,2,43,52,10,64,81,27,76,77,104,9,55,67,65,33,60,15,30,44,4,5,98,56,53,79,34,97,57,11,87,47,16,14,28,100,63,19,29,31,32,23,73,26,74,103,45,68,35,21,6,78,99,84,69
7,68,46,24,44,67,95,105,5,18,55,68,38,19,30,56,32,26,25,33,23,78,12,3,29,36,72,28,65,66,71,88,42,91,97,27,1,81,58,15,101,92,49,4,50,63,8,17,82,39,48,59,37,75,41,94,93,20,80,85,54,86,96,0,2,43,52,10,64,74,99,11,61,13,98,89,90,76,35,104,70,51,62,21,14,7,69,77,79,22,60,73,6,45,83,84,47,102,100,31,9,40,57,34,53,16,103,87
7,69,44,9,23,56,14,104,83,51,25,7,42,48,96,52,71,26,36,39,53,66,46,0,95,72,8,63,92,15,54,31,47,4,17,58,2,100,6,30,64,19,28,37,40,50,12,69,32,59,84,101,11,79,86,90,80,67,87,77,5,75,76,78,43,45,61,60,94,93,35,85,91,1,20,33,103,24,34,16,73,57,29,27,49,3,99,22,21,70,88,62,98,55,10,68,97,18,105,41,89,102,74,65,13,81,38,82
7,70,51,36,58,7,61,88,78,1,13,22,25,17,18,3,41,94,2,43,10,27,9,65,60,4,5,57,16,100,29,31,23,103,21,72,34,26,28,37,40,50,6,30,64,19,79,86,90,80,67,87,77,12,69,32,59,84,101,11,99,46,97,76,95,55,83,96,105,104,33,0,8,68,20,49,15,39,38,24,102,74,44,35,53,85,89,62,52,93,91,54,66,63,48,75,45,71,82,70,73,42,98,47,14,56,81,92
7,71,24,44,67,95,105,5,18,55,68,38,19,30,56,32,26,25,33,23,78,12,3,72,29,97,73,61,86,2,0,74,13,65,53,82,77,94,15,14,22,84,31,27,71,46,8,28,76,35,79,36,75,1,34,51,66,101,49,103,16,62,64,99,58,91,104,11,6,45,98,4,69,40,7,10,9,88,42,81,92,50,63,17,39,48,59,37,41,93,20,80,85,54,96,43,52,89,90,70,21,60,83,47,102,100,57,87
7,72,103,101,9,51,0,25,36,3,30,100,31,68,12,39,34,69,105,104,97,76,82,61,87,16,24,56,64,60,49,75,84,95,1,11,85,72,29,21,59,6,46,58,27,70,77,57,78,81,7,20,79,2,50,42,37,44,94,48,83,96,28,47,66,92,14,23,8,88,71,52,4,10,40,5,18,53,43,19,54,17,73,99,32,63,15,62,22,80,41,86,89,102,55,74,65,33,13,90,93,38,98,45,26,35,67,91
7,73,85,59,64,53,97,63,1,9,75,23,34,0,31,61,104,5,3,76,24,21,10,60,43,99,54,11,26,4,15,30,91,80,35,86,102,90,88,98,22,58,67,6,74,16,38,52,71,105,51,56,25,12,89,103,40,93,49,100,8,73,70,77,41,57,78,81,32,7,33,20,79,2,50,55,42,37,44,94,48,62,83,96,13,28,47,66,92,14,27,36,84,45,46,87,29,65,68,39,72,101,18,95,82,17,69,19
7,74,52,71,0,25,17,30,31,12,39,36,18,87,95,3,82,56,100,2,55,105,42,37,53,83,96,28,89,61,97,13,68,84,75,65,74,43,29,59,15,80,76,24,47,86,46,27,73,70,77,41,57,1,34,51,66,101,49,103,16,62,64,99,58,91,104,11,6,45,98,4,69,40,7,10,9,21,90,60,78,81,32,33,20,79,92,88,94,50,35,23,8,38,44,63,93,54,67,48,5,19,14,102,85,72,26,22
7,75,33,79,78,19,1,23,18,52,98,25,73,56,34,32,4,50,26,29,62,40,3,61,86,0,74,13,53,82,15,22,84,31,27,71,46,28,35,54,83,90,42,24,80,5,93,7,96,44,20,92,77,41,6,89,99,67,65,2,45,81,66,17,94,97,76,8,14,9,75,57,72,85,60,12,47,58,69,95,16,36,37,100,55,64,103,87,104,39,51,10,105,21,63,101,70,91,43,48,88,11,68,49,38,102,30,59
7,76,23,13,42,95,17,31,22,105,89,8,63,36,102,26,88,82,39,18,48,3,54,0,52,10,72,29,21,99,15,46,58,27,73,2,100,6,30,64,19,28,37,40,50,12,69,32,59,84,101,11,79,86,90,80,67,77,5,75,96,87,76,78,43,45,61,60,94,93,35,85,91,1,20,33,103,24,34,16,70,41,57,81,7,62,92,104,9,55,65,44,4,98,56,53,97,47,14,49,66,68,38,71,83,74,51,25
7,77,85,63,67,95,5,68,19,56,32,26,25,33,23,78,12,3,29,73,61,86,65,53,82,77,15,22,84,31,27,46,8,28,76,35,79,36,75,1,51,103,16,62,99,104,6,45,98,4,69,74,57,91,90,20,9,13,101,14,47,39,11,0,41,18,54,43,37,64,97,81,52,42,58,89,48,94,100,55,2,30,66,49,71,34,38,102,80,44,105,40,7,10,21,60,96,70,87,83,24,50,88,93,72,17,59,92
7,78,97,1,28,9,92,20,23,0,31,104,83,5,47,3,7,57,42,21,10,60,43,50,11,26,4,41,55,33,13,98,22,58,67,6,79,71,51,77,56,25,12,40,49,2,100,8,36,45,87,15,34,39,88,38,24,76,102,80,74,44,32,105,35,53,96,30,48,63,66,37,54,64,91,46,84,93,52,62,61,89,103,85,86,59,27,75,16,99,90,101,29,14,65,70,78,94,68,73,72,18,95,82,17,69,81,19
7,79,73,60,93,49,1,13,25,17,18,3,41,2,43,10,27,9,65,4,5,57,16,100,31,23,103,21,72,34,26,28,37,40,50,6,30,64,19,86,90,80,67,87,77,12,59,84,11,99,46,97,76,95,83,96,105,0,8,68,15,39,38,24,102,54,44,29,55,91,62,70,7,51,63,78,82,81,61,74,22,36,69,94,85,79,52,75,66,20,53,58,47,101,42,89,56,92,32,33,48,35,45,14,71,104,88,98
7,80,62,8,23,47,25,3,26,71,87,28,4,0,79,94,32,55,54,37,45,13,81,64,6,7,41,98,84,5,76,103,100,22,20,95,61,30,104,10,29,75,57,42,24,105,97,21,63,19,1,77,2,101,73,40,86,33,9,99,36,96,70,91,43,80,60,27,66,38,34,18,53,39,48,88,15,78,12,35,14,31,68,90,72,67,69,83,89,46,50,49,56,74,102,93,17,85,65,82,44,92,51,58,59,16,11,52
7,81,92,23,36,102,72,31,88,45,61,32,95,19,24,99,74,22,83,66,25,8,17,82,48,71,49,100,89,58,47,14,87,11,34,79,78,30,104,10,29,75,57,42,53,56,98,5,4,44,60,33,67,55,9,76,27,81,64,52,0,12,96,86,54,85,80,20,93,94,41,37,38,26,103,73,63,90,39,101,50,51,62,28,16,40,13,2,97,15,65,18,77,68,91,21,43,46,6,3,59,84,7,35,70,69,105,1
7,82,25,58,79,19,80,57,24,40,68,72,41,38,31,10,1,43,35,42,34,67,74,8,18,87,59,84,95,83,96,105,104,90,53,27,11,99,94,92,102,88,82,28,60,61,33,5,93,52,37,77,64,70,9,13,89,101,16,47,103,73,46,100,55,86,56,48,14,20,29,2,6,81,97,26,71,45,7,50,69,15,12,76,4,30,85,32,91,63,75,39,3,21,51,0,44,54,62,36,22,98,49,78,66,65,17,23
7,83,54,8,15,3,13,99,69,90,87,89,9,56,50,47,102,14,93,73,17,85,71,35,0,84,26,81,25,18,104,65,38,10,12,82,33,66,27,76,79,31,92,98,20,34,51,43,46,48,45,58,29,59,16,42,86,101,2,75,61,22,23,21,28,64,68,6,24,7,91,30,5,1,39,49,88,74,103,19,4,62,52,40,94,105,11,78,57,96,44,67,95,36,37,100,55,41,32,83,72,97,53,63,60,80,70,77
7,84,61,91,69,83,23,95,12,49,38,73,105,103,24,74,70,71,68,80,57,26,6,46,32,50,40,47,101,36,88,16,102,90,29,97,51,28,44,19,92,42,96,1,94,58,25,62,8,17,82,39,18,48,59,3,75,41,20,85,54,86,0,2,43,52,10,81,27,76,77,104,9,55,67,65,33,60,15,30,4,5,98,56,53,79,34,11,37,99,22,63,64,84,72,93,45,7,31,89,78,87,14,100,35,13,66,21
7,85,9,14,82,23,95,72,92,31,100,64,28,69,59,79,67,45,85,83,5,93,47,103,3,94,51,76,37,25,77,7,57,84,2,42,21,10,60,48,50,87,52,12,30,66,71,78,46,40,16,6,26,75,98,0,36,1,58,11,91,101,18,53,43,19,54,17,73,99,32,96,104,33,8,68,20,49,15,39,38,24,102,74,44,35,63,97,61,4,62,105,22,80,41,86,89,55,65,13,90,34,29,27,70,88,81,56
7,86,37,97,63,1,28,9,75,92,20,23,58,100,14,0,31,104,83,5,19,30,68,87,66,2,6,94,24,29,47,42,55,13,78,54,73,21,12,10,50,40,26,4,7,41,48,57,3,18,8,72,43,60,49,65,15,34,39,88,38,76,102,80,74,44,32,105,35,53,85,103,89,61,62,64,79,86,90,67,77,69,59,84,101,11,99,46,95,96,33,93,91,71,56,36,16,81,27,22,45,98,70,52,17,25,82,51
7,87,58,1,13,25,6,93,16,49,54,44,80,29,55,91,62,67,28,86,70,7,63,3,51,41,19,65,8,38,10,78,82,18,37,0,59,81,61,74,23,22,5,36,11,97,69,21,87,31,77,68,94,26,85,95,96,79,52,72,75,103,105,99,57,17,2,43,27,9,4,100,34,40,50,30,64,90,12,84,46,76,83,15,39,24,102,35,53,66,48,45,71,92,32,33,60,20,89,101,104,88,14,73,42,98,47,56
7,88,5,78,10,12,27,61,105,79,23,69,60,83,76,102,62,3,33,49,68,63,99,88,19,77,34,24,21,98,70,84,38,66,75,51,32,96,0,18,54,43,37,87,74,57,91,39,90,9,13,89,101,16,47,103,73,46,100,55,86,56,48,14,20,29,2,6,81,97,1,58,11,26,71,45,7,4,8,59,41,94,64,52,42,72,30,104,17,40,36,31,95,85,92,53,28,67,93,44,50,22,80,82,25,15,65,35
7,89,9,38,14,82,23,72,92,28,4,0,20,95,51,61,30,104,67,93,10,76,103,29,75,5,57,42,24,105,21,31,100,64,69,59,79,45,85,83,47,3,94,37,25,77,7,84,2,60,48,50,96,87,52,12,68,8,66,71,78,46,40,16,6,35,98,36,1,58,81,97,26,11,91,39,101,18,53,43,19,54,17,73,99,32,63,15,62,22,80,41,86,89,102,55,74,65,33,13,90,34,27,49,70,88,56,44
7,90,85,59,64,79,44,28,9,92,20,23,34,56,70,100,14,31,45,67,104,83,5,93,47,103,3,94,51,76,37,25,24,77,7,57,84,2,42,21,10,60,48,50,96,87,52,12,68,8,30,66,71,78,46,40,16,6,26,35,75,98,0,36,1,58,11,91,39,101,18,53,43,19,54,17,73,99,32,63,97,61,4,15,62,105,22,80,41,86,89,102,55,74,65,33,13,90,88,29,81,72,27,38,49,95,82,69
7,91,24,36,72,28,19,65,66,88,23,91,97,27,38,1,81,58,44,77,92,4,74,70,42,71,68,25,80,56,59,57,26,6,46,15,101,49,30,50,63,105,8,17,82,39,18,48,3,37,75,41,94,93,20,85,54,86,96,12,0,2,43,52,10,64,55,29,67,99,11,61,13,98,32,89,90,76,35,104,51,62,21,14,7,78,69,79,22,60,73,45,83,84,47,102,100,31,9,40,34,95,53,16,103,5,87,33
7,92,15,23,67,102,0,53,2,65,59,97,90,8,58,25,101,12,14,47,17,100,9,33,34,64,87,45,35,3,77,13,28,82,20,104,18,68,6,24,42,7,22,41,91,38,27,31,98,30,84,5,10,48,61,76,89,46,50,1,39,21,49,56,86,88,74,103,19,4,96,55,62,93,51,52,40,29,94,92,105,11,16,78,57,32,70,85,95,72,80,75,99,83,63,37,71,66,26,44,43,54,60,81,69,79,73,36
7,93,33,79,27,51,11,6,22,41,21,97,9,57,72,13,78,19,1,74,85,39,65,23,54,83,18,87,82,52,61,98,17,67,25,37,80,76,24,101,16,47,73,46,55,56,100,31,43,5,36,34,32,10,12,4,50,8,71,26,35,104,103,95,29,28,62,94,2,42,20,40,86,75,3,60,58,68,0,49,15,88,38,102,44,105,53,89,93,84,91,64,66,63,48,30,96,45,70,69,77,99,90,7,14,59,81,92
7,94,97,62,8,23,43,47,25,36,3,26,71,87,28,4,0,9,95,79,94,32,55,12,19,80,33,57,54,70,24,86,40,37,2,45,34,13,14,73,81,101,64,104,18,6,42,7,41,38,98,84,5,48,61,76,10,103,100,22,30,53,31,68,27,90,72,67,69,99,91,83,20,15,89,46,50,1,39,21,49,56,88,74,96,102,93,17,85,35,65,82,44,66,92,51,58,29,59,16,75,77,60,105,63,78,11,52
7,95,5,98,11,45,23,99,53,4,72,74,61,88,40,95,89,102,69,78,13,50,22,46,83,66,93,37,90,57,12,80,64,91,68,21,73,97,44,19,92,42,96,1,94,58,25,62,8,17,82,39,18,48,59,3,75,41,20,85,54,86,0,2,43,52,10,81,27,76,77,104,9,55,67,65,33,60,15,47,32,31,56,49,7,70,105,71,6,34,30,29,16,28,87,14,101,103,79,63,24,84,38,51,26,36,100,35
7,96,92,23,36,102,72,31,88,45,61,78,32,95,19,24,99,74,22,83,42,66,25,8,17,82,48,71,49,100,89,58,47,14,87,11,34,79,53,56,98,5,4,44,60,33,67,55,9,104,76,27,81,64,10,52,0,12,96,86,54,85,80,20,93,94,41,37,38,26,57,103,73,63,90,39,101,50,51,62,28,16,40,13,29,2,97,15,75,65,18,77,68,91,21,43,46,30,6,3,59,84,7,35,70,69,105,1
7,97,36,102,92,72,105,70,88,1,25,82,46,68,77,40,51,50,79,45,4,5,60,3,61,33,17,28,78,15,85,32,96,95,29,62,59,26,19,24,27,6,75,21,16,99,83,63,76,103,87,74,57,91,90,20,9,13,101,14,47,39,11,0,41,18,54,43,37,64,97,81,52,42,58,89,48,94,100,55,2,30,66,49,71,84,67,8,86,22,65,7,53,104,73,38,93,80,12,10,44,98,56,34,31,23,35,69
7,98,36,102,61,38,71,105,101,88,91,51,89,95,40,24,13,50,22,83,42,66,25,8,17,82,39,18,48,3,37,94,93,80,96,12,64,1,11,72,29,21,59,99,6,46,90,58,73,70,57,78,79,62,92,30,75,41,20,85,54,86,0,2,43,52,10,81,27,76,77,104,9,55,67,65,33,60,15,47,32,31,56,49,7,44,4,5,98,53,34,97,87,16,14,28,100,63,19,23,26,74,103,45,68,35,84,69
7,99,97,62,8,23,43,47,25,36,3,26,87,28,4,0,9,95,79,94,32,55,12,19,80,33,57,54,70,24,86,40,37,2,45,34,14,73,81,101,18,6,42,7,41,38,84,5,48,61,76,10,103,100,22,30,53,31,68,27,90,72,67,69,99,91,83,20,15,89,46,50,1,39,21,49,56,74,96,102,93,17,85,35,65,82,44,66,92,51,58,29,59,16,75,77,60,105,63,78,11,64,71,104,88,98,13,52
7,100,86,25,15,23,31,67,102,56,0,74,2,34,30,65,8,59,40,12,97,96,84,39,41,28,13,1,17,95,58,90,72,80,38,10,68,26,19,24,27,6,76,21,16,99,83,9,87,105,50,61,57,37,64,3,11,5,51,4,18,46,77,43,47,92,55,32,29,33,60,20,81,78,69,101,104,88,79,94,7,14,44,35,53,85,89,62,52,93,91,54,66,63,48,75,45,71,82,70,73,42,98,49,22,100,36,103
7,101,62,96,35,88,102,95,22,79,0,21,46,91,39,49,20,93,23,40,48,38,98,44,16,63,18,70,80,1,50,29,34,92,71,101,54,68,26,32,11,61,59,19,56,4,28,86,3,69,36,5,77,41,6,89,99,67,65,2,45,81,66,17,94,97,76,8,14,9,75,57,72,85,60,12,47,58,82,43,103,15,104,87,7,105,90,25,24,13,42,53,78,73,55,37,31,33,74,52,84,83,51,100,30,27,64,10
7,102,38,70,51,84,24,36,99,7,105,71,61,88,40,95,89,102,69,78,13,50,22,46,83,66,93,37,90,57,12,80,64,91,68,21,73,97,44,19,92,42,96,1,94,58,25,62,8,17,82,39,18,48,59,3,75,41,20,85,54,86,0,2,43,52,10,81,27,76,77,104,9,55,67,65,33,60,15,30,4,5,98,56,53,79,34,11,87,47,16,14,28,100,63,29,31,32,23,26,74,103,45,35,49,6,101,72
7,103,38,70,51,84,24,36,58,99,7,105,71,91,61,88,40,95,89,102,69,78,1,13,50,22,46,83,42,90,66,25,62,8,17,82,39,18,48,59,3,37,75,41,94,93,20,80,85,54,86,96,12,0,2,43,52,10,64,81,27,76,77,104,9,55,67,65,33,60,15,30,44,4,5,98,56,53,79,34,97,57,11,87,47,16,14,28,100,63,19,29,31,32,23,73,26,74,103,45,68,35,21,49,6,101,72,92
7,104,73,39,60,4,6,93,16,49,54,44,80,29,55,91,62,67,28,86,70,7,41,51,3,63,19,65,8,38,10,78,82,18,37,0,59,81,61,74,23,22,5,36,11,97,69,21,87,31,77,68,94,26,85,95,96,79,52,72,75,103,105,99,57,66,20,1,40,15,24,53,84,17,2,46,58,47,25,50,101,42,89,9,56,92,32,12,33,100,30,27,90,83,43,48,35,45,14,34,76,64,71,104,88,98,13,102
7,105,54,8,100,15,36,3,37,13,99,69,90,87,96,89,9,56,50,47,67,102,14,93,73,17,85,71,35,0,84,26,81,25,18,104,65,38,10,12,82,33,44,66,55,27,76,79,31,92,98,20,34,51,43,46,48,45,58,29,59,16,42,86,101,2,75,61,22,23,21,28,64,68,6,24,7,41,91,30,5,1,39,49,88,74,103,19,4,62,52,40,94,105,11,78,57,32,83,72,97,53,63,60,80,95,70,77
7,106,85,64,27,37,81,19,44,20,30,68,71,59,67,91,70,79,87,22,104,66,2,6,93,86,61,39,58,76,88,45,94,52,24,29,53,97,63,1,28,16,9,75,92,23,34,56,100,14,0,31,32,46,83,5,47,103,3,51,25,77,7,57,84,42,21,10,60,43,48,50,96,99,12,54,11,26,17,8,4,15,62,105,36,80,35,41,89,102,55,74,65,33,13,90,98,78,73,72,101,38,49,40,18,95,82,69
7,107,41,60,24,7,87,61,42,1,44,4,74,27,81,83,76,95,47,32,88,86,56,49,10,70,9,58,71,6,30,46,43,21,91,68,77,18,22,31,98,8,37,55,100,38,15,63,72,57,3,67,51,17,79,93,52,84,23,12,65,62,75,64,90,48,97,19,28,11,105,54,40,104,66,82,16,25,35,50,99,2,69,0,5,13,33,103,73,26,102,34,39,94,36,78,29,92,80,45,59,20,89,96,14,85,101,53
7,108,83,76,102,14,23,35,70,58,6,77,62,50,90,73,26,38,33,82,42,24,60,72,45,7,104,0,54,78,96,3,87,41,34,74,12,36,55,93,81,84,9,91,19,31,100,43,103,25,30,65,49,16,94,66,40,79,8,97,28,10,27,85,37,1,99,5,51,4,44,22,18,63,17,61,92,59,48,53,57,2,20,29,64,89,47,13,46,105,15,88,98,69,11,52,21,86,56,32,75,71,68,101,39,80,95,67
7,109,103,101,9,51,0,25,36,3,30,31,12,39,82,87,24,64,49,95,56,100,2,55,34,105,42,37,11,16,1,53,83,96,47,28,89,61,60,97,76,13,68,84,75,69,104,65,74,43,29,21,59,99,15,6,85,72,46,58,27,70,77,57,78,81,7,20,79,50,44,94,48,66,92,14,23,8,88,71,52,4,10,40,5,18,19,54,17,73,32,63,62,22,80,41,86,102,33,90,93,38,98,45,26,35,67,91
7,110,14,74,69,34,6,78,23,88,25,0,8,22,20,31,56,32,79,46,43,91,77,18,65,15,97,2,29,13,40,28,62,101,7,10,70,9,105,58,85,17,95,35,90,72,80,38,19,68,75,21,16,99,83,63,87,98,37,57,61,50,45,64,3,71,24,66,26,52,82,11,5,51,4,39,73,103,59,33,92,42,60,1,27,54,102,12,30,94,53,76,86,93,81,96,44,67,36,100,55,41,104,48,49,89,47,84
7,111,92,63,23,1,5,51,28,37,6,2,100,94,97,9,58,87,30,104,75,24,31,19,0,83,68,20,34,39,88,76,44,32,35,53,61,64,79,86,67,77,59,101,46,93,91,71,56,16,81,27,22,45,29,105,47,42,69,55,13,74,95,78,99,54,73,21,12,38,10,50,85,40,26,62,4,96,7,41,48,57,33,3,80,18,8,72,43,90,102,65,60,103,84,17,25,89,11,49,82,98,36,15,70,52,66,14
7,112,56,100,83,27,102,14,23,81,94,48,95,86,22,69,10,70,9,30,43,21,68,77,18,65,15,97,2,29,13,40,50,39,90,63,73,57,26,38,59,33,82,80,71,46,8,28,76,35,79,36,75,1,34,51,66,101,49,103,16,62,64,99,58,91,104,11,6,45,98,4,92,42,85,24,60,17,84,72,93,19,7,31,89,53,0,54,78,5,96,3,87,105,41,47,67,74,37,12,55,61,32,88,44,25,20,52
7,113,92,63,23,47,25,1,17,51,4,28,50,26,3,21,97,9,95,79,94,32,55,12,19,80,33,57,54,70,24,86,40,37,2,45,34,13,14,73,81,101,64,104,18,6,42,7,41,38,98,84,5,48,61,76,10,103,100,22,30,53,72,60,58,43,87,78,31,0,83,8,68,20,49,65,15,39,88,102,74,44,105,35,85,89,62,90,67,77,69,59,11,99,46,96,93,91,71,56,36,16,29,27,75,52,66,82
7,114,4,102,40,18,34,1,68,38,19,30,56,32,26,25,23,78,3,73,61,86,74,13,53,15,22,84,31,27,71,46,28,54,83,90,42,24,80,5,93,7,96,20,77,41,6,89,99,67,2,45,81,94,97,76,8,14,9,57,72,60,12,47,69,95,36,37,100,64,103,87,104,39,17,85,35,0,65,82,33,44,66,55,79,92,51,58,29,59,16,75,10,105,21,63,101,70,91,43,48,88,11,52,62,49,50,98
7,115,86,25,15,23,67,102,56,34,30,65,8,59,40,12,97,73,2,0,74,13,77,14,22,84,31,27,71,28,96,39,41,1,17,95,58,90,72,80,38,10,68,26,19,24,6,76,21,16,99,83,9,87,105,50,61,57,37,64,3,11,5,51,4,18,46,43,47,92,55,32,29,33,60,20,81,78,69,101,104,88,79,94,7,44,35,53,85,89,62,52,93,91,54,66,63,48,75,45,82,70,42,98,49,100,36,103
7,116,79,1,19,33,78,74,13,22,27,90,7,92,41,6,65,81,97,14,9,57,72,23,54,83,18,87,82,52,61,98,17,67,25,37,80,69,70,45,96,30,48,63,66,64,91,84,93,89,53,105,44,102,38,88,15,49,0,68,58,60,3,75,86,40,20,42,2,94,62,28,29,95,103,104,35,26,71,8,50,4,12,10,32,34,36,5,43,31,100,56,55,46,73,47,16,101,24,76,77,99,85,39,51,21,11,59
7,117,85,63,44,67,95,18,55,68,38,19,32,26,25,33,23,78,12,3,97,73,86,2,0,74,13,65,82,77,94,84,31,27,71,46,47,87,11,34,79,53,56,98,5,4,30,15,81,59,43,52,39,89,57,17,72,54,80,50,41,88,36,69,66,90,92,14,93,8,29,45,76,64,16,105,9,70,10,7,49,58,1,37,96,102,21,28,48,104,24,40,6,22,35,75,99,83,100,42,20,91,60,61,101,103,51,62
7,118,44,23,56,14,83,51,25,42,48,71,26,36,39,53,66,95,8,63,31,47,4,17,100,30,19,28,37,40,50,69,84,101,5,80,54,96,12,0,2,43,52,10,64,76,1,11,85,72,29,21,59,99,15,6,86,46,90,58,27,73,70,77,41,57,78,81,32,7,33,20,79,62,92,104,9,55,67,65,75,87,45,61,60,94,93,35,91,103,24,34,16,49,3,22,88,98,68,97,18,105,89,102,74,13,38,82
7,119,92,82,23,10,12,27,61,105,79,34,38,80,42,52,68,36,83,25,102,46,93,64,31,88,75,45,4,5,60,3,33,17,28,78,15,18,32,96,16,98,85,104,0,72,76,99,95,29,62,54,63,21,59,14,26,19,24,47,81,6,103,87,74,57,91,39,90,20,9,13,101,89,41,48,94,58,100,55,2,30,66,49,71,43,84,67,37,11,8,86,22,65,7,97,53,35,70,69,77,73,56,40,51,44,1,50
7,120,9,20,56,95,31,67,45,70,24,21,48,30,71,16,0,36,1,58,54,63,97,61,80,102,4,33,86,52,27,47,18,40,88,28,87,8,103,43,17,72,12,69,73,25,91,51,50,42,38,3,55,5,59,65,26,82,92,99,98,85,78,90,34,44,14,94,57,37,46,11,29,2,10,96,6,41,100,32,19,83,104,74,93,49,15,7,64,89,79,77,60,105,53,62,75,39,23,101,66,22,76,68,35,84,13,81
7,121,58,27,77,57,72,64,19,1,34,6,40,102,4,88,49,56,32,26,23,78,3,29,73,2,0,74,13,14,22,84,31,71,28,35,54,83,75,42,24,80,5,81,96,9,20,45,69,95,16,85,36,55,41,87,104,39,21,70,52,90,11,97,12,15,63,67,89,103,30,68,93,100,61,10,33,65,105,82,59,60,94,8,53,25,7,38,76,99,17,91,86,18,92,51,37,48,44,46,101,79,43,66,62,50,98,47
7,122,24,68,22,35,95,6,42,72,38,105,23,78,84,25,101,31,96,17,100,19,43,1,14,90,27,11,97,60,61,89,33,29,93,45,9,52,77,64,48,0,65,8,37,46,18,98,67,92,103,63,28,82,16,59,99,104,94,50,39,91,62,34,47,36,69,85,12,102,79,81,44,57,26,5,56,55,88,40,20,49,73,80,66,53,4,86,3,70,2,7,15,76,13,30,32,75,21,71,51,54,10,58,41,83,74,87
7,123,78,58,61,103,91,55,69,2,45,48,62,94,20,83,96,23,89,95,12,24,19,49,14,38,66,73,82,44,53,77,92,5,4,74,70,42,31,71,0,98,68,104,7,25,80,56,59,57,26,6,46,41,11,21,54,81,32,67,50,86,40,47,101,79,36,13,43,52,88,65,15,33,16,102,90,29,76,87,97,51,100,34,28,10,105,27,85,37,1,99,9,22,18,3,63,60,17,64,84,72,93,8,75,35,30,39
7,124,5,78,10,12,27,61,105,79,23,69,60,83,76,102,62,3,33,49,68,63,99,88,19,77,34,24,21,98,70,84,38,66,75,51,32,96,11,0,54,43,37,17,85,8,18,39,1,87,74,57,91,90,9,13,89,101,16,47,103,73,46,100,55,86,56,48,14,20,29,2,6,81,97,26,71,45,7,50,44,93,67,28,53,92,95,31,36,40,104,30,72,42,52,64,58,94,41,59,4,22,80,82,25,15,65,35
7,125,96,17,61,6,42,13,45,23,87,10,71,35,25,52,22,11,9,31,14,95,70,41,21,7,2,64,84,1,29,32,43,33,78,90,24,72,101,15,48,0,65,8,37,46,18,98,67,92,103,63,28,82,16,59,99,104,94,50,39,91,62,34,47,36,69,85,12,102,79,81,44,57,26,5,56,55,88,40,20,49,73,80,66,53,4,86,3,83,97,89,68,58,51,76,54,75,105,74,100,60,30,93,77,38,27,19
8,0,36,102,61,92,71,72,58,105,70,7,49,88,89,95,24,1,22,83,42,66,25,8,17,82,48,59,3,6,30,46,43,21,91,68,77,18,65,75,15,97,2,29,13,40,16,28,62,51,50,101,39,90,63,73,103,57,26,38,37,41,94,93,20,80,85,54,86,96,12,0,52,10,64,81,27,76,104,9,55,67,33,60,44,4,5,98,56,53,79,34,11,87,47,14,100,19,31,32,23,74,45,35,78,99,84,69
8,1,36,102,61,38,71,105,49,101,88,91,51,89,95,40,24,13,50,22,83,42,66,25,8,17,82,39,18,48,3,37,75,94,93,80,54,96,12,0,2,43,52,10,64,76,1,11,85,72,29,21,59,99,15,6,86,46,90,58,27,73,70,77,41,57,78,81,32,7,33,20,79,62,92,104,9,55,67,65,60,30,44,4,5,98,56,53,34,97,87,47,16,14,28,100,63,19,31,23,26,74,103,45,68,35,84,69
8,2,74,9,96,52,26,71,82,36,20,23,34,56,70,14,0,31,32,45,61,46,83,5,93,103,51,37,25,24,77,7,66,84,42,21,10,43,48,50,87,41,13,65,104,95,72,8,63,92,15,54,47,4,17,58,2,100,6,30,64,19,28,40,12,69,59,101,11,86,90,67,75,76,78,80,44,38,79,60,94,35,85,91,1,33,16,73,57,29,27,49,3,99,22,88,62,98,55,68,97,18,105,81,53,102,39,89
8,3,103,63,80,102,22,101,89,9,19,51,0,3,17,100,42,37,10,12,36,55,31,30,25,39,104,97,68,34,69,105,76,65,74,82,61,43,87,16,24,56,53,64,60,18,49,75,84,95,1,11,85,72,29,21,59,99,15,6,86,46,90,58,27,73,70,77,41,57,78,81,32,7,33,20,79,2,50,44,94,48,62,83,96,13,28,47,66,92,14,23,8,88,71,52,4,54,40,5,93,38,98,45,26,35,67,91
8,4,23,35,100,13,42,95,17,31,22,105,89,24,101,8,103,63,28,50,91,36,69,102,26,88,82,39,18,48,3,37,75,94,93,80,54,96,12,0,2,43,52,10,64,76,1,11,85,72,29,21,59,99,15,6,86,46,90,58,27,73,70,77,41,57,78,81,32,7,33,20,79,62,92,104,9,55,67,65,60,30,44,4,5,98,56,53,34,97,87,47,16,14,40,49,66,68,38,71,83,74,45,51,61,84,25,19
8,5,18,27,23,16,22,29,3,100,71,105,69,0,13,34,42,37,10,12,36,55,31,30,25,94,9,57,60,43,78,88,7,65,58,1,72,17,103,2,61,5,51,21,41,4,26,28,40,50,6,64,19,79,86,90,80,67,87,77,32,59,84,101,11,99,46,97,76,95,83,96,104,33,8,68,20,49,15,39,38,24,102,74,44,35,53,85,89,62,52,93,91,54,66,63,48,75,45,82,70,73,98,47,14,56,81,92
8,6,24,68,22,35,95,6,42,72,38,105,23,78,84,25,101,31,96,17,100,19,43,1,14,90,27,11,48,0,65,8,18,98,67,92,103,28,82,16,59,99,104,94,50,62,34,47,36,102,79,81,57,88,49,97,60,61,89,33,5,29,93,45,9,52,37,77,64,70,2,69,7,46,15,12,76,4,13,20,30,85,32,91,63,75,39,3,21,44,26,56,55,40,73,80,66,53,86,71,51,54,10,58,41,83,74,87
8,7,23,35,13,42,95,31,22,89,24,103,28,50,36,102,26,88,82,39,18,48,3,75,96,12,0,52,1,11,29,21,99,86,7,10,70,9,105,72,8,63,92,15,54,47,4,17,58,2,100,5,87,67,80,90,79,101,59,69,40,37,19,64,30,6,76,78,43,61,60,94,93,85,91,46,27,73,77,41,57,81,32,33,20,62,104,55,65,44,98,56,53,34,97,16,14,49,66,68,38,71,83,74,45,51,84,25
8,8,92,63,48,18,23,47,25,1,5,4,28,88,15,61,82,17,65,46,24,7,97,37,6,30,2,50,26,3,100,21,94,9,57,72,60,12,43,87,13,78,55,31,40,19,0,8,68,20,49,34,39,38,76,102,80,44,32,105,35,53,85,103,89,62,64,79,86,90,67,77,69,59,84,101,11,99,95,96,104,33,93,91,71,56,36,16,81,29,27,75,22,45,98,70,52,66,73,14,51,54,10,58,41,83,74,42
8,9,36,102,61,38,71,105,101,88,51,89,95,24,13,50,22,83,42,66,25,8,17,82,18,48,37,94,93,80,54,96,12,0,2,43,52,10,64,76,1,11,72,29,59,99,15,6,86,46,90,58,27,73,70,77,41,57,78,81,7,33,20,79,62,92,104,9,67,65,60,4,5,98,53,34,97,87,47,16,30,85,32,91,63,75,39,3,21,44,26,56,55,40,49,14,28,100,19,31,23,74,103,45,68,35,84,69
8,10,95,67,56,70,45,20,9,28,72,69,5,59,82,92,85,34,44,14,100,83,93,49,64,79,104,47,103,3,94,51,76,37,25,24,77,7,57,84,2,42,21,10,60,48,50,96,87,52,12,68,8,30,66,71,78,46,40,16,6,26,35,75,98,0,36,1,58,11,91,39,101,18,53,43,19,54,17,73,99,32,63,97,61,4,15,62,105,22,80,41,86,89,102,55,74,65,33,13,90,88,29,81,27,38,23,31
8,11,36,23,16,22,29,3,100,10,94,9,57,60,13,78,88,25,7,65,58,1,72,17,103,2,51,21,41,4,34,26,28,37,40,50,6,30,64,79,86,90,80,67,87,77,12,69,32,59,84,11,99,46,97,76,95,55,83,96,105,104,33,0,8,68,20,49,15,101,18,53,43,19,27,31,5,61,89,39,38,24,102,74,44,35,85,62,52,93,91,54,66,63,48,75,45,71,82,70,73,42,98,47,14,56,81,92
8,12,18,27,36,23,16,22,9,60,43,13,92,31,100,64,28,69,59,79,67,45,85,83,5,93,47,103,3,94,51,76,37,25,20,95,61,30,104,10,29,75,57,78,88,7,65,58,1,72,17,2,21,41,4,34,26,40,50,6,19,86,90,80,87,77,12,32,84,101,11,99,46,97,55,96,105,33,0,8,68,49,15,39,38,24,102,74,44,35,53,89,62,52,91,54,66,63,48,71,82,70,73,42,98,14,56,81
8,13,67,23,22,50,72,12,8,68,65,31,88,79,5,3,61,33,17,28,78,15,85,32,95,29,59,26,19,27,63,76,74,57,13,14,39,0,41,18,54,43,37,97,81,52,89,94,55,2,30,36,75,1,34,51,66,101,49,103,16,62,64,99,58,91,104,11,6,45,98,4,69,40,7,10,9,21,90,60,48,47,96,70,87,102,83,100,24,42,20,71,38,80,44,105,35,53,93,84,46,86,82,73,77,25,56,92
8,14,85,64,79,44,28,92,23,34,70,31,67,104,83,5,93,3,76,25,24,77,84,42,21,10,60,50,52,12,68,30,38,66,75,51,32,96,0,18,54,43,37,87,74,57,91,39,90,9,13,89,101,16,47,103,73,46,100,55,86,56,48,14,20,29,2,6,81,97,1,58,11,26,71,45,7,4,8,59,41,94,78,40,35,98,36,53,19,17,99,63,61,15,62,105,22,80,102,65,33,88,72,27,49,95,82,69
8,15,4,40,18,34,1,68,38,30,56,26,25,23,78,3,84,31,27,71,46,28,83,42,24,5,6,67,45,81,8,9,57,72,60,12,47,95,36,37,100,103,87,39,17,82,44,66,92,58,29,59,16,75,41,94,93,20,80,85,54,86,96,0,2,43,52,10,64,74,99,11,61,13,98,89,90,76,35,104,70,51,62,21,14,7,69,77,79,22,53,19,73,32,97,15,105,102,55,65,33,63,101,91,48,88,49,50
8,16,23,35,100,13,42,95,17,31,22,105,89,24,101,8,103,63,28,50,91,36,69,102,26,88,82,39,18,48,3,37,75,94,93,80,54,96,12,0,2,43,52,10,64,76,1,11,85,72,29,21,59,99,15,6,46,90,58,27,73,70,77,41,57,78,81,32,7,33,20,79,62,92,104,9,55,67,65,60,56,86,30,44,4,5,98,53,34,97,87,47,16,14,40,49,66,68,38,71,83,74,45,51,61,84,25,19
8,17,36,18,27,16,23,38,9,60,43,13,92,31,100,64,28,69,59,79,67,45,85,83,5,93,47,103,3,94,51,76,37,25,20,95,61,30,104,10,29,75,57,78,88,7,65,58,1,72,17,2,21,41,4,34,26,40,50,6,19,86,90,80,87,77,12,32,84,101,11,99,46,97,55,96,105,33,0,8,68,49,15,39,24,102,74,44,35,53,62,52,91,66,63,48,71,82,70,54,81,89,14,22,73,42,98,56
8,18,36,102,61,38,71,105,101,88,51,89,95,24,13,50,22,83,42,66,25,8,17,82,18,48,37,94,93,80,54,96,12,0,2,43,52,29,72,11,1,76,64,10,59,99,15,6,86,46,90,58,27,73,70,77,41,57,78,81,7,33,20,79,62,92,104,9,67,65,60,4,5,98,53,34,97,87,47,16,30,85,32,91,63,75,39,3,21,44,26,56,55,40,49,14,28,100,19,31,23,74,103,45,68,35,84,69
8,19,38,82,95,72,64,28,9,92,20,23,34,56,70,100,7,77,24,25,37,76,51,94,3,103,47,85,79,59,69,93,5,83,104,67,45,31,14,57,84,2,42,21,10,60,48,50,96,87,52,12,68,8,46,40,16,6,26,35,75,98,0,36,1,58,11,91,39,101,18,53,43,19,54,17,73,99,32,63,97,61,4,15,62,105,22,80,41,86,89,102,55,74,65,33,13,30,66,71,78,90,29,27,49,88,81,44
8,20,36,23,16,22,29,3,100,10,94,9,57,60,13,78,88,25,7,65,58,1,72,17,103,2,51,21,41,4,34,26,28,37,40,50,6,30,64,79,86,90,80,67,87,77,12,69,32,59,84,11,99,46,97,76,95,55,83,96,105,104,0,101,18,43,19,27,31,5,61,71,42,33,8,68,20,49,15,39,38,24,102,74,44,35,53,85,89,62,52,93,91,54,66,63,48,75,45,82,70,73,98,47,14,56,81,92
8,21,92,48,23,47,25,7,5,51,4,28,37,2,50,3,100,21,94,97,9,72,60,12,87,13,30,104,10,29,75,57,42,24,31,0,83,8,68,20,49,65,34,88,38,76,44,105,85,103,61,64,79,90,67,77,69,59,84,66,71,78,46,40,16,6,26,35,98,36,1,58,11,91,39,101,18,53,43,19,54,17,73,99,32,63,15,62,22,80,41,86,89,102,55,74,95,96,33,93,56,81,27,45,70,52,14,82
8,22,24,36,72,28,19,65,66,88,31,104,83,5,47,3,7,57,42,21,10,60,43,50,23,91,97,27,38,1,81,58,44,77,92,4,74,70,71,68,25,80,56,59,26,6,46,15,101,49,30,63,105,8,17,82,39,18,48,37,75,41,94,93,20,85,54,86,96,12,0,2,52,64,55,29,67,99,11,61,13,98,32,89,90,76,35,51,62,14,78,69,79,22,73,45,84,102,100,9,40,34,95,53,16,103,87,33
8,23,85,59,64,9,23,31,104,5,3,76,24,88,67,38,51,56,25,103,93,49,100,70,77,57,81,7,79,37,44,94,83,28,47,92,14,2,42,21,10,60,48,50,96,87,52,12,68,8,30,66,71,78,46,40,16,6,26,35,75,98,0,36,1,58,11,91,39,101,18,53,43,19,54,17,73,99,32,63,97,61,4,15,62,105,22,80,41,86,89,102,55,74,65,33,13,90,20,34,27,84,45,29,72,95,82,69
8,24,18,27,36,23,16,22,29,3,100,10,94,9,57,60,43,13,78,31,88,25,7,65,58,1,72,17,103,2,61,5,51,21,41,4,34,26,28,37,40,50,6,30,64,19,79,86,90,80,67,87,77,12,69,32,59,84,101,11,99,46,97,76,95,55,83,96,105,104,33,0,8,68,20,49,15,39,38,24,102,74,44,35,53,85,89,62,52,93,91,54,66,63,48,75,45,71,82,70,73,42,98,47,14,56,81,92
8,25,80,97,53,8,9,23,100,47,25,15,36,3,26,71,87,37,28,45,34,20,73,81,12,101,18,68,6,24,42,41,91,38,27,31,30,84,5,48,46,50,1,39,49,56,86,88,74,103,19,4,96,102,93,17,85,65,82,33,0,2,43,52,10,64,55,29,67,99,11,61,13,98,32,89,90,76,35,104,51,62,21,14,7,78,69,79,22,44,66,92,58,59,16,75,72,40,57,77,60,105,83,95,54,63,94,70
8,26,7,90,23,56,6,65,58,4,0,72,92,31,100,64,28,69,59,79,67,45,85,83,5,93,47,103,3,94,51,76,37,25,20,95,61,30,104,10,29,75,57,42,24,105,97,21,63,19,1,77,2,101,73,40,86,33,9,99,36,96,70,91,43,80,60,27,66,38,34,18,53,39,48,88,15,78,12,35,14,26,11,87,68,74,16,55,13,81,84,52,17,46,54,82,22,41,44,32,102,62,8,49,71,50,98,89
8,27,35,23,38,1,71,54,68,42,96,95,10,41,17,31,22,6,105,43,78,24,72,101,48,0,65,8,18,98,67,103,59,104,62,34,47,36,79,81,50,57,90,53,27,16,11,99,94,92,86,102,88,82,28,97,60,61,89,33,5,29,93,45,9,52,37,77,64,70,2,69,7,46,15,12,76,4,13,20,30,85,32,91,63,75,39,3,21,44,26,56,55,40,49,73,80,66,14,58,87,19,25,74,84,83,51,100
8,28,7,90,23,56,6,65,58,4,72,92,100,64,28,69,59,79,67,45,85,83,5,93,47,103,3,94,51,76,37,25,20,95,61,30,104,87,13,78,55,31,40,19,0,10,29,75,57,42,24,105,97,21,63,1,77,2,101,73,86,33,9,99,36,96,70,91,43,80,60,27,66,38,34,18,53,39,48,88,15,12,35,14,26,11,68,74,16,81,84,52,17,46,54,82,22,41,44,32,102,62,8,49,71,50,98,89
8,29,103,63,80,102,22,90,74,101,89,9,19,51,0,3,17,100,42,37,10,12,36,55,31,30,25,39,104,97,68,34,69,105,76,65,82,61,43,87,16,24,56,53,64,60,18,49,75,84,95,1,11,85,72,29,21,59,99,15,6,86,46,58,27,73,70,77,41,57,78,81,32,7,33,20,79,2,50,44,94,48,62,83,96,13,28,47,66,92,14,23,8,88,71,52,4,54,40,5,93,38,98,45,26,35,67,91
8,30,44,9,20,23,34,56,95,72,92,31,100,64,28,69,59,79,67,45,85,83,5,93,70,14,104,47,103,3,94,51,76,37,25,24,77,7,57,84,2,42,21,10,60,48,50,96,87,52,12,68,8,30,66,71,78,46,40,16,6,26,35,75,98,0,36,1,58,11,91,39,101,18,53,43,19,54,17,73,99,32,63,97,61,4,15,62,105,22,80,41,86,89,102,55,74,65,33,13,90,88,29,81,27,38,49,82
8,31,92,54,63,48,18,23,47,25,1,5,51,4,28,88,15,61,82,83,17,65,46,24,7,97,37,6,30,2,50,26,3,41,100,21,10,94,9,57,72,60,12,58,43,87,13,78,55,31,40,19,0,8,68,20,49,34,39,38,76,102,80,74,44,32,105,35,53,85,103,89,62,64,79,86,90,67,77,69,59,84,101,11,99,95,96,104,33,93,91,71,56,36,16,81,29,27,75,22,45,98,70,52,66,73,14,42
8,32,56,83,76,98,102,23,48,66,99,70,9,91,68,15,101,63,73,57,38,65,46,24,7,97,30,62,5,54,105,22,37,4,31,13,39,67,103,77,21,18,14,0,94,58,74,34,11,89,20,64,47,51,43,26,52,75,6,53,79,85,3,27,29,92,10,90,81,84,32,1,45,69,16,100,36,12,50,8,71,35,104,95,28,2,42,40,86,59,33,82,80,60,17,72,93,19,78,96,87,41,49,55,61,88,44,25
8,33,38,82,95,72,64,28,9,92,20,23,34,56,70,100,7,77,24,25,37,76,51,94,3,103,47,85,79,59,69,93,5,83,104,67,45,31,14,57,84,2,42,21,10,60,48,50,96,87,52,12,68,8,30,66,71,78,46,40,16,6,26,35,75,98,0,36,1,58,11,91,39,101,18,53,43,19,54,17,73,99,32,63,97,61,4,15,62,105,22,80,41,86,89,102,55,74,65,33,13,90,29,27,49,88,81,44
8,34,5,1,78,12,27,61,45,103,57,79,23,46,60,83,76,102,3,20,33,68,63,6,99,88,19,29,34,24,21,98,38,75,9,16,51,32,96,14,47,39,0,18,54,64,81,52,42,72,26,104,17,91,90,40,36,31,95,85,59,92,28,93,74,44,62,87,13,101,89,41,48,94,58,100,55,2,30,66,49,71,43,84,67,37,11,8,86,22,65,7,97,53,35,10,70,69,105,77,73,56,50,4,80,82,25,15
8,35,3,87,93,23,35,58,100,9,13,42,96,95,64,2,41,17,76,31,22,6,97,89,29,43,33,78,90,24,72,101,48,0,65,8,37,46,18,67,92,103,63,28,82,16,59,99,104,94,50,39,91,62,34,47,36,85,12,102,79,81,44,57,26,5,55,40,20,49,73,80,66,53,70,77,1,30,4,68,38,71,7,54,83,74,105,15,88,98,69,10,11,52,21,86,56,32,75,51,27,45,61,14,84,25,19,60
8,36,80,97,62,99,9,23,100,47,90,69,28,45,34,13,14,73,81,64,22,41,3,94,51,76,37,25,12,52,87,96,50,48,60,10,21,42,2,84,57,7,77,24,30,66,71,78,46,40,16,6,26,35,75,98,36,1,58,11,91,101,18,53,43,19,27,31,5,104,33,0,8,68,20,49,15,39,38,61,89,56,86,88,74,103,4,67,102,93,17,85,65,82,44,55,79,92,29,59,72,105,83,95,54,63,32,70
8,37,92,54,63,48,18,23,47,25,7,1,17,51,28,37,6,2,50,26,3,41,100,21,94,97,9,72,60,12,58,43,87,13,78,30,34,79,53,56,98,5,4,44,104,10,29,75,57,42,24,55,31,40,19,0,83,8,68,20,49,65,15,39,88,38,76,102,80,74,32,105,35,85,103,89,61,62,64,86,90,67,77,69,59,84,101,11,99,46,95,96,33,93,91,71,36,16,81,27,22,45,70,52,66,73,14,82
8,38,78,10,27,105,79,23,83,102,62,3,49,68,63,99,88,19,34,24,21,98,90,91,57,74,87,1,39,18,8,85,17,43,54,0,11,96,32,51,75,66,38,84,101,16,47,103,73,100,55,86,56,48,28,97,60,61,89,33,5,29,93,45,9,52,37,77,64,70,2,69,7,46,15,12,76,4,13,20,14,6,81,26,71,50,44,67,53,92,95,31,36,40,104,30,72,42,58,94,41,59,22,80,82,25,65,35
8,39,44,28,9,23,34,56,100,31,45,67,83,5,47,103,3,25,24,57,84,42,60,87,12,68,30,66,71,78,46,40,16,6,26,36,1,58,91,101,18,92,49,4,50,63,8,17,82,39,48,59,37,75,41,94,93,20,80,85,54,86,96,0,2,43,52,10,64,74,99,11,61,13,98,89,90,76,35,104,70,51,62,21,14,7,69,77,79,22,53,19,73,32,97,15,105,102,55,65,33,88,29,81,72,27,38,95
8,40,56,102,44,98,101,33,23,9,93,38,73,48,88,15,61,82,83,17,65,46,24,7,97,62,5,54,105,22,37,31,67,103,77,21,18,14,0,94,58,74,34,11,89,64,47,51,43,26,52,6,53,79,27,29,92,10,90,81,84,1,45,69,16,100,36,12,50,8,71,35,104,95,28,2,76,4,13,20,30,85,32,91,63,75,39,3,42,40,86,60,68,96,70,59,25,80,87,72,55,99,78,57,41,19,49,66
8,41,18,27,23,16,22,29,3,100,71,69,0,13,34,42,37,10,12,36,55,31,30,25,94,9,57,60,78,88,7,65,58,1,72,103,2,5,51,21,41,26,28,40,50,6,64,79,86,90,80,67,87,77,59,84,101,11,46,76,95,83,96,104,33,8,68,20,49,39,38,53,43,19,54,17,73,99,32,63,97,61,4,15,62,105,24,102,74,44,35,85,89,52,93,91,66,48,75,45,82,70,98,47,14,56,81,92
8,42,23,59,65,83,72,8,92,47,4,58,100,6,28,32,56,49,7,85,90,98,37,50,45,64,3,71,5,51,93,25,20,95,61,30,104,87,13,78,55,31,40,19,0,10,29,75,57,42,24,105,97,21,63,1,77,2,101,73,86,33,9,99,36,96,70,91,43,80,60,27,66,38,34,18,53,39,48,88,15,12,35,14,26,11,68,74,16,81,84,52,17,46,54,82,22,41,44,76,89,103,62,94,79,67,102,69
8,43,92,82,23,25,45,33,28,95,22,29,2,26,3,94,97,12,13,78,55,19,0,68,49,65,88,38,24,74,44,32,31,27,71,46,47,87,11,34,79,53,56,98,5,4,30,15,81,59,43,52,39,89,57,17,72,54,80,50,41,20,42,100,83,102,96,48,60,90,21,9,10,7,40,69,6,104,91,58,64,62,101,66,51,1,75,36,76,8,105,35,63,37,84,93,61,103,85,86,16,99,14,18,67,70,77,73
8,44,74,42,38,26,71,14,51,82,23,36,65,83,66,95,97,84,39,28,13,104,88,31,56,49,9,105,8,63,47,4,17,100,93,80,54,96,12,0,2,43,52,10,64,76,1,11,85,72,29,21,59,99,15,6,86,46,90,58,27,73,70,77,41,57,78,81,32,7,33,20,79,62,92,5,87,67,101,69,40,37,19,30,61,60,94,91,24,34,16,45,48,35,75,3,103,44,50,22,98,55,68,18,25,53,102,89
8,45,24,68,22,35,95,6,42,72,38,105,23,78,84,25,101,31,96,17,100,19,43,1,90,27,11,97,60,61,89,33,29,93,9,77,64,48,0,65,8,37,46,18,67,92,103,63,28,82,16,59,99,104,94,50,39,91,62,34,47,36,69,85,12,102,79,81,44,57,26,5,56,55,88,40,20,49,80,53,4,86,3,2,7,15,76,13,30,32,75,21,71,51,54,10,58,41,83,74,45,98,70,52,66,73,14,87
8,46,35,23,38,1,71,54,68,42,96,95,10,41,17,31,22,6,105,43,78,24,72,101,48,0,65,8,18,67,103,59,104,62,36,79,81,50,57,90,27,11,99,94,92,86,102,88,82,61,89,33,29,93,45,9,52,37,77,64,70,2,69,7,46,15,12,76,13,20,85,32,91,63,75,39,3,21,26,55,60,30,44,4,5,98,56,53,34,97,87,47,16,14,28,40,49,73,80,66,58,19,25,74,84,83,51,100
8,47,24,68,22,6,72,38,105,23,78,84,25,101,31,96,17,100,19,43,1,14,90,27,11,48,0,65,18,98,67,92,103,82,16,59,99,94,35,71,8,50,12,36,75,63,91,32,85,30,20,13,4,76,15,46,7,69,70,64,77,37,52,9,45,93,29,5,33,89,61,60,97,49,88,57,81,79,102,47,34,62,104,95,28,2,42,40,39,3,21,44,26,56,55,73,80,66,53,86,51,54,10,58,41,83,74,87
8,48,35,2,80,58,105,95,24,1,83,25,8,17,48,59,6,30,21,68,65,74,98,56,23,0,26,27,19,102,34,75,50,57,28,90,97,12,15,61,53,38,76,99,86,96,9,45,67,16,85,37,64,41,103,87,39,72,63,10,13,40,31,3,71,70,66,52,82,11,5,51,4,44,18,42,46,77,91,43,47,93,54,92,55,32,29,33,60,20,81,78,89,69,101,104,88,79,94,7,14,49,22,73,62,100,36,84
8,49,44,91,89,51,70,0,22,19,56,32,26,23,78,3,29,64,72,57,77,27,88,49,79,1,74,85,39,65,54,83,18,87,82,52,61,98,17,67,25,37,80,76,24,101,16,47,73,46,55,100,31,43,5,36,34,10,12,4,50,8,71,35,104,103,95,28,62,94,2,42,20,40,86,75,60,58,68,48,14,6,81,97,45,7,59,66,21,105,93,96,38,13,11,53,15,102,92,99,41,90,69,63,84,33,30,9
8,50,14,23,95,72,31,100,28,59,67,85,83,5,47,103,3,51,25,84,42,21,10,60,48,87,30,66,71,78,40,16,6,26,75,79,81,50,57,90,27,11,99,94,92,86,102,88,82,61,89,33,29,93,45,9,52,37,77,64,70,2,69,7,46,15,12,76,13,20,98,0,36,1,58,91,101,18,53,43,19,54,17,73,32,96,104,8,68,49,39,38,24,74,44,35,63,97,4,62,105,22,80,41,55,65,34,56
8,51,85,63,44,67,95,18,55,68,38,32,26,25,33,23,78,12,3,97,73,86,2,0,74,13,65,82,27,54,19,102,34,42,75,50,57,77,94,84,31,71,9,105,16,64,76,45,29,8,93,14,92,90,66,69,36,88,41,80,72,17,89,39,52,43,59,81,15,30,4,5,98,56,53,79,11,87,47,46,70,10,7,49,58,1,37,96,21,28,48,104,24,40,6,22,35,99,83,100,20,91,60,61,101,103,51,62
8,52,18,23,16,22,29,3,100,105,69,0,13,34,37,10,12,36,55,30,25,94,9,57,60,43,78,88,7,65,58,1,72,17,103,2,51,21,41,4,26,28,40,50,6,64,79,86,90,80,67,87,77,32,59,84,101,11,99,46,97,76,95,83,96,104,33,5,31,27,19,53,15,49,20,68,8,61,89,39,38,24,102,74,44,35,85,62,52,93,91,54,66,63,48,75,45,71,82,70,73,42,98,47,14,56,81,92
8,53,58,7,88,13,5,68,19,56,32,26,25,33,23,78,12,3,29,73,61,86,65,53,82,77,15,22,84,31,27,46,8,28,76,35,79,36,75,1,51,103,16,62,99,104,17,18,41,94,2,43,10,9,60,4,57,100,21,72,34,37,40,50,6,30,64,90,80,67,87,69,59,101,11,97,95,55,83,96,105,0,20,49,39,38,24,102,74,44,85,89,52,93,91,54,66,63,48,45,71,70,42,98,47,14,81,92
8,54,80,97,53,8,23,100,47,25,36,26,71,87,37,28,45,34,73,12,101,18,68,6,24,42,91,38,31,84,48,46,50,1,39,49,56,88,74,103,19,96,102,93,17,82,64,29,99,11,61,13,98,32,89,3,75,41,20,85,54,86,0,2,43,52,10,81,27,76,77,104,9,55,67,65,33,60,15,30,4,5,90,35,51,62,21,14,7,78,69,79,22,44,66,92,58,59,16,72,40,57,105,83,95,63,94,70
8,55,23,38,80,68,36,25,31,79,17,78,98,0,72,10,1,43,35,42,34,67,74,8,18,87,59,84,95,83,96,105,104,90,53,27,11,99,94,92,102,88,82,28,60,61,33,5,93,52,37,77,64,70,9,13,89,101,16,47,103,73,46,100,55,86,56,48,14,20,29,2,6,81,97,26,71,45,7,50,69,15,12,76,4,30,85,32,91,63,75,39,3,62,54,21,19,24,57,41,58,66,49,22,65,40,51,44
8,56,13,10,71,25,52,22,11,9,14,70,7,64,33,24,15,0,37,18,99,91,34,12,102,79,5,55,20,49,73,80,66,4,86,83,68,54,105,93,30,38,87,36,84,46,28,78,8,27,101,69,43,97,92,60,2,81,94,65,98,6,85,44,53,89,76,75,57,1,82,58,100,88,47,59,95,74,29,96,3,67,104,26,103,40,35,51,21,61,63,77,56,23,62,72,48,45,50,17,32,39,41,31,16,90,42,19
8,57,10,82,23,25,45,33,28,95,22,29,2,26,3,94,97,12,13,78,55,19,0,68,49,65,88,38,24,74,44,32,31,27,71,46,47,87,11,34,79,53,56,98,5,4,30,15,81,59,43,52,39,89,57,17,72,54,80,50,41,20,42,100,83,36,18,9,105,37,1,96,61,60,84,75,69,104,21,99,76,101,16,6,86,90,58,73,70,77,7,62,92,40,51,35,8,63,93,66,103,67,48,14,102,64,85,91
8,58,23,35,100,13,42,95,17,31,22,89,24,101,103,28,50,91,36,69,102,26,88,82,39,18,48,3,75,94,80,54,96,12,0,2,43,52,10,11,85,72,21,59,99,15,6,46,90,58,27,73,77,41,57,81,93,105,70,86,78,8,67,1,29,45,63,76,64,74,16,37,56,55,32,7,33,20,79,62,92,104,9,65,60,30,44,4,5,98,53,34,97,87,47,14,40,49,66,68,38,71,83,51,61,84,25,19
8,59,42,38,26,71,23,83,66,95,97,39,88,56,49,78,12,3,29,73,61,86,65,53,82,77,15,22,84,31,27,46,8,28,76,35,79,36,75,1,51,103,16,62,99,104,6,45,98,4,69,74,57,91,90,20,9,13,101,14,105,63,47,17,100,93,80,54,96,0,2,43,52,10,64,11,85,72,21,59,58,70,41,81,32,7,33,92,5,87,67,40,37,19,30,60,94,24,34,48,44,50,55,68,18,25,102,89
8,60,44,9,23,56,14,104,83,51,25,7,42,48,52,71,26,36,39,53,66,46,0,95,72,8,63,92,15,54,31,47,4,17,58,2,100,6,30,64,19,28,37,40,50,12,69,32,59,84,101,11,79,86,90,80,67,77,5,75,96,87,76,78,43,45,61,60,94,93,35,85,91,1,20,33,103,24,34,16,73,57,29,27,49,3,99,22,21,70,88,62,98,55,10,68,97,18,105,41,89,102,74,65,13,81,38,82
8,61,79,58,4,102,40,18,6,34,1,68,38,19,30,56,32,26,25,33,23,78,12,3,29,97,73,61,86,2,0,74,13,65,53,82,77,94,15,14,22,84,31,27,71,46,8,28,76,35,54,83,75,99,90,42,24,80,5,17,93,7,81,96,44,9,20,45,92,69,67,95,16,85,36,37,100,55,64,41,103,87,104,39,51,10,57,105,21,63,101,70,91,43,60,66,48,88,11,59,72,52,62,49,50,98,89,47
8,62,79,4,102,40,18,34,1,68,38,19,30,56,32,26,25,33,23,78,3,29,73,61,86,0,74,13,53,82,15,22,84,31,27,71,46,28,35,54,83,90,42,24,80,5,93,7,96,44,20,92,77,41,6,89,99,67,65,2,45,81,66,17,94,97,76,8,14,9,75,57,72,85,60,12,47,58,69,95,16,36,37,100,55,64,103,87,104,39,51,10,105,21,63,101,70,91,43,48,88,11,59,52,62,49,50,98
8,63,85,63,44,67,95,18,55,68,38,19,32,26,25,33,23,78,12,3,97,73,86,2,0,74,13,65,82,77,94,84,31,27,71,46,47,87,11,34,79,53,56,98,5,4,30,15,81,59,43,52,39,89,57,17,72,54,80,50,41,20,42,100,83,102,96,48,60,90,21,9,10,7,40,69,6,104,91,58,64,62,101,66,51,1,75,36,76,8,16,14,28,45,61,93,35,103,24,29,49,99,22,70,88,105,92,37
8,64,51,70,0,22,19,64,72,57,27,88,49,79,1,74,39,23,83,18,82,61,67,37,80,101,16,47,25,24,77,7,66,84,42,21,10,43,48,50,87,99,52,12,54,11,68,17,8,4,15,62,30,91,92,60,2,81,94,65,98,6,85,44,53,89,76,73,46,55,56,100,31,5,36,34,32,71,26,35,104,103,95,29,28,20,40,86,75,3,58,14,97,45,59,105,93,96,38,13,102,41,90,69,63,33,78,9
8,65,92,54,63,48,18,23,47,25,7,1,17,5,51,4,28,37,6,30,2,50,26,3,41,100,21,10,94,97,9,57,72,60,12,58,43,87,13,78,55,31,40,19,0,83,8,68,20,49,65,15,34,39,88,38,24,76,102,80,74,44,32,105,35,53,85,103,89,61,62,64,79,86,90,67,77,69,59,84,101,11,99,46,95,96,104,33,93,91,71,56,36,16,81,29,27,75,22,45,98,70,52,66,73,14,42,82
8,66,44,31,75,51,70,0,22,19,68,34,72,104,77,27,3,88,49,79,1,40,10,85,65,23,83,28,50,82,61,60,5,98,35,17,67,25,36,80,76,24,38,96,93,105,21,66,59,8,4,7,45,71,26,42,52,81,97,64,58,94,48,16,41,89,101,13,9,20,90,39,91,57,74,87,37,43,54,18,6,2,29,14,56,86,55,100,46,73,103,47,95,12,11,53,15,102,62,92,99,32,69,63,84,33,78,30
8,67,92,54,63,48,18,23,47,25,7,1,17,5,51,4,28,37,6,2,50,26,3,41,100,21,94,97,9,72,60,12,58,43,87,13,78,30,104,10,29,75,57,42,24,55,31,40,19,0,83,8,68,20,49,65,15,34,39,88,38,76,102,80,74,44,32,105,35,53,85,103,89,61,62,64,79,86,90,67,77,69,59,84,101,11,99,46,95,96,33,93,91,71,56,36,16,81,27,22,45,98,70,52,66,73,14,82
8,68,52,10,71,0,25,17,30,31,12,39,36,18,87,95,3,9,82,56,100,2,55,34,105,42,37,11,1,53,83,96,28,89,61,60,97,13,68,84,75,69,104,65,74,43,29,21,59,99,15,80,76,24,101,16,47,6,86,46,90,58,27,73,70,77,41,57,78,81,32,7,33,20,79,62,92,40,88,45,94,50,51,35,23,8,38,4,44,63,93,66,103,54,67,48,5,19,14,102,64,49,85,72,26,98,91,22
8,69,51,36,58,61,1,13,25,17,18,3,41,2,43,10,27,9,65,4,5,57,16,100,31,23,103,21,72,34,26,28,37,40,50,6,30,64,19,86,90,80,67,87,77,12,59,84,11,99,46,97,76,95,83,96,105,0,8,68,15,39,38,24,102,74,44,35,53,85,62,52,93,91,66,63,48,75,45,71,82,70,54,92,55,32,29,33,60,20,81,78,89,69,101,104,88,79,94,7,14,49,22,73,42,98,47,56
8,70,56,72,57,44,98,101,33,23,9,93,38,73,48,88,15,61,82,83,17,65,46,24,7,97,30,62,5,54,105,22,37,4,31,13,39,67,103,77,21,18,14,0,94,58,74,34,11,89,20,64,47,51,43,26,52,75,6,53,79,85,3,27,29,92,10,90,81,84,32,1,45,69,16,100,36,12,50,8,71,35,104,95,28,2,42,40,86,60,68,91,96,70,59,25,80,63,102,78,55,19,99,49,76,41,66,87
8,71,56,63,102,44,98,101,33,23,9,93,38,73,48,88,15,61,82,83,17,65,46,24,7,97,30,62,5,54,105,22,37,4,31,13,39,67,103,77,21,18,14,0,94,58,74,34,11,89,20,64,47,51,43,26,52,75,6,53,79,85,3,27,29,92,10,90,81,84,32,1,45,69,16,100,36,12,50,8,71,35,104,95,28,2,42,40,86,60,68,91,96,70,59,25,80,87,72,55,99,78,57,41,19,49,66,76
8,72,9,38,14,82,23,104,95,72,92,31,100,64,28,69,59,79,67,45,85,83,5,93,47,103,3,94,51,76,37,25,24,77,7,57,84,2,42,21,10,60,48,50,96,87,52,12,68,8,30,66,71,78,46,40,16,6,26,35,75,98,0,36,1,58,11,91,39,101,18,53,43,19,54,17,73,99,32,63,97,61,4,15,62,105,22,80,41,86,89,102,55,74,65,33,13,90,20,34,29,27,49,70,88,81,56,44
8,73,71,64,97,79,63,28,16,9,20,23,34,56,70,14,0,31,32,45,61,46,83,5,93,103,51,37,25,24,77,7,66,84,42,21,10,43,48,50,87,99,52,12,54,11,68,17,8,4,15,62,30,91,92,60,2,81,94,65,98,6,85,44,53,89,76,75,57,1,82,58,100,88,47,59,95,74,29,96,3,67,104,26,105,36,22,80,35,41,86,102,55,33,13,90,78,73,39,72,101,27,38,49,40,18,69,19
8,74,9,38,14,82,23,72,92,28,4,0,20,95,51,61,30,104,67,93,10,76,103,29,75,5,57,42,24,105,97,21,31,100,64,69,59,79,45,85,83,47,3,94,37,25,77,7,84,2,60,48,50,96,87,52,12,68,8,66,71,78,46,40,16,6,26,35,98,36,1,58,11,91,39,101,18,53,43,19,54,17,73,99,32,63,15,62,22,80,41,86,89,102,55,74,65,33,13,90,34,27,49,70,88,81,56,44
8,75,31,57,9,54,63,60,53,78,24,23,100,13,25,7,65,58,72,17,103,2,51,21,41,4,26,28,37,40,6,30,19,79,86,90,80,87,77,12,32,101,11,97,95,55,33,93,91,44,84,5,10,48,61,76,89,46,50,1,67,69,99,83,20,15,62,3,43,35,45,14,47,59,42,34,75,64,94,0,73,66,102,39,70,98,22,27,29,81,16,36,56,92,82,105,49,88,52,96,104,71,74,8,85,18,68,38
8,76,92,82,23,34,38,80,42,52,68,36,83,25,102,46,93,64,31,88,79,75,45,4,5,60,3,61,33,17,28,78,15,18,32,96,16,98,85,104,0,72,76,99,95,29,62,54,63,21,59,14,26,19,24,27,47,81,6,103,87,74,57,91,39,90,20,9,13,101,89,41,48,94,58,100,55,2,30,66,49,71,43,84,67,37,11,8,86,22,65,7,97,53,35,10,70,69,105,77,73,56,40,51,44,1,12,50
8,77,5,1,78,10,12,27,61,105,79,23,69,60,83,76,102,62,3,33,49,68,63,99,88,19,77,34,24,21,98,70,84,38,66,75,51,32,96,11,0,18,54,43,37,87,74,57,91,39,90,9,13,89,101,16,47,103,73,46,100,55,86,56,48,14,20,29,2,6,81,97,26,71,45,7,4,8,59,41,94,58,64,52,42,72,30,104,17,40,36,31,95,85,92,53,28,67,93,44,50,22,80,82,25,15,65,35
8,78,80,97,62,99,9,23,100,47,90,15,69,28,45,34,13,14,20,73,81,64,104,22,41,38,3,94,51,76,37,25,68,12,52,87,96,50,48,60,10,21,42,2,84,57,7,77,24,8,30,66,71,78,46,40,16,6,26,35,75,98,0,36,1,58,11,91,39,101,18,53,43,19,27,31,5,61,89,49,56,86,88,74,103,4,67,102,93,17,85,65,82,33,44,55,79,92,29,59,72,105,83,95,54,63,32,70
8,79,74,38,26,71,7,51,23,36,13,83,66,46,95,72,63,31,100,6,37,40,50,69,32,84,101,90,78,57,12,97,73,21,68,91,64,80,44,19,92,42,96,1,94,58,25,62,8,17,82,39,18,48,59,3,75,41,20,85,54,86,0,2,43,52,10,81,27,76,77,104,9,55,67,65,33,60,15,30,4,5,98,56,53,79,34,11,87,47,16,14,28,45,61,93,35,103,24,29,49,99,22,70,88,105,102,89
8,80,71,64,97,79,63,28,16,9,20,23,34,56,70,14,0,31,93,5,83,46,61,45,32,103,51,37,25,24,77,7,66,84,42,21,10,43,48,50,87,99,52,12,54,11,68,17,8,4,15,62,30,91,92,60,2,81,94,65,98,6,85,44,53,89,76,75,57,1,82,58,100,88,47,59,95,74,29,96,3,67,104,26,105,36,22,80,35,41,86,102,55,33,13,90,78,73,39,72,101,27,38,49,40,18,69,19
8,81,31,57,92,9,54,63,48,62,60,7,51,82,23,36,41,13,65,83,104,66,0,95,18,53,25,88,47,100,24,78,74,58,1,72,17,103,2,61,5,21,4,34,26,28,37,40,50,6,30,64,19,79,86,90,80,67,87,77,12,69,32,59,84,101,11,99,46,97,76,55,96,105,33,93,91,44,71,85,3,56,16,89,81,29,27,75,22,45,98,70,52,15,39,102,43,73,49,14,94,68,10,8,35,42,20,38
8,82,15,99,75,20,84,97,35,50,22,38,7,6,10,40,49,57,24,41,104,11,25,0,54,91,88,39,30,71,52,12,94,79,80,36,5,69,9,98,58,73,27,66,33,46,68,90,18,44,95,42,31,92,14,26,93,105,70,86,78,8,67,1,29,45,63,76,64,74,16,37,56,55,96,102,89,87,3,32,13,17,43,21,72,83,47,28,48,53,23,100,60,82,59,61,101,77,85,19,4,65,34,103,51,62,81,2
8,83,15,99,75,20,84,97,35,50,22,38,7,6,10,40,49,57,24,41,104,48,28,47,83,72,21,43,17,13,32,3,87,89,102,96,55,56,37,16,74,64,76,63,45,29,1,67,8,78,86,70,105,93,26,14,92,31,42,95,44,18,90,68,46,33,66,27,73,58,98,9,69,5,36,80,79,94,12,52,71,30,39,88,91,54,0,25,11,53,23,100,60,82,59,61,101,77,85,19,4,65,34,103,51,62,81,2
8,84,52,71,0,25,17,30,31,12,39,36,18,87,95,3,82,56,100,2,55,105,42,37,53,83,96,28,89,61,97,13,68,84,75,65,74,43,29,59,15,80,76,24,47,86,46,27,73,70,77,41,57,1,34,51,66,101,49,103,16,62,64,99,58,91,104,11,6,45,98,4,69,40,7,10,9,21,90,60,78,81,32,33,20,79,92,88,94,50,35,23,8,38,44,63,93,54,67,48,5,19,14,102,85,72,26,22
8,85,33,79,78,19,1,23,18,52,98,25,73,56,34,32,4,50,26,29,62,40,3,61,86,0,74,13,53,82,15,22,84,31,27,71,46,28,35,54,83,90,42,24,80,5,93,7,96,44,20,92,77,41,6,89,99,67,65,2,45,81,66,17,94,97,76,8,14,9,75,57,72,85,60,12,47,58,69,95,16,36,37,100,55,64,103,87,104,39,51,10,105,21,63,101,70,91,43,48,88,11,68,49,38,102,30,59
8,86,23,13,42,95,17,31,22,105,89,8,63,36,102,26,88,82,39,18,48,3,54,0,52,10,72,29,21,99,15,46,58,27,73,2,100,6,30,64,19,28,37,40,50,12,69,32,59,84,101,11,79,86,90,80,67,77,5,75,96,87,76,78,43,45,61,60,94,93,35,85,91,1,20,33,103,24,34,16,70,41,57,81,7,62,92,104,9,55,65,44,4,98,56,53,97,47,14,49,66,68,38,71,83,74,51,25
8,87,85,63,67,95,5,68,19,56,32,26,25,33,23,78,12,3,29,73,61,86,65,53,82,77,15,22,84,31,27,46,8,28,76,35,79,36,75,1,51,103,16,62,99,104,6,45,98,4,69,74,57,91,90,20,9,13,101,14,47,39,11,0,41,18,54,43,37,64,97,81,52,42,58,89,48,94,100,55,2,30,66,49,71,34,38,102,80,44,105,40,7,10,21,60,96,70,87,83,24,50,88,93,72,17,59,92
8,88,25,58,79,19,80,57,24,40,68,72,41,38,31,10,1,43,35,42,34,67,74,8,18,87,59,84,95,83,96,105,104,90,53,27,11,99,94,92,102,88,82,28,60,61,33,5,93,52,37,77,64,70,9,13,89,101,16,47,103,73,46,100,55,86,56,48,14,20,29,2,6,81,97,26,71,45,7,50,69,15,12,76,4,30,85,32,91,63,75,39,3,21,51,0,44,54,62,36,22,98,49,78,66,65,17,23
8,89,9,14,82,23,95,72,92,31,100,64,28,69,59,79,67,45,85,83,5,93,47,103,3,94,51,76,37,25,77,7,57,84,2,42,21,10,60,48,50,87,52,12,30,66,71,78,46,40,16,6,26,75,98,0,36,1,58,11,91,101,18,53,43,19,54,17,73,99,32,96,104,33,8,68,20,49,15,39,38,24,102,74,44,35,63,97,61,4,62,105,22,80,41,86,89,55,65,13,90,34,29,27,70,88,81,56
8,90,37,97,63,1,28,9,75,92,20,23,58,100,14,0,31,104,83,5,19,30,68,87,66,2,6,94,24,29,47,42,55,13,78,54,73,21,12,10,50,40,26,4,7,41,48,57,3,18,8,72,43,60,49,65,15,34,39,88,38,76,102,80,74,44,32,105,35,53,85,103,89,61,62,64,79,86,90,67,77,69,59,84,101,11,99,46,95,96,33,93,91,71,56,36,16,81,27,22,45,98,70,52,17,25,82,51
8,91,5,78,10,12,27,61,105,79,23,69,60,83,76,102,62,3,33,49,68,63,99,88,19,77,34,24,21,98,70,84,38,66,75,51,32,96,0,18,54,43,37,87,74,57,91,39,90,9,13,89,101,16,47,103,73,46,100,55,86,56,48,14,20,29,2,6,81,97,1,58,11,26,71,45,7,4,8,59,41,94,64,52,42,72,30,104,17,40,36,31,95,85,92,53,28,67,93,44,50,22,80,82,25,15,65,35
8,92,9,38,14,82,23,72,92,28,4,0,20,95,51,61,30,104,67,93,10,76,103,29,75,5,57,42,24,105,21,31,100,64,69,59,79,45,85,83,47,3,94,37,25,77,7,84,2,60,48,50,96,87,52,12,68,8,66,71,78,46,40,16,6,35,98,36,1,58,81,97,26,11,91,39,101,18,53,43,19,54,17,73,99,32,63,15,62,22,80,41,86,89,102,55,74,65,33,13,90,34,27,49,70,88,56,44
8,93,31,92,62,60,7,82,23,36,41,65,83,104,95,53,25,78,58,1,49,68,63,99,88,19,77,34,24,21,98,70,84,38,66,75,51,32,96,11,0,18,54,43,37,87,74,57,91,39,90,9,13,89,101,16,47,103,73,46,100,55,86,56,48,14,20,29,72,17,2,61,5,4,26,28,40,50,6,30,64,79,80,67,12,69,59,97,76,105,33,93,44,71,85,3,81,27,22,45,52,15,102,94,10,8,35,42
8,94,23,102,88,61,19,83,66,82,48,49,78,57,56,98,44,33,9,17,65,46,24,7,97,62,5,54,105,22,37,31,67,103,77,21,18,14,0,94,58,74,34,11,89,64,47,51,43,26,52,6,53,79,27,29,92,10,90,81,84,1,45,69,16,100,36,12,50,8,71,35,104,95,28,2,76,4,13,20,30,85,32,91,63,75,39,3,42,40,86,60,68,96,70,59,25,80,87,72,55,99,93,41,38,73,101,15
8,95,36,102,61,38,71,105,101,88,51,89,95,24,13,1,72,99,6,58,70,78,7,92,50,22,46,83,42,90,66,25,62,8,17,82,39,18,48,59,3,37,75,41,94,93,20,80,85,54,86,96,12,0,2,43,52,10,64,81,27,76,77,104,9,55,67,65,33,60,15,30,44,4,5,98,56,53,79,34,97,57,11,87,47,16,14,28,100,63,19,29,31,32,23,73,26,74,91,21,40,49,103,45,68,35,84,69
8,96,15,99,75,84,97,35,50,22,38,6,10,40,49,24,104,11,25,0,54,91,88,39,30,71,52,12,94,80,36,5,69,9,98,66,68,18,44,95,42,31,92,14,26,93,105,8,67,1,29,45,63,76,64,74,86,46,90,58,27,73,70,77,41,57,78,81,32,7,33,20,79,62,16,37,56,55,96,102,89,87,3,13,17,43,21,72,83,47,28,48,53,23,100,60,82,59,61,101,85,19,4,65,34,103,51,2
8,97,95,55,23,13,65,82,92,31,100,64,28,69,59,79,67,45,85,83,5,93,47,103,3,94,51,76,37,25,77,7,57,84,2,42,21,10,60,48,50,87,52,12,30,66,71,78,46,40,16,6,26,75,98,0,36,1,58,11,91,101,18,53,43,19,54,17,73,99,32,96,104,33,8,68,20,49,15,39,38,24,102,74,44,35,63,97,61,4,62,105,22,80,41,86,89,27,34,56,81,72,88,90,14,29,9,70
8,98,79,4,102,40,34,68,19,30,26,25,23,78,3,74,13,53,82,15,22,31,27,71,46,35,83,1,39,18,8,85,17,43,54,0,11,96,32,51,75,38,66,84,101,16,47,103,73,100,55,86,56,48,28,97,60,61,89,33,5,29,93,45,9,52,37,77,90,42,24,80,7,44,20,92,41,6,99,67,65,2,81,94,76,14,57,72,12,58,69,95,36,64,87,104,10,105,21,63,70,91,88,59,62,49,50,98
8,99,44,91,51,70,0,22,19,56,32,23,3,29,64,57,77,27,88,79,1,85,39,83,18,87,82,52,61,67,25,37,76,24,16,47,46,100,31,5,34,71,104,103,95,28,94,2,42,20,86,75,58,68,14,6,81,97,45,7,59,66,93,53,92,69,21,10,60,43,48,50,96,99,12,54,11,26,17,8,4,15,62,105,36,80,35,41,89,102,55,74,65,33,13,90,98,78,73,72,101,38,49,40,63,84,30,9
8,100,22,6,42,23,78,84,25,31,96,100,43,1,14,27,97,60,89,33,29,93,77,48,0,65,8,46,18,67,92,103,28,101,7,10,70,9,105,58,85,17,95,35,90,72,80,38,19,68,75,21,16,99,83,63,87,98,37,57,61,50,45,13,76,15,2,86,53,73,49,20,40,88,55,56,44,81,79,102,12,69,36,47,34,62,91,39,94,104,59,4,51,5,11,82,52,26,66,24,71,3,64,30,32,54,41,74
8,101,28,9,20,0,31,104,83,5,23,91,58,81,1,38,27,97,44,77,92,4,74,70,47,3,7,57,42,21,10,60,43,50,11,26,41,55,33,13,98,22,67,6,79,71,51,56,25,12,40,49,2,100,8,36,45,87,15,34,39,88,24,76,102,80,32,105,35,53,96,30,48,63,66,37,54,64,46,84,93,52,62,61,89,103,85,86,59,75,16,99,90,101,29,14,65,78,94,68,73,72,18,95,82,17,69,19
8,102,92,54,63,48,18,23,47,25,7,1,17,5,51,4,28,37,6,30,2,50,26,3,41,100,21,10,94,97,9,57,72,60,12,58,43,87,13,78,55,31,40,19,0,83,8,68,20,49,65,15,34,39,88,38,24,76,102,80,74,44,32,105,35,53,85,103,89,61,62,64,79,86,90,67,77,69,59,84,101,11,99,46,95,96,104,33,93,91,71,56,36,29,75,70,16,81,27,22,45,98,52,66,73,14,42,82
8,103,10,27,105,23,60,83,76,102,62,3,33,49,68,63,98,70,38,75,104,66,0,95,18,53,25,88,47,100,24,78,74,58,1,72,17,103,2,61,5,21,4,34,26,28,37,40,50,6,30,64,19,79,86,90,80,67,87,77,12,69,32,59,84,101,11,99,51,96,54,43,57,91,39,9,13,89,16,73,46,55,56,48,14,20,29,81,97,71,45,7,8,41,94,52,42,36,31,85,92,93,44,22,82,15,65,35
8,104,78,58,61,103,91,55,69,45,48,62,94,20,83,96,23,89,95,12,24,19,49,14,38,66,73,82,44,53,77,92,5,4,74,70,31,71,0,98,68,104,7,25,80,56,59,57,26,6,46,41,11,54,81,32,67,50,86,47,101,79,36,13,43,52,88,65,15,33,16,102,90,29,76,87,97,51,100,34,10,105,27,85,28,2,42,40,39,3,21,37,1,99,9,22,18,63,60,17,64,84,72,93,8,75,35,30
8,105,23,67,0,53,2,65,59,97,90,8,58,25,101,12,14,47,17,100,9,33,34,64,87,45,35,3,77,13,28,20,104,18,6,42,41,27,31,98,30,84,5,10,48,76,89,46,50,1,21,49,56,86,88,103,19,4,96,68,15,39,38,24,102,54,44,29,55,91,62,70,7,51,63,78,82,81,61,74,22,36,69,94,85,79,52,75,93,40,92,105,11,16,57,32,95,72,80,99,83,37,71,66,26,43,60,73
8,106,58,4,18,6,1,30,56,26,25,23,12,3,29,97,73,2,82,94,14,22,27,71,28,54,75,42,5,17,7,81,9,45,92,16,36,37,13,78,55,31,40,19,0,83,8,68,20,49,65,15,34,39,88,38,24,76,102,80,74,44,32,105,35,53,85,103,89,61,62,64,79,86,90,67,77,69,59,84,101,11,99,46,95,96,104,33,93,100,41,87,51,10,57,21,63,70,91,43,60,66,48,72,52,50,98,47
8,107,102,61,92,71,58,70,7,49,88,89,24,1,22,83,42,66,25,8,17,82,48,59,3,6,30,46,43,91,18,65,15,2,29,13,40,16,28,62,51,50,5,36,11,97,69,21,87,31,77,68,94,26,85,95,96,79,52,72,75,103,105,99,101,39,90,63,73,57,38,37,41,93,20,80,54,86,12,0,10,64,81,27,76,104,9,55,67,33,60,44,4,98,56,53,34,47,14,100,19,32,23,74,45,35,78,84
8,108,23,25,51,9,14,104,42,7,48,83,44,56,52,71,26,36,39,53,66,46,0,95,72,8,63,92,15,54,31,47,4,17,58,2,100,6,30,64,19,28,37,40,50,12,69,32,59,84,101,11,79,86,90,80,67,77,5,75,96,87,76,78,43,45,61,60,94,93,35,85,91,1,20,33,103,24,34,16,73,57,29,27,49,3,99,22,21,70,88,62,98,55,10,68,97,18,105,41,89,102,74,65,13,81,38,82
8,109,80,97,62,99,9,23,100,47,90,15,69,28,45,34,13,14,20,73,81,64,104,22,41,38,3,94,51,76,37,25,68,12,52,87,96,50,48,10,21,42,2,84,57,7,77,24,8,66,71,78,46,40,16,6,26,35,75,98,0,36,1,58,11,91,39,101,18,53,43,19,27,31,5,61,89,49,56,86,60,30,88,74,103,4,67,102,93,17,85,65,82,33,44,55,79,92,29,59,72,105,83,95,54,63,32,70
8,110,44,28,9,23,34,56,100,31,45,67,83,5,47,103,3,25,24,84,42,60,87,12,68,30,66,71,78,40,16,26,36,1,91,101,18,92,49,4,50,63,8,17,82,39,48,59,37,75,94,93,20,80,85,54,96,0,2,43,6,86,46,58,27,73,70,77,41,57,52,10,64,74,99,11,61,13,98,89,90,76,35,104,51,62,21,14,7,69,79,22,53,19,32,97,15,105,102,55,65,33,88,29,81,72,38,95
8,111,44,23,56,14,83,51,25,42,48,71,26,39,53,66,95,8,63,31,47,4,17,100,30,19,28,37,40,50,84,101,54,96,12,0,2,43,52,10,64,76,1,11,85,72,29,21,59,99,15,6,86,46,90,58,27,73,70,77,41,57,78,81,32,7,33,20,62,92,104,9,69,5,36,80,79,94,55,67,65,75,87,45,61,60,93,35,91,103,24,34,16,49,3,22,88,98,68,97,18,105,89,102,74,13,38,82
8,112,18,27,36,23,16,22,29,3,100,10,94,9,57,60,43,13,78,31,88,25,7,103,61,5,51,28,37,30,64,79,67,69,59,76,95,83,104,68,20,49,15,39,38,24,65,58,1,72,17,2,21,41,4,34,26,40,50,6,19,86,90,80,87,77,12,32,84,101,11,99,46,97,55,96,105,33,0,8,102,74,44,35,53,85,89,62,52,93,91,54,66,63,48,75,45,71,82,70,73,42,98,47,14,56,81,92
8,113,69,78,23,0,22,56,32,91,77,15,97,29,13,7,70,9,105,90,72,38,88,49,79,1,74,85,39,65,54,83,18,87,82,52,61,98,17,67,25,37,80,76,24,101,16,47,73,46,55,100,31,43,5,36,34,10,12,4,50,8,71,35,104,103,95,28,62,94,2,42,20,40,86,75,60,58,68,48,14,6,19,21,99,63,57,45,64,3,66,26,11,51,59,33,92,27,102,30,53,93,81,96,44,41,89,84
8,114,85,63,67,95,5,68,19,56,32,26,25,33,23,78,12,3,29,73,61,86,65,53,82,77,15,22,84,31,27,46,8,28,76,35,79,36,75,1,51,103,16,62,104,6,45,98,4,69,57,91,90,20,9,13,101,14,47,39,11,41,18,0,2,43,52,10,64,74,99,54,37,97,81,42,58,89,48,94,100,55,30,66,49,71,34,38,102,80,44,105,40,7,21,60,96,70,87,83,24,50,88,93,72,17,59,92
8,115,85,59,64,79,44,28,9,92,20,23,34,56,70,100,14,31,45,67,104,83,5,93,47,103,3,94,51,76,37,25,24,77,7,57,84,2,42,21,10,60,48,50,96,87,52,12,68,8,74,65,33,13,30,66,71,78,46,40,16,6,26,35,75,98,0,36,1,58,11,91,39,101,18,53,43,19,54,17,73,99,32,63,97,61,4,15,62,105,22,80,41,86,89,102,55,90,88,29,81,72,27,38,49,95,82,69
8,116,58,27,77,57,72,64,19,1,34,6,40,102,4,88,49,56,32,26,23,78,3,29,73,2,0,74,13,14,22,84,31,71,28,35,54,83,75,42,24,80,5,81,96,9,20,45,69,95,16,85,36,55,41,87,104,39,21,70,52,90,11,97,12,15,63,67,89,103,30,68,93,100,61,10,33,65,105,82,59,60,94,8,53,25,7,38,76,99,17,91,86,18,92,51,37,48,44,46,101,79,43,66,62,50,98,47
8,117,56,100,83,27,102,14,23,81,94,48,95,86,22,69,10,70,9,30,43,21,68,77,18,65,15,97,2,29,13,40,50,39,90,63,73,57,26,38,59,33,82,80,71,46,8,28,76,35,79,36,75,1,34,51,66,101,49,103,16,62,64,99,58,91,104,11,6,45,98,4,92,42,85,24,60,17,84,72,93,19,7,31,89,53,0,54,78,5,96,3,87,105,41,47,67,74,37,12,55,61,32,88,44,25,20,52
8,118,36,102,92,72,105,70,88,1,25,82,46,68,77,40,51,50,79,45,4,5,60,3,61,33,17,28,78,15,85,32,96,95,29,62,59,26,19,24,27,6,75,21,16,99,83,63,76,103,87,74,57,91,90,20,9,13,101,14,47,39,11,0,41,18,54,43,37,64,97,81,52,42,58,89,48,94,100,55,2,30,66,49,71,84,67,8,86,22,65,7,53,104,73,38,93,80,12,10,44,98,56,34,31,23,35,69
8,119,5,1,78,12,27,45,103,23,46,83,76,3,20,68,63,6,19,29,24,21,98,38,75,9,51,32,96,14,39,0,18,54,64,52,42,28,82,16,59,99,104,94,50,62,34,47,36,102,79,81,57,88,49,97,60,61,89,33,72,26,17,91,90,40,31,95,85,92,93,74,44,87,13,101,41,48,58,100,55,2,30,66,71,43,84,67,37,11,8,86,22,65,7,53,35,10,70,69,105,77,73,56,4,80,25,15
8,120,62,8,23,47,25,3,26,71,87,28,4,0,79,94,32,55,54,37,45,13,81,64,6,7,41,98,84,5,76,103,100,22,20,95,61,30,104,10,29,75,57,42,24,105,97,21,63,19,1,77,2,101,73,40,86,33,9,99,36,96,70,91,43,80,60,27,66,38,34,18,53,39,48,88,15,78,12,35,14,31,68,90,72,67,69,83,89,46,50,49,56,74,102,93,17,85,65,82,44,92,51,58,59,16,11,52
8,121,44,62,63,51,70,0,22,19,68,34,72,104,77,27,3,88,49,79,1,40,10,85,65,23,83,28,50,82,61,60,5,98,35,17,67,25,36,80,76,24,38,96,93,105,21,66,59,8,4,7,45,71,26,42,52,81,97,64,58,94,48,16,41,89,101,13,9,20,90,39,91,57,74,87,37,43,54,18,6,2,29,14,56,86,55,78,11,69,31,95,75,103,99,100,30,12,84,46,15,102,53,92,32,33,73,47
8,122,97,28,92,20,23,0,104,83,5,47,3,42,21,10,50,11,26,12,36,55,31,30,25,94,9,57,60,43,78,88,7,65,58,1,72,17,103,4,41,33,13,98,22,67,6,79,71,51,77,56,40,49,2,100,8,45,87,15,34,39,38,24,76,102,80,74,44,32,105,35,53,96,48,63,66,37,54,64,91,46,84,93,52,62,61,89,85,86,59,27,75,16,99,90,101,29,14,70,68,73,18,95,82,69,81,19
8,123,15,99,75,20,84,97,35,50,22,38,7,6,10,40,49,57,24,41,48,28,47,83,72,21,43,17,13,32,3,87,89,102,96,56,37,16,74,64,76,63,45,29,1,67,8,78,86,70,105,93,26,14,31,42,95,44,18,90,68,46,33,66,27,73,58,98,69,5,36,80,79,62,92,104,9,55,94,12,52,71,30,39,88,91,54,0,25,11,53,23,100,60,82,59,61,101,77,85,19,4,65,34,103,51,81,2
8,124,92,23,36,102,72,31,88,45,61,32,95,19,24,99,74,22,83,66,25,8,17,82,48,71,49,100,89,58,47,14,87,11,34,79,78,30,104,10,29,75,57,42,53,56,98,5,4,44,60,33,67,55,9,76,27,81,64,52,0,12,96,86,54,85,80,20,93,94,41,37,38,26,103,73,63,90,39,101,50,51,62,28,16,40,13,2,97,15,65,18,77,68,91,21,43,46,6,3,59,84,7,35,70,69,105,1
8,125,15,23,67,102,0,53,2,65,59,97,90,8,58,25,101,12,14,47,17,100,9,33,34,64,87,45,35,3,77,13,28,82,20,104,18,68,6,24,42,7,22,41,91,38,27,31,98,30,84,5,10,48,61,76,89,46,50,1,39,21,49,56,86,88,74,103,19,4,96,55,62,93,51,52,40,29,94,92,105,11,16,78,57,32,70,85,95,72,80,75,99,83,63,37,71,66,26,44,43,54,60,81,69,79,73,36
9,0,36,102,61,92,71,72,58,105,70,7,49,88,89,95,24,1,22,83,42,66,25,8,17,82,48,59,3,6,30,46,43,21,91,68,77,18,65,75,15,97,2,29,13,40,16,28,62,51,50,101,39,90,63,73,103,57,26,38,37,41,94,93,20,80,85,54,86,96,12,0,52,10,64,81,27,76,104,9,55,67,33,60,44,4,5,98,56,53,79,34,11,87,47,14,100,19,31,32,23,74,45,35,78,99,84,69
9,1,36,102,61,38,71,105,49,101,88,91,51,89,95,40,24,13,50,22,83,42,66,25,8,17,82,39,18,48,3,37,75,94,93,80,54,96,12,0,2,43,52,10,64,76,1,11,85,72,29,21,59,99,15,6,86,46,90,58,27,73,70,77,41,57,78,81,32,7,33,20,79,62,92,104,9,55,67,65,60,30,44,4,5,98,56,53,34,97,87,47,16,14,28,100,63,19,31,23,26,74,103,45,68,35,84,69
9,2,74,9,96,52,26,71,82,36,20,23,34,56,70,14,0,31,32,45,61,46,83,5,93,103,51,37,25,24,77,7,66,84,42,21,10,43,48,50,87,41,13,65,104,95,72,8,63,92,15,54,47,4,17,58,2,100,6,30,64,19,28,40,12,69,59,101,11,86,90,67,75,76,78,80,44,38,79,60,94,35,85,91,1,33,16,73,57,29,27,49,3,99,22,88,62,98,55,68,97,18,105,81,53,102,39,89
9,3,103,63,80,102,22,101,89,9,19,51,0,3,17,100,42,37,10,12,36,55,31,30,25,39,104,97,68,34,69,105,76,65,74,82,61,43,87,16,24,56,53,64,60,18,49,75,84,95,1,11,85,72,29,21,59,99,15,6,86,46,90,58,27,73,70,77,41,57,78,81,32,7,33,20,79,2,50,44,94,48,62,83,96,13,28,47,66,92,14,23,8,88,71,52,4,54,40,5,93,38,98,45,26,35,67,91
9,4,23,35,100,13,42,95,17,31,22,105,89,24,101,8,103,63,28,50,91,36,69,102,26,88,82,39,18,48,3,37,75,94,93,80,54,96,12,0,2,43,52,10,64,76,1,11,85,72,29,21,59,99,15,6,86,46,90,58,27,73,70,77,41,57,78,81,32,7,33,20,79,62,92,104,9,55,67,65,60,30,44,4,5,98,56,53,34,97,87,47,16,14,40,49,66,68,38,71,83,74,45,51,61,84,25,19
9,5,24,68,22,35,95,6,42,72,38,105,23,78,84,25,101,31,96,17,100,19,43,1,14,90,27,11,48,0,65,8,18,98,67,92,103,28,82,16,59,99,104,94,50,62,34,47,36,102,79,81,57,88,49,97,60,61,89,33,5,29,93,45,9,52,37,77,64,70,2,69,7,46,15,12,76,4,13,20,30,85,32,91,63,75,39,3,21,44,26,56,55,40,73,80,66,53,86,71,51,54,10,58,41,83,74,87
9,6,23,35,13,42,95,31,22,89,24,103,28,50,36,102,26,88,82,39,18,48,3,75,96,12,0,52,1,11,29,21,99,86,7,10,70,9,105,72,8,63,92,15,54,47,4,17,58,2,100,5,87,67,80,90,79,101,59,69,40,37,19,64,30,6,76,78,43,61,60,94,93,85,91,46,27,73,77,41,57,81,32,33,20,62,104,55,65,44,98,56,53,34,97,16,14,49,66,68,38,71,83,74,45,51,84,25
9,7,36,102,61,38,71,105,101,88,51,89,95,24,13,50,22,83,42,66,25,8,17,82,18,48,37,94,93,80,54,96,12,0,2,43,52,10,64,76,1,11,72,29,59,99,15,6,86,46,90,58,27,73,70,77,41,57,78,81,7,33,20,79,62,92,104,9,67,65,60,4,5,98,53,34,97,87,47,16,30,85,32,91,63,75,39,3,21,44,26,56,55,40,49,14,28,100,19,31,23,74,103,45,68,35,84,69
9,8,95,67,56,70,45,20,9,28,72,69,5,59,82,92,85,34,44,14,100,83,93,49,64,79,104,47,103,3,94,51,76,37,25,24,77,7,57,84,2,42,21,10,60,48,50,96,87,52,12,68,8,30,66,71,78,46,40,16,6,26,35,75,98,0,36,1,58,11,91,39,101,18,53,43,19,54,17,73,99,32,63,97,61,4,15,62,105,22,80,41,86,89,102,55,74,65,33,13,90,88,29,81,27,38,23,31
9,9,36,23,16,22,29,3,100,10,94,9,57,60,13,78,88,25,7,65,58,1,72,17,103,2,51,21,41,4,34,26,28,37,40,50,6,30,64,79,86,90,80,67,87,77,12,69,32,59,84,11,99,46,97,76,95,55,83,96,105,104,33,0,8,68,20,49,15,101,18,53,43,19,27,31,5,61,89,39,38,24,102,74,44,35,85,62,52,93,91,54,66,63,48,75,45,71,82,70,73,42,98,47,14,56,81,92
9,10,18,27,36,23,16,22,9,60,43,13,92,31,100,64,28,69,59,79,67,45,85,83,5,93,47,103,3,94,51,76,37,25,20,95,61,30,104,10,29,75,57,78,88,7,65,58,1,72,17,2,21,41,4,34,26,40,50,6,19,86,90,80,87,77,12,32,84,101,11,99,46,97,55,96,105,33,0,8,68,49,15,39,38,24,102,74,44,35,53,89,62,52,91,54,66,63,48,71,82,70,73,42,98,14,56,81
9,11,67,23,22,50,72,12,8,68,65,31,88,79,5,3,61,33,17,28,78,15,85,32,95,29,59,26,19,27,63,76,74,57,13,14,39,0,41,18,54,43,37,97,81,52,89,94,55,2,30,36,75,1,34,51,66,101,49,103,16,62,64,99,58,91,104,11,6,45,98,4,69,40,7,10,9,21,90,60,48,47,96,70,87,102,83,100,24,42,20,71,38,80,44,105,35,53,93,84,46,86,82,73,77,25,56,92
9,12,23,35,100,13,42,95,17,31,22,105,89,24,101,8,103,63,28,50,91,36,69,102,26,88,82,39,18,48,3,37,75,94,93,80,54,96,12,0,2,43,52,10,64,76,1,11,85,72,29,21,59,99,15,6,46,90,58,27,73,70,77,41,57,78,81,32,7,33,20,79,62,92,104,9,55,67,65,60,56,86,30,44,4,5,98,53,34,97,87,47,16,14,40,49,66,68,38,71,83,74,45,51,61,84,25,19
9,13,36,18,27,16,23,38,9,60,43,13,92,31,100,64,28,69,59,79,67,45,85,83,5,93,47,103,3,94,51,76,37,25,20,95,61,30,104,10,29,75,57,78,88,7,65,58,1,72,17,2,21,41,4,34,26,40,50,6,19,86,90,80,87,77,12,32,84,101,11,99,46,97,55,96,105,33,0,8,68,49,15,39,24,102,74,44,35,53,62,52,91,66,63,48,71,82,70,54,81,89,14,22,73,42,98,56
9,14,36,102,61,38,71,105,101,88,51,89,95,24,13,50,22,83,42,66,25,8,17,82,18,48,37,94,93,80,54,96,12,0,2,43,52,29,72,11,1,76,64,10,59,99,15,6,86,46,90,58,27,73,70,77,41,57,78,81,7,33,20,79,62,92,104,9,67,65,60,4,5,98,53,34,97,87,47,16,30,85,32,91,63,75,39,3,21,44,26,56,55,40,49,14,28,100,19,31,23,74,103,45,68,35,84,69
9,15,36,23,16,22,29,3,100,10,94,9,57,60,13,78,88,25,7,65,58,1,72,17,103,2,51,21,41,4,34,26,28,37,40,50,6,30,64,79,86,90,80,67,87,77,12,69,32,59,84,11,99,46,97,76,95,55,83,96,105,104,0,101,18,43,19,27,31,5,61,71,42,33,8,68,20,49,15,39,38,24,102,74,44,35,53,85,89,62,52,93,91,54,66,63,48,75,45,82,70,73,98,47,14,56,81,92
9,16,92,48,23,47,25,7,5,51,4,28,37,2,50,3,100,21,94,97,9,72,60,12,87,13,30,104,10,29,75,57,42,24,31,0,83,8,68,20,49,65,34,88,38,76,44,105,85,103,61,64,79,90,67,77,69,59,84,66,71,78,46,40,16,6,26,35,98,36,1,58,11,91,39,101,18,53,43,19,54,17,73,99,32,63,15,62,22,80,41,86,89,102,55,74,95,96,33,93,56,81,27,45,70,52,14,82
9,17,24,36,72,28,19,65,66,88,31,104,83,5,47,3,7,57,42,21,10,60,43,50,23,91,97,27,38,1,81,58,44,77,92,4,74,70,71,68,25,80,56,59,26,6,46,15,101,49,30,63,105,8,17,82,39,18,48,37,75,41,94,93,20,85,54,86,96,12,0,2,52,64,55,29,67,99,11,61,13,98,32,89,90,76,35,51,62,14,78,69,79,22,73,45,84,102,100,9,40,34,95,53,16,103,87,33
9,18,85,63,67,95,56,32,26,33,23,78,12,3,29,61,86,65,15,22,84,19,49,14,38,66,73,82,44,53,77,92,5,4,74,70,31,71,0,98,68,104,7,25,80,27,46,8,28,76,35,79,36,75,1,51,103,16,62,99,6,45,69,57,91,90,20,9,13,101,47,39,11,41,18,54,43,37,64,97,81,52,42,58,89,48,94,100,55,2,30,34,102,105,40,10,21,60,96,87,83,24,50,88,93,72,17,59
9,19,92,48,23,47,25,5,51,4,28,12,87,13,104,10,82,17,65,46,24,7,97,37,6,30,2,50,26,3,100,21,94,9,57,72,60,29,75,42,31,0,83,8,68,20,49,34,88,38,76,44,105,85,103,61,64,79,90,67,77,69,59,84,66,71,78,40,16,35,98,36,1,58,11,91,39,101,18,53,43,19,54,73,99,32,63,15,62,22,80,41,86,89,102,55,74,95,96,33,93,56,81,27,45,70,52,14
9,20,92,82,23,25,45,33,28,95,22,29,26,3,12,13,78,19,68,49,65,88,38,24,44,32,31,27,71,46,87,34,79,53,56,98,5,4,15,59,57,17,72,80,50,20,83,102,96,60,90,21,9,7,40,69,6,104,47,39,11,41,18,0,2,43,52,10,64,74,8,76,36,75,1,51,66,101,62,91,30,55,100,94,48,89,58,42,81,97,37,54,99,105,35,63,84,93,61,103,85,86,16,14,67,70,77,73
9,21,24,36,72,28,65,66,88,31,104,83,5,47,3,7,57,42,21,10,60,43,23,91,97,27,38,1,81,58,44,77,92,4,74,70,71,68,25,56,59,26,46,15,101,49,63,40,50,6,30,64,19,79,86,90,80,67,105,8,17,82,39,18,48,37,75,41,94,93,20,85,54,96,12,0,2,52,55,29,99,11,61,13,98,32,89,76,35,51,62,14,78,69,22,73,45,84,102,100,9,34,95,53,16,103,87,33
9,22,67,23,22,50,72,12,8,65,88,79,5,3,61,33,17,28,78,15,85,32,95,29,59,26,19,27,63,76,74,57,13,14,39,0,41,18,54,43,37,97,81,52,89,55,69,21,87,31,77,68,94,2,30,36,75,1,34,51,66,101,49,103,16,62,64,99,58,91,104,11,6,45,98,4,40,7,10,9,90,60,48,47,96,70,102,83,100,24,42,20,71,38,80,44,105,35,53,93,84,46,86,82,73,25,56,92
9,23,79,102,40,34,68,30,26,25,23,78,3,74,13,82,31,27,71,46,35,83,8,85,0,96,51,75,38,66,84,16,47,103,100,55,56,48,28,60,89,33,5,29,93,45,9,52,37,77,90,42,24,7,44,20,92,6,67,65,2,81,94,76,1,58,11,91,39,101,18,53,43,19,54,17,73,99,32,63,97,61,4,15,62,105,22,80,41,86,14,57,72,12,69,95,36,64,87,104,10,21,70,88,59,49,50,98
9,24,74,9,96,52,26,71,82,36,23,34,56,14,0,31,45,61,83,5,93,103,51,25,24,66,84,42,21,10,43,48,50,87,41,65,104,95,72,8,92,54,47,17,58,100,6,19,28,40,59,101,11,86,90,67,78,80,44,38,79,60,94,35,1,33,37,77,64,70,2,69,7,46,15,12,76,4,13,20,30,85,32,91,63,75,39,3,16,73,57,29,27,49,99,22,88,62,98,55,68,97,18,105,81,53,102,89
9,25,85,59,9,23,31,104,3,76,24,88,38,51,25,93,49,70,77,57,81,7,37,44,94,83,92,42,21,10,60,96,87,52,68,8,66,71,78,35,75,98,0,36,1,58,11,91,39,101,18,53,43,19,54,16,47,103,73,46,100,55,86,56,48,14,20,29,72,17,2,61,5,4,26,28,40,50,6,30,64,79,80,67,12,69,99,32,63,97,15,62,105,22,41,89,102,74,65,33,13,90,34,27,84,45,95,82
9,26,79,78,23,52,25,56,4,50,26,29,40,3,61,0,82,84,31,71,46,28,35,83,42,24,5,93,7,96,44,20,92,77,6,67,2,45,81,66,94,97,76,8,14,9,75,57,72,85,60,12,47,69,95,16,37,100,64,103,87,104,51,10,105,21,48,68,98,36,1,58,11,91,39,101,18,53,43,19,54,17,73,99,32,63,15,62,22,80,41,86,89,102,55,74,65,33,13,90,34,27,49,70,88,38,30,59
9,27,44,70,0,22,19,56,32,23,3,29,57,77,27,88,85,39,83,18,87,82,52,61,67,25,37,76,24,47,46,100,31,5,71,95,28,94,2,42,20,86,68,14,81,97,7,59,93,35,79,36,75,1,34,51,66,101,49,103,16,62,64,99,58,91,104,11,6,45,98,4,92,53,69,21,10,60,43,48,50,96,12,54,26,17,8,15,105,80,41,89,102,55,74,65,33,13,90,78,73,72,38,40,63,84,30,9
9,28,42,38,26,71,23,83,95,97,39,88,56,49,78,12,3,29,61,86,65,53,82,77,15,22,84,31,27,46,8,28,76,35,79,36,75,1,51,103,16,62,99,104,6,4,69,74,57,91,90,20,9,13,101,105,63,47,17,100,93,80,54,96,0,2,43,10,64,11,85,72,21,59,58,70,41,81,32,7,33,92,5,87,67,40,37,19,30,60,94,24,34,48,44,50,55,68,18,25,45,98,52,66,73,14,102,89
9,29,102,53,65,14,47,100,9,33,34,87,45,3,28,104,24,42,7,22,31,84,43,50,23,91,97,27,38,1,81,58,44,77,92,4,74,70,71,68,25,80,56,59,26,6,46,15,101,49,30,63,105,8,17,82,39,18,48,37,75,41,94,93,20,85,54,86,96,12,0,2,52,64,55,29,67,99,11,61,13,98,32,89,90,76,35,51,62,5,10,21,88,103,19,40,16,78,57,95,72,83,66,60,69,79,73,36
9,30,79,102,34,68,38,19,32,25,33,23,78,12,3,61,65,82,77,15,22,84,27,76,35,83,75,99,24,80,5,93,44,69,51,10,105,96,0,18,54,43,37,87,74,57,91,39,90,9,13,89,101,16,47,103,73,46,100,55,86,56,48,14,20,29,2,6,81,97,1,58,11,26,71,45,7,4,8,59,41,94,64,52,42,72,30,104,17,40,36,31,95,85,92,53,28,67,21,63,70,60,66,88,62,49,50,98
9,31,4,40,18,34,1,68,38,30,56,26,23,78,84,31,27,71,24,25,37,76,51,94,3,103,47,85,46,28,83,75,16,59,29,58,92,66,44,82,17,39,87,100,36,95,12,60,72,57,9,8,81,45,67,6,5,42,41,93,20,80,54,86,96,0,2,43,52,10,64,74,99,11,61,13,98,89,90,35,104,70,62,21,14,7,69,77,79,22,53,19,73,32,97,15,105,102,55,65,33,63,101,91,48,88,49,50
9,32,44,23,34,56,95,72,92,31,100,28,59,79,67,45,83,5,93,14,104,47,103,3,94,51,25,24,57,84,42,21,10,60,48,50,96,87,68,8,66,71,78,40,16,6,26,35,75,98,0,36,1,58,11,39,101,18,53,43,19,54,17,73,9,52,37,77,64,70,2,69,7,46,15,12,76,4,13,20,30,85,32,91,63,99,97,61,62,105,22,80,41,86,89,102,55,74,65,33,90,88,29,81,27,38,49,82
9,33,18,27,23,16,29,3,48,66,99,70,9,91,68,15,101,63,73,57,38,65,46,24,7,97,30,62,5,54,105,22,37,100,71,69,0,13,34,42,10,12,36,55,31,25,94,60,78,88,58,1,72,103,2,51,21,41,26,28,40,50,6,64,79,86,90,80,67,87,77,59,84,11,76,95,83,96,104,33,8,20,49,39,53,43,19,17,32,61,4,102,74,44,35,85,89,52,93,75,45,82,98,47,14,56,81,92
9,34,18,27,23,16,22,29,3,100,71,105,69,0,13,34,42,37,10,12,36,55,31,30,25,94,9,57,60,43,78,88,7,65,58,1,72,17,103,2,61,5,51,21,41,4,26,28,40,50,6,64,19,79,86,90,80,67,87,77,32,59,84,101,11,99,46,97,76,95,83,96,104,33,8,68,20,49,15,39,38,24,102,74,44,35,53,85,89,62,52,93,91,54,66,63,48,75,45,82,70,73,98,47,14,56,81,92
9,35,92,63,48,18,23,47,25,1,5,4,28,88,15,61,82,17,65,46,24,7,97,37,6,30,2,50,26,3,100,21,94,9,57,72,60,12,43,87,13,78,55,31,40,19,0,8,68,20,49,34,39,38,76,102,80,44,32,105,35,53,85,103,89,62,64,79,86,90,67,77,69,59,84,101,11,99,95,96,104,33,93,91,71,56,36,16,81,29,27,75,22,45,98,70,52,66,73,14,51,54,10,58,41,83,74,42
9,36,85,64,79,44,28,92,23,34,70,31,67,104,83,5,93,3,76,25,24,77,84,42,21,10,60,50,52,12,68,30,38,66,75,51,32,96,0,18,54,43,37,87,74,57,91,39,90,9,13,89,101,16,47,103,73,46,100,55,86,56,48,14,20,29,2,6,81,97,1,58,11,26,71,45,7,4,8,59,41,94,78,40,35,98,36,53,19,17,99,63,61,15,62,105,22,80,102,65,33,88,72,27,49,95,82,69
9,37,4,40,18,34,1,68,38,30,56,26,25,23,78,3,84,31,27,71,46,28,83,42,24,5,6,67,45,81,8,9,57,72,60,12,47,95,36,37,100,103,87,39,17,82,44,66,92,58,29,59,16,75,41,94,93,20,80,85,54,86,96,0,2,43,52,10,64,74,99,11,61,13,98,89,90,76,35,104,70,51,62,21,14,7,69,77,79,22,53,19,73,32,97,15,105,102,55,65,33,63,101,91,48,88,49,50
9,38,38,82,95,72,64,28,9,92,20,23,34,56,70,100,7,77,24,25,37,76,51,94,3,103,47,85,79,59,69,93,5,83,104,67,45,31,14,57,84,2,42,21,10,60,48,50,96,87,52,12,68,8,46,40,16,6,26,35,75,98,0,36,1,58,11,91,39,101,18,53,43,19,54,17,73,99,32,63,97,61,4,15,62,105,22,80,41,86,89,102,55,74,65,33,13,30,66,71,78,90,29,27,49,88,81,44
9,39,85,59,64,9,23,31,104,5,3,76,24,88,67,38,51,56,25,103,93,49,100,70,77,57,81,7,79,37,44,94,83,28,47,92,14,2,42,21,10,60,48,50,96,87,52,12,68,8,30,66,71,78,46,40,16,6,26,35,75,98,0,36,1,58,11,91,39,101,18,53,43,19,54,17,73,99,32,63,97,61,4,15,62,105,22,80,41,86,89,102,55,74,65,33,13,90,20,34,27,84,45,29,72,95,82,69
9,40,18,27,36,23,16,22,29,3,100,10,94,9,57,60,43,13,78,31,88,25,7,65,58,1,72,17,103,2,61,5,51,21,41,4,34,26,28,37,40,50,6,30,64,19,79,86,90,80,67,87,77,12,69,32,59,84,101,11,99,46,97,76,95,55,83,96,105,104,33,0,8,68,20,49,15,39,38,24,102,74,44,35,53,85,89,62,52,93,91,54,66,63,48,75,45,71,82,70,73,42,98,47,14,56,81,92
9,41,7,90,23,56,6,65,58,4,0,72,92,31,100,64,28,69,59,79,67,45,85,83,5,93,47,103,3,94,51,76,37,25,20,95,61,30,104,10,29,75,57,42,24,105,97,21,63,19,1,77,2,101,73,40,86,33,9,99,36,96,70,91,43,80,60,27,66,38,34,18,53,39,48,88,15,78,12,35,14,26,11,87,68,74,16,55,13,81,84,52,17,46,54,82,22,41,44,32,102,62,8,49,71,50,98,89
9,42,35,23,38,1,71,54,68,42,96,95,10,41,17,31,22,6,105,43,78,24,72,101,48,0,65,8,18,98,67,103,59,104,62,34,47,36,79,81,50,57,90,53,27,16,11,99,94,92,86,102,88,82,28,97,60,61,89,33,5,29,93,45,9,52,37,77,64,70,2,69,7,46,15,12,76,4,13,20,30,85,32,91,63,75,39,3,21,44,26,56,55,40,49,73,80,66,14,58,87,19,25,74,84,83,51,100
9,43,7,90,23,56,6,65,58,4,72,92,100,64,28,69,59,79,67,45,85,83,5,93,47,103,3,94,51,76,37,25,20,95,61,30,104,87,13,78,55,31,40,19,0,10,29,75,57,42,24,105,97,21,63,1,77,2,101,73,86,33,9,99,36,96,70,91,43,80,60,27,66,38,34,18,53,39,48,88,15,12,35,14,26,11,68,74,16,81,84,52,17,46,54,82,22,41,44,32,102,62,8,49,71,50,98,89
9,44,103,63,80,102,22,90,74,101,89,9,19,51,0,3,17,100,42,37,10,12,36,55,31,30,25,39,104,97,68,34,69,105,76,65,82,61,43,87,16,24,56,53,64,60,18,49,75,84,95,1,11,85,72,29,21,59,99,15,6,86,46,58,27,73,70,77,41,57,78,81,32,7,33,20,79,2,50,44,94,48,62,83,96,13,28,47,66,92,14,23,8,88,71,52,4,54,40,5,93,38,98,45,26,35,67,91
9,45,56,83,76,98,102,23,48,66,99,70,9,91,68,15,101,63,73,57,38,65,46,24,7,97,30,62,5,54,105,22,37,4,31,13,39,67,103,77,21,18,14,0,94,58,74,34,11,89,20,64,47,51,43,26,52,75,6,53,79,85,3,27,29,92,10,90,81,84,32,1,45,69,16,100,36,12,50,8,71,35,104,95,28,2,42,40,86,59,33,82,80,60,17,72,93,19,78,96,87,41,49,55,61,88,44,25
9,46,38,82,95,72,64,28,9,92,20,23,34,56,70,100,7,77,24,25,37,76,51,94,3,103,47,85,79,59,69,93,5,83,104,67,45,31,14,57,84,2,42,21,10,60,48,50,96,87,52,12,68,8,30,66,71,78,46,40,16,6,26,35,75,98,0,36,1,58,11,91,39,101,18,53,43,19,54,17,73,99,32,63,97,61,4,15,62,105,22,80,41,86,89,102,55,74,65,33,13,90,29,27,49,88,81,44
9,47,5,1,78,12,27,61,45,103,57,79,23,46,60,83,76,102,3,20,33,68,63,6,99,88,19,29,34,24,21,98,38,75,9,16,51,32,96,14,47,39,0,18,54,64,81,52,42,72,26,104,17,91,90,40,36,31,95,85,59,92,28,93,74,44,62,87,13,101,89,41,48,94,58,100,55,2,30,66,49,71,43,84,67,37,11,8,86,22,65,7,97,53,35,10,70,69,105,77,73,56,50,4,80,82,25,15
9,48,3,87,93,23,35,58,100,9,13,42,96,95,64,2,41,17,76,31,22,6,97,89,29,43,33,78,90,24,72,101,48,0,65,8,37,46,18,67,92,103,63,28,82,16,59,99,104,94,50,39,91,62,34,47,36,85,12,102,79,81,44,57,26,5,55,40,20,49,73,80,66,53,70,77,1,30,4,68,38,71,7,54,83,74,105,15,88,98,69,10,11,52,21,86,56,32,75,51,27,45,61,14,84,25,19,60
9,49,80,97,62,99,9,23,100,47,90,69,28,45,34,13,14,73,81,64,22,41,3,94,51,76,37,25,12,52,87,96,50,48,60,10,21,42,2,84,57,7,77,24,30,66,71,78,46,40,16,6,26,35,75,98,36,1,58,11,91,101,18,53,43,19,27,31,5,104,33,0,8,68,20,49,15,39,38,61,89,56,86,88,74,103,4,67,102,93,17,85,65,82,44,55,79,92,29,59,72,105,83,95,54,63,32,70
9,50,78,10,27,105,79,23,83,102,62,3,49,68,63,99,88,19,34,24,21,98,90,91,57,74,87,1,39,18,8,85,17,43,54,0,11,96,32,51,75,66,38,84,101,16,47,103,73,100,55,86,56,48,28,97,60,61,89,33,5,29,93,45,9,52,37,77,64,70,2,69,7,46,15,12,76,4,13,20,14,6,81,26,71,50,44,67,53,92,95,31,36,40,104,30,72,42,58,94,41,59,22,80,82,25,65,35
9,51,56,102,44,98,101,33,23,9,93,38,73,48,88,15,61,82,83,17,65,46,24,7,97,62,5,54,105,22,37,31,67,103,77,21,18,14,0,94,58,74,34,11,89,64,47,51,43,26,52,6,53,79,27,29,92,10,90,81,84,1,45,69,16,100,36,12,50,8,71,35,104,95,28,2,76,4,13,20,30,85,32,91,63,75,39,3,42,40,86,60,68,96,70,59,25,80,87,72,55,99,78,57,41,19,49,66
9,52,23,59,65,83,72,8,92,47,4,58,100,6,28,32,56,49,7,85,90,98,37,50,45,64,3,71,5,51,93,25,20,95,61,30,104,87,13,78,55,31,40,19,0,10,29,75,57,42,24,105,97,21,63,1,77,2,101,73,86,33,9,99,36,96,70,91,43,80,60,27,66,38,34,18,53,39,48,88,15,12,35,14,26,11,68,74,16,81,84,52,17,46,54,82,22,41,44,76,89,103,62,94,79,67,102,69
9,53,92,82,23,25,45,33,28,95,22,29,2,26,3,94,97,12,13,78,55,19,0,68,49,65,88,38,24,74,44,32,31,27,71,46,47,87,11,34,79,53,56,98,5,4,30,15,81,59,43,52,39,89,57,17,72,54,80,50,41,20,42,100,83,102,96,48,60,90,21,9,10,7,40,69,6,104,91,58,64,62,101,66,51,1,75,36,76,8,105,35,63,37,84,93,61,103,85,86,16,99,14,18,67,70,77,73
9,54,74,42,38,26,71,14,51,82,23,36,65,83,66,95,97,84,39,28,13,104,88,31,56,49,9,105,8,63,47,4,17,100,93,80,54,96,12,0,2,43,52,10,64,76,1,11,85,72,29,21,59,99,15,6,86,46,90,58,27,73,70,77,41,57,78,81,32,7,33,20,79,62,92,5,87,67,101,69,40,37,19,30,61,60,94,91,24,34,16,45,48,35,75,3,103,44,50,22,98,55,68,18,25,53,102,89
9,55,35,23,38,1,71,54,68,42,96,95,10,41,17,31,22,6,105,43,78,24,72,101,48,0,65,8,18,67,103,59,104,62,36,79,81,50,57,90,27,11,99,94,92,86,102,88,82,61,89,33,29,93,45,9,52,37,77,64,70,2,69,7,46,15,12,76,13,20,85,32,91,63,75,39,3,21,26,55,60,30,44,4,5,98,56,53,34,97,87,47,16,14,28,40,49,73,80,66,58,19,25,74,84,83,51,100
9,56,35,2,80,58,105,95,24,1,83,25,8,17,48,59,6,30,21,68,65,74,98,56,23,0,26,27,19,102,34,75,50,57,28,90,97,12,15,61,53,38,76,99,86,96,9,45,67,16,85,37,64,41,103,87,39,72,63,10,13,40,31,3,71,70,66,52,82,11,5,51,4,44,18,42,46,77,91,43,47,93,54,92,55,32,29,33,60,20,81,78,89,69,101,104,88,79,94,7,14,49,22,73,62,100,36,84
9,57,44,91,89,51,70,0,22,19,56,32,26,23,78,3,29,64,72,57,77,27,88,49,79,1,74,85,39,65,54,83,18,87,82,52,61,98,17,67,25,37,80,76,24,101,16,47,73,46,55,100,31,43,5,36,34,10,12,4,50,8,71,35,104,103,95,28,62,94,2,42,20,40,86,75,60,58,68,48,14,6,81,97,45,7,59,66,21,105,93,96,38,13,11,53,15,102,92,99,41,90,69,63,84,33,30,9
9,58,14,23,95,72,31,100,28,59,67,85,83,5,47,103,3,51,25,84,42,21,10,60,48,87,30,66,71,78,40,16,6,26,75,79,81,50,57,90,27,11,99,94,92,86,102,88,82,61,89,33,29,93,45,9,52,37,77,64,70,2,69,7,46,15,12,76,13,20,98,0,36,1,58,91,101,18,53,43,19,54,17,73,32,96,104,8,68,49,39,38,24,74,44,35,63,97,4,62,105,22,80,41,55,65,34,56
9,59,85,63,44,67,95,18,55,68,38,32,26,25,33,23,78,12,3,97,73,86,2,0,74,13,65,82,27,54,19,102,34,42,75,50,57,77,94,84,31,71,9,105,16,64,76,45,29,8,93,14,92,90,66,69,36,88,41,80,72,17,89,39,52,43,59,81,15,30,4,5,98,56,53,79,11,87,47,46,70,10,7,49,58,1,37,96,21,28,48,104,24,40,6,22,35,99,83,100,20,91,60,61,101,103,51,62
9,60,18,23,16,22,29,3,100,105,69,0,13,34,37,10,12,36,55,30,25,94,9,57,60,43,78,88,7,65,58,1,72,17,103,2,51,21,41,4,26,28,40,50,6,64,79,86,90,80,67,87,77,32,59,84,101,11,99,46,97,76,95,83,96,104,33,5,31,27,19,53,15,49,20,68,8,61,89,39,38,24,102,74,44,35,85,62,52,93,91,54,66,63,48,75,45,71,82,70,73,42,98,47,14,56,81,92
9,61,80,97,53,8,23,100,47,25,36,26,71,87,37,28,45,34,73,12,101,18,68,6,24,42,91,38,31,84,48,46,50,1,39,49,56,88,74,103,19,96,102,93,17,82,64,29,99,11,61,13,98,32,89,3,75,41,20,85,54,86,0,2,43,52,10,81,27,76,77,104,9,55,67,65,33,60,15,30,4,5,90,35,51,62,21,14,7,78,69,79,22,44,66,92,58,59,16,72,40,57,105,83,95,63,94,70
9,62,13,10,71,25,52,22,11,9,14,70,7,64,33,24,15,0,37,18,99,91,34,12,102,79,5,55,20,49,73,80,66,4,86,83,68,54,105,93,30,38,87,36,84,46,28,78,8,27,101,69,43,97,92,60,2,81,94,65,98,6,85,44,53,89,76,75,57,1,82,58,100,88,47,59,95,74,29,96,3,67,104,26,103,40,35,51,21,61,63,77,56,23,62,72,48,45,50,17,32,39,41,31,16,90,42,19
9,63,23,35,100,13,42,95,17,31,22,89,24,101,103,28,50,91,36,69,102,26,88,82,39,18,48,3,75,94,80,54,96,12,0,2,43,52,10,11,85,72,21,59,99,15,6,46,90,58,27,73,77,41,57,81,93,105,70,86,78,8,67,1,29,45,63,76,64,74,16,37,56,55,32,7,33,20,79,62,92,104,9,65,60,30,44,4,5,98,53,34,97,87,47,14,40,49,66,68,38,71,83,51,61,84,25,19
9,64,42,38,26,71,23,83,66,95,97,39,88,56,49,78,12,3,29,73,61,86,65,53,82,77,15,22,84,31,27,46,8,28,76,35,79,36,75,1,51,103,16,62,99,104,6,45,98,4,69,74,57,91,90,20,9,13,101,14,105,63,47,17,100,93,80,54,96,0,2,43,52,10,64,11,85,72,21,59,58,70,41,81,32,7,33,92,5,87,67,40,37,19,30,60,94,24,34,48,44,50,55,68,18,25,102,89
9,65,99,75,20,84,35,50,22,38,7,6,40,49,24,41,48,83,72,17,13,3,89,102,37,45,1,8,78,70,105,93,42,95,18,90,68,46,66,58,69,36,62,92,94,71,39,80,85,54,86,96,12,0,2,43,52,10,64,81,27,76,77,104,9,55,67,65,33,60,15,30,44,4,5,98,56,53,79,34,97,57,11,87,47,16,14,28,100,63,19,29,31,32,23,73,26,74,91,21,88,25,82,59,61,101,103,51
9,66,58,7,88,13,68,19,56,32,26,25,33,23,12,3,29,73,86,65,53,82,77,15,22,84,31,27,46,8,28,35,79,36,1,51,103,16,62,99,104,17,18,41,2,10,9,4,57,100,21,72,34,37,40,50,6,30,5,75,96,87,76,78,43,45,61,60,94,93,64,90,80,67,69,59,101,11,97,95,55,83,105,0,20,49,39,38,24,102,74,44,85,89,52,91,54,66,63,48,71,70,42,98,47,14,81,92
9,67,44,91,89,51,22,19,56,26,23,3,88,49,79,74,39,65,54,83,18,87,82,61,98,17,67,25,37,80,24,101,16,47,12,0,2,43,52,10,64,76,1,11,85,72,29,21,59,99,15,6,86,46,90,58,27,73,70,77,41,57,78,81,32,7,33,20,62,55,100,31,5,36,34,4,50,8,71,35,104,103,95,28,94,42,40,75,60,68,48,14,97,45,66,105,93,96,38,13,53,102,92,69,63,84,30,9
9,68,92,54,63,48,18,23,25,7,1,17,51,28,37,6,2,50,26,3,41,100,21,94,97,9,72,60,12,58,43,13,78,27,71,46,47,87,11,34,79,53,56,98,5,4,30,104,10,29,75,57,42,24,55,31,40,19,0,83,8,68,20,49,65,15,39,88,38,76,102,80,74,44,32,105,35,85,103,89,61,62,64,86,90,67,77,69,59,84,101,99,95,96,33,93,91,36,16,81,22,45,70,52,66,73,14,82
9,69,85,63,67,95,5,68,19,56,32,26,25,33,23,78,12,3,29,73,61,86,65,53,82,77,15,22,84,31,27,46,8,28,76,35,79,36,75,1,51,103,16,62,104,6,45,98,4,69,57,91,90,20,9,13,101,14,47,39,11,41,18,0,37,54,99,74,64,10,52,43,2,97,81,42,58,89,48,94,100,55,30,66,49,71,34,38,102,80,44,105,40,7,21,60,96,70,87,83,24,50,88,93,72,17,59,92
9,70,10,71,25,52,22,9,14,70,7,33,24,15,0,37,18,91,34,12,79,5,55,20,49,73,80,66,4,86,83,68,54,105,30,38,56,88,74,103,19,96,102,93,17,82,64,29,99,11,61,13,98,32,87,36,84,46,28,78,8,27,101,69,43,97,92,60,2,81,94,65,6,85,44,53,89,76,75,57,1,58,100,47,59,95,3,67,104,26,40,35,51,21,63,77,23,62,72,48,45,50,39,41,31,16,90,42
9,71,7,23,72,31,100,6,69,90,64,92,58,0,65,4,56,28,59,79,67,45,85,83,5,93,47,103,3,94,51,76,37,25,20,95,61,30,104,10,29,75,57,42,24,105,97,21,63,19,1,77,2,101,73,40,86,33,9,99,36,96,70,91,43,80,60,27,66,38,34,18,53,39,48,88,15,78,12,35,14,26,11,87,68,74,16,55,13,81,84,52,17,46,54,82,22,41,44,32,102,62,8,49,71,50,98,89
9,72,36,23,16,22,29,3,10,94,9,57,60,13,78,88,25,7,65,58,1,72,17,2,51,21,41,4,34,26,28,37,40,50,6,30,64,79,90,80,67,87,77,12,69,32,59,84,11,99,97,76,95,83,96,105,104,33,0,47,103,73,46,100,55,86,56,48,14,20,8,68,49,15,101,18,53,43,19,27,31,5,61,89,39,38,24,102,74,44,35,85,62,52,93,91,54,66,63,75,45,71,82,70,42,98,81,92
9,73,10,82,23,25,45,33,28,95,22,29,2,26,3,94,97,12,13,78,55,19,0,68,49,65,88,38,24,74,44,32,31,27,71,46,87,34,79,53,56,98,5,11,89,64,47,4,30,15,81,59,43,52,39,57,17,72,54,80,50,41,20,42,100,83,36,18,9,105,37,1,96,61,60,84,75,69,104,21,99,76,101,16,6,86,90,58,73,70,77,7,62,92,40,51,35,8,63,93,66,103,67,48,14,102,85,91
9,74,58,4,18,6,30,56,26,25,23,12,3,29,97,73,2,82,94,14,22,27,71,28,54,75,42,11,1,5,17,7,81,9,45,92,16,36,37,13,78,55,31,40,19,0,83,8,68,20,49,65,15,34,39,88,38,24,76,102,80,74,44,32,105,35,53,85,57,10,51,87,41,100,93,33,104,96,95,46,99,101,84,59,69,77,67,90,86,79,64,62,61,89,103,21,63,70,91,43,60,66,48,72,52,50,98,47
9,75,61,92,88,1,22,25,8,17,82,59,3,6,46,91,65,15,29,13,16,28,62,51,50,5,36,69,31,77,68,26,85,95,79,72,75,103,99,101,90,63,73,57,93,20,86,12,27,76,104,9,67,33,4,98,56,53,14,19,47,39,11,0,41,18,54,43,37,64,97,81,52,42,58,89,48,94,100,55,2,30,66,49,71,34,38,102,80,44,105,40,7,10,21,60,96,70,87,83,24,32,23,74,45,35,78,84
9,76,23,18,52,56,86,15,22,27,83,20,77,65,81,94,14,9,69,95,100,10,21,70,43,48,68,97,2,29,13,40,50,39,90,63,73,57,26,38,59,33,82,80,71,46,8,28,76,35,79,36,75,1,34,51,66,101,49,103,16,62,64,99,58,91,104,11,6,45,98,4,92,42,85,24,60,17,84,72,93,19,7,31,89,53,0,54,78,5,96,3,87,105,41,47,67,74,37,12,55,61,32,88,44,25,102,30
9,77,78,58,61,103,91,55,69,45,48,62,94,20,83,96,23,89,95,12,24,19,49,14,38,66,73,82,44,53,77,92,5,4,74,70,31,71,0,98,68,104,7,25,80,56,59,57,26,6,46,41,11,54,81,32,67,50,86,47,101,79,36,13,43,52,88,65,15,33,16,102,90,29,76,87,97,51,100,34,10,105,27,85,28,2,42,40,39,3,21,37,1,99,9,22,18,63,60,17,64,84,72,93,8,75,35,30
9,78,23,25,51,9,14,104,42,7,48,83,44,56,52,71,26,36,39,53,66,46,0,95,72,8,63,92,15,54,31,47,4,17,58,2,100,6,30,64,19,28,37,40,50,12,69,32,59,84,101,11,79,86,90,80,67,77,5,75,96,87,76,78,43,45,61,60,94,93,35,85,91,1,20,33,103,24,34,16,73,57,29,27,49,3,99,22,21,70,88,62,98,55,10,68,97,18,105,41,89,102,74,65,13,81,38,82
9,79,82,23,92,28,4,0,20,61,30,67,93,76,29,5,42,24,97,31,59,79,45,83,3,94,25,77,7,84,2,50,96,52,8,66,71,78,46,40,6,26,35,98,1,18,53,19,54,17,73,99,32,15,62,22,80,41,86,89,102,74,65,33,13,90,34,27,14,9,75,57,72,85,60,12,47,58,69,95,16,36,37,100,55,64,103,87,104,39,51,10,105,21,63,101,70,91,43,48,88,11,68,49,38,81,56,44
9,80,51,36,58,61,1,13,25,17,18,3,41,2,43,10,27,9,65,4,5,57,16,100,31,23,103,21,72,34,26,28,37,40,50,6,30,64,19,86,90,80,67,87,77,12,59,84,11,99,46,97,76,95,83,96,105,0,8,68,15,39,38,24,102,74,44,35,53,85,62,52,93,91,66,63,48,75,45,71,82,70,54,92,55,32,29,33,60,20,81,78,89,69,101,104,88,79,94,7,14,49,22,73,42,98,47,56
9,81,52,10,71,0,25,17,30,31,12,39,36,18,87,95,3,9,82,56,100,2,55,34,105,42,37,11,1,53,83,96,28,89,61,60,97,13,68,84,75,69,104,65,74,43,29,21,59,99,15,80,76,24,101,16,47,6,86,46,90,58,27,73,70,77,41,57,78,81,32,7,33,20,79,62,92,40,88,45,94,50,51,35,23,8,38,4,44,63,93,66,103,54,67,48,5,19,14,102,64,49,85,72,26,98,91,22
9,82,23,102,88,61,19,83,66,82,48,49,78,57,56,44,33,9,17,65,46,24,7,97,62,54,105,22,37,31,67,103,77,21,18,14,0,94,58,74,34,11,89,98,5,4,30,64,47,51,43,26,52,6,53,79,27,29,92,10,90,81,84,1,45,69,16,100,36,12,50,8,71,35,104,95,28,2,76,13,20,85,32,91,63,75,39,3,42,40,86,60,68,96,70,59,25,80,87,72,55,99,93,41,38,73,101,15
9,83,79,58,4,102,40,18,6,34,1,68,38,19,30,56,32,26,25,33,23,78,12,3,29,97,73,61,86,2,0,74,13,65,53,82,77,94,15,14,22,84,31,27,71,46,8,28,76,35,54,83,75,99,90,42,24,80,5,17,93,7,81,96,44,9,20,45,92,69,67,95,16,85,36,37,100,55,64,41,103,87,104,39,51,10,57,105,21,63,101,70,91,43,60,66,48,88,11,59,72,52,62,49,50,98,89,47
9,84,44,9,23,56,14,104,83,51,25,7,42,48,52,71,26,36,39,53,66,46,0,95,72,8,63,92,15,54,31,47,4,17,58,2,100,6,30,64,19,28,37,40,50,12,69,32,59,84,101,11,79,86,90,80,67,77,5,75,96,87,76,78,43,45,61,60,94,93,35,85,91,1,20,33,103,24,34,16,73,57,29,27,49,3,99,22,21,70,88,62,98,55,10,68,97,18,105,41,89,102,74,65,13,81,38,82
9,85,95,55,23,13,65,82,92,31,100,64,28,69,59,79,67,45,85,83,5,93,47,103,3,94,51,76,37,25,77,7,57,84,2,42,21,10,60,48,50,87,52,12,30,66,71,78,46,40,16,6,26,75,98,0,36,1,58,11,91,101,18,53,43,19,54,17,73,99,32,96,104,33,8,68,20,49,15,39,38,24,102,74,44,35,63,97,61,4,62,105,22,80,41,86,89,27,34,56,81,72,88,90,14,29,9,70
9,86,28,9,20,0,31,104,83,5,23,91,58,81,1,38,27,97,44,77,92,4,74,70,47,3,7,57,42,21,10,60,43,50,11,26,41,55,33,13,98,22,67,6,79,71,51,56,25,12,40,49,2,100,8,36,45,87,15,34,39,88,24,76,102,80,32,105,35,53,96,30,48,63,66,37,54,64,46,84,93,52,62,61,89,103,85,86,59,75,16,99,90,101,29,14,65,78,94,68,73,72,18,95,82,17,69,19
9,87,23,67,0,53,2,65,59,97,90,8,58,25,101,12,14,47,17,100,9,33,34,64,87,45,35,3,77,13,28,20,104,18,6,42,41,27,31,98,30,84,5,10,48,76,89,46,50,1,21,49,56,86,88,103,19,4,96,68,15,39,38,24,102,54,44,29,55,91,62,70,7,51,63,78,82,81,61,74,22,36,69,94,85,79,52,75,93,40,92,105,11,16,57,32,95,72,80,99,83,37,71,66,26,43,60,73
9,88,92,54,63,48,18,23,47,25,7,1,17,5,51,4,28,37,6,30,2,50,26,3,41,100,21,10,94,97,9,57,72,60,12,58,43,87,13,78,55,31,40,19,0,83,8,68,20,49,65,15,34,39,88,38,24,76,102,80,74,44,32,105,35,53,85,103,89,61,62,64,79,86,90,67,77,69,59,84,101,11,99,46,95,96,104,33,93,91,71,56,36,16,81,29,27,75,22,45,98,70,52,66,73,14,42,82
9,89,25,58,79,19,80,57,24,40,68,72,41,38,31,10,1,43,35,42,34,67,74,8,18,87,59,84,95,83,96,105,104,90,53,27,11,99,94,92,102,88,82,28,60,61,33,5,93,52,37,77,64,70,9,13,89,101,16,47,103,73,46,100,55,86,56,48,14,20,29,2,6,81,97,26,71,45,7,50,69,15,12,76,4,30,85,32,91,63,75,39,3,21,51,0,44,54,62,36,22,98,49,78,66,65,17,23
9,90,24,68,22,95,6,42,72,105,23,84,25,31,96,17,100,19,43,14,27,48,0,65,8,18,98,92,103,28,82,99,104,50,62,34,47,36,102,81,57,88,49,97,61,89,5,29,93,45,9,52,37,77,64,70,2,69,7,46,15,12,4,13,20,30,59,101,11,86,90,67,75,76,78,80,44,38,79,60,94,35,85,91,1,33,16,73,32,63,39,3,21,26,56,55,40,66,53,71,51,54,10,58,41,83,74,87
9,91,92,82,23,34,38,80,42,52,68,36,83,25,102,46,93,64,31,88,79,75,45,4,5,60,3,61,33,17,28,78,15,18,32,96,16,98,85,104,0,72,76,99,95,29,62,54,63,21,59,14,26,19,24,27,47,81,6,103,87,74,57,91,39,90,20,9,13,101,89,41,48,94,58,100,55,2,30,66,49,71,43,84,67,37,11,8,86,22,65,7,97,53,35,10,70,69,105,77,73,56,40,51,44,1,12,50
9,92,23,38,80,68,36,25,31,79,17,78,98,0,72,10,1,43,35,42,34,67,74,8,18,87,59,84,95,83,96,105,104,90,53,27,11,99,94,92,102,88,82,28,60,61,33,5,93,52,37,77,64,70,9,13,89,101,16,47,103,73,46,100,55,86,56,48,14,20,29,2,6,81,97,26,71,45,7,50,69,15,12,76,4,30,85,32,91,63,75,39,3,62,54,21,19,24,57,41,58,66,49,22,65,40,51,44
9,93,33,79,78,19,1,23,18,52,98,25,73,56,34,32,4,50,26,29,62,40,3,61,86,0,74,13,53,82,15,22,84,31,27,71,46,28,35,54,83,90,42,24,80,5,93,7,96,44,20,92,77,41,6,89,99,67,65,2,45,81,66,17,94,97,76,8,14,9,75,57,72,85,60,12,47,58,69,95,16,36,37,100,55,64,103,87,104,39,51,10,105,21,63,101,70,91,43,48,88,11,68,49,38,102,30,59
9,94,18,27,36,23,16,22,29,3,100,10,94,9,57,60,43,78,31,88,25,103,61,5,51,28,37,30,64,79,67,59,95,83,104,68,49,39,38,24,65,58,1,72,17,21,41,4,34,26,40,50,6,19,86,90,80,87,77,84,70,2,69,7,46,15,12,76,13,20,85,32,91,101,11,99,97,55,96,105,33,0,56,14,47,98,42,73,82,71,45,75,48,63,66,54,93,52,62,89,53,35,44,74,102,8,81,92
9,95,79,4,102,40,18,34,1,68,38,19,30,56,32,26,25,33,23,78,3,29,73,61,86,0,74,13,53,82,15,22,84,31,27,71,46,28,35,54,83,90,42,24,80,5,93,7,96,44,20,92,77,41,6,89,99,67,65,2,45,81,66,17,94,97,76,8,14,9,75,57,72,85,60,12,47,58,69,95,16,36,37,100,55,64,103,87,104,39,51,10,105,21,63,101,70,91,43,48,88,11,59,52,62,49,50,98
9,96,18,27,36,23,16,22,29,3,100,10,94,9,57,60,43,13,78,31,88,25,7,103,61,5,51,28,37,30,64,79,67,69,59,76,95,83,104,68,20,49,15,39,38,24,65,58,1,72,17,2,21,41,4,34,26,40,50,6,19,86,90,80,87,77,12,32,84,101,11,99,46,97,55,96,105,33,0,8,102,74,44,35,53,85,89,62,52,93,91,54,66,63,48,75,45,71,82,70,73,42,98,47,14,56,81,92
9,97,31,92,60,7,82,23,41,65,83,104,95,25,78,49,68,88,77,34,24,21,70,84,38,66,51,96,37,87,74,57,90,9,13,89,47,103,46,100,55,86,56,48,14,20,29,72,2,5,28,50,30,64,79,40,16,6,26,35,75,98,0,36,1,58,11,91,39,101,18,53,43,19,54,17,73,99,32,63,97,61,4,15,62,105,80,67,12,69,59,76,33,93,44,71,85,3,81,27,22,45,52,102,94,10,8,42
9,98,92,54,63,48,18,23,47,25,7,1,17,5,51,4,28,37,6,30,2,50,26,3,41,100,21,10,94,97,9,57,72,60,12,58,43,87,13,78,55,31,40,19,0,83,8,68,20,49,65,15,34,39,88,38,24,76,102,80,74,44,32,105,35,53,85,103,89,61,62,64,79,86,90,67,77,69,59,84,101,11,99,46,95,96,104,33,93,91,71,56,36,29,75,70,16,81,27,22,45,98,52,66,73,14,42,82
9,99,92,54,63,99,9,23,100,47,90,48,18,25,7,1,17,5,51,4,28,37,6,30,2,50,26,3,41,21,10,94,97,57,72,60,12,58,43,87,13,78,55,31,40,19,0,83,8,68,20,49,65,15,34,39,88,38,24,76,102,80,74,44,32,105,35,53,85,103,89,61,62,64,79,86,67,77,69,59,84,101,11,46,95,96,104,33,93,91,71,56,36,29,75,70,16,81,27,22,45,98,52,66,73,14,42,82
9,100,55,23,13,92,31,72,58,105,70,7,49,88,89,95,24,1,22,83,42,66,25,8,17,82,48,59,3,6,30,46,43,21,91,68,77,18,65,75,15,97,100,64,28,69,79,67,45,85,5,93,47,103,94,51,76,37,57,84,2,10,60,50,87,52,12,71,78,40,16,26,98,0,36,11,101,53,19,54,73,99,32,96,104,33,20,39,38,102,74,44,35,63,61,4,62,80,41,86,27,34,56,81,90,14,29,9
9,101,102,61,92,71,58,70,7,49,88,89,24,1,22,83,42,66,25,8,17,82,48,59,3,6,30,46,43,91,18,65,15,2,29,13,40,16,28,62,51,50,5,36,11,97,69,21,87,31,77,68,94,26,85,95,96,79,52,72,75,103,105,99,101,39,90,63,73,57,38,37,41,93,20,80,54,86,12,0,10,64,81,27,76,104,9,55,67,33,60,44,4,98,56,53,34,47,14,100,19,32,23,74,45,35,78,84
9,102,15,99,75,20,84,97,35,50,22,38,7,6,10,40,49,57,24,41,104,11,25,0,54,91,88,39,30,71,52,12,94,79,80,36,5,69,9,98,58,73,27,66,33,46,68,90,18,44,95,42,31,92,14,26,93,105,70,86,78,8,67,1,29,45,63,76,64,74,16,37,56,55,96,102,89,87,3,32,13,17,43,21,72,83,47,28,48,53,23,100,60,82,59,61,101,77,85,19,4,65,34,103,51,62,81,2
9,103,85,63,44,67,95,18,55,68,38,19,32,26,25,33,23,78,12,3,97,73,86,2,0,74,13,65,82,77,94,84,31,27,71,46,47,87,11,34,79,53,56,98,5,4,30,15,81,59,43,52,39,89,57,17,72,54,80,50,41,20,42,100,83,102,96,48,60,90,21,9,10,7,40,69,6,104,91,58,64,62,101,66,51,1,75,36,76,8,16,14,28,45,61,93,35,103,24,29,49,99,22,70,88,105,92,37
9,104,82,44,95,72,64,28,9,92,20,23,34,56,70,100,7,77,24,25,37,76,51,94,3,103,47,85,79,59,69,93,5,83,104,67,45,31,14,57,84,2,42,21,10,60,48,50,96,87,52,12,68,8,46,40,16,6,26,35,75,98,0,36,1,58,11,91,39,101,18,53,43,19,54,17,73,99,49,30,66,71,78,32,63,97,61,4,15,62,105,22,80,41,86,89,102,55,74,65,33,13,90,88,29,81,27,38
9,105,4,18,1,30,56,26,25,23,3,29,73,82,22,27,71,28,54,42,5,7,6,2,66,17,94,97,14,75,72,81,9,45,92,16,36,37,13,78,55,31,40,19,0,83,8,68,20,49,65,15,34,39,88,38,24,76,102,80,74,44,32,105,35,53,85,103,89,61,62,64,79,86,90,67,77,69,59,84,101,11,99,46,95,96,104,33,93,100,41,87,51,10,57,21,63,70,60,12,47,58,91,43,48,52,50,98
9,106,92,54,63,48,18,23,47,25,7,1,17,51,28,37,6,2,50,26,3,41,100,21,94,97,9,72,60,12,58,43,87,13,78,30,34,79,53,56,98,5,4,44,104,10,29,75,57,42,24,55,31,40,19,0,83,8,68,20,49,65,15,39,88,38,76,102,80,74,32,105,35,85,103,89,61,62,64,86,90,67,77,69,59,84,101,11,99,46,95,96,33,93,91,71,36,16,81,27,22,45,70,52,66,73,14,82
9,107,56,72,57,44,98,101,33,23,9,93,38,73,48,88,15,61,82,83,17,65,46,24,7,97,30,62,5,54,105,22,37,4,31,13,39,67,103,77,21,18,14,0,94,58,74,34,11,89,20,64,47,51,43,26,52,75,6,53,79,85,3,27,29,92,10,90,81,84,32,1,45,69,16,100,36,12,50,8,71,35,104,95,28,2,42,40,86,60,68,91,96,70,59,25,80,63,102,78,55,19,99,49,76,41,66,87
9,108,10,82,23,25,45,33,28,95,22,29,2,26,3,94,97,12,13,78,55,19,0,68,49,65,88,38,24,74,44,32,31,27,71,46,47,87,11,34,79,53,56,98,5,4,30,15,81,59,43,52,39,89,57,17,72,54,80,50,41,20,42,100,83,36,18,9,105,37,1,96,61,60,84,75,69,104,21,99,76,101,16,6,86,90,58,73,70,77,7,62,92,40,51,35,8,63,93,66,103,67,48,14,102,64,85,91
9,109,79,4,102,40,34,68,19,30,26,25,23,78,3,74,13,53,82,15,22,31,27,71,46,35,83,1,39,18,8,85,17,43,54,0,11,96,32,51,75,38,66,84,101,16,47,103,73,100,55,86,56,48,28,97,60,61,89,33,5,29,93,45,9,52,37,77,90,42,24,80,7,44,20,92,41,6,99,67,65,2,81,94,76,14,57,72,12,58,69,95,36,64,87,104,10,105,21,63,70,91,88,59,62,49,50,98
9,110,92,54,63,48,18,23,47,25,1,5,51,4,28,88,15,61,82,83,17,65,46,24,7,97,37,6,30,2,50,26,3,41,100,21,10,94,9,57,72,60,12,58,43,87,13,78,55,31,40,19,0,8,68,20,49,34,39,38,76,102,80,74,44,32,105,35,53,85,103,89,62,64,79,86,90,67,77,69,59,84,101,11,99,95,96,104,33,93,91,71,56,36,16,81,29,27,75,22,45,98,70,52,66,73,14,42
9,111,80,97,62,99,9,23,100,47,90,15,69,28,45,34,13,14,20,73,81,64,104,22,41,38,3,94,51,76,37,25,68,12,52,87,96,50,48,60,10,21,42,2,84,57,7,77,24,8,30,66,71,78,46,40,16,6,26,35,75,98,0,36,1,58,11,91,39,101,18,53,43,19,27,31,5,61,89,49,56,86,88,74,103,4,67,102,93,17,85,65,82,33,44,55,79,92,29,59,72,105,83,95,54,63,32,70
9,112,24,68,22,35,95,6,42,72,38,105,23,78,84,25,101,31,96,17,100,19,43,1,90,27,11,97,60,61,89,33,29,93,9,77,64,48,0,65,8,37,46,18,67,92,103,63,28,82,16,59,99,104,94,50,39,91,62,34,47,36,69,85,12,102,79,81,44,57,26,5,56,55,88,40,20,49,80,53,4,86,3,2,7,15,76,13,30,32,75,21,71,51,54,10,58,41,83,74,45,98,70,52,66,73,14,87
9,113,92,54,63,48,18,23,47,25,7,1,17,5,51,4,28,37,6,2,50,26,3,41,100,21,94,97,9,72,60,12,58,43,87,13,78,30,104,10,29,75,57,42,24,55,31,40,19,0,83,8,68,20,49,65,15,34,39,88,38,76,102,80,74,44,32,105,35,53,85,103,89,61,62,64,79,86,90,67,77,69,59,84,101,11,99,46,95,96,33,93,91,71,56,36,16,81,27,22,45,98,70,52,66,73,14,82
9,114,52,71,0,25,17,30,31,12,39,36,18,87,95,3,82,56,100,2,55,105,42,37,53,83,96,28,89,61,97,13,68,84,75,65,74,43,29,59,15,80,76,24,47,86,46,27,73,70,77,41,57,1,34,51,66,101,49,103,16,62,64,99,58,91,104,11,6,45,98,4,69,40,7,10,9,21,90,60,78,81,32,33,20,79,92,88,94,50,35,23,8,38,44,63,93,54,67,48,5,19,14,102,85,72,26,22
9,115,97,63,23,56,45,20,9,28,72,69,5,59,82,92,85,34,44,14,100,83,93,49,64,79,104,47,103,3,94,51,76,37,25,24,77,7,57,84,2,42,21,10,60,48,50,96,87,52,12,68,8,30,66,71,78,46,40,16,6,26,35,75,98,0,36,1,58,11,91,39,101,18,53,43,19,70,31,61,32,99,54,17,4,15,62,81,65,89,88,95,74,29,67,105,22,80,41,86,102,55,33,13,90,73,27,38
9,116,23,59,72,8,92,47,4,58,100,28,32,56,49,85,90,61,82,83,17,65,46,24,7,97,37,6,98,50,45,64,3,71,5,51,93,25,20,95,30,104,87,13,78,55,31,40,19,0,10,29,75,57,42,105,21,63,1,77,2,101,73,86,33,9,99,36,96,70,91,43,80,60,27,66,38,34,18,53,39,48,88,15,12,35,14,26,11,68,74,16,81,84,52,54,22,41,44,76,89,103,62,94,79,67,102,69
9,117,80,97,62,99,9,23,100,47,90,15,69,28,45,34,13,14,20,73,81,64,104,22,41,38,3,94,51,76,37,25,68,12,52,87,96,50,48,10,21,42,2,84,57,7,77,24,8,66,71,78,46,40,16,6,26,35,75,98,0,36,1,58,11,91,39,101,18,53,43,19,27,31,5,61,89,49,56,86,60,30,88,74,103,4,67,102,93,17,85,65,82,33,44,55,79,92,29,59,72,105,83,95,54,63,32,70
9,118,56,63,102,44,98,101,33,23,9,93,38,73,48,88,15,61,82,83,17,65,46,24,7,97,30,62,5,54,105,22,37,4,31,13,39,67,103,77,21,18,14,0,94,58,74,34,11,89,20,64,47,51,43,26,52,75,6,53,79,85,3,27,29,92,10,90,81,84,32,1,45,69,16,100,36,12,50,8,71,35,104,95,28,2,42,40,86,60,68,91,96,70,59,25,80,87,72,55,99,78,57,41,19,49,66,76
9,119,44,91,51,70,0,22,19,56,32,23,3,29,64,57,77,27,88,79,1,85,39,83,18,87,82,52,61,67,25,37,76,24,16,47,46,100,31,5,34,71,104,103,95,28,94,2,42,20,86,75,58,68,14,6,81,97,45,7,59,66,93,53,92,69,21,10,60,43,48,50,96,99,12,54,11,26,17,8,4,15,62,105,36,80,35,41,89,102,55,74,65,33,13,90,98,78,73,72,101,38,49,40,63,84,30,9
9,120,15,99,75,84,97,35,50,22,38,6,10,40,49,24,104,11,25,0,54,91,88,39,30,71,52,12,94,80,36,5,69,9,98,66,68,18,44,95,42,31,92,14,26,93,105,8,67,1,29,45,63,76,64,74,86,46,90,58,27,73,70,77,41,57,78,81,32,7,33,20,79,62,16,37,56,55,96,102,89,87,3,13,17,43,21,72,83,47,28,48,53,23,100,60,82,59,61,101,85,19,4,65,34,103,51,2
9,121,9,38,14,82,23,104,95,72,92,31,100,64,28,69,59,79,67,45,85,83,5,93,47,103,3,94,51,76,37,25,24,77,7,57,84,2,42,21,10,60,48,50,96,87,52,12,68,8,30,66,71,78,46,40,16,6,26,35,75,98,0,36,1,58,11,91,39,101,18,53,43,19,54,17,73,99,32,63,97,61,4,15,62,105,22,80,41,86,89,102,55,74,65,33,13,90,20,34,29,27,49,70,88,81,56,44
9,122,13,22,9,14,70,64,33,15,34,102,79,5,55,20,49,80,86,83,105,93,38,28,27,69,92,81,65,3,94,51,76,37,25,24,77,7,57,84,2,42,21,10,60,48,50,96,87,52,12,68,8,30,66,71,78,46,40,16,6,26,35,75,98,0,36,1,58,11,91,39,101,18,53,43,19,54,17,73,99,32,63,97,61,4,85,44,89,82,100,88,47,59,95,74,29,67,104,103,56,23,62,72,45,41,31,90
9,123,9,14,82,23,95,72,92,31,100,64,28,69,59,79,67,45,85,83,5,93,47,103,3,94,51,76,37,25,77,7,57,84,2,42,21,10,60,48,50,87,52,12,30,66,71,78,46,40,16,6,26,75,98,0,36,1,58,11,91,101,18,53,43,19,54,17,73,99,32,96,104,33,8,68,20,49,15,39,38,24,102,74,44,35,63,97,61,4,62,105,22,80,41,86,89,55,65,13,90,34,29,27,70,88,81,56
9,124,44,31,75,51,70,0,22,19,68,34,72,104,77,3,49,79,1,40,10,85,65,23,83,28,50,60,5,98,35,17,67,25,36,80,76,24,57,90,27,11,99,94,92,86,102,88,82,61,89,33,29,93,45,9,38,96,105,21,66,59,8,4,7,71,26,42,52,81,97,64,58,48,16,41,101,13,20,39,91,74,87,37,43,54,18,6,2,14,56,55,100,46,73,103,47,95,12,53,15,62,32,69,63,84,78,30
9,125,7,90,23,56,6,65,58,4,72,92,100,64,28,69,59,79,67,45,85,83,5,93,47,103,3,94,51,76,37,25,20,95,61,30,104,87,13,55,31,19,0,10,29,75,57,42,24,105,97,21,63,1,77,2,101,73,66,71,78,46,40,16,86,33,9,99,36,96,70,91,43,80,60,27,38,34,18,53,39,48,88,15,12,35,14,26,11,68,74,81,84,52,17,54,82,22,41,44,32,102,62,8,49,50,98,89
10,0,36,102,61,92,71,72,58,105,70,7,49,88,89,95,24,1,22,83,42,66,25,8,17,82,48,59,3,6,30,46,43,21,91,68,77,18,65,75,15,97,2,29,13,40,16,28,62,51,50,101,39,90,63,73,103,57,26,38,37,41,94,93,20,80,85,54,86,96,12,0,52,10,64,81,27,76,104,9,55,67,33,60,44,4,5,98,56,53,79,34,11,87,47,14,100,19,31,32,23,74,45,35,78,99,84,69
10,1,36,102,61,38,71,105,49,101,88,91,51,89,95,40,24,13,50,22,83,42,66,25,8,17,82,39,18,48,3,37,75,94,93,80,54,96,12,0,2,43,52,10,64,76,1,11,85,72,29,21,59,99,15,6,86,46,90,58,27,73,70,77,41,57,78,81,32,7,33,20,79,62,92,104,9,55,67,65,60,30,44,4,5,98,56,53,34,97,87,47,16,14,28,100,63,19,31,23,26,74,103,45,68,35,84,69
10,2,74,9,96,52,26,71,82,36,20,23,34,56,70,14,0,31,32,45,61,46,83,5,93,103,51,37,25,24,77,7,66,84,42,21,10,43,48,50,87,41,13,65,104,95,72,8,63,92,15,54,47,4,17,58,2,100,6,30,64,19,28,40,12,69,59,101,11,86,90,67,75,76,78,80,44,38,79,60,94,35,85,91,1,33,16,73,57,29,27,49,3,99,22,88,62,98,55,68,97,18,105,81,53,102,39,89
10,3,23,35,100,13,42,95,17,31,22,105,89,24,101,8,103,63,28,50,91,36,69,102,26,88,82,39,18,48,3,37,75,94,93,80,54,96,12,0,2,43,52,10,64,76,1,11,85,72,29,21,59,99,15,6,86,46,90,58,27,73,70,77,41,57,78,81,32,7,33,20,79,62,92,104,9,55,67,65,60,30,44,4,5,98,56,53,34,97,87,47,16,14,40,49,66,68,38,71,83,74,45,51,61,84,25,19
10,4,23,35,13,42,95,31,22,89,24,103,28,50,36,102,26,88,82,39,18,48,3,75,96,12,0,52,1,11,29,21,99,86,7,10,70,9,105,72,8,63,92,15,54,47,4,17,58,2,100,5,87,67,80,90,79,101,59,69,40,37,19,64,30,6,76,78,43,61,60,94,93,85,91,46,27,73,77,41,57,81,32,33,20,62,104,55,65,44,98,56,53,34,97,16,14,49,66,68,38,71,83,74,45,51,84,25
10,5,36,102,61,38,71,105,101,88,51,89,95,24,13,50,22,83,42,66,25,8,17,82,18,48,37,94,93,80,54,96,12,0,2,43,52,10,64,76,1,11,72,29,59,99,15,6,86,46,90,58,27,73,70,77,41,57,78,81,7,33,20,79,62,92,104,9,67,65,60,4,5,98,53,34,97,87,47,16,30,85,32,91,63,75,39,3,21,44,26,56,55,40,49,14,28,100,19,31,23,74,103,45,68,35,84,69
10,6,95,67,56,70,45,20,9,28,72,69,5,59,82,92,85,34,44,14,100,83,93,49,64,79,104,47,103,3,94,51,76,37,25,24,77,7,57,84,2,42,21,10,60,48,50,96,87,52,12,68,8,30,66,71,78,46,40,16,6,26,35,75,98,0,36,1,58,11,91,39,101,18,53,43,19,54,17,73,99,32,63,97,61,4,15,62,105,22,80,41,86,89,102,55,74,65,33,13,90,88,29,81,27,38,23,31
10,7,36,23,16,22,29,3,100,10,94,9,57,60,13,78,88,25,7,65,58,1,72,17,103,2,51,21,41,4,34,26,28,37,40,50,6,30,64,79,86,90,80,67,87,77,12,69,32,59,84,11,99,46,97,76,95,55,83,96,105,104,33,0,8,68,20,49,15,101,18,53,43,19,27,31,5,61,89,39,38,24,102,74,44,35,85,62,52,93,91,54,66,63,48,75,45,71,82,70,73,42,98,47,14,56,81,92
10,8,23,35,100,13,42,95,17,31,22,105,89,24,101,8,103,63,28,50,91,36,69,102,26,88,82,39,18,48,3,37,75,94,93,80,54,96,12,0,2,43,52,10,64,76,1,11,85,72,29,21,59,99,15,6,46,90,58,27,73,70,77,41,57,78,81,32,7,33,20,79,62,92,104,9,55,67,65,60,56,86,30,44,4,5,98,53,34,97,87,47,16,14,40,49,66,68,38,71,83,74,45,51,61,84,25,19
10,9,36,18,27,16,23,38,9,60,43,13,92,31,100,64,28,69,59,79,67,45,85,83,5,93,47,103,3,94,51,76,37,25,20,95,61,30,104,10,29,75,57,78,88,7,65,58,1,72,17,2,21,41,4,34,26,40,50,6,19,86,90,80,87,77,12,32,84,101,11,99,46,97,55,96,105,33,0,8,68,49,15,39,24,102,74,44,35,53,62,52,91,66,63,48,71,82,70,54,81,89,14,22,73,42,98,56
10,10,36,102,61,38,71,105,101,88,51,89,95,24,13,50,22,83,42,66,25,8,17,82,18,48,37,94,93,80,54,96,12,0,2,43,52,29,72,11,1,76,64,10,59,99,15,6,86,46,90,58,27,73,70,77,41,57,78,81,7,33,20,79,62,92,104,9,67,65,60,4,5,98,53,34,97,87,47,16,30,85,32,91,63,75,39,3,21,44,26,56,55,40,49,14,28,100,19,31,23,74,103,45,68,35,84,69
10,11,36,23,16,22,29,3,100,10,94,9,57,60,13,78,88,25,7,65,58,1,72,17,103,2,51,21,41,4,34,26,28,37,40,50,6,30,64,79,86,90,80,67,87,77,12,69,32,59,84,11,99,46,97,76,95,55,83,96,105,104,0,101,18,43,19,27,31,5,61,71,42,33,8,68,20,49,15,39,38,24,102,74,44,35,53,85,89,62,52,93,91,54,66,63,48,75,45,82,70,73,98,47,14,56,81,92
10,12,92,48,23,47,25,7,5,51,4,28,37,2,50,3,100,21,94,97,9,72,60,12,87,13,30,104,10,29,75,57,42,24,31,0,83,8,68,20,49,65,34,88,38,76,44,105,85,103,61,64,79,90,67,77,69,59,84,66,71,78,46,40,16,6,26,35,98,36,1,58,11,91,39,101,18,53,43,19,54,17,73,99,32,63,15,62,22,80,41,86,89,102,55,74,95,96,33,93,56,81,27,45,70,52,14,82
10,13,85,63,67,95,56,32,26,33,23,78,12,3,29,61,86,65,15,22,84,19,49,14,38,66,73,82,44,53,77,92,5,4,74,70,31,71,0,98,68,104,7,25,80,27,46,8,28,76,35,79,36,75,1,51,103,16,62,99,6,45,69,57,91,90,20,9,13,101,47,39,11,41,18,54,43,37,64,97,81,52,42,58,89,48,94,100,55,2,30,34,102,105,40,10,21,60,96,87,83,24,50,88,93,72,17,59
10,14,92,48,23,47,25,5,51,4,28,12,87,13,104,10,82,17,65,46,24,7,97,37,6,30,2,50,26,3,100,21,94,9,57,72,60,29,75,42,31,0,83,8,68,20,49,34,88,38,76,44,105,85,103,61,64,79,90,67,77,69,59,84,66,71,78,40,16,35,98,36,1,58,11,91,39,101,18,53,43,19,54,73,99,32,63,15,62,22,80,41,86,89,102,55,74,95,96,33,93,56,81,27,45,70,52,14
10,15,92,82,23,25,45,33,28,95,22,29,26,3,12,13,78,19,68,49,65,88,38,24,44,32,31,27,71,46,87,34,79,53,56,98,5,4,15,59,57,17,72,80,50,20,83,102,96,60,90,21,9,7,40,69,6,104,47,39,11,41,18,0,2,43,52,10,64,74,8,76,36,75,1,51,66,101,62,91,30,55,100,94,48,89,58,42,81,97,37,54,99,105,35,63,84,93,61,103,85,86,16,14,67,70,77,73
10,16,67,23,22,50,72,12,8,65,88,79,5,3,61,33,17,28,78,15,85,32,95,29,59,26,19,27,63,76,74,57,13,14,39,0,41,18,54,43,37,97,81,52,89,55,69,21,87,31,77,68,94,2,30,36,75,1,34,51,66,101,49,103,16,62,64,99,58,91,104,11,6,45,98,4,40,7,10,9,90,60,48,47,96,70,102,83,100,24,42,20,71,38,80,44,105,35,53,93,84,46,86,82,73,25,56,92
10,17,79,102,40,34,68,30,26,25,23,78,3,74,13,82,31,27,71,46,35,83,8,85,0,96,51,75,38,66,84,16,47,103,100,55,56,48,28,60,89,33,5,29,93,45,9,52,37,77,90,42,24,7,44,20,92,6,67,65,2,81,94,76,1,58,11,91,39,101,18,53,43,19,54,17,73,99,32,63,97,61,4,15,62,105,22,80,41,86,14,57,72,12,69,95,36,64,87,104,10,21,70,88,59,49,50,98
10,18,74,9,96,52,26,71,82,36,23,34,56,14,0,31,45,61,83,5,93,103,51,25,24,66,84,42,21,10,43,48,50,87,41,65,104,95,72,8,92,54,47,17,58,100,6,19,28,40,59,101,11,86,90,67,78,80,44,38,79,60,94,35,1,33,37,77,64,70,2,69,7,46,15,12,76,4,13,20,30,85,32,91,63,75,39,3,16,73,57,29,27,49,99,22,88,62,98,55,68,97,18,105,81,53,102,89
10,19,79,78,23,52,25,56,4,50,26,29,40,3,61,0,82,84,31,71,46,28,35,83,42,24,5,93,7,96,44,20,92,77,6,67,2,45,81,66,94,97,76,8,14,9,75,57,72,85,60,12,47,69,95,16,37,100,64,103,87,104,51,10,105,21,48,68,98,36,1,58,11,91,39,101,18,53,43,19,54,17,73,99,32,63,15,62,22,80,41,86,89,102,55,74,65,33,13,90,34,27,49,70,88,38,30,59
10,20,42,38,26,71,23,83,95,97,39,88,56,49,78,12,3,29,61,86,65,53,82,77,15,22,84,31,27,46,8,28,76,35,79,36,75,1,51,103,16,62,99,104,6,4,69,74,57,91,90,20,9,13,101,105,63,47,17,100,93,80,54,96,0,2,43,10,64,11,85,72,21,59,58,70,41,81,32,7,33,92,5,87,67,40,37,19,30,60,94,24,34,48,44,50,55,68,18,25,45,98,52,66,73,14,102,89
10,21,102,53,65,14,47,100,9,33,34,87,45,3,28,104,24,42,7,22,31,84,43,50,23,91,97,27,38,1,81,58,44,77,92,4,74,70,71,68,25,80,56,59,26,6,46,15,101,49,30,63,105,8,17,82,39,18,48,37,75,41,94,93,20,85,54,86,96,12,0,2,52,64,55,29,67,99,11,61,13,98,32,89,90,76,35,51,62,5,10,21,88,103,19,40,16,78,57,95,72,83,66,60,69,79,73,36
10,22,44,23,34,56,95,72,92,31,100,28,59,79,67,45,83,5,93,14,104,47,103,3,94,51,25,24,57,84,42,21,10,60,48,50,96,87,68,8,66,71,78,40,16,6,26,35,75,98,0,36,1,58,11,39,101,18,53,43,19,54,17,73,9,52,37,77,64,70,2,69,7,46,15,12,76,4,13,20,30,85,32,91,63,99,97,61,62,105,22,80,41,86,89,102,55,74,65,33,90,88,29,81,27,38,49,82
10,23,18,27,23,16,29,3,48,66,99,70,9,91,68,15,101,63,73,57,38,65,46,24,7,97,30,62,5,54,105,22,37,100,71,69,0,13,34,42,10,12,36,55,31,25,94,60,78,88,58,1,72,103,2,51,21,41,26,28,40,50,6,64,79,86,90,80,67,87,77,59,84,11,76,95,83,96,104,33,8,20,49,39,53,43,19,17,32,61,4,102,74,44,35,85,89,52,93,75,45,82,98,47,14,56,81,92
10,24,44,95,72,28,20,23,34,56,100,24,25,76,51,3,103,47,85,59,5,83,104,67,31,14,84,42,21,10,60,48,6,26,75,79,81,50,57,90,27,11,99,94,92,86,102,88,82,61,89,33,29,93,45,9,52,37,77,64,70,2,69,7,46,96,87,12,68,8,40,16,35,98,0,36,1,58,91,39,101,18,53,43,19,54,17,73,49,30,66,71,78,32,63,97,4,15,62,105,22,80,41,55,74,65,13,38
10,25,44,91,89,51,22,19,26,23,3,88,79,74,39,65,54,83,82,61,98,17,67,25,37,80,101,47,12,0,2,52,10,76,46,90,58,43,87,16,24,56,53,64,60,18,49,75,84,95,1,11,85,72,29,21,59,99,15,6,86,27,73,70,77,41,57,78,81,32,7,33,20,62,55,100,31,5,36,34,4,50,8,71,35,104,103,28,94,42,40,68,48,14,97,45,66,105,93,96,38,13,102,92,69,63,30,9
10,26,92,82,23,25,45,33,28,95,22,29,26,3,12,13,78,19,68,49,65,88,38,24,44,32,31,27,71,46,87,34,79,53,56,98,5,4,15,59,102,96,60,90,21,7,40,69,6,104,43,52,39,89,57,17,72,54,80,50,41,20,42,100,83,36,18,9,47,11,0,2,10,64,74,8,76,75,1,51,66,101,62,91,30,55,94,48,58,81,97,37,99,105,35,63,84,93,61,103,85,86,16,14,67,70,77,73
10,27,18,23,16,22,29,3,100,105,69,0,13,37,10,12,36,55,30,25,9,57,60,43,78,88,7,65,1,72,17,51,21,41,4,26,40,50,64,79,34,71,104,103,95,28,94,2,42,20,86,75,58,68,14,6,81,97,90,80,67,87,77,32,59,84,101,11,99,46,76,83,96,33,5,31,27,19,53,15,49,8,61,89,39,38,24,102,74,44,35,85,62,52,93,91,54,66,63,48,45,82,70,73,98,47,56,92
10,28,36,102,61,38,71,105,101,88,51,89,95,24,13,50,22,83,42,66,25,8,17,82,18,48,37,94,93,80,54,96,12,0,2,43,52,10,64,76,11,72,29,59,99,15,6,86,46,90,58,27,73,70,77,41,57,78,7,33,20,79,62,92,104,9,67,65,81,84,32,1,60,4,5,98,53,34,97,87,47,16,30,85,91,63,75,39,3,21,44,26,56,55,40,49,14,28,100,19,31,23,74,103,45,68,35,69
10,29,103,80,22,89,9,51,3,100,42,37,10,12,55,31,30,25,97,34,69,105,76,65,82,61,87,16,56,64,60,84,95,85,72,29,21,59,86,46,90,27,70,77,41,57,78,81,7,79,2,6,26,75,98,0,36,1,58,11,91,101,18,53,43,19,54,17,73,99,32,96,104,33,8,68,20,49,15,39,38,24,102,74,44,35,63,50,94,48,62,83,13,28,47,66,92,14,23,88,71,52,4,40,5,93,45,67
10,30,13,22,70,64,15,34,102,5,55,49,80,83,105,38,28,69,92,81,65,3,94,51,37,25,24,77,7,84,2,42,21,95,79,72,75,103,99,101,90,63,73,57,93,20,86,12,27,76,104,9,67,33,4,98,56,53,14,10,60,48,50,96,87,52,68,8,30,66,71,78,46,40,16,6,26,35,0,36,1,58,11,91,39,18,43,19,54,17,32,97,61,85,44,89,82,100,88,47,59,74,29,23,62,45,41,31
10,31,92,48,23,47,25,5,51,4,28,12,87,13,104,10,82,17,65,46,24,7,97,37,6,30,2,50,26,3,100,21,94,9,57,72,60,29,75,42,31,0,83,8,68,20,49,34,88,38,76,44,105,85,103,61,64,79,67,77,69,84,66,71,78,40,59,101,11,86,90,16,35,98,36,1,58,91,39,18,53,43,19,54,73,99,32,63,15,62,22,80,41,89,102,55,74,95,96,33,93,56,81,27,45,70,52,14
10,32,23,22,50,72,8,68,65,31,88,5,3,61,33,17,28,78,15,85,29,26,19,27,63,74,57,13,14,39,0,41,18,54,43,30,64,79,90,80,67,87,77,12,69,32,59,84,11,99,97,76,95,83,37,81,52,89,94,55,2,36,75,1,34,51,66,101,49,103,16,62,58,91,104,6,45,98,4,40,7,10,9,21,60,48,47,96,70,102,100,24,42,20,71,38,44,105,35,53,93,46,86,82,73,25,56,92
10,33,42,38,26,71,23,83,66,95,97,88,56,78,12,3,29,73,86,65,82,77,15,22,84,31,27,46,28,76,79,36,1,51,103,16,62,99,104,6,45,98,69,57,91,90,9,13,101,14,105,63,47,100,80,54,96,0,2,10,64,11,72,21,59,58,70,41,81,7,33,92,5,87,67,40,37,30,60,94,8,20,49,39,53,43,19,17,32,61,4,102,74,44,35,85,89,52,93,75,24,34,48,50,55,68,18,25
10,34,36,102,61,92,71,72,58,105,70,7,73,48,88,49,89,95,24,1,22,83,42,66,25,8,17,82,59,3,6,30,46,43,21,91,68,77,18,65,75,15,97,2,29,13,40,16,28,62,51,50,101,39,90,63,103,57,26,38,37,41,94,93,20,80,85,54,86,96,12,0,52,10,64,81,27,76,104,9,55,67,33,60,44,4,5,98,56,53,79,34,11,87,47,14,100,19,31,32,23,74,45,35,78,99,84,69
10,35,102,53,65,14,47,100,9,33,34,87,45,3,28,104,24,42,7,22,31,84,43,50,23,91,97,27,38,1,81,58,44,77,92,4,74,70,71,25,80,56,59,26,6,46,15,101,49,30,63,105,8,39,48,37,75,41,93,20,85,54,86,96,12,0,2,52,64,55,29,67,99,11,61,13,98,32,89,90,76,35,51,62,5,10,21,88,103,19,40,16,57,83,66,60,69,78,94,68,73,72,18,95,82,17,79,36
10,36,6,26,25,23,3,29,73,82,14,22,28,75,1,17,7,45,16,37,13,31,40,19,83,8,20,49,78,70,105,93,42,95,18,90,68,46,66,58,69,36,62,92,94,71,39,80,85,54,86,96,12,0,2,43,52,10,64,81,27,76,77,104,9,55,67,65,33,60,15,30,44,4,5,98,56,53,79,34,97,57,11,87,88,38,24,102,74,32,35,51,41,100,99,101,84,59,61,89,103,21,63,91,48,72,50,47
10,37,23,59,72,8,92,47,4,100,28,32,56,49,85,61,82,83,17,65,46,24,97,37,98,50,45,3,71,5,51,93,25,20,95,30,87,13,78,55,31,19,0,29,75,57,42,105,63,1,77,2,101,73,86,33,99,36,70,43,80,27,66,38,34,102,96,48,60,90,21,9,10,7,40,69,6,104,91,58,64,62,18,53,39,88,15,12,35,14,26,11,68,74,16,81,84,52,54,22,41,44,76,89,103,94,79,67
10,38,23,6,90,0,4,22,9,60,43,13,92,31,100,64,28,69,59,79,67,45,85,83,5,93,47,103,3,94,51,76,37,25,20,95,61,30,104,10,29,75,57,78,88,7,65,58,1,72,17,2,21,56,42,24,105,97,63,19,77,101,73,40,86,33,99,36,96,70,91,80,27,66,38,34,18,53,39,48,15,12,35,14,26,11,87,68,74,16,55,81,84,52,46,54,82,41,44,32,102,62,8,49,71,50,98,89
10,39,103,63,80,102,22,101,89,9,19,51,0,3,17,100,42,37,10,12,36,55,31,30,25,39,104,97,68,34,69,105,76,65,74,82,61,43,87,16,24,56,53,64,60,18,49,75,84,95,1,11,85,72,29,21,59,99,15,6,86,46,90,58,27,73,70,77,41,57,78,81,32,7,33,20,79,2,50,44,94,48,62,83,96,13,28,47,66,92,14,23,8,88,71,52,4,54,40,5,93,38,98,45,26,35,67,91
10,40,24,68,22,35,95,6,42,72,38,105,23,78,84,25,101,31,96,17,100,19,43,1,14,90,27,11,48,0,65,8,18,98,67,92,103,28,82,16,59,99,104,94,50,62,34,47,36,102,79,81,57,88,49,97,60,61,89,33,5,29,93,45,9,52,37,77,64,70,2,69,7,46,15,12,76,4,13,20,30,85,32,91,63,75,39,3,21,44,26,56,55,40,73,80,66,53,86,71,51,54,10,58,41,83,74,87
10,41,18,27,36,23,16,22,9,60,43,13,92,31,100,64,28,69,59,79,67,45,85,83,5,93,47,103,3,94,51,76,37,25,20,95,61,30,104,10,29,75,57,78,88,7,65,58,1,72,17,2,21,41,4,34,26,40,50,6,19,86,90,80,87,77,12,32,84,101,11,99,46,97,55,96,105,33,0,8,68,49,15,39,38,24,102,74,44,35,53,89,62,52,91,54,66,63,48,71,82,70,73,42,98,14,56,81
10,42,67,23,22,50,72,12,8,68,65,31,88,79,5,3,61,33,17,28,78,15,85,32,95,29,59,26,19,27,63,76,74,57,13,14,39,0,41,18,54,43,37,97,81,52,89,94,55,2,30,36,75,1,34,51,66,101,49,103,16,62,64,99,58,91,104,11,6,45,98,4,69,40,7,10,9,21,90,60,48,47,96,70,87,102,83,100,24,42,20,71,38,80,44,105,35,53,93,84,46,86,82,73,77,25,56,92
10,43,24,36,72,28,19,65,66,88,31,104,83,5,47,3,7,57,42,21,10,60,43,50,23,91,97,27,38,1,81,58,44,77,92,4,74,70,71,68,25,80,56,59,26,6,46,15,101,49,30,63,105,8,17,82,39,18,48,37,75,41,94,93,20,85,54,86,96,12,0,2,52,64,55,29,67,99,11,61,13,98,32,89,90,76,35,51,62,14,78,69,79,22,73,45,84,102,100,9,40,34,95,53,16,103,87,33
10,44,24,36,72,28,65,66,88,31,104,83,5,47,3,7,57,42,21,10,60,43,23,91,97,27,38,1,81,58,44,77,92,4,74,70,71,68,25,56,59,26,46,15,101,49,63,40,50,6,30,64,19,79,86,90,80,67,105,8,17,82,39,18,48,37,75,41,94,93,20,85,54,96,12,0,2,52,55,29,99,11,61,13,98,32,89,76,35,51,62,14,78,69,22,73,45,84,102,100,9,34,95,53,16,103,87,33
10,45,85,59,9,23,31,104,3,76,24,88,38,51,25,93,49,70,77,57,81,7,37,44,94,83,92,42,21,10,60,96,87,52,68,8,66,71,78,35,75,98,0,36,1,58,11,91,39,101,18,53,43,19,54,16,47,103,73,46,100,55,86,56,48,14,20,29,72,17,2,61,5,4,26,28,40,50,6,30,64,79,80,67,12,69,99,32,63,97,15,62,105,22,41,89,102,74,65,33,13,90,34,27,84,45,95,82
10,46,44,70,0,22,19,56,32,23,3,29,57,77,27,88,85,39,83,18,87,82,52,61,67,25,37,76,24,47,46,100,31,5,71,95,28,94,2,42,20,86,68,14,81,97,7,59,93,35,79,36,75,1,34,51,66,101,49,103,16,62,64,99,58,91,104,11,6,45,98,4,92,53,69,21,10,60,43,48,50,96,12,54,26,17,8,15,105,80,41,89,102,55,74,65,33,13,90,78,73,72,38,40,63,84,30,9
10,47,79,102,34,68,38,19,32,25,33,23,78,12,3,61,65,82,77,15,22,84,27,76,35,83,75,99,24,80,5,93,44,69,51,10,105,96,0,18,54,43,37,87,74,57,91,39,90,9,13,89,101,16,47,103,73,46,100,55,86,56,48,14,20,29,2,6,81,97,1,58,11,26,71,45,7,4,8,59,41,94,64,52,42,72,30,104,17,40,36,31,95,85,92,53,28,67,21,63,70,60,66,88,62,49,50,98
10,48,4,40,18,34,1,68,38,30,56,26,23,78,84,31,27,71,24,25,37,76,51,94,3,103,47,85,46,28,83,75,16,59,29,58,92,66,44,82,17,39,87,100,36,95,12,60,72,57,9,8,81,45,67,6,5,42,41,93,20,80,54,86,96,0,2,43,52,10,64,74,99,11,61,13,98,89,90,35,104,70,62,21,14,7,69,77,79,22,53,19,73,32,97,15,105,102,55,65,33,63,101,91,48,88,49,50
10,49,18,27,23,16,22,29,3,100,71,105,69,0,13,34,42,37,10,12,36,55,31,30,25,94,9,57,60,43,78,88,7,65,58,1,72,17,103,2,61,5,51,21,41,4,26,28,40,50,6,64,19,79,86,90,80,67,87,77,32,59,84,101,11,99,46,97,76,95,83,96,104,33,8,68,20,49,15,39,38,24,102,74,44,35,53,85,89,62,52,93,91,54,66,63,48,75,45,82,70,73,98,47,14,56,81,92
10,50,92,63,48,18,23,47,25,1,5,4,28,88,15,61,82,17,65,46,24,7,97,37,6,30,2,50,26,3,100,21,94,9,57,72,60,12,43,87,13,78,55,31,40,19,0,8,68,20,49,34,39,38,76,102,80,44,32,105,35,53,85,103,89,62,64,79,86,90,67,77,69,59,84,101,11,99,95,96,104,33,93,91,71,56,36,16,81,29,27,75,22,45,98,70,52,66,73,14,51,54,10,58,41,83,74,42
10,51,85,64,79,44,28,92,23,34,70,31,67,104,83,5,93,3,76,25,24,77,84,42,21,10,60,50,52,12,68,30,38,66,75,51,32,96,0,18,54,43,37,87,74,57,91,39,90,9,13,89,101,16,47,103,73,46,100,55,86,56,48,14,20,29,2,6,81,97,1,58,11,26,71,45,7,4,8,59,41,94,78,40,35,98,36,53,19,17,99,63,61,15,62,105,22,80,102,65,33,88,72,27,49,95,82,69
10,52,4,40,18,34,1,68,38,30,56,26,25,23,78,3,84,31,27,71,46,28,83,42,24,5,6,67,45,81,8,9,57,72,60,12,47,95,36,37,100,103,87,39,17,82,44,66,92,58,29,59,16,75,41,94,93,20,80,85,54,86,96,0,2,43,52,10,64,74,99,11,61,13,98,89,90,76,35,104,70,51,62,21,14,7,69,77,79,22,53,19,73,32,97,15,105,102,55,65,33,63,101,91,48,88,49,50
10,53,38,82,95,72,64,28,9,92,20,23,34,56,70,100,7,77,24,25,37,76,51,94,3,103,47,85,79,59,69,93,5,83,104,67,45,31,14,57,84,2,42,21,10,60,48,50,96,87,52,12,68,8,46,40,16,6,26,35,75,98,0,36,1,58,11,91,39,101,18,53,43,19,54,17,73,99,32,63,97,61,4,15,62,105,22,80,41,86,89,102,55,74,65,33,13,30,66,71,78,90,29,27,49,88,81,44
10,54,85,59,64,9,23,31,104,5,3,76,24,88,67,38,51,56,25,103,93,49,100,70,77,57,81,7,79,37,44,94,83,28,47,92,14,2,42,21,10,60,48,50,96,87,52,12,68,8,30,66,71,78,46,40,16,6,26,35,75,98,0,36,1,58,11,91,39,101,18,53,43,19,54,17,73,99,32,63,97,61,4,15,62,105,22,80,41,86,89,102,55,74,65,33,13,90,20,34,27,84,45,29,72,95,82,69
10,55,18,27,36,23,16,22,29,3,100,10,94,9,57,60,43,13,78,31,88,25,7,65,58,1,72,17,103,2,61,5,51,21,41,4,34,26,28,37,40,50,6,30,64,19,79,86,90,80,67,87,77,12,69,32,59,84,101,11,99,46,97,76,95,55,83,96,105,104,33,0,8,68,20,49,15,39,38,24,102,74,44,35,53,85,89,62,52,93,91,54,66,63,48,75,45,71,82,70,73,42,98,47,14,56,81,92
10,56,7,90,23,56,6,65,58,4,0,72,92,31,100,64,28,69,59,79,67,45,85,83,5,93,47,103,3,94,51,76,37,25,20,95,61,30,104,10,29,75,57,42,24,105,97,21,63,19,1,77,2,101,73,40,86,33,9,99,36,96,70,91,43,80,60,27,66,38,34,18,53,39,48,88,15,78,12,35,14,26,11,87,68,74,16,55,13,81,84,52,17,46,54,82,22,41,44,32,102,62,8,49,71,50,98,89
10,57,35,23,38,1,71,54,68,42,96,95,10,41,17,31,22,6,105,43,78,24,72,101,48,0,65,8,18,98,67,103,59,104,62,34,47,36,79,81,50,57,90,53,27,16,11,99,94,92,86,102,88,82,28,97,60,61,89,33,5,29,93,45,9,52,37,77,64,70,2,69,7,46,15,12,76,4,13,20,30,85,32,91,63,75,39,3,21,44,26,56,55,40,49,73,80,66,14,58,87,19,25,74,84,83,51,100
10,58,7,90,23,56,6,65,58,4,72,92,100,64,28,69,59,79,67,45,85,83,5,93,47,103,3,94,51,76,37,25,20,95,61,30,104,87,13,78,55,31,40,19,0,10,29,75,57,42,24,105,97,21,63,1,77,2,101,73,86,33,9,99,36,96,70,91,43,80,60,27,66,38,34,18,53,39,48,88,15,12,35,14,26,11,68,74,16,81,84,52,17,46,54,82,22,41,44,32,102,62,8,49,71,50,98,89
10,59,103,63,80,102,22,90,74,101,89,9,19,51,0,3,17,100,42,37,10,12,36,55,31,30,25,39,104,97,68,34,69,105,76,65,82,61,43,87,16,24,56,53,64,60,18,49,75,84,95,1,11,85,72,29,21,59,99,15,6,86,46,58,27,73,70,77,41,57,78,81,32,7,33,20,79,2,50,44,94,48,62,83,96,13,28,47,66,92,14,23,8,88,71,52,4,54,40,5,93,38,98,45,26,35,67,91
10,60,56,83,76,98,102,23,48,66,99,70,9,91,68,15,101,63,73,57,38,65,46,24,7,97,30,62,5,54,105,22,37,4,31,13,39,67,103,77,21,18,14,0,94,58,74,34,11,89,20,64,47,51,43,26,52,75,6,53,79,85,3,27,29,92,10,90,81,84,32,1,45,69,16,100,36,12,50,8,71,35,104,95,28,2,42,40,86,59,33,82,80,60,17,72,93,19,78,96,87,41,49,55,61,88,44,25
10,61,38,82,95,72,64,28,9,92,20,23,34,56,70,100,7,77,24,25,37,76,51,94,3,103,47,85,79,59,69,93,5,83,104,67,45,31,14,57,84,2,42,21,10,60,48,50,96,87,52,12,68,8,30,66,71,78,46,40,16,6,26,35,75,98,0,36,1,58,11,91,39,101,18,53,43,19,54,17,73,99,32,63,97,61,4,15,62,105,22,80,41,86,89,102,55,74,65,33,13,90,29,27,49,88,81,44
10,62,5,1,78,12,27,61,45,103,57,79,23,46,60,83,76,102,3,20,33,68,63,6,99,88,19,29,34,24,21,98,38,75,9,16,51,32,96,14,47,39,0,18,54,64,81,52,42,72,26,104,17,91,90,40,36,31,95,85,59,92,28,93,74,44,62,87,13,101,89,41,48,94,58,100,55,2,30,66,49,71,43,84,67,37,11,8,86,22,65,7,97,53,35,10,70,69,105,77,73,56,50,4,80,82,25,15
10,63,56,102,44,98,101,33,23,9,93,38,73,48,88,15,61,82,83,17,65,46,24,7,97,62,5,54,105,22,37,31,67,103,77,21,18,14,0,94,58,74,34,11,89,64,47,51,43,26,52,6,53,79,27,29,92,10,90,81,84,1,45,69,16,100,36,12,50,8,71,35,104,95,28,2,76,4,13,20,30,85,32,91,63,75,39,3,42,40,86,60,68,96,70,59,25,80,87,72,55,99,78,57,41,19,49,66
10,64,23,59,65,83,72,8,92,47,4,58,100,6,28,32,56,49,7,85,90,98,37,50,45,64,3,71,5,51,93,25,20,95,61,30,104,87,13,78,55,31,40,19,0,10,29,75,57,42,24,105,97,21,63,1,77,2,101,73,86,33,9,99,36,96,70,91,43,80,60,27,66,38,34,18,53,39,48,88,15,12,35,14,26,11,68,74,16,81,84,52,17,46,54,82,22,41,44,76,89,103,62,94,79,67,102,69
10,65,74,42,38,26,71,14,51,82,23,36,65,83,66,95,97,84,39,28,13,104,88,31,56,49,9,105,8,63,47,4,17,100,93,80,54,96,12,0,2,43,52,10,64,76,1,11,85,72,29,21,59,99,15,6,86,46,90,58,27,73,70,77,41,57,78,81,32,7,33,20,79,62,92,5,87,67,101,69,40,37,19,30,61,60,94,91,24,34,16,45,48,35,75,3,103,44,50,22,98,55,68,18,25,53,102,89
10,66,44,91,89,51,70,0,22,19,56,32,26,23,78,3,29,64,72,57,77,27,88,49,79,1,74,85,39,65,54,83,18,87,82,52,61,98,17,67,25,37,80,76,24,101,16,47,73,46,55,100,31,43,5,36,34,10,12,4,50,8,71,35,104,103,95,28,62,94,2,42,20,40,86,75,60,58,68,48,14,6,81,97,45,7,59,66,21,105,93,96,38,13,11,53,15,102,92,99,41,90,69,63,84,33,30,9
10,67,14,23,95,72,31,100,28,59,67,85,83,5,47,103,3,51,25,84,42,21,10,60,48,87,30,66,71,78,40,16,6,26,75,79,81,50,57,90,27,11,99,94,92,86,102,88,82,61,89,33,29,93,45,9,52,37,77,64,70,2,69,7,46,15,12,76,13,20,98,0,36,1,58,91,101,18,53,43,19,54,17,73,32,96,104,8,68,49,39,38,24,74,44,35,63,97,4,62,105,22,80,41,55,65,34,56
10,68,85,63,44,67,95,18,55,68,38,32,26,25,33,23,78,12,3,97,73,86,2,0,74,13,65,82,27,54,19,102,34,42,75,50,57,77,94,84,31,71,9,105,16,64,76,45,29,8,93,14,92,90,66,69,36,88,41,80,72,17,89,39,52,43,59,81,15,30,4,5,98,56,53,79,11,87,47,46,70,10,7,49,58,1,37,96,21,28,48,104,24,40,6,22,35,99,83,100,20,91,60,61,101,103,51,62
10,69,18,23,16,22,29,3,100,105,69,0,13,34,37,10,12,36,55,30,25,94,9,57,60,43,78,88,7,65,58,1,72,17,103,2,51,21,41,4,26,28,40,50,6,64,79,86,90,80,67,87,77,32,59,84,101,11,99,46,97,76,95,83,96,104,33,5,31,27,19,53,15,49,20,68,8,61,89,39,38,24,102,74,44,35,85,62,52,93,91,54,66,63,48,75,45,71,82,70,73,42,98,47,14,56,81,92
10,70,80,97,53,8,23,100,47,25,36,26,71,87,37,28,45,34,73,12,101,18,68,6,24,42,91,38,31,84,48,46,50,1,39,49,56,88,74,103,19,96,102,93,17,82,64,29,99,11,61,13,98,32,89,3,75,41,20,85,54,86,0,2,43,52,10,81,27,76,77,104,9,55,67,65,33,60,15,30,4,5,90,35,51,62,21,14,7,78,69,79,22,44,66,92,58,59,16,72,40,57,105,83,95,63,94,70
10,71,23,35,100,13,42,95,17,31,22,89,24,101,103,28,50,91,36,69,102,26,88,82,39,18,48,3,75,94,80,54,96,12,0,2,43,52,10,11,85,72,21,59,99,15,6,46,90,58,27,73,77,41,57,81,93,105,70,86,78,8,67,1,29,45,63,76,64,74,16,37,56,55,32,7,33,20,79,62,92,104,9,65,60,30,44,4,5,98,53,34,97,87,47,14,40,49,66,68,38,71,83,51,61,84,25,19
10,72,58,7,88,13,68,19,56,32,26,25,33,23,12,3,29,73,86,65,53,82,77,15,22,84,31,27,46,8,28,35,79,36,1,51,103,16,62,99,104,17,18,41,2,10,9,4,57,100,21,72,34,37,40,50,6,30,5,75,96,87,76,78,43,45,61,60,94,93,64,90,80,67,69,59,101,11,97,95,55,83,105,0,20,49,39,38,24,102,74,44,85,89,52,91,54,66,63,48,71,70,42,98,47,14,81,92
10,73,44,91,89,51,22,19,56,26,23,3,88,49,79,74,39,65,54,83,18,87,82,61,98,17,67,25,37,80,24,101,16,47,12,0,2,43,52,10,64,76,1,11,85,72,29,21,59,99,15,6,86,46,90,58,27,73,70,77,41,57,78,81,32,7,33,20,62,55,100,31,5,36,34,4,50,8,71,35,104,103,95,28,94,42,40,75,60,68,48,14,97,45,66,105,93,96,38,13,53,102,92,69,63,84,30,9
10,74,92,54,63,48,18,23,25,7,1,17,51,28,37,6,2,50,26,3,41,100,21,94,97,9,72,60,12,58,43,13,78,27,71,46,47,87,11,34,79,53,56,98,5,4,30,104,10,29,75,57,42,24,55,31,40,19,0,83,8,68,20,49,65,15,39,88,38,76,102,80,74,44,32,105,35,85,103,89,61,62,64,86,90,67,77,69,59,84,101,99,95,96,33,93,91,36,16,81,22,45,70,52,66,73,14,82
10,75,7,23,72,31,100,6,69,90,64,92,58,0,65,4,56,28,59,79,67,45,85,83,5,93,47,103,3,94,51,76,37,25,20,95,61,30,104,10,29,75,57,42,24,105,97,21,63,19,1,77,2,101,73,40,86,33,9,99,36,96,70,91,43,80,60,27,66,38,34,18,53,39,48,88,15,78,12,35,14,26,11,87,68,74,16,55,13,81,84,52,17,46,54,82,22,41,44,32,102,62,8,49,71,50,98,89
10,76,36,23,16,22,29,3,10,94,9,57,60,13,78,88,25,7,65,58,1,72,17,2,51,21,41,4,34,26,28,37,40,50,6,30,64,79,90,80,67,87,77,12,69,32,59,84,11,99,97,76,95,83,96,105,104,33,0,47,103,73,46,100,55,86,56,48,14,20,8,68,49,15,101,18,53,43,19,27,31,5,61,89,39,38,24,102,74,44,35,85,62,52,93,91,54,66,63,75,45,71,82,70,42,98,81,92
10,77,10,82,23,25,45,33,28,95,22,29,2,26,3,94,97,12,13,78,55,19,0,68,49,65,88,38,24,74,44,32,31,27,71,46,87,34,79,53,56,98,5,11,89,64,47,4,30,15,81,59,43,52,39,57,17,72,54,80,50,41,20,42,100,83,36,18,9,105,37,1,96,61,60,84,75,69,104,21,99,76,101,16,6,86,90,58,73,70,77,7,62,92,40,51,35,8,63,93,66,103,67,48,14,102,85,91
10,78,58,4,18,6,30,56,26,25,23,12,3,29,97,73,2,82,94,14,22,27,71,28,54,75,42,11,1,5,17,7,81,9,45,92,16,36,37,13,78,55,31,40,19,0,83,8,68,20,49,65,15,34,39,88,38,24,76,102,80,74,44,32,105,35,53,85,57,10,51,87,41,100,93,33,104,96,95,46,99,101,84,59,69,77,67,90,86,79,64,62,61,89,103,21,63,70,91,43,60,66,48,72,52,50,98,47
10,79,61,92,88,1,22,25,8,17,82,59,3,6,46,91,65,15,29,13,16,28,62,51,50,5,36,69,31,77,68,26,85,95,79,72,75,103,99,101,90,63,73,57,93,20,86,12,27,76,104,9,67,33,4,98,56,53,14,19,47,39,11,0,41,18,54,43,37,64,97,81,52,42,58,89,48,94,100,55,2,30,66,49,71,34,38,102,80,44,105,40,7,10,21,60,96,70,87,83,24,32,23,74,45,35,78,84
10,80,23,18,52,56,86,15,22,27,83,20,77,65,81,94,14,9,69,95,100,10,21,70,43,48,68,97,2,29,13,40,50,39,90,63,73,57,26,38,59,33,82,80,71,46,8,28,76,35,79,36,75,1,34,51,66,101,49,103,16,62,64,99,58,91,104,11,6,45,98,4,92,42,85,24,60,17,84,72,93,19,7,31,89,53,0,54,78,5,96,3,87,105,41,47,67,74,37,12,55,61,32,88,44,25,102,30
10,81,78,10,27,105,79,23,83,102,62,3,49,68,63,99,88,19,34,24,21,90,91,57,74,87,1,39,18,8,85,17,43,54,0,11,96,32,51,75,66,38,84,101,16,47,103,73,100,55,86,48,28,97,60,98,56,61,89,33,5,29,93,45,9,52,37,77,64,70,2,69,7,46,15,12,76,4,13,20,14,6,81,26,71,50,44,67,53,92,95,31,36,40,104,30,72,42,58,94,41,59,22,80,82,25,65,35
10,82,42,38,26,71,23,83,95,97,39,78,12,3,29,65,53,82,77,15,22,84,27,46,8,28,76,35,79,36,75,1,51,103,16,62,99,104,6,4,69,74,57,91,90,20,9,13,101,105,63,47,17,100,93,80,54,96,0,2,43,10,64,11,85,72,21,59,58,70,41,81,32,7,33,31,5,61,89,49,56,86,88,92,87,67,40,37,19,30,60,94,24,34,48,44,50,55,68,18,25,45,98,52,66,73,14,102
10,83,92,82,23,38,80,42,36,83,25,102,46,93,64,31,79,75,45,4,5,60,3,61,33,17,28,78,32,96,98,85,104,0,72,76,99,95,29,62,63,21,59,19,24,27,47,6,103,87,57,91,90,20,9,13,101,89,41,94,58,100,55,2,30,66,49,71,43,67,37,8,86,65,7,97,10,34,18,53,39,48,88,15,12,35,14,26,11,68,74,16,81,84,52,54,22,70,69,105,77,73,56,40,51,44,1,50
10,84,3,87,93,23,35,58,100,9,13,96,95,64,2,41,17,76,31,22,6,97,89,29,43,33,78,90,24,72,101,0,65,8,37,46,18,67,42,21,10,60,48,50,92,103,63,28,82,16,59,99,104,94,39,91,62,34,47,36,85,12,102,79,81,44,57,26,5,55,40,20,49,73,80,66,53,70,77,1,30,4,68,38,71,7,54,83,74,105,15,88,98,69,11,52,86,56,32,75,51,27,45,61,14,84,25,19
10,85,4,18,6,30,56,26,25,23,12,3,97,73,82,14,22,27,71,28,42,1,5,17,7,81,9,45,36,37,78,55,31,40,19,83,8,68,49,65,15,34,39,88,38,24,102,66,92,58,29,59,16,75,41,94,93,20,80,85,54,86,96,0,2,43,52,10,64,74,99,11,61,13,98,89,90,76,35,104,70,51,44,32,105,53,57,87,100,33,95,46,101,84,69,77,67,79,62,103,21,63,91,60,48,72,50,47
10,86,23,35,13,42,95,31,22,103,28,50,36,26,88,82,18,48,3,75,96,12,1,11,29,21,99,86,7,10,70,9,72,8,63,92,15,47,4,17,58,2,100,5,87,67,80,90,79,101,59,69,40,37,19,64,30,6,76,78,43,61,60,94,93,46,27,73,77,41,57,81,32,33,62,104,65,98,56,53,55,83,105,0,20,49,39,38,24,102,74,44,85,89,52,91,54,34,97,16,14,66,68,71,45,51,84,25
10,87,18,27,36,23,22,10,94,9,57,60,43,13,78,31,88,25,7,65,1,72,2,61,3,103,47,85,46,28,83,75,16,59,29,58,92,66,44,82,17,39,87,100,5,51,21,41,4,34,26,37,40,50,6,30,64,19,79,86,90,80,67,77,12,69,32,84,101,11,99,97,76,95,55,96,105,104,33,0,8,68,20,49,15,38,24,102,74,35,53,89,62,52,93,91,54,63,48,45,71,70,73,42,98,14,56,81
10,88,85,63,44,67,95,18,55,68,38,19,32,26,25,33,23,78,12,3,97,73,86,2,0,74,13,65,77,94,84,31,27,71,46,47,87,34,79,53,56,98,5,4,17,82,64,29,99,11,30,15,81,59,43,52,39,89,57,72,54,80,50,41,20,42,100,83,102,96,48,60,90,21,9,10,7,40,69,6,104,91,58,62,101,66,51,1,75,36,76,8,16,14,28,45,61,93,35,103,24,49,22,70,88,105,92,37
10,89,92,23,47,25,5,51,4,28,61,83,65,7,37,6,30,50,3,100,72,58,8,20,49,32,85,64,90,69,59,95,104,93,71,56,45,87,13,78,55,31,40,19,0,10,29,75,57,42,24,105,97,21,63,1,77,2,101,73,86,33,9,99,36,96,70,91,43,80,60,27,66,38,34,18,53,39,48,88,15,12,35,14,26,11,68,74,16,81,84,52,17,46,54,82,22,41,44,76,89,103,62,94,79,67,102,98
10,90,71,52,22,9,14,70,18,91,73,66,54,56,74,82,64,13,59,79,67,45,85,83,5,93,47,103,3,94,51,76,37,25,20,95,61,30,104,10,29,75,57,78,88,7,65,58,1,72,17,2,21,41,4,34,26,40,50,6,19,86,90,80,87,77,12,32,84,101,11,99,46,97,55,96,105,33,0,8,68,49,15,39,38,24,102,98,36,28,27,69,43,92,60,81,44,53,89,100,35,63,23,62,48,31,16,42
10,91,24,68,22,35,95,6,42,72,38,105,23,78,25,101,31,96,17,100,19,43,1,11,97,60,61,89,93,9,77,64,48,0,8,37,46,18,67,92,103,63,28,82,16,59,99,104,94,50,39,91,62,47,36,69,85,12,79,81,44,57,26,5,56,88,40,49,80,53,4,86,3,2,7,15,76,30,32,75,21,71,51,54,10,58,41,83,98,70,52,102,55,74,65,33,13,90,20,34,27,84,45,29,66,73,14,87
10,92,23,95,72,100,28,59,85,47,103,3,51,25,30,66,71,78,79,81,90,27,11,99,94,92,86,102,88,82,61,89,5,83,104,67,45,31,14,57,84,2,42,21,10,60,48,50,96,87,52,12,68,8,46,40,7,69,70,64,77,37,9,93,29,33,1,36,0,98,75,35,26,6,16,15,76,13,20,58,91,101,18,53,43,19,54,17,73,32,49,39,38,24,74,44,63,97,4,62,105,22,80,41,55,65,34,56
10,93,84,97,35,50,22,38,40,49,24,25,91,88,39,30,71,36,5,69,98,66,68,18,44,95,42,31,14,48,3,37,75,94,93,80,54,96,12,0,2,43,52,10,64,76,1,11,85,72,29,21,59,99,15,6,86,46,90,58,27,73,70,77,41,57,78,81,32,7,33,20,79,62,92,104,9,55,67,65,26,105,8,45,63,74,16,56,102,89,87,13,17,83,47,28,53,23,100,60,82,61,101,19,4,34,103,51
10,94,82,23,25,45,33,28,95,22,29,26,3,94,97,12,13,78,55,19,68,49,65,88,38,24,74,44,32,31,27,71,46,87,34,79,53,56,98,5,4,30,15,81,59,89,57,17,84,60,61,96,1,37,105,36,83,100,42,20,50,80,10,52,43,2,0,18,41,11,39,47,104,6,69,40,7,9,21,90,54,72,75,99,76,101,16,86,58,73,70,77,62,92,51,35,8,63,93,66,103,67,48,14,102,64,85,91
10,95,95,56,26,78,12,3,29,61,86,65,15,22,84,49,66,73,82,53,77,4,74,70,31,71,0,98,68,104,7,25,80,27,46,28,76,36,75,1,51,103,16,62,99,6,45,69,57,91,90,9,13,101,47,39,11,41,18,43,37,64,97,52,42,58,89,100,55,2,30,34,105,40,10,21,60,96,87,83,24,81,32,33,20,79,92,88,94,50,35,23,8,38,44,63,93,54,67,48,5,19,14,102,85,72,17,59
10,96,80,97,62,99,9,23,100,47,90,15,69,28,45,34,13,14,20,73,64,104,22,38,3,94,51,76,37,25,68,12,52,87,96,50,48,60,10,21,42,2,84,57,77,24,8,30,66,71,78,46,40,16,6,26,35,75,98,0,36,1,58,11,91,39,101,18,53,43,19,27,31,61,89,70,41,81,32,7,33,92,5,49,56,86,88,74,103,4,67,102,93,17,85,65,82,44,55,79,29,59,72,105,83,95,54,63
10,97,20,0,83,23,91,58,1,38,92,74,70,3,7,42,21,10,43,50,26,41,13,22,6,71,51,25,12,40,49,2,8,36,45,39,88,24,102,80,32,105,35,96,48,66,37,54,46,84,93,52,62,61,89,103,85,86,64,81,27,76,77,104,9,55,67,65,33,60,15,30,44,4,5,98,56,53,79,34,97,57,11,87,47,16,14,28,100,63,19,29,31,59,75,99,90,101,78,94,68,73,72,18,95,82,17,69
10,98,35,2,80,58,95,24,1,83,25,8,17,48,59,6,21,68,65,74,98,56,23,0,26,27,19,102,34,75,50,57,28,90,97,12,61,53,38,76,99,86,96,9,45,67,46,15,101,49,30,63,105,16,85,37,64,41,103,87,39,72,10,13,40,31,3,71,70,66,52,82,11,5,51,4,44,18,42,77,91,43,47,93,54,92,55,32,29,33,60,20,81,78,89,69,104,88,79,94,7,14,22,73,62,100,36,84
10,99,18,68,38,56,23,78,84,31,27,71,24,25,76,94,3,47,85,46,83,75,16,59,58,1,72,17,103,2,61,5,51,21,41,4,34,26,28,37,40,50,6,30,29,92,66,44,82,39,87,100,36,95,12,60,57,9,8,81,45,67,42,93,20,80,54,86,96,0,43,52,10,64,74,99,11,13,98,89,90,35,104,70,62,14,7,69,77,79,22,53,19,73,32,97,15,105,102,55,65,33,63,101,91,48,88,49
10,100,68,32,26,25,51,103,62,18,67,95,55,38,33,23,78,12,3,97,73,86,2,0,74,13,65,82,27,54,19,102,34,42,75,50,57,77,94,84,31,71,9,105,16,64,76,45,29,8,93,14,92,90,66,69,36,88,41,80,72,17,89,39,52,43,59,81,15,30,4,5,98,56,53,79,11,87,47,46,70,10,7,49,58,1,37,96,21,28,48,104,24,40,6,22,35,99,83,100,20,91,60,61,101,44,85,63
10,101,23,35,13,42,95,31,22,24,28,50,102,26,88,82,39,48,3,96,12,11,29,21,99,86,7,10,70,9,105,72,8,63,92,15,47,0,41,18,54,43,37,97,81,52,89,94,55,2,30,36,75,1,34,51,66,101,49,103,16,62,4,17,58,100,5,87,67,80,90,79,59,69,40,19,64,6,76,78,61,60,93,85,91,46,27,73,77,57,32,33,20,104,65,44,98,56,53,14,68,38,71,83,74,45,84,25
10,102,23,65,83,92,47,4,100,6,28,7,37,50,3,5,51,25,61,30,10,42,24,97,21,63,1,2,18,48,88,15,26,17,46,54,82,94,9,57,72,60,12,58,43,87,13,78,55,31,40,19,0,8,68,20,49,34,39,38,76,102,80,74,44,32,105,35,53,85,103,89,62,64,79,86,90,67,77,69,59,84,101,11,99,95,96,104,33,93,91,71,56,36,16,81,29,27,75,22,45,98,70,52,66,73,14,41
10,103,44,70,0,22,19,56,32,23,3,57,77,88,85,39,83,18,87,82,52,61,67,25,37,76,24,47,100,31,5,71,95,28,94,2,42,20,86,68,14,81,97,7,93,35,79,36,75,1,29,21,59,99,15,6,46,90,58,27,34,51,66,101,49,103,16,62,64,91,104,11,45,98,4,92,53,69,10,60,43,48,50,96,12,54,26,17,8,105,80,41,89,102,55,74,65,33,13,78,73,72,38,40,63,84,30,9
10,104,61,92,88,1,22,17,82,59,3,6,91,65,15,29,13,16,28,62,51,5,36,69,31,26,85,95,79,72,75,103,99,37,25,24,77,7,57,84,2,42,21,10,60,48,50,96,87,52,12,68,8,30,66,71,78,46,40,101,90,63,73,93,20,86,27,76,104,9,67,33,4,98,56,53,14,19,47,39,11,0,41,18,54,43,64,97,81,58,89,94,100,55,49,34,38,102,80,44,105,70,83,32,23,74,45,35
10,105,23,38,100,1,71,54,68,42,96,95,10,41,17,31,22,6,105,43,78,24,72,101,48,0,65,8,18,67,103,59,104,62,36,79,81,50,57,90,27,11,99,94,92,86,102,88,82,61,89,33,29,93,45,9,52,37,77,64,70,2,69,7,46,15,12,76,13,20,85,32,91,63,75,39,3,21,26,55,60,30,44,4,5,98,56,53,34,97,87,47,16,14,28,40,49,73,80,66,58,19,25,74,83,51,35,84
10,106,42,38,26,71,23,83,95,97,39,88,56,3,29,61,86,65,15,22,84,19,49,14,78,12,53,82,77,31,27,46,8,28,76,35,79,36,75,1,51,103,16,62,99,104,6,4,69,74,57,91,90,20,9,13,101,105,63,47,17,100,93,80,54,96,0,2,43,10,64,11,85,72,21,59,58,70,41,81,32,7,33,92,5,87,67,40,37,30,60,94,24,34,48,44,50,55,68,18,25,45,98,52,66,73,102,89
10,107,52,10,71,0,25,17,30,31,12,39,36,18,87,95,3,9,82,56,100,2,55,34,105,42,37,11,1,53,83,96,28,89,61,60,97,13,68,84,75,69,104,65,74,43,29,21,59,99,15,80,76,24,101,16,47,6,86,46,90,58,27,73,70,77,41,57,78,81,32,7,33,20,79,62,92,40,88,45,94,50,51,35,23,8,38,4,44,63,93,66,103,54,67,48,5,19,14,102,64,49,85,72,26,98,91,22
10,108,61,92,88,1,22,25,8,17,82,59,3,6,46,91,65,15,29,13,16,28,62,51,50,5,36,69,31,77,68,26,85,95,79,72,75,103,99,101,90,63,73,57,93,20,86,12,27,76,104,9,67,33,4,97,60,98,56,53,14,19,47,39,11,0,41,18,54,43,37,64,81,52,42,58,89,48,94,100,55,2,30,66,49,71,34,38,102,80,44,105,40,7,10,21,96,70,87,83,24,32,23,74,45,35,78,84
10,109,28,9,20,0,31,104,5,23,91,58,81,1,38,27,97,44,77,92,4,74,70,47,3,7,42,21,10,43,50,11,26,41,55,33,13,98,22,67,6,71,51,56,25,12,40,49,2,100,8,36,45,87,15,34,39,88,24,76,102,80,32,105,35,53,96,30,48,63,37,54,64,46,84,93,52,62,61,89,103,85,86,59,75,16,99,90,101,29,14,65,94,68,73,18,82,78,57,95,72,83,66,60,69,79,17,19
10,110,28,9,20,0,31,104,83,5,23,91,58,81,1,38,27,97,44,77,92,4,74,70,47,3,7,57,42,21,10,60,43,50,11,26,41,55,33,13,98,22,67,6,79,71,51,56,25,12,40,49,2,100,8,36,45,87,15,34,39,88,24,76,102,80,32,105,35,53,96,30,48,63,66,37,54,64,46,84,93,52,62,61,89,103,85,86,59,75,16,99,90,101,29,14,65,78,94,68,73,72,18,95,82,17,69,19
10,111,79,58,4,102,40,18,6,34,1,68,38,19,30,56,32,26,25,33,23,78,12,3,29,97,73,61,86,2,0,74,13,65,53,82,77,94,15,14,22,84,31,27,71,46,8,28,76,35,54,83,75,99,90,42,24,80,5,17,93,7,81,96,44,9,20,45,92,69,67,95,16,85,36,37,100,55,64,41,103,87,104,39,51,10,57,105,21,63,101,70,91,43,60,66,48,88,11,59,72,52,62,49,50,98,89,47
10,112,23,102,88,61,19,83,66,82,48,49,78,57,56,44,33,9,17,65,46,24,7,97,62,54,105,22,37,31,67,103,77,21,18,14,0,94,58,74,34,11,89,98,5,4,30,64,47,51,43,26,52,6,53,79,27,29,92,10,90,81,84,1,45,69,16,100,36,12,50,8,71,35,104,95,28,2,76,13,20,85,32,91,63,75,39,3,42,40,86,60,68,96,70,59,25,80,87,72,55,99,93,41,38,73,101,15
10,113,92,82,23,34,38,80,42,52,68,36,83,25,102,46,93,64,31,88,79,75,45,4,5,60,3,61,33,17,28,78,15,18,32,96,16,98,85,104,0,72,76,99,95,29,62,54,63,21,59,14,26,19,24,27,47,81,6,103,87,74,57,91,39,90,20,9,13,101,89,41,48,94,58,100,55,2,30,66,49,71,43,84,67,37,11,8,86,22,65,7,97,53,35,10,70,69,105,77,73,56,40,51,44,1,12,50
10,114,44,9,23,56,14,104,83,51,25,7,42,48,52,71,26,36,39,53,66,46,0,95,72,8,63,92,15,54,31,47,4,17,58,2,100,6,30,64,19,28,37,40,50,12,69,32,59,84,101,11,79,86,90,80,67,77,5,75,96,87,76,78,43,45,61,60,94,93,35,85,91,1,20,33,103,24,34,16,73,57,29,27,49,3,99,22,21,70,88,62,98,55,10,68,97,18,105,41,89,102,74,65,13,81,38,82
10,115,35,2,80,58,105,95,24,1,83,25,8,17,48,59,6,30,21,68,65,74,98,56,23,0,26,27,19,102,34,75,50,57,28,90,97,12,15,61,53,38,76,99,86,96,9,45,67,16,85,37,64,41,103,87,39,72,63,10,13,40,31,3,71,70,66,52,82,11,5,51,4,44,18,42,46,77,91,43,47,93,54,92,55,32,29,33,60,20,81,78,89,69,101,104,88,79,94,7,14,49,22,73,62,100,36,84
10,116,25,58,79,19,80,57,24,40,68,72,41,38,31,10,1,43,35,42,34,67,74,8,18,87,59,84,95,83,96,105,104,90,53,27,11,99,94,92,102,88,82,28,60,61,33,5,93,52,37,77,64,70,9,13,89,101,16,47,103,73,46,100,55,86,56,48,14,20,29,2,6,81,97,26,71,45,7,50,69,15,12,76,4,30,85,32,91,63,75,39,3,21,51,0,44,54,62,36,22,98,49,78,66,65,17,23
10,117,82,23,92,28,4,0,20,61,30,67,93,76,29,5,42,24,97,31,59,79,45,83,3,94,25,77,7,84,2,50,96,52,8,66,71,78,46,40,6,26,35,98,1,18,53,19,54,17,73,99,32,15,62,22,80,41,86,89,102,74,65,33,13,90,34,27,14,9,75,57,72,85,60,12,47,58,69,95,16,36,37,100,55,64,103,87,104,39,51,10,105,21,63,101,70,91,43,48,88,11,68,49,38,81,56,44
10,118,95,55,23,13,65,82,92,31,100,64,28,69,59,79,67,45,85,83,5,93,47,103,3,94,51,76,37,25,77,7,57,84,2,42,21,10,60,48,50,87,52,12,30,66,71,78,46,40,16,6,26,75,98,0,36,1,58,11,91,101,18,53,43,19,54,17,73,99,32,96,104,33,8,68,20,49,15,39,38,24,102,74,44,35,63,97,61,4,62,105,22,80,41,86,89,27,34,56,81,72,88,90,14,29,9,70
10,119,23,25,51,9,14,104,42,7,48,83,44,56,52,71,26,36,39,53,66,46,0,95,72,8,63,92,15,54,31,47,4,17,58,2,100,6,30,64,19,28,37,40,50,12,69,32,59,84,101,11,79,86,90,80,67,77,5,75,96,87,76,78,43,45,61,60,94,93,35,85,91,1,20,33,103,24,34,16,73,57,29,27,49,3,99,22,21,70,88,62,98,55,10,68,97,18,105,41,89,102,74,65,13,81,38,82
10,120,24,68,22,95,6,42,72,105,23,84,25,31,96,17,100,19,43,14,27,48,0,65,8,18,98,92,103,28,82,99,104,50,62,34,47,36,102,81,57,88,49,97,61,89,5,29,93,45,9,78,46,40,16,52,37,77,64,70,2,69,7,15,12,4,13,20,30,59,101,11,86,90,67,75,76,80,44,38,79,60,94,35,85,91,1,33,73,32,63,39,3,21,26,56,55,66,53,71,51,54,10,58,41,83,74,87
10,121,23,38,80,68,36,25,31,79,17,78,98,0,72,10,1,43,35,42,34,67,74,8,18,87,59,84,95,83,96,105,104,90,53,27,11,99,94,92,102,88,82,28,60,61,33,5,93,52,37,77,64,70,9,13,89,101,16,47,103,73,46,100,55,86,56,48,14,20,29,2,6,81,97,26,71,45,7,50,69,15,12,76,4,30,85,32,91,63,75,39,3,62,54,21,19,24,57,41,58,66,49,22,65,40,51,44
10,122,82,23,92,28,4,0,20,61,30,67,93,76,29,5,42,24,97,31,59,79,45,83,3,94,25,77,7,84,2,50,96,52,66,71,78,46,40,6,26,35,98,1,18,53,19,54,17,73,99,32,15,62,22,80,41,86,89,102,74,65,33,13,90,34,27,8,14,9,75,57,72,85,60,12,47,58,69,95,16,36,37,100,55,64,103,87,104,39,51,10,105,21,63,101,70,91,43,48,88,11,68,49,38,81,56,44
10,123,4,18,1,30,56,26,25,23,3,29,73,82,22,27,71,28,54,42,5,7,6,2,66,17,94,97,14,75,72,81,9,45,92,16,36,37,13,78,55,31,40,19,0,83,8,68,20,49,65,15,34,39,88,38,24,76,102,80,74,44,32,105,35,53,85,103,89,61,62,64,79,86,90,67,77,69,59,84,101,11,99,46,95,96,104,33,93,100,41,87,51,10,57,21,63,70,60,12,47,58,91,43,48,52,50,98
10,124,18,27,36,23,16,22,29,3,100,10,94,9,57,60,43,13,78,31,88,25,7,103,61,5,51,28,37,30,64,79,67,69,59,76,95,83,104,68,20,49,15,39,38,24,65,58,1,72,17,2,21,41,4,34,26,40,50,6,19,86,90,80,87,77,12,32,84,101,11,99,46,97,55,96,105,33,0,8,102,74,44,35,53,85,89,62,52,93,91,54,66,63,48,75,45,71,82,70,73,42,98,47,14,56,81,92
10,125,7,56,58,92,1,13,25,17,18,3,41,2,43,10,27,9,65,4,5,57,16,100,31,23,103,21,72,34,26,28,37,40,50,6,30,64,19,86,90,80,67,87,77,12,59,84,11,99,46,97,76,95,83,96,105,0,8,68,15,39,38,24,102,74,44,35,53,85,69,79,45,93,47,94,51,20,61,104,29,75,42,63,101,73,33,36,70,91,60,66,48,88,78,14,55,81,52,54,82,22,32,62,49,71,98,89
11,0,36,102,61,92,71,72,58,105,70,7,49,88,89,95,24,1,22,83,42,66,25,8,17,82,48,59,3,6,30,46,43,21,91,68,77,18,65,75,15,97,2,29,13,40,16,28,62,51,50,101,39,90,63,73,103,57,26,38,37,41,94,93,20,80,85,54,86,96,12,0,52,10,64,81,27,76,104,9,55,67,33,60,44,4,5,98,56,53,79,34,11,87,47,14,100,19,31,32,23,74,45,35,78,99,84,69
11,1,36,102,61,38,71,105,49,101,88,91,51,89,95,40,24,13,50,22,83,42,66,25,8,17,82,39,18,48,3,37,75,94,93,80,54,96,12,0,2,43,52,10,64,76,1,11,85,72,29,21,59,99,15,6,86,46,90,58,27,73,70,77,41,57,78,81,32,7,33,20,79,62,92,104,9,55,67,65,60,30,44,4,5,98,56,53,34,97,87,47,16,14,28,100,63,19,31,23,26,74,103,45,68,35,84,69
11,2,23,35,100,13,42,95,17,31,22,105,89,24,101,8,103,63,28,50,91,36,69,102,26,88,82,39,18,48,3,37,75,94,93,80,54,96,12,0,2,43,52,10,64,76,1,11,85,72,29,21,59,99,15,6,86,46,90,58,27,73,70,77,41,57,78,81,32,7,33,20,79,62,92,104,9,55,67,65,60,30,44,4,5,98,56,53,34,97,87,47,16,14,40,49,66,68,38,71,83,74,45,51,61,84,25,19
11,3,23,35,13,42,95,31,22,89,24,103,28,50,36,102,26,88,82,39,18,48,3,75,96,12,0,52,1,11,29,21,99,86,7,10,70,9,105,72,8,63,92,15,54,47,4,17,58,2,100,5,87,67,80,90,79,101,59,69,40,37,19,64,30,6,76,78,43,61,60,94,93,85,91,46,27,73,77,41,57,81,32,33,20,62,104,55,65,44,98,56,53,34,97,16,14,49,66,68,38,71,83,74,45,51,84,25
11,4,36,102,61,38,71,105,101,88,51,89,95,24,13,50,22,83,42,66,25,8,17,82,18,48,37,94,93,80,54,96,12,0,2,43,52,10,64,76,1,11,72,29,59,99,15,6,86,46,90,58,27,73,70,77,41,57,78,81,7,33,20,79,62,92,104,9,67,65,60,4,5,98,53,34,97,87,47,16,30,85,32,91,63,75,39,3,21,44,26,56,55,40,49,14,28,100,19,31,23,74,103,45,68,35,84,69
11,5,36,23,16,22,29,3,100,10,94,9,57,60,13,78,88,25,7,65,58,1,72,17,103,2,51,21,41,4,34,26,28,37,40,50,6,30,64,79,86,90,80,67,87,77,12,69,32,59,84,11,99,46,97,76,95,55,83,96,105,104,33,0,8,68,20,49,15,101,18,53,43,19,27,31,5,61,89,39,38,24,102,74,44,35,85,62,52,93,91,54,66,63,48,75,45,71,82,70,73,42,98,47,14,56,81,92
11,6,36,18,27,16,23,38,9,60,43,13,92,31,100,64,28,69,59,79,67,45,85,83,5,93,47,103,3,94,51,76,37,25,20,95,61,30,104,10,29,75,57,78,88,7,65,58,1,72,17,2,21,41,4,34,26,40,50,6,19,86,90,80,87,77,12,32,84,101,11,99,46,97,55,96,105,33,0,8,68,49,15,39,24,102,74,44,35,53,62,52,91,66,63,48,71,82,70,54,81,89,14,22,73,42,98,56
11,7,36,102,61,38,71,105,101,88,51,89,95,24,13,50,22,83,42,66,25,8,17,82,18,48,37,94,93,80,54,96,12,0,2,43,52,29,72,11,1,76,64,10,59,99,15,6,86,46,90,58,27,73,70,77,41,57,78,81,7,33,20,79,62,92,104,9,67,65,60,4,5,98,53,34,97,87,47,16,30,85,32,91,63,75,39,3,21,44,26,56,55,40,49,14,28,100,19,31,23,74,103,45,68,35,84,69
11,8,36,23,16,22,29,3,100,10,94,9,57,60,13,78,88,25,7,65,58,1,72,17,103,2,51,21,41,4,34,26,28,37,40,50,6,30,64,79,86,90,80,67,87,77,12,69,32,59,84,11,99,46,97,76,95,55,83,96,105,104,0,101,18,43,19,27,31,5,61,71,42,33,8,68,20,49,15,39,38,24,102,74,44,35,53,85,89,62,52,93,91,54,66,63,48,75,45,82,70,73,98,47,14,56,81,92
11,9,92,48,23,47,25,7,5,51,4,28,37,2,50,3,100,21,94,97,9,72,60,12,87,13,30,104,10,29,75,57,42,24,31,0,83,8,68,20,49,65,34,88,38,76,44,105,85,103,61,64,79,90,67,77,69,59,84,66,71,78,46,40,16,6,26,35,98,36,1,58,11,91,39,101,18,53,43,19,54,17,73,99,32,63,15,62,22,80,41,86,89,102,55,74,95,96,33,93,56,81,27,45,70,52,14,82
11,10,85,63,67,95,56,32,26,33,23,78,12,3,29,61,86,65,15,22,84,19,49,14,38,66,73,82,44,53,77,92,5,4,74,70,31,71,0,98,68,104,7,25,80,27,46,8,28,76,35,79,36,75,1,51,103,16,62,99,6,45,69,57,91,90,20,9,13,101,47,39,11,41,18,54,43,37,64,97,81,52,42,58,89,48,94,100,55,2,30,34,102,105,40,10,21,60,96,87,83,24,50,88,93,72,17,59
11,11,92,48,23,47,25,5,51,4,28,12,87,13,104,10,82,17,65,46,24,7,97,37,6,30,2,50,26,3,100,21,94,9,57,72,60,29,75,42,31,0,83,8,68,20,49,34,88,38,76,44,105,85,103,61,64,79,90,67,77,69,59,84,66,71,78,40,16,35,98,36,1,58,11,91,39,101,18,53,43,19,54,73,99,32,63,15,62,22,80,41,86,89,102,55,74,95,96,33,93,56,81,27,45,70,52,14
11,12,79,102,40,34,68,30,26,25,23,78,3,74,13,82,31,27,71,46,35,83,8,85,0,96,51,75,38,66,84,16,47,103,100,55,56,48,28,60,89,33,5,29,93,45,9,52,37,77,90,42,24,7,44,20,92,6,67,65,2,81,94,76,1,58,11,91,39,101,18,53,43,19,54,17,73,99,32,63,97,61,4,15,62,105,22,80,41,86,14,57,72,12,69,95,36,64,87,104,10,21,70,88,59,49,50,98
11,13,79,78,23,52,25,56,4,50,26,29,40,3,61,0,82,84,31,71,46,28,35,83,42,24,5,93,7,96,44,20,92,77,6,67,2,45,81,66,94,97,76,8,14,9,75,57,72,85,60,12,47,69,95,16,37,100,64,103,87,104,51,10,105,21,48,68,98,36,1,58,11,91,39,101,18,53,43,19,54,17,73,99,32,63,15,62,22,80,41,86,89,102,55,74,65,33,13,90,34,27,49,70,88,38,30,59
11,14,102,53,65,14,47,100,9,33,34,87,45,3,28,104,24,42,7,22,31,84,43,50,23,91,97,27,38,1,81,58,44,77,92,4,74,70,71,68,25,80,56,59,26,6,46,15,101,49,30,63,105,8,17,82,39,18,48,37,75,41,94,93,20,85,54,86,96,12,0,2,52,64,55,29,67,99,11,61,13,98,32,89,90,76,35,51,62,5,10,21,88,103,19,40,16,78,57,95,72,83,66,60,69,79,73,36
11,15,44,23,34,56,95,72,92,31,100,28,59,79,67,45,83,5,93,14,104,47,103,3,94,51,25,24,57,84,42,21,10,60,48,50,96,87,68,8,66,71,78,40,16,6,26,35,75,98,0,36,1,58,11,39,101,18,53,43,19,54,17,73,9,52,37,77,64,70,2,69,7,46,15,12,76,4,13,20,30,85,32,91,63,99,97,61,62,105,22,80,41,86,89,102,55,74,65,33,90,88,29,81,27,38,49,82
11,16,18,27,23,16,29,3,48,66,99,70,9,91,68,15,101,63,73,57,38,65,46,24,7,97,30,62,5,54,105,22,37,100,71,69,0,13,34,42,10,12,36,55,31,25,94,60,78,88,58,1,72,103,2,51,21,41,26,28,40,50,6,64,79,86,90,80,67,87,77,59,84,11,76,95,83,96,104,33,8,20,49,39,53,43,19,17,32,61,4,102,74,44,35,85,89,52,93,75,45,82,98,47,14,56,81,92
11,17,44,95,72,28,20,23,34,56,100,24,25,76,51,3,103,47,85,59,5,83,104,67,31,14,84,42,21,10,60,48,6,26,75,79,81,50,57,90,27,11,99,94,92,86,102,88,82,61,89,33,29,93,45,9,52,37,77,64,70,2,69,7,46,96,87,12,68,8,40,16,35,98,0,36,1,58,91,39,101,18,53,43,19,54,17,73,49,30,66,71,78,32,63,97,4,15,62,105,22,80,41,55,74,65,13,38
11,18,44,91,89,51,22,19,26,23,3,88,79,74,39,65,54,83,82,61,98,17,67,25,37,80,101,47,12,0,2,52,10,76,46,90,58,43,87,16,24,56,53,64,60,18,49,75,84,95,1,11,85,72,29,21,59,99,15,6,86,27,73,70,77,41,57,78,81,32,7,33,20,62,55,100,31,5,36,34,4,50,8,71,35,104,103,28,94,42,40,68,48,14,97,45,66,105,93,96,38,13,102,92,69,63,30,9
11,19,92,82,23,25,45,33,28,95,22,29,26,3,12,13,78,19,68,49,65,88,38,24,44,32,31,27,71,46,87,34,79,53,56,98,5,4,15,59,102,96,60,90,21,7,40,69,6,104,43,52,39,89,57,17,72,54,80,50,41,20,42,100,83,36,18,9,47,11,0,2,10,64,74,8,76,75,1,51,66,101,62,91,30,55,94,48,58,81,97,37,99,105,35,63,84,93,61,103,85,86,16,14,67,70,77,73
11,20,18,23,16,22,29,3,100,105,69,0,13,37,10,12,36,55,30,25,9,57,60,43,78,88,7,65,1,72,17,51,21,41,4,26,40,50,64,79,34,71,104,103,95,28,94,2,42,20,86,75,58,68,14,6,81,97,90,80,67,87,77,32,59,84,101,11,99,46,76,83,96,33,5,31,27,19,53,15,49,8,61,89,39,38,24,102,74,44,35,85,62,52,93,91,54,66,63,48,45,82,70,73,98,47,56,92
11,21,36,102,61,38,71,105,101,88,51,89,95,24,13,50,22,83,42,66,25,8,17,82,18,48,37,94,93,80,54,96,12,0,2,43,52,10,64,76,11,72,29,59,99,15,6,86,46,90,58,27,73,70,77,41,57,78,7,33,20,79,62,92,104,9,67,65,81,84,32,1,60,4,5,98,53,34,97,87,47,16,30,85,91,63,75,39,3,21,44,26,56,55,40,49,14,28,100,19,31,23,74,103,45,68,35,69
11,22,103,80,22,89,9,51,3,100,42,37,10,12,55,31,30,25,97,34,69,105,76,65,82,61,87,16,56,64,60,84,95,85,72,29,21,59,86,46,90,27,70,77,41,57,78,81,7,79,2,6,26,75,98,0,36,1,58,11,91,101,18,53,43,19,54,17,73,99,32,96,104,33,8,68,20,49,15,39,38,24,102,74,44,35,63,50,94,48,62,83,13,28,47,66,92,14,23,88,71,52,4,40,5,93,45,67
11,23,13,22,70,64,15,34,102,5,55,49,80,83,105,38,28,69,92,81,65,3,94,51,37,25,24,77,7,84,2,42,21,95,79,72,75,103,99,101,90,63,73,57,93,20,86,12,27,76,104,9,67,33,4,98,56,53,14,10,60,48,50,96,87,52,68,8,30,66,71,78,46,40,16,6,26,35,0,36,1,58,11,91,39,18,43,19,54,17,32,97,61,85,44,89,82,100,88,47,59,74,29,23,62,45,41,31
11,24,92,48,23,47,25,5,51,4,28,12,87,13,104,10,82,17,65,46,24,7,97,37,6,30,2,50,26,3,100,21,94,9,57,72,60,29,75,42,31,0,83,8,68,20,49,34,88,38,76,44,105,85,103,61,64,79,67,77,69,84,66,71,78,40,59,101,11,86,90,16,35,98,36,1,58,91,39,18,53,43,19,54,73,99,32,63,15,62,22,80,41,89,102,55,74,95,96,33,93,56,81,27,45,70,52,14
11,25,42,38,26,71,23,83,66,95,97,88,56,78,12,3,29,73,86,65,82,77,15,22,84,31,27,46,28,76,79,36,1,51,103,16,62,99,104,6,45,98,69,57,91,90,9,13,101,14,105,63,47,100,80,54,96,0,2,10,64,11,72,21,59,58,70,41,81,7,33,92,5,87,67,40,37,30,60,94,8,20,49,39,53,43,19,17,32,61,4,102,74,44,35,85,89,52,93,75,24,34,48,50,55,68,18,25
11,26,36,102,61,92,71,72,58,105,70,7,73,48,88,49,89,95,24,1,22,83,42,66,25,8,17,82,59,3,6,30,46,43,21,91,68,77,18,65,75,15,97,2,29,13,40,16,28,62,51,50,101,39,90,63,103,57,26,38,37,41,94,93,20,80,85,54,86,96,12,0,52,10,64,81,27,76,104,9,55,67,33,60,44,4,5,98,56,53,79,34,11,87,47,14,100,19,31,32,23,74,45,35,78,99,84,69
11,27,102,53,65,14,47,100,9,33,34,87,45,3,28,104,24,42,7,22,31,84,43,50,23,91,97,27,38,1,81,58,44,77,92,4,74,70,71,25,80,56,59,26,6,46,15,101,49,30,63,105,8,39,48,37,75,41,93,20,85,54,86,96,12,0,2,52,64,55,29,67,99,11,61,13,98,32,89,90,76,35,51,62,5,10,21,88,103,19,40,16,57,83,66,60,69,78,94,68,73,72,18,95,82,17,79,36
11,28,6,26,25,23,3,29,73,82,14,22,28,75,1,17,7,45,16,37,13,31,40,19,83,8,20,49,78,70,105,93,42,95,18,90,68,46,66,58,69,36,62,92,94,71,39,80,85,54,86,96,12,0,2,43,52,10,64,81,27,76,77,104,9,55,67,65,33,60,15,30,44,4,5,98,56,53,79,34,97,57,11,87,88,38,24,102,74,32,35,51,41,100,99,101,84,59,61,89,103,21,63,91,48,72,50,47
11,29,23,59,72,8,92,47,4,100,28,32,56,49,85,61,82,83,17,65,46,24,97,37,98,50,45,3,71,5,51,93,25,20,95,30,87,13,78,55,31,19,0,29,75,57,42,105,63,1,77,2,101,73,86,33,99,36,70,43,80,27,66,38,34,102,96,48,60,90,21,9,10,7,40,69,6,104,91,58,64,62,18,53,39,88,15,12,35,14,26,11,68,74,16,81,84,52,54,22,41,44,76,89,103,94,79,67
11,30,23,6,90,0,4,22,9,60,43,13,92,31,100,64,28,69,59,79,67,45,85,83,5,93,47,103,3,94,51,76,37,25,20,95,61,30,104,10,29,75,57,78,88,7,65,58,1,72,17,2,21,56,42,24,105,97,63,19,77,101,73,40,86,33,99,36,96,70,91,80,27,66,38,34,18,53,39,48,15,12,35,14,26,11,87,68,74,16,55,81,84,52,46,54,82,41,44,32,102,62,8,49,71,50,98,89
11,31,23,25,51,42,83,56,71,26,36,66,46,95,15,31,28,12,84,79,86,77,76,78,1,103,73,29,27,3,22,88,68,97,18,16,62,99,104,6,45,98,69,57,91,90,9,13,101,14,105,63,47,100,80,54,96,0,2,10,64,11,72,21,59,58,70,41,81,7,33,92,5,87,67,40,37,30,60,94,8,20,49,39,53,43,19,17,32,61,4,102,74,44,35,85,89,52,93,75,24,34,48,50,55,65,38,82
11,32,23,100,13,42,17,31,105,24,8,103,28,50,69,26,88,82,48,3,37,75,94,12,0,2,52,10,64,76,85,72,29,21,59,6,46,90,70,77,57,7,20,79,92,104,9,67,65,60,30,44,4,5,34,97,87,47,14,49,66,68,38,71,83,45,78,40,16,35,98,36,1,58,11,91,39,101,18,53,43,19,54,73,99,32,63,15,62,22,80,41,86,89,102,55,74,95,96,33,93,56,81,27,51,61,84,25
11,33,82,23,38,42,36,83,25,102,46,79,75,45,4,60,3,28,78,98,104,76,99,95,29,62,19,24,27,6,103,57,91,90,94,55,30,66,71,37,8,65,97,34,18,20,9,13,101,105,63,47,17,100,93,80,54,96,0,2,43,10,64,11,85,72,21,59,58,70,41,81,32,7,33,31,5,61,89,49,56,86,88,92,87,67,40,53,39,48,15,12,35,14,26,68,74,16,84,52,22,69,77,73,51,44,1,50
11,34,23,35,100,13,42,31,89,24,8,103,28,50,102,26,82,48,3,37,75,93,96,0,52,85,29,6,46,90,27,77,78,7,33,20,79,92,9,55,67,65,60,30,44,5,98,56,34,47,16,40,66,68,38,71,83,74,45,51,2,81,94,76,1,58,11,91,39,101,18,53,43,19,54,17,73,99,32,63,97,61,4,15,62,105,22,80,41,86,14,57,72,12,69,95,36,64,87,104,10,21,70,88,59,49,84,25
11,35,92,82,45,33,28,95,22,29,20,23,34,56,70,100,7,77,24,25,37,76,51,94,26,3,12,13,78,19,68,49,65,88,38,44,32,31,27,71,46,87,79,53,98,5,4,15,59,102,96,60,90,21,40,69,6,104,43,52,39,89,57,17,72,54,80,50,41,42,83,36,18,9,47,11,0,2,10,64,74,8,75,1,66,101,62,91,30,55,48,58,81,97,99,105,35,63,84,93,61,103,85,86,16,14,67,73
11,36,85,59,9,23,3,76,24,88,38,56,25,93,49,70,57,7,44,83,28,2,42,60,48,96,105,22,37,31,67,103,77,21,18,14,0,94,58,74,34,11,89,98,5,4,30,64,47,51,43,26,52,6,53,79,27,29,92,10,90,81,84,1,45,69,16,100,36,12,50,8,71,35,104,87,68,66,78,46,40,75,91,39,101,19,54,17,73,99,32,63,97,61,15,62,80,41,86,102,55,65,33,13,20,72,95,82
11,37,23,82,61,67,25,16,85,86,22,29,26,3,12,13,78,19,68,49,65,88,38,24,44,32,31,27,71,46,87,34,79,53,56,98,5,4,15,59,102,96,60,90,21,7,40,69,6,104,43,52,39,89,57,17,72,54,80,50,41,20,42,100,83,36,18,9,47,11,0,2,10,64,74,8,76,75,1,51,66,101,62,91,30,55,94,48,58,81,97,37,99,105,35,63,73,70,77,33,103,95,28,14,45,93,92,84
11,38,42,38,26,23,83,95,78,3,29,82,77,22,84,46,28,76,79,36,75,1,51,16,62,99,104,4,69,74,105,63,17,93,80,54,96,0,64,11,85,72,21,59,70,27,47,6,103,87,57,91,90,20,9,13,101,89,41,94,58,100,55,2,30,66,49,71,43,67,37,8,86,65,7,97,10,34,18,53,39,48,88,15,12,35,14,81,32,33,31,5,61,56,92,40,19,60,24,44,50,68,25,45,98,52,73,102
11,39,36,23,16,22,3,100,10,94,9,57,13,78,88,25,7,65,58,1,72,17,103,2,51,21,41,4,34,26,28,37,40,50,6,30,64,79,86,90,80,67,87,77,12,69,59,84,11,99,46,97,76,95,83,96,105,104,0,8,68,20,49,15,101,18,53,19,27,31,5,61,89,39,38,24,102,74,44,35,91,43,47,93,54,92,55,32,29,33,60,85,62,52,66,63,48,75,45,71,82,70,73,42,98,14,56,81
11,40,92,82,23,25,45,33,28,95,22,29,26,3,12,13,78,19,68,49,65,88,38,24,44,32,31,27,71,46,87,34,79,56,98,5,4,15,59,57,17,72,80,50,20,83,102,96,60,90,21,9,7,40,69,6,104,47,11,41,18,0,2,43,52,10,64,74,8,76,36,75,53,39,48,1,51,66,101,62,91,30,55,100,94,89,58,42,81,97,37,54,99,105,35,63,84,93,61,103,85,86,16,14,67,70,77,73
11,41,98,56,27,23,16,22,9,60,43,13,92,31,100,64,28,69,59,79,67,45,85,83,5,93,47,103,3,94,51,76,37,25,20,95,61,30,104,10,29,75,57,78,88,7,65,58,1,72,17,2,21,41,4,34,26,40,50,6,19,86,90,80,87,77,12,32,84,101,11,99,46,97,55,96,105,33,0,8,68,49,15,39,38,24,102,74,44,35,53,89,62,52,91,54,66,63,48,71,82,70,73,42,18,81,14,36
11,42,91,70,22,19,26,23,78,3,29,72,49,1,85,39,54,83,18,82,17,25,37,80,16,47,73,46,31,36,50,8,71,95,28,62,94,42,20,40,75,58,68,48,14,6,45,7,66,105,86,96,12,0,2,43,52,10,64,81,27,76,77,104,9,55,67,65,33,60,15,30,44,4,5,98,56,53,79,34,97,57,11,87,88,38,24,102,74,32,35,51,41,100,99,101,84,59,61,89,103,21,63,93,13,92,90,69
11,43,74,9,96,52,26,71,82,36,20,23,34,56,70,14,0,31,32,45,61,46,83,5,93,103,51,37,25,24,77,7,66,84,42,21,10,43,48,50,87,41,13,65,104,95,72,8,63,92,15,54,47,4,17,58,2,100,6,30,64,19,28,40,12,69,59,101,11,86,90,67,75,76,78,80,44,38,79,60,94,35,85,91,1,33,16,73,57,29,27,49,3,99,22,88,62,98,55,68,97,18,105,81,53,102,39,89
11,44,95,67,56,70,45,20,9,28,72,69,5,59,82,92,85,34,44,14,100,83,93,49,64,79,104,47,103,3,94,51,76,37,25,24,77,7,57,84,2,42,21,10,60,48,50,96,87,52,12,68,8,30,66,71,78,46,40,16,6,26,35,75,98,0,36,1,58,11,91,39,101,18,53,43,19,54,17,73,99,32,63,97,61,4,15,62,105,22,80,41,86,89,102,55,74,65,33,13,90,88,29,81,27,38,23,31
11,45,92,82,23,25,45,33,28,95,22,29,26,3,12,13,78,19,68,49,65,88,38,24,44,32,31,27,71,46,87,34,79,53,56,98,5,4,15,59,57,17,72,80,50,20,83,102,96,60,90,21,9,7,40,69,6,104,47,39,11,41,18,0,2,43,52,10,64,74,8,76,36,75,1,51,66,101,62,91,30,55,100,94,48,89,58,42,81,97,37,54,99,105,35,63,84,93,61,103,85,86,16,14,67,70,77,73
11,46,74,9,96,52,26,71,82,36,23,34,56,14,0,31,45,61,83,5,93,103,51,25,24,66,84,42,21,10,43,48,50,87,41,65,104,95,72,8,92,54,47,17,58,100,6,19,28,40,59,101,11,86,90,67,78,80,44,38,79,60,94,35,1,33,37,77,64,70,2,69,7,46,15,12,76,4,13,20,30,85,32,91,63,75,39,3,16,73,57,29,27,49,99,22,88,62,98,55,68,97,18,105,81,53,102,89
11,47,42,38,26,71,23,83,95,97,39,88,56,49,78,12,3,29,61,86,65,53,82,77,15,22,84,31,27,46,8,28,76,35,79,36,75,1,51,103,16,62,99,104,6,4,69,74,57,91,90,20,9,13,101,105,63,47,17,100,93,80,54,96,0,2,43,10,64,11,85,72,21,59,58,70,41,81,32,7,33,92,5,87,67,40,37,19,30,60,94,24,34,48,44,50,55,68,18,25,45,98,52,66,73,14,102,89
11,48,23,22,50,72,8,68,65,31,88,5,3,61,33,17,28,78,15,85,29,26,19,27,63,74,57,13,14,39,0,41,18,54,43,30,64,79,90,80,67,87,77,12,69,32,59,84,11,99,97,76,95,83,37,81,52,89,94,55,2,36,75,1,34,51,66,101,49,103,16,62,58,91,104,6,45,98,4,40,7,10,9,21,60,48,47,96,70,102,100,24,42,20,71,38,44,105,35,53,93,46,86,82,73,25,56,92
11,49,103,63,80,102,22,101,89,9,19,51,0,3,17,100,42,37,10,12,36,55,31,30,25,39,104,97,68,34,69,105,76,65,74,82,61,43,87,16,24,56,53,64,60,18,49,75,84,95,1,11,85,72,29,21,59,99,15,6,86,46,90,58,27,73,70,77,41,57,78,81,32,7,33,20,79,2,50,44,94,48,62,83,96,13,28,47,66,92,14,23,8,88,71,52,4,54,40,5,93,38,98,45,26,35,67,91
11,50,18,27,36,23,16,22,9,60,43,13,92,31,100,64,28,69,59,79,67,45,85,83,5,93,47,103,3,94,51,76,37,25,20,95,61,30,104,10,29,75,57,78,88,7,65,58,1,72,17,2,21,41,4,34,26,40,50,6,19,86,90,80,87,77,12,32,84,101,11,99,46,97,55,96,105,33,0,8,68,49,15,39,38,24,102,74,44,35,53,89,62,52,91,54,66,63,48,71,82,70,73,42,98,14,56,81
11,51,24,36,72,28,19,65,66,88,31,104,83,5,47,3,7,57,42,21,10,60,43,50,23,91,97,27,38,1,81,58,44,77,92,4,74,70,71,68,25,80,56,59,26,6,46,15,101,49,30,63,105,8,17,82,39,18,48,37,75,41,94,93,20,85,54,86,96,12,0,2,52,64,55,29,67,99,11,61,13,98,32,89,90,76,35,51,62,14,78,69,79,22,73,45,84,102,100,9,40,34,95,53,16,103,87,33
11,52,24,36,72,28,65,66,88,31,104,83,5,47,3,7,57,42,21,10,60,43,23,91,97,27,38,1,81,58,44,77,92,4,74,70,71,68,25,56,59,26,46,15,101,49,63,40,50,6,30,64,19,79,86,90,80,67,105,8,17,82,39,18,48,37,75,41,94,93,20,85,54,96,12,0,2,52,55,29,99,11,61,13,98,32,89,76,35,51,62,14,78,69,22,73,45,84,102,100,9,34,95,53,16,103,87,33
11,53,44,70,0,22,19,56,32,23,3,29,57,77,27,88,85,39,83,18,87,82,52,61,67,25,37,76,24,47,46,100,31,5,71,95,28,94,2,42,20,86,68,14,81,97,7,59,93,35,79,36,75,1,34,51,66,101,49,103,16,62,64,99,58,91,104,11,6,45,98,4,92,53,69,21,10,60,43,48,50,96,12,54,26,17,8,15,105,80,41,89,102,55,74,65,33,13,90,78,73,72,38,40,63,84,30,9
11,54,4,40,18,34,1,68,38,30,56,26,23,78,84,31,27,71,24,25,37,76,51,94,3,103,47,85,46,28,83,75,16,59,29,58,92,66,44,82,17,39,87,100,36,95,12,60,72,57,9,8,81,45,67,6,5,42,41,93,20,80,54,86,96,0,2,43,52,10,64,74,99,11,61,13,98,89,90,35,104,70,62,21,14,7,69,77,79,22,53,19,73,32,97,15,105,102,55,65,33,63,101,91,48,88,49,50
11,55,18,27,23,16,22,29,3,100,71,105,69,0,13,34,42,37,10,12,36,55,31,30,25,94,9,57,60,43,78,88,7,65,58,1,72,17,103,2,61,5,51,21,41,4,26,28,40,50,6,64,19,79,86,90,80,67,87,77,32,59,84,101,11,99,46,97,76,95,83,96,104,33,8,68,20,49,15,39,38,24,102,74,44,35,53,85,89,62,52,93,91,54,66,63,48,75,45,82,70,73,98,47,14,56,81,92
11,56,92,63,48,18,23,47,25,1,5,4,28,88,15,61,82,17,65,46,24,7,97,37,6,30,2,50,26,3,100,21,94,9,57,72,60,12,43,87,13,78,55,31,40,19,0,8,68,20,49,34,39,38,76,102,80,44,32,105,35,53,85,103,89,62,64,79,86,90,67,77,69,59,84,101,11,99,95,96,104,33,93,91,71,56,36,16,81,29,27,75,22,45,98,70,52,66,73,14,51,54,10,58,41,83,74,42
11,57,4,40,18,34,1,68,38,30,56,26,25,23,78,3,84,31,27,71,46,28,83,42,24,5,6,67,45,81,8,9,57,72,60,12,47,95,36,37,100,103,87,39,17,82,44,66,92,58,29,59,16,75,41,94,93,20,80,85,54,86,96,0,2,43,52,10,64,74,99,11,61,13,98,89,90,76,35,104,70,51,62,21,14,7,69,77,79,22,53,19,73,32,97,15,105,102,55,65,33,63,101,91,48,88,49,50
11,58,85,59,64,9,23,31,104,5,3,76,24,88,67,38,51,56,25,103,93,49,100,70,77,57,81,7,79,37,44,94,83,28,47,92,14,2,42,21,10,60,48,50,96,87,52,12,68,8,30,66,71,78,46,40,16,6,26,35,75,98,0,36,1,58,11,91,39,101,18,53,43,19,54,17,73,99,32,63,97,61,4,15,62,105,22,80,41,86,89,102,55,74,65,33,13,90,20,34,27,84,45,29,72,95,82,69
11,59,18,27,36,23,16,22,29,3,100,10,94,9,57,60,43,13,78,31,88,25,7,65,58,1,72,17,103,2,61,5,51,21,41,4,34,26,28,37,40,50,6,30,64,19,79,86,90,80,67,87,77,12,69,32,59,84,101,11,99,46,97,76,95,55,83,96,105,104,33,0,8,68,20,49,15,39,38,24,102,74,44,35,53,85,89,62,52,93,91,54,66,63,48,75,45,71,82,70,73,42,98,47,14,56,81,92
11,60,7,90,23,56,6,65,58,4,0,72,92,31,100,64,28,69,59,79,67,45,85,83,5,93,47,103,3,94,51,76,37,25,20,95,61,30,104,10,29,75,57,42,24,105,97,21,63,19,1,77,2,101,73,40,86,33,9,99,36,96,70,91,43,80,60,27,66,38,34,18,53,39,48,88,15,78,12,35,14,26,11,87,68,74,16,55,13,81,84,52,17,46,54,82,22,41,44,32,102,62,8,49,71,50,98,89
11,61,35,23,38,1,71,54,68,42,96,95,10,41,17,31,22,6,105,43,78,24,72,101,48,0,65,8,18,98,67,103,59,104,62,34,47,36,79,81,50,57,90,53,27,16,11,99,94,92,86,102,88,82,28,97,60,61,89,33,5,29,93,45,9,52,37,77,64,70,2,69,7,46,15,12,76,4,13,20,30,85,32,91,63,75,39,3,21,44,26,56,55,40,49,73,80,66,14,58,87,19,25,74,84,83,51,100
11,62,103,63,80,102,22,90,74,101,89,9,19,51,0,3,17,100,42,37,10,12,36,55,31,30,25,39,104,97,68,34,69,105,76,65,82,61,43,87,16,24,56,53,64,60,18,49,75,84,95,1,11,85,72,29,21,59,99,15,6,86,46,58,27,73,70,77,41,57,78,81,32,7,33,20,79,2,50,44,94,48,62,83,96,13,28,47,66,92,14,23,8,88,71,52,4,54,40,5,93,38,98,45,26,35,67,91
11,63,5,1,78,12,27,61,45,103,57,79,23,46,60,83,76,102,3,20,33,68,63,6,99,88,19,29,34,24,21,98,38,75,9,16,51,32,96,14,47,39,0,18,54,64,81,52,42,72,26,104,17,91,90,40,36,31,95,85,59,92,28,93,74,44,62,87,13,101,89,41,48,94,58,100,55,2,30,66,49,71,43,84,67,37,11,8,86,22,65,7,97,53,35,10,70,69,105,77,73,56,50,4,80,82,25,15
11,64,56,102,44,98,101,33,23,9,93,38,73,48,88,15,61,82,83,17,65,46,24,7,97,62,5,54,105,22,37,31,67,103,77,21,18,14,0,94,58,74,34,11,89,64,47,51,43,26,52,6,53,79,27,29,92,10,90,81,84,1,45,69,16,100,36,12,50,8,71,35,104,95,28,2,76,4,13,20,30,85,32,91,63,75,39,3,42,40,86,60,68,96,70,59,25,80,87,72,55,99,78,57,41,19,49,66
11,65,23,59,65,83,72,8,92,47,4,58,100,6,28,32,56,49,7,85,90,98,37,50,45,64,3,71,5,51,93,25,20,95,61,30,104,87,13,78,55,31,40,19,0,10,29,75,57,42,24,105,97,21,63,1,77,2,101,73,86,33,9,99,36,96,70,91,43,80,60,27,66,38,34,18,53,39,48,88,15,12,35,14,26,11,68,74,16,81,84,52,17,46,54,82,22,41,44,76,89,103,62,94,79,67,102,69
11,66,14,23,95,72,31,100,28,59,67,85,83,5,47,103,3,51,25,84,42,21,10,60,48,87,30,66,71,78,40,16,6,26,75,79,81,50,57,90,27,11,99,94,92,86,102,88,82,61,89,33,29,93,45,9,52,37,77,64,70,2,69,7,46,15,12,76,13,20,98,0,36,1,58,91,101,18,53,43,19,54,17,73,32,96,104,8,68,49,39,38,24,74,44,35,63,97,4,62,105,22,80,41,55,65,34,56
11,67,85,63,44,67,95,18,55,68,38,32,26,25,33,23,78,12,3,97,73,86,2,0,74,13,65,82,27,54,19,102,34,42,75,50,57,77,94,84,31,71,9,105,16,64,76,45,29,8,93,14,92,90,66,69,36,88,41,80,72,17,89,39,52,43,59,81,15,30,4,5,98,56,53,79,11,87,47,46,70,10,7,49,58,1,37,96,21,28,48,104,24,40,6,22,35,99,83,100,20,91,60,61,101,103,51,62
11,68,80,97,53,8,23,100,47,25,36,26,71,87,37,28,45,34,73,12,101,18,68,6,24,42,91,38,31,84,48,46,50,1,39,49,56,88,74,103,19,96,102,93,17,82,64,29,99,11,61,13,98,32,89,3,75,41,20,85,54,86,0,2,43,52,10,81,27,76,77,104,9,55,67,65,33,60,15,30,4,5,90,35,51,62,21,14,7,78,69,79,22,44,66,92,58,59,16,72,40,57,105,83,95,63,94,70
11,69,58,7,88,13,68,19,56,32,26,25,33,23,12,3,29,73,86,65,53,82,77,15,22,84,31,27,46,8,28,35,79,36,1,51,103,16,62,99,104,17,18,41,2,10,9,4,57,100,21,72,34,37,40,50,6,30,5,75,96,87,76,78,43,45,61,60,94,93,64,90,80,67,69,59,101,11,97,95,55,83,105,0,20,49,39,38,24,102,74,44,85,89,52,91,54,66,63,48,71,70,42,98,47,14,81,92
11,70,7,23,72,31,100,6,69,90,64,92,58,0,65,4,56,28,59,79,67,45,85,83,5,93,47,103,3,94,51,76,37,25,20,95,61,30,104,10,29,75,57,42,24,105,97,21,63,19,1,77,2,101,73,40,86,33,9,99,36,96,70,91,43,80,60,27,66,38,34,18,53,39,48,88,15,78,12,35,14,26,11,87,68,74,16,55,13,81,84,52,17,46,54,82,22,41,44,32,102,62,8,49,71,50,98,89
11,71,36,23,16,22,29,3,10,94,9,57,60,13,78,88,25,7,65,58,1,72,17,2,51,21,41,4,34,26,28,37,40,50,6,30,64,79,90,80,67,87,77,12,69,32,59,84,11,99,97,76,95,83,96,105,104,33,0,47,103,73,46,100,55,86,56,48,14,20,8,68,49,15,101,18,53,43,19,27,31,5,61,89,39,38,24,102,74,44,35,85,62,52,93,91,54,66,63,75,45,71,82,70,42,98,81,92
11,72,58,4,18,6,30,56,26,25,23,12,3,29,97,73,2,82,94,14,22,27,71,28,54,75,42,11,1,5,17,7,81,9,45,92,16,36,37,13,78,55,31,40,19,0,83,8,68,20,49,65,15,34,39,88,38,24,76,102,80,74,44,32,105,35,53,85,57,10,51,87,41,100,93,33,104,96,95,46,99,101,84,59,69,77,67,90,86,79,64,62,61,89,103,21,63,70,91,43,60,66,48,72,52,50,98,47
11,73,61,92,88,1,22,25,8,17,82,59,3,6,46,91,65,15,29,13,16,28,62,51,50,5,36,69,31,77,68,26,85,95,79,72,75,103,99,101,90,63,73,57,93,20,86,12,27,76,104,9,67,33,4,98,56,53,14,19,47,39,11,0,41,18,54,43,37,64,97,81,52,42,58,89,48,94,100,55,2,30,66,49,71,34,38,102,80,44,105,40,7,10,21,60,96,70,87,83,24,32,23,74,45,35,78,84
11,74,23,18,52,56,86,15,22,27,83,20,77,65,81,94,14,9,69,95,100,10,21,70,43,48,68,97,2,29,13,40,50,39,90,63,73,57,26,38,59,33,82,80,71,46,8,28,76,35,79,36,75,1,34,51,66,101,49,103,16,62,64,99,58,91,104,11,6,45,98,4,92,42,85,24,60,17,84,72,93,19,7,31,89,53,0,54,78,5,96,3,87,105,41,47,67,74,37,12,55,61,32,88,44,25,102,30
11,75,92,82,23,38,80,42,36,83,25,102,46,93,64,31,79,75,45,4,5,60,3,61,33,17,28,78,32,96,98,85,104,0,72,76,99,95,29,62,63,21,59,19,24,27,47,6,103,87,57,91,90,20,9,13,101,89,41,94,58,100,55,2,30,66,49,71,43,67,37,8,86,65,7,97,10,34,18,53,39,48,88,15,12,35,14,26,11,68,74,16,81,84,52,54,22,70,69,105,77,73,56,40,51,44,1,50
11,76,4,18,6,30,56,26,25,23,12,3,97,73,82,14,22,27,71,28,42,1,5,17,7,81,9,45,36,37,78,55,31,40,19,83,8,68,49,65,15,34,39,88,38,24,102,66,92,58,29,59,16,75,41,94,93,20,80,85,54,86,96,0,2,43,52,10,64,74,99,11,61,13,98,89,90,76,35,104,70,51,44,32,105,53,57,87,100,33,95,46,101,84,69,77,67,79,62,103,21,63,91,60,48,72,50,47
11,77,92,23,47,25,5,51,4,28,61,83,65,7,37,6,30,50,3,100,72,58,8,20,49,32,85,64,90,69,59,95,104,93,71,56,45,87,13,78,55,31,40,19,0,10,29,75,57,42,24,105,97,21,63,1,77,2,101,73,86,33,9,99,36,96,70,91,43,80,60,27,66,38,34,18,53,39,48,88,15,12,35,14,26,11,68,74,16,81,84,52,17,46,54,82,22,41,44,76,89,103,62,94,79,67,102,98
11,78,24,68,22,35,95,6,42,72,38,105,23,78,25,101,31,96,17,100,19,43,1,11,97,60,61,89,93,9,77,64,48,0,8,37,46,18,67,92,103,63,28,82,16,59,99,104,94,50,39,91,62,47,36,69,85,12,79,81,44,57,26,5,56,88,40,49,80,53,4,86,3,2,7,15,76,30,32,75,21,71,51,54,10,58,41,83,98,70,52,102,55,74,65,33,13,90,20,34,27,84,45,29,66,73,14,87
11,79,84,97,35,50,22,38,40,49,24,25,91,88,39,30,71,36,5,69,98,66,68,18,44,95,42,31,14,48,3,37,75,94,93,80,54,96,12,0,2,43,52,10,64,76,1,11,85,72,29,21,59,99,15,6,86,46,90,58,27,73,70,77,41,57,78,81,32,7,33,20,79,62,92,104,9,55,67,65,26,105,8,45,63,74,16,56,102,89,87,13,17,83,47,28,53,23,100,60,82,61,101,19,4,34,103,51
11,80,80,97,62,99,9,23,100,47,90,15,69,28,45,34,13,14,20,73,64,104,22,38,3,94,51,76,37,25,68,12,52,87,96,50,48,60,10,21,42,2,84,57,77,24,8,30,66,71,78,46,40,16,6,26,35,75,98,0,36,1,58,11,91,39,101,18,53,43,19,27,31,61,89,70,41,81,32,7,33,92,5,49,56,86,88,74,103,4,67,102,93,17,85,65,82,44,55,79,29,59,72,105,83,95,54,63
11,81,20,0,83,23,91,58,1,38,92,74,70,3,7,42,21,10,43,50,26,41,13,22,6,71,51,25,12,40,49,2,8,36,45,39,88,24,102,80,32,105,35,96,48,66,37,54,46,84,93,52,62,61,89,103,85,86,64,81,27,76,77,104,9,55,67,65,33,60,15,30,44,4,5,98,56,53,79,34,97,57,11,87,47,16,14,28,100,63,19,29,31,59,75,99,90,101,78,94,68,73,72,18,95,82,17,69
11,82,35,2,80,58,95,24,1,83,25,8,17,48,59,6,21,68,65,74,98,56,23,0,26,27,19,102,34,75,50,57,28,90,97,12,61,53,38,76,99,86,96,9,45,67,46,15,101,49,30,63,105,16,85,37,64,41,103,87,39,72,10,13,40,31,3,71,70,66,52,82,11,5,51,4,44,18,42,77,91,43,47,93,54,92,55,32,29,33,60,20,81,78,89,69,104,88,79,94,7,14,22,73,62,100,36,84
11,83,68,32,26,25,51,103,62,18,67,95,55,38,33,23,78,12,3,97,73,86,2,0,74,13,65,82,27,54,19,102,34,42,75,50,57,77,94,84,31,71,9,105,16,64,76,45,29,8,93,14,92,90,66,69,36,88,41,80,72,17,89,39,52,43,59,81,15,30,4,5,98,56,53,79,11,87,47,46,70,10,7,49,58,1,37,96,21,28,48,104,24,40,6,22,35,99,83,100,20,91,60,61,101,44,85,63
11,84,61,92,88,1,22,17,82,59,3,6,91,65,15,29,13,16,28,62,51,5,36,69,31,26,85,95,79,72,75,103,99,37,25,24,77,7,57,84,2,42,21,10,60,48,50,96,87,52,12,68,8,30,66,71,78,46,40,101,90,63,73,93,20,86,27,76,104,9,67,33,4,98,56,53,14,19,47,39,11,0,41,18,54,43,64,97,81,58,89,94,100,55,49,34,38,102,80,44,105,70,83,32,23,74,45,35
11,85,23,38,100,1,71,54,68,42,96,95,10,41,17,31,22,6,105,43,78,24,72,101,48,0,65,8,18,67,103,59,104,62,36,79,81,50,57,90,27,11,99,94,92,86,102,88,82,61,89,33,29,93,45,9,52,37,77,64,70,2,69,7,46,15,12,76,13,20,85,32,91,63,75,39,3,21,26,55,60,30,44,4,5,98,56,53,34,97,87,47,16,14,28,40,49,73,80,66,58,19,25,74,83,51,35,84
11,86,92,22,26,13,19,38,44,53,23,3,88,49,79,74,39,65,54,83,18,87,82,61,98,17,67,25,37,80,24,101,16,47,12,0,2,43,52,10,64,76,1,11,85,72,29,21,59,99,15,6,86,46,90,58,27,73,70,77,41,57,78,81,32,7,33,20,62,55,100,31,5,36,34,4,50,8,71,35,104,103,95,28,94,42,40,75,60,68,48,14,97,45,66,105,56,102,96,69,89,9,51,91,30,63,84,93
11,87,102,61,38,105,101,88,89,95,40,24,13,83,42,25,8,82,18,37,94,93,80,96,43,52,10,64,1,11,72,59,99,86,46,90,58,27,73,70,77,41,57,33,79,92,104,9,55,67,60,5,56,53,34,87,47,16,28,100,19,31,74,103,68,35,84,48,14,20,29,2,6,81,97,26,71,45,7,50,69,15,12,76,4,30,85,32,91,63,75,39,3,21,51,0,44,54,62,36,22,98,49,78,66,65,17,23
11,88,36,23,16,22,29,3,10,94,9,57,60,13,78,88,25,7,65,58,1,72,17,2,51,21,41,4,34,26,28,37,40,50,6,8,20,14,48,56,86,55,46,73,103,47,0,33,104,105,96,95,76,97,99,11,84,59,32,69,12,77,87,67,80,90,79,64,30,68,49,15,101,18,53,43,19,27,31,5,61,89,39,38,24,70,102,83,100,74,44,35,85,62,52,93,91,54,66,63,75,45,71,82,42,98,81,92
11,89,7,90,23,56,6,65,58,4,0,72,92,31,100,64,28,69,59,79,67,45,85,83,5,93,47,103,3,94,51,76,37,25,20,95,61,30,104,10,29,57,42,24,105,97,21,63,19,77,2,101,73,40,86,33,9,99,96,70,91,43,80,60,27,66,38,34,18,53,39,48,36,75,1,88,15,78,12,35,14,26,11,87,68,74,16,55,13,81,84,52,17,46,54,82,22,41,44,32,102,62,8,49,71,50,98,89
11,90,71,23,16,22,29,3,100,105,69,0,13,34,37,10,12,36,55,30,25,94,9,57,60,43,78,88,7,65,58,1,72,17,103,2,51,21,41,4,26,28,40,50,6,64,79,86,90,80,67,87,77,32,59,84,101,11,99,46,97,76,95,83,96,104,33,5,31,27,19,53,15,49,20,68,8,61,89,39,38,24,102,74,42,66,82,18,48,93,54,52,73,70,62,92,81,98,47,85,91,63,75,44,56,14,45,35
11,91,23,35,13,42,95,31,22,103,28,50,26,88,82,48,3,75,96,12,29,21,99,86,7,10,70,9,72,8,63,92,15,47,4,17,2,100,5,87,67,80,90,79,59,69,40,37,19,64,30,6,76,78,43,61,60,94,93,46,27,73,77,41,57,81,32,33,98,36,1,58,11,91,39,101,18,53,62,104,65,56,55,83,105,0,20,49,38,24,102,74,44,85,89,52,54,34,97,16,14,66,68,71,45,51,84,25
11,92,36,23,22,3,43,78,31,88,25,7,61,30,69,59,95,83,49,24,58,1,72,17,6,32,84,99,46,105,8,102,74,35,21,91,68,77,18,65,75,15,97,2,29,13,40,16,28,62,51,50,101,39,90,63,103,57,26,38,37,41,94,93,20,80,85,54,86,96,12,0,52,10,64,81,27,76,104,9,55,67,33,60,44,4,5,98,56,53,79,34,11,87,47,14,100,19,89,66,48,45,71,82,70,73,42,92
11,93,92,54,63,48,18,23,25,7,1,17,51,28,37,6,2,50,26,3,41,100,21,94,97,9,72,60,12,58,43,13,78,27,71,46,47,87,11,34,79,53,56,98,5,4,30,104,10,29,75,57,42,24,55,31,40,19,0,83,8,68,20,49,65,15,39,88,38,76,102,80,74,44,32,105,35,85,103,89,61,62,64,86,90,67,77,69,59,84,101,99,16,36,91,93,33,96,95,81,22,45,70,52,66,73,14,82
11,94,61,88,50,22,25,8,17,72,33,92,65,5,3,56,28,78,15,85,29,26,19,27,63,74,57,13,14,39,0,41,18,54,43,30,64,79,90,80,67,87,77,12,69,32,59,84,11,99,97,76,95,83,37,81,52,89,94,55,2,36,75,1,34,51,66,101,49,103,16,62,58,91,104,6,45,98,4,40,7,10,9,21,60,48,47,96,70,102,100,24,42,20,71,38,44,105,35,53,93,46,86,82,73,31,23,68
11,95,6,26,25,23,3,73,82,14,22,28,75,1,17,7,45,16,37,13,31,40,19,83,8,20,49,78,70,105,93,42,95,18,90,68,46,66,58,36,62,69,104,65,74,43,29,21,59,99,15,92,94,71,39,80,85,54,86,96,12,0,2,52,10,64,81,27,76,77,9,55,67,33,60,30,44,4,5,98,56,53,79,34,97,57,11,87,88,38,24,102,32,35,51,41,100,101,84,61,89,103,63,91,48,72,50,47
11,96,92,82,23,25,45,33,28,95,22,29,26,3,12,13,78,68,49,65,88,38,24,44,32,31,27,71,87,34,79,5,4,15,59,57,17,72,80,35,75,98,0,36,1,58,11,91,39,101,18,53,43,19,54,16,47,103,73,46,100,55,86,56,48,50,20,83,102,96,60,90,21,9,7,40,69,6,104,41,2,52,10,64,74,8,76,51,66,62,30,94,89,42,81,97,37,99,105,63,84,93,61,85,14,67,70,77
11,97,67,23,22,50,72,12,8,65,88,79,5,3,61,33,17,28,78,15,85,32,95,29,59,26,19,27,63,76,57,13,14,39,0,41,18,54,43,37,97,81,52,89,55,69,21,87,31,77,68,94,2,30,36,75,1,34,51,66,101,49,103,16,62,64,99,58,91,104,11,6,45,98,4,40,7,10,9,90,60,48,47,96,70,38,24,102,74,83,100,42,20,71,80,44,105,35,53,93,84,46,86,82,73,25,56,92
11,98,4,40,18,34,1,68,38,56,26,25,23,78,3,84,31,27,71,46,28,83,42,24,5,6,67,45,8,9,60,12,47,95,36,37,100,103,87,17,82,44,66,92,58,29,16,75,99,11,30,15,81,59,43,52,39,89,57,72,54,80,50,41,94,93,20,85,86,96,0,2,10,64,74,61,13,98,90,76,35,104,70,51,62,21,14,7,69,77,79,22,53,19,73,32,97,105,102,55,65,33,63,101,91,48,88,49
11,99,72,28,34,100,24,3,47,83,104,14,60,79,102,33,45,42,7,22,31,84,43,50,23,91,97,27,38,1,81,58,44,77,92,4,74,70,71,68,25,80,56,59,26,6,46,15,101,49,30,63,105,8,17,82,39,18,48,37,75,41,94,93,20,85,54,86,96,12,0,2,52,64,55,29,67,99,11,61,13,98,32,89,90,76,35,51,62,5,10,21,88,103,19,40,16,78,57,95,9,69,87,36,53,73,66,65
11,100,23,31,44,35,100,55,28,59,67,85,83,5,47,103,3,51,25,84,42,21,10,60,48,87,30,66,71,78,40,16,6,26,75,79,81,50,57,90,27,11,99,94,92,86,102,88,82,61,89,33,29,93,45,9,52,37,77,64,70,2,69,7,46,15,12,76,13,20,98,0,36,1,58,91,101,18,53,43,19,54,17,73,32,96,104,8,68,49,39,38,24,56,14,72,4,80,63,97,62,105,22,41,74,65,34,95
11,101,79,78,23,52,25,56,4,50,26,29,40,3,61,0,82,84,31,71,46,28,35,83,42,24,5,93,7,96,44,20,92,6,67,2,45,66,94,97,76,8,14,9,75,72,85,60,12,47,69,95,16,37,100,64,103,87,51,10,105,21,48,68,36,1,58,11,77,41,57,81,32,33,62,104,65,98,91,39,101,18,53,43,19,54,17,73,99,63,15,22,80,86,89,102,55,74,13,90,34,27,49,70,88,38,30,59
11,102,82,95,72,64,28,9,92,20,22,29,26,3,12,13,78,19,68,49,65,88,38,24,23,34,56,70,100,7,77,25,37,76,51,94,103,47,85,79,59,69,93,5,83,104,67,45,31,14,57,84,2,42,21,10,60,48,50,96,87,52,8,30,66,71,46,40,16,6,35,75,98,0,36,1,58,11,91,39,101,18,53,43,54,17,73,99,32,63,97,61,4,15,62,105,80,41,86,89,102,55,74,33,90,27,81,44
11,103,61,92,88,1,22,25,8,17,82,3,6,46,91,65,15,29,13,16,28,62,51,50,5,36,85,64,90,69,59,95,31,77,68,26,79,72,75,103,99,101,63,73,57,93,20,86,12,27,76,104,9,67,33,4,98,56,53,14,19,47,39,11,0,41,18,54,43,37,97,81,52,42,58,89,48,94,100,55,2,30,66,49,71,34,38,102,80,44,105,40,7,10,21,60,96,70,87,83,24,32,23,74,45,35,78,84
11,104,7,56,58,92,1,25,17,41,33,23,78,12,3,61,65,82,77,15,22,84,27,76,35,83,75,99,24,80,5,93,44,69,51,10,105,96,0,18,54,43,37,87,74,57,91,39,90,9,13,89,101,16,47,103,73,2,4,100,31,21,72,34,26,28,40,50,6,30,64,19,86,67,59,11,46,97,95,8,68,38,102,53,85,79,45,94,20,104,29,42,63,36,70,60,66,48,88,14,55,81,52,32,62,49,71,98
11,105,10,82,23,25,45,33,95,22,29,2,3,94,97,13,78,55,0,68,49,65,88,38,24,74,44,31,27,71,46,34,53,56,98,5,89,26,28,37,40,50,6,30,64,19,79,86,90,80,67,87,77,12,69,32,59,84,101,11,99,47,4,15,81,43,52,39,57,17,72,54,41,20,42,100,83,36,18,9,105,1,96,61,60,75,104,21,76,16,58,73,70,7,62,92,51,35,8,63,93,66,103,48,14,102,85,91
11,106,92,23,25,5,51,4,28,12,87,13,104,10,82,17,65,24,7,37,30,50,26,3,21,94,9,57,72,60,75,42,31,0,83,8,68,49,34,88,38,76,44,105,85,61,64,79,67,77,69,84,66,71,47,103,73,46,100,55,86,56,48,14,20,29,2,6,81,97,1,58,78,40,59,101,11,90,16,35,98,36,91,39,18,53,43,19,54,99,32,63,15,62,22,80,41,89,102,74,95,96,33,93,27,45,70,52
11,107,26,25,23,3,29,73,82,22,1,17,16,37,19,83,49,78,70,18,46,39,80,85,54,0,52,64,27,76,77,9,67,65,33,30,44,98,56,79,57,87,88,24,74,32,51,101,84,61,55,100,31,43,5,36,34,10,12,4,50,8,71,35,104,103,95,28,62,94,2,42,20,40,86,75,60,58,68,48,14,6,81,97,45,7,59,66,21,105,93,96,38,13,11,53,15,102,92,99,41,90,69,89,63,91,72,47
11,108,18,27,36,23,16,22,29,3,100,10,94,9,60,13,78,31,88,25,7,65,58,1,103,2,61,51,21,41,26,28,37,40,6,19,86,34,79,53,56,98,5,11,89,64,47,4,30,15,81,59,43,52,39,57,17,72,54,80,50,90,67,87,77,12,69,32,84,101,99,46,97,76,95,55,83,96,105,104,33,0,8,68,20,49,38,24,102,74,44,35,85,62,93,91,66,63,48,75,45,71,82,70,73,42,14,92
11,109,24,68,22,35,95,6,42,72,38,105,23,78,84,25,101,31,96,17,100,19,43,1,14,90,27,11,48,0,65,8,18,98,67,92,103,28,82,16,59,99,104,94,50,62,34,47,36,102,79,81,57,88,49,97,60,61,89,33,5,29,93,45,9,52,37,77,64,70,2,69,7,46,15,12,76,4,13,20,30,85,32,91,63,75,39,3,21,44,26,56,55,40,73,80,66,53,86,71,51,54,10,58,41,83,74,87
11,110,23,25,51,9,14,104,42,7,48,83,44,56,52,71,26,36,39,53,66,46,0,95,72,8,63,92,15,54,31,47,4,17,58,2,100,6,30,64,19,28,37,40,50,12,69,32,59,84,101,11,79,86,90,80,67,77,5,75,96,87,76,78,43,45,61,60,94,93,35,85,91,1,20,33,103,24,34,16,73,57,29,27,49,3,99,22,21,70,88,62,98,55,10,68,97,18,105,41,89,102,74,65,13,81,38,82
11,111,23,35,100,13,42,95,17,31,22,89,24,101,103,28,50,91,36,69,102,26,88,82,39,18,48,3,75,94,80,54,96,12,0,2,43,52,10,11,85,72,21,59,99,15,6,46,90,58,27,73,77,41,57,81,93,105,70,86,78,8,67,1,29,45,63,76,64,74,16,37,56,55,32,7,33,20,79,62,92,104,9,65,60,30,44,4,5,98,53,34,97,87,47,14,40,49,66,68,38,71,83,51,61,84,25,19
11,112,79,58,4,102,40,18,6,34,1,68,38,19,30,56,32,26,25,33,23,78,12,3,29,97,73,61,86,2,0,74,13,65,53,82,77,94,15,14,22,84,31,27,71,46,8,28,76,35,54,83,75,99,90,42,24,80,5,17,93,7,81,96,44,9,20,45,92,69,67,95,16,85,36,37,100,55,64,41,103,87,104,39,51,10,57,105,21,63,101,70,91,43,60,66,48,88,11,59,72,52,62,49,50,98,89,47
11,113,28,9,20,0,31,104,5,23,91,58,81,1,38,27,97,44,77,92,4,74,70,47,3,7,42,21,10,43,50,11,26,41,55,33,13,98,22,67,6,71,51,56,25,12,40,49,2,100,8,36,45,87,15,34,39,88,24,76,102,80,32,105,35,53,96,30,48,63,37,54,64,46,84,93,52,62,61,89,103,85,86,59,75,16,99,90,101,29,14,65,94,68,73,18,82,78,57,95,72,83,66,60,69,79,17,19
11,114,28,9,20,0,31,104,83,5,23,91,58,81,1,38,27,97,44,77,92,4,74,70,47,3,7,57,42,21,10,60,43,50,11,26,41,55,33,13,98,22,67,6,79,71,51,56,25,12,40,49,2,100,8,36,45,87,15,34,39,88,24,76,102,80,32,105,35,53,96,30,48,63,66,37,54,64,46,84,93,52,62,61,89,103,85,86,59,75,16,99,90,101,29,14,65,78,94,68,73,72,18,95,82,17,69,19
11,115,82,23,92,28,4,0,20,61,30,67,93,76,29,5,42,24,97,31,59,79,45,83,3,94,25,77,7,84,2,50,96,52,66,71,78,46,40,6,26,35,98,1,18,53,19,54,17,73,99,32,15,62,22,80,41,86,89,102,74,65,33,13,90,34,27,8,14,9,75,57,72,85,60,12,47,58,69,95,16,36,37,100,55,64,103,87,104,39,51,10,105,21,63,101,70,91,43,48,88,11,68,49,38,81,56,44
11,116,23,56,86,22,27,65,81,94,95,100,97,90,59,82,80,71,28,79,34,51,66,103,62,99,11,4,92,85,72,89,5,83,104,67,45,31,14,57,84,2,42,21,10,60,48,50,96,87,52,12,68,8,46,40,7,69,70,64,77,37,9,93,29,33,1,36,0,98,75,35,26,6,16,15,76,13,20,58,91,101,18,53,43,19,54,17,73,32,49,39,38,24,74,44,63,78,3,105,41,47,55,61,88,25,102,30
11,117,92,82,23,34,38,80,42,52,68,36,83,25,102,46,93,64,31,88,79,75,45,4,5,60,3,61,33,17,28,78,15,18,32,96,16,98,85,104,0,72,76,99,95,29,62,54,63,21,59,14,26,19,24,27,47,81,6,103,87,74,57,91,39,90,20,9,13,101,89,41,48,94,58,100,55,2,30,66,49,71,43,84,67,37,11,8,86,22,65,7,97,53,35,10,70,69,105,77,73,56,40,51,44,1,12,50
11,118,82,23,92,28,4,0,20,61,30,67,93,76,29,5,42,24,97,31,59,79,45,83,3,94,25,77,7,84,2,50,96,52,66,71,78,46,40,6,26,35,98,1,18,53,19,54,17,73,99,32,15,62,22,80,41,86,89,74,65,33,13,90,34,27,8,9,75,57,72,85,60,12,47,58,69,95,16,36,37,100,55,64,103,87,104,39,51,10,105,21,63,101,70,91,43,48,88,11,68,49,14,102,38,81,56,44
11,119,23,35,100,13,42,95,17,31,22,105,89,24,101,8,103,63,28,50,91,36,69,102,26,88,82,39,18,48,3,37,75,94,93,80,54,96,12,0,2,43,52,10,64,76,1,11,85,72,29,21,59,99,15,6,46,90,58,27,73,70,77,41,57,78,81,32,7,33,20,79,62,92,104,9,55,67,65,60,56,86,30,44,4,5,98,53,34,97,87,47,16,14,40,49,66,68,38,71,83,74,45,51,61,84,25,19
11,120,92,54,63,48,18,23,25,7,1,17,51,28,37,6,2,50,26,3,41,100,21,94,97,9,72,60,12,58,43,13,78,27,71,46,47,87,11,34,79,53,56,98,5,4,30,104,10,29,75,57,42,24,55,31,40,19,0,83,8,68,20,49,65,15,39,88,38,76,102,80,74,44,32,105,35,85,103,89,61,62,64,86,90,67,77,69,59,84,101,99,95,96,33,93,91,36,16,81,22,45,70,52,66,73,14,82
11,121,35,2,80,58,105,95,24,1,83,25,8,17,48,59,6,30,21,68,65,74,98,56,23,0,26,27,19,102,34,75,50,57,28,90,97,12,15,61,53,38,76,99,86,96,9,45,67,16,85,37,64,41,103,87,39,72,63,10,13,40,31,3,71,70,66,52,82,11,5,51,4,44,18,42,46,77,91,43,47,93,54,92,55,32,29,33,60,20,81,78,89,69,101,104,88,79,94,7,14,49,22,73,62,100,36,84
11,122,89,51,70,0,22,19,56,23,29,64,72,77,27,88,49,1,74,54,83,18,82,52,61,17,25,37,80,76,24,101,73,46,55,100,31,43,36,10,12,50,8,71,35,103,95,28,94,2,42,40,86,58,68,48,14,57,78,81,7,33,20,79,62,92,104,9,67,65,60,4,5,98,53,34,97,87,47,16,30,85,32,91,63,75,39,3,21,44,26,6,45,59,66,105,93,96,38,13,11,15,102,99,41,90,69,84
11,123,61,92,13,42,95,31,22,103,28,50,88,1,25,8,17,82,59,3,6,46,91,65,15,29,16,62,51,5,36,69,77,68,26,85,79,72,75,99,101,90,63,73,57,93,20,86,12,27,76,104,9,67,33,4,98,56,53,14,19,47,39,11,0,41,18,54,43,37,64,97,81,52,58,89,48,94,100,55,2,30,66,49,71,34,38,102,80,44,105,40,7,10,21,60,96,70,87,83,24,32,23,74,45,35,78,84
11,124,18,23,16,22,29,3,100,105,69,0,13,34,37,10,12,36,55,30,25,94,9,57,60,43,78,88,7,65,58,1,72,17,103,2,51,21,41,4,26,28,40,50,6,64,79,86,90,80,67,87,77,32,59,84,101,11,99,46,97,76,95,83,96,104,33,5,31,27,19,53,15,49,20,68,8,61,89,39,38,24,102,74,44,35,85,62,52,93,91,54,66,63,48,75,45,71,82,70,73,42,98,47,14,56,81,92
11,125,36,100,2,58,105,95,24,1,83,25,8,17,48,59,6,30,21,68,65,74,98,56,23,0,26,27,19,102,34,75,50,57,28,90,97,12,15,61,53,38,76,99,86,96,9,45,67,16,85,37,64,41,103,87,39,72,63,10,13,40,31,3,71,70,66,52,82,11,5,51,4,44,18,42,46,77,91,43,47,93,54,92,55,32,29,33,60,20,81,78,89,69,101,104,88,79,94,7,14,49,22,73,80,84,35,62
12,0,36,102,61,38,71,105,49,101,88,91,51,89,95,40,24,13,50,22,83,42,66,25,8,17,82,39,18,48,3,37,75,94,93,80,54,96,12,0,2,43,52,10,64,76,1,11,85,72,29,21,59,99,15,6,86,46,90,58,27,73,70,77,41,57,78,81,32,7,33,20,79,62,92,104,9,55,67,65,60,30,44,4,5,98,56,53,34,97,87,47,16,14,28,100,63,19,31,23,26,74,103,45,68,35,84,69
12,1,36,102,61,38,71,105,101,88,51,89,95,24,13,50,22,83,42,66,25,8,17,82,18,48,37,94,93,80,54,96,12,0,2,43,52,10,64,76,1,11,72,29,59,99,15,6,86,46,90,58,27,73,70,77,41,57,78,81,7,33,20,79,62,92,104,9,67,65,60,4,5,98,53,34,97,87,47,16,30,85,32,91,63,75,39,3,21,44,26,56,55,40,49,14,28,100,19,31,23,74,103,45,68,35,84,69
12,2,36,18,27,16,23,38,9,60,43,13,92,31,100,64,28,69,59,79,67,45,85,83,5,93,47,103,3,94,51,76,37,25,20,95,61,30,104,10,29,75,57,78,88,7,65,58,1,72,17,2,21,41,4,34,26,40,50,6,19,86,90,80,87,77,12,32,84,101,11,99,46,97,55,96,105,33,0,8,68,49,15,39,24,102,74,44,35,53,62,52,91,66,63,48,71,82,70,54,81,89,14,22,73,42,98,56
12,3,36,102,61,38,71,105,101,88,51,89,95,24,13,50,22,83,42,66,25,8,17,82,18,48,37,94,93,80,54,96,12,0,2,43,52,29,72,11,1,76,64,10,59,99,15,6,86,46,90,58,27,73,70,77,41,57,78,81,7,33,20,79,62,92,104,9,67,65,60,4,5,98,53,34,97,87,47,16,30,85,32,91,63,75,39,3,21,44,26,56,55,40,49,14,28,100,19,31,23,74,103,45,68,35,84,69
12,4,36,23,16,22,29,3,100,10,94,9,57,60,13,78,88,25,7,65,58,1,72,17,103,2,51,21,41,4,34,26,28,37,40,50,6,30,64,79,86,90,80,67,87,77,12,69,32,59,84,11,99,46,97,76,95,55,83,96,105,104,0,101,18,43,19,27,31,5,61,71,42,33,8,68,20,49,15,39,38,24,102,74,44,35,53,85,89,62,52,93,91,54,66,63,48,75,45,82,70,73,98,47,14,56,81,92
12,5,85,63,67,95,56,32,26,33,23,78,12,3,29,61,86,65,15,22,84,19,49,14,38,66,73,82,44,53,77,92,5,4,74,70,31,71,0,98,68,104,7,25,80,27,46,8,28,76,35,79,36,75,1,51,103,16,62,99,6,45,69,57,91,90,20,9,13,101,47,39,11,41,18,54,43,37,64,97,81,52,42,58,89,48,94,100,55,2,30,34,102,105,40,10,21,60,96,87,83,24,50,88,93,72,17,59
12,6,92,48,23,47,25,5,51,4,28,12,87,13,104,10,82,17,65,46,24,7,97,37,6,30,2,50,26,3,100,21,94,9,57,72,60,29,75,42,31,0,83,8,68,20,49,34,88,38,76,44,105,85,103,61,64,79,90,67,77,69,59,84,66,71,78,40,16,35,98,36,1,58,11,91,39,101,18,53,43,19,54,73,99,32,63,15,62,22,80,41,86,89,102,55,74,95,96,33,93,56,81,27,45,70,52,14
12,7,79,102,40,34,68,30,26,25,23,78,3,74,13,82,31,27,71,46,35,83,8,85,0,96,51,75,38,66,84,16,47,103,100,55,56,48,28,60,89,33,5,29,93,45,9,52,37,77,90,42,24,7,44,20,92,6,67,65,2,81,94,76,1,58,11,91,39,101,18,53,43,19,54,17,73,99,32,63,97,61,4,15,62,105,22,80,41,86,14,57,72,12,69,95,36,64,87,104,10,21,70,88,59,49,50,98
12,8,44,23,34,56,95,72,92,31,100,28,59,79,67,45,83,5,93,14,104,47,103,3,94,51,25,24,57,84,42,21,10,60,48,50,96,87,68,8,66,71,78,40,16,6,26,35,75,98,0,36,1,58,11,39,101,18,53,43,19,54,17,73,9,52,37,77,64,70,2,69,7,46,15,12,76,4,13,20,30,85,32,91,63,99,97,61,62,105,22,80,41,86,89,102,55,74,65,33,90,88,29,81,27,38,49,82
12,9,44,95,72,28,20,23,34,56,100,24,25,76,51,3,103,47,85,59,5,83,104,67,31,14,84,42,21,10,60,48,6,26,75,79,81,50,57,90,27,11,99,94,92,86,102,88,82,61,89,33,29,93,45,9,52,37,77,64,70,2,69,7,46,96,87,12,68,8,40,16,35,98,0,36,1,58,91,39,101,18,53,43,19,54,17,73,49,30,66,71,78,32,63,97,4,15,62,105,22,80,41,55,74,65,13,38
12,10,44,91,89,51,22,19,26,23,3,88,79,74,39,65,54,83,82,61,98,17,67,25,37,80,101,47,12,0,2,52,10,76,46,90,58,43,87,16,24,56,53,64,60,18,49,75,84,95,1,11,85,72,29,21,59,99,15,6,86,27,73,70,77,41,57,78,81,32,7,33,20,62,55,100,31,5,36,34,4,50,8,71,35,104,103,28,94,42,40,68,48,14,97,45,66,105,93,96,38,13,102,92,69,63,30,9
12,11,92,82,23,25,45,33,28,95,22,29,26,3,12,13,78,19,68,49,65,88,38,24,44,32,31,27,71,46,87,34,79,53,56,98,5,4,15,59,102,96,60,90,21,7,40,69,6,104,43,52,39,89,57,17,72,54,80,50,41,20,42,100,83,36,18,9,47,11,0,2,10,64,74,8,76,75,1,51,66,101,62,91,30,55,94,48,58,81,97,37,99,105,35,63,84,93,61,103,85,86,16,14,67,70,77,73
12,12,36,102,61,38,71,105,101,88,51,89,95,24,13,50,22,83,42,66,25,8,17,82,18,48,37,94,93,80,54,96,12,0,2,43,52,10,64,76,11,72,29,59,99,15,6,86,46,90,58,27,73,70,77,41,57,78,7,33,20,79,62,92,104,9,67,65,81,84,32,1,60,4,5,98,53,34,97,87,47,16,30,85,91,63,75,39,3,21,44,26,56,55,40,49,14,28,100,19,31,23,74,103,45,68,35,69
12,13,103,80,22,89,9,51,3,100,42,37,10,12,55,31,30,25,97,34,69,105,76,65,82,61,87,16,56,64,60,84,95,85,72,29,21,59,86,46,90,27,70,77,41,57,78,81,7,79,2,6,26,75,98,0,36,1,58,11,91,101,18,53,43,19,54,17,73,99,32,96,104,33,8,68,20,49,15,39,38,24,102,74,44,35,63,50,94,48,62,83,13,28,47,66,92,14,23,88,71,52,4,40,5,93,45,67
12,14,13,22,70,64,15,34,102,5,55,49,80,83,105,38,28,69,92,81,65,3,94,51,37,25,24,77,7,84,2,42,21,95,79,72,75,103,99,101,90,63,73,57,93,20,86,12,27,76,104,9,67,33,4,98,56,53,14,10,60,48,50,96,87,52,68,8,30,66,71,78,46,40,16,6,26,35,0,36,1,58,11,91,39,18,43,19,54,17,32,97,61,85,44,89,82,100,88,47,59,74,29,23,62,45,41,31
12,15,92,48,23,47,25,5,51,4,28,12,87,13,104,10,82,17,65,46,24,7,97,37,6,30,2,50,26,3,100,21,94,9,57,72,60,29,75,42,31,0,83,8,68,20,49,34,88,38,76,44,105,85,103,61,64,79,67,77,69,84,66,71,78,40,59,101,11,86,90,16,35,98,36,1,58,91,39,18,53,43,19,54,73,99,32,63,15,62,22,80,41,89,102,55,74,95,96,33,93,56,81,27,45,70,52,14
12,16,42,38,26,71,23,83,66,95,97,88,56,78,12,3,29,73,86,65,82,77,15,22,84,31,27,46,28,76,79,36,1,51,103,16,62,99,104,6,45,98,69,57,91,90,9,13,101,14,105,63,47,100,80,54,96,0,2,10,64,11,72,21,59,58,70,41,81,7,33,92,5,87,67,40,37,30,60,94,8,20,49,39,53,43,19,17,32,61,4,102,74,44,35,85,89,52,93,75,24,34,48,50,55,68,18,25
12,17,102,53,65,14,47,100,9,33,34,87,45,3,28,104,24,42,7,22,31,84,43,50,23,91,97,27,38,1,81,58,44,77,92,4,74,70,71,25,80,56,59,26,6,46,15,101,49,30,63,105,8,39,48,37,75,41,93,20,85,54,86,96,12,0,2,52,64,55,29,67,99,11,61,13,98,32,89,90,76,35,51,62,5,10,21,88,103,19,40,16,57,83,66,60,69,78,94,68,73,72,18,95,82,17,79,36
12,18,6,26,25,23,3,29,73,82,14,22,28,75,1,17,7,45,16,37,13,31,40,19,83,8,20,49,78,70,105,93,42,95,18,90,68,46,66,58,69,36,62,92,94,71,39,80,85,54,86,96,12,0,2,43,52,10,64,81,27,76,77,104,9,55,67,65,33,60,15,30,44,4,5,98,56,53,79,34,97,57,11,87,88,38,24,102,74,32,35,51,41,100,99,101,84,59,61,89,103,21,63,91,48,72,50,47
12,19,23,59,72,8,92,47,4,100,28,32,56,49,85,61,82,83,17,65,46,24,97,37,98,50,45,3,71,5,51,93,25,20,95,30,87,13,78,55,31,19,0,29,75,57,42,105,63,1,77,2,101,73,86,33,99,36,70,43,80,27,66,38,34,102,96,48,60,90,21,9,10,7,40,69,6,104,91,58,64,62,18,53,39,88,15,12,35,14,26,11,68,74,16,81,84,52,54,22,41,44,76,89,103,94,79,67
12,20,23,6,90,0,4,22,9,60,43,13,92,31,100,64,28,69,59,79,67,45,85,83,5,93,47,103,3,94,51,76,37,25,20,95,61,30,104,10,29,75,57,78,88,7,65,58,1,72,17,2,21,56,42,24,105,97,63,19,77,101,73,40,86,33,99,36,96,70,91,80,27,66,38,34,18,53,39,48,15,12,35,14,26,11,87,68,74,16,55,81,84,52,46,54,82,41,44,32,102,62,8,49,71,50,98,89
12,21,23,25,51,42,83,56,71,26,36,66,46,95,15,31,28,12,84,79,86,77,76,78,1,103,73,29,27,3,22,88,68,97,18,16,62,99,104,6,45,98,69,57,91,90,9,13,101,14,105,63,47,100,80,54,96,0,2,10,64,11,72,21,59,58,70,41,81,7,33,92,5,87,67,40,37,30,60,94,8,20,49,39,53,43,19,17,32,61,4,102,74,44,35,85,89,52,93,75,24,34,48,50,55,65,38,82
12,22,82,23,38,42,36,83,25,102,46,79,75,45,4,60,3,28,78,98,104,76,99,95,29,62,19,24,27,6,103,57,91,90,94,55,30,66,71,37,8,65,97,34,18,20,9,13,101,105,63,47,17,100,93,80,54,96,0,2,43,10,64,11,85,72,21,59,58,70,41,81,32,7,33,31,5,61,89,49,56,86,88,92,87,67,40,53,39,48,15,12,35,14,26,68,74,16,84,52,22,69,77,73,51,44,1,50
12,23,23,35,100,13,42,31,89,24,8,103,28,50,102,26,82,48,3,37,75,93,96,0,52,85,29,6,46,90,27,77,78,7,33,20,79,92,9,55,67,65,60,30,44,5,98,56,34,47,16,40,66,68,38,71,83,74,45,51,2,81,94,76,1,58,11,91,39,101,18,53,43,19,54,17,73,99,32,63,97,61,4,15,62,105,22,80,41,86,14,57,72,12,69,95,36,64,87,104,10,21,70,88,59,49,84,25
12,24,92,82,45,33,28,95,22,29,20,23,34,56,70,100,7,77,24,25,37,76,51,94,26,3,12,13,78,19,68,49,65,88,38,44,32,31,27,71,46,87,79,53,98,5,4,15,59,102,96,60,90,21,40,69,6,104,43,52,39,89,57,17,72,54,80,50,41,42,83,36,18,9,47,11,0,2,10,64,74,8,75,1,66,101,62,91,30,55,48,58,81,97,99,105,35,63,84,93,61,103,85,86,16,14,67,73
12,25,85,59,9,23,3,76,24,88,38,56,25,93,49,70,57,7,44,83,28,2,42,60,48,96,105,22,37,31,67,103,77,21,18,14,0,94,58,74,34,11,89,98,5,4,30,64,47,51,43,26,52,6,53,79,27,29,92,10,90,81,84,1,45,69,16,100,36,12,50,8,71,35,104,87,68,66,78,46,40,75,91,39,101,19,54,17,73,99,32,63,97,61,15,62,80,41,86,102,55,65,33,13,20,72,95,82
12,26,42,38,26,23,83,95,78,3,29,82,77,22,84,46,28,76,79,36,75,1,51,16,62,99,104,4,69,74,105,63,17,93,80,54,96,0,64,11,85,72,21,59,70,27,47,6,103,87,57,91,90,20,9,13,101,89,41,94,58,100,55,2,30,66,49,71,43,67,37,8,86,65,7,97,10,34,18,53,39,48,88,15,12,35,14,81,32,33,31,5,61,56,92,40,19,60,24,44,50,68,25,45,98,52,73,102
12,27,36,23,16,22,3,100,10,94,9,57,13,78,88,25,7,65,58,1,72,17,103,2,51,21,41,4,34,26,28,37,40,50,6,30,64,79,86,90,80,67,87,77,12,69,59,84,11,99,46,97,76,95,83,96,105,104,0,8,68,20,49,15,101,18,53,19,27,31,5,61,89,39,38,24,102,74,44,35,91,43,47,93,54,92,55,32,29,33,60,85,62,52,66,63,48,75,45,71,82,70,73,42,98,14,56,81
12,28,92,82,23,25,45,33,28,95,22,29,26,3,12,13,78,19,68,49,65,88,38,24,44,32,31,27,71,46,87,34,79,56,98,5,4,15,59,57,17,72,80,50,20,83,102,96,60,90,21,9,7,40,69,6,104,47,11,41,18,0,2,43,52,10,64,74,8,76,36,75,53,39,48,1,51,66,101,62,91,30,55,100,94,89,58,42,81,97,37,54,99,105,35,63,84,93,61,103,85,86,16,14,67,70,77,73
12,29,23,36,29,3,22,16,57,9,100,10,92,60,13,78,88,25,7,65,58,1,72,17,103,2,51,21,41,4,34,26,28,37,40,50,6,30,64,79,86,90,80,67,87,77,12,69,32,59,84,11,99,46,97,76,95,55,83,96,105,104,33,0,8,68,20,49,15,101,18,53,43,19,27,31,5,61,89,39,38,24,102,74,44,35,85,62,52,93,91,54,66,63,48,75,45,71,82,70,73,42,98,47,14,56,81,94
12,30,25,23,3,29,82,22,1,37,83,78,70,46,80,85,52,64,27,77,9,67,65,33,30,56,79,57,87,88,51,84,61,55,100,31,5,34,10,12,4,50,8,71,104,103,95,28,62,94,2,42,40,86,60,68,48,14,81,97,45,7,59,66,21,105,93,36,0,98,75,35,26,6,16,15,76,13,20,58,91,101,18,53,43,19,54,17,73,32,49,39,38,24,74,44,63,96,11,102,92,99,41,90,69,89,72,47
12,31,92,23,16,22,3,100,10,94,9,57,13,78,88,25,7,65,58,1,72,17,103,2,51,21,41,4,34,26,28,37,40,50,6,30,64,79,86,90,80,67,87,77,12,69,59,84,11,99,46,97,76,95,83,96,105,104,0,8,68,20,49,15,101,18,53,19,27,31,5,61,89,39,38,24,102,74,44,35,82,42,52,36,93,75,45,60,33,32,98,85,29,62,54,63,14,47,81,91,48,55,66,71,43,70,73,56
12,32,23,45,28,95,26,3,13,19,68,49,88,38,24,44,22,83,42,66,25,8,17,82,18,48,37,94,93,80,54,96,12,0,2,43,52,10,64,76,11,72,29,59,99,15,6,86,46,90,58,27,73,70,77,41,57,78,7,33,20,79,62,92,104,9,67,65,81,84,32,1,60,4,5,98,31,71,87,34,56,50,102,21,40,69,47,74,36,75,53,39,51,101,91,30,55,100,89,97,105,35,63,61,103,85,16,14
12,33,79,78,23,52,25,56,4,26,29,40,3,61,0,84,31,71,46,28,35,83,24,5,93,7,65,82,27,54,19,102,34,42,75,50,57,77,96,44,20,92,6,67,2,45,81,66,94,97,76,8,14,9,72,85,60,12,47,69,95,16,37,100,64,103,87,104,51,10,105,21,48,68,98,36,1,58,11,91,39,101,18,53,43,17,73,99,32,63,15,62,22,80,41,86,89,55,74,33,13,90,49,70,88,38,30,59
12,34,34,100,3,104,102,45,42,22,31,91,97,38,4,74,68,25,80,26,101,30,63,105,17,82,39,37,93,54,12,0,52,55,67,98,61,43,87,16,24,56,53,64,60,18,49,75,84,95,1,11,85,72,29,21,59,99,15,6,86,46,90,58,27,73,70,77,41,57,78,81,32,7,33,20,79,2,50,44,94,48,62,83,96,13,28,47,66,92,14,23,8,88,71,89,76,35,51,5,10,103,19,40,9,69,36,65
12,35,73,82,17,83,78,18,9,33,34,87,45,3,28,104,24,42,7,22,31,84,43,50,23,91,97,27,38,1,81,58,44,77,92,4,74,70,71,25,80,56,59,26,6,46,15,101,49,30,63,105,8,39,48,37,75,41,93,20,85,54,86,96,12,0,2,52,64,55,29,67,99,11,61,13,98,32,89,90,76,35,51,62,5,10,21,88,103,19,40,16,65,79,57,100,36,95,94,60,68,14,66,53,102,69,72,47
12,36,23,100,13,42,95,31,105,24,8,28,50,69,102,3,37,75,93,0,10,64,85,72,29,59,6,90,58,57,78,32,7,20,92,104,55,67,65,56,30,4,5,98,87,47,40,49,71,83,45,51,97,21,63,1,77,2,101,73,86,33,9,99,36,96,70,91,43,80,60,27,66,38,34,18,53,39,48,88,15,12,35,14,26,11,68,74,16,81,84,52,17,46,54,82,22,41,44,76,89,103,62,94,79,61,25,19
12,37,27,36,23,16,22,29,3,78,1,103,51,21,26,28,6,79,11,64,105,96,83,95,76,46,99,84,69,77,87,80,54,72,17,57,59,4,47,104,0,38,102,74,85,62,93,91,63,75,82,70,90,20,9,13,101,89,41,94,58,100,55,2,30,66,49,71,43,67,37,8,86,65,7,97,10,34,18,53,39,48,88,15,12,35,14,81,32,33,31,5,61,56,92,40,19,60,24,44,50,68,25,45,98,52,73,42
12,38,36,23,16,22,29,3,10,94,9,57,60,13,78,88,7,65,58,1,72,17,2,51,21,41,4,34,26,28,40,76,37,25,20,50,6,30,64,79,90,80,67,87,77,12,69,32,59,84,11,99,97,95,83,96,105,104,33,0,47,103,73,46,100,55,86,56,48,14,8,68,49,15,101,18,53,43,19,27,31,5,61,89,39,38,24,102,74,44,35,85,62,52,93,91,54,66,63,75,45,71,82,70,42,98,81,92
12,39,42,38,26,71,23,83,66,95,97,88,56,78,3,29,73,65,82,77,15,22,84,31,27,46,28,76,79,36,1,51,103,16,62,99,104,6,45,98,69,57,91,90,9,13,101,14,105,63,47,100,80,0,2,10,64,11,72,21,59,58,70,93,20,85,54,86,96,12,41,81,7,33,92,5,87,67,40,37,30,60,94,8,49,39,53,43,19,17,32,61,4,102,74,44,35,89,52,75,24,34,48,50,55,68,18,25
12,40,23,86,22,52,25,56,4,50,26,29,40,3,61,0,82,84,31,71,46,27,65,81,94,95,100,97,90,59,80,28,79,34,51,66,103,62,99,11,92,85,72,89,5,83,104,67,45,14,57,2,42,21,10,60,48,96,87,12,68,8,7,69,70,64,77,37,9,93,33,1,36,98,75,35,6,16,15,76,13,20,58,91,101,18,53,43,19,54,17,73,32,49,39,38,24,74,44,63,78,105,41,47,55,88,102,30
12,41,18,27,36,23,16,22,9,60,43,13,92,31,100,64,28,79,67,45,85,83,5,93,47,103,3,94,90,69,59,51,76,37,25,20,95,61,30,104,10,29,75,57,78,88,7,65,58,1,72,17,2,21,41,4,34,26,40,50,6,19,86,80,87,77,12,32,84,101,11,99,46,97,55,96,105,33,0,8,68,49,15,39,38,24,102,74,44,35,53,89,62,52,91,54,66,63,48,71,82,70,73,42,98,14,56,81
12,42,23,35,100,13,42,95,17,31,22,105,89,24,101,8,103,63,28,50,91,36,69,102,26,88,82,39,18,48,3,37,75,94,93,80,54,96,12,0,2,43,52,10,64,76,1,11,85,72,29,21,59,99,15,6,86,46,90,58,27,73,70,77,41,57,78,81,32,7,33,20,79,62,92,104,9,55,67,65,60,30,44,4,5,98,56,53,34,97,87,47,16,14,40,49,66,68,38,71,83,74,45,51,61,84,25,19
12,43,23,35,13,42,95,31,22,89,24,103,28,50,36,102,26,88,82,39,18,48,3,75,96,12,0,52,1,11,29,21,99,86,7,10,70,9,105,72,8,63,92,15,54,47,4,17,58,2,100,5,87,67,80,90,79,101,59,69,40,37,19,64,30,6,76,78,43,61,60,94,93,85,91,46,27,73,77,41,57,81,32,33,20,62,104,55,65,44,98,56,53,34,97,16,14,49,66,68,38,71,83,74,45,51,84,25
12,44,36,23,16,22,29,3,100,10,94,9,57,60,13,78,88,25,7,65,58,1,72,17,103,2,51,21,41,4,34,26,28,37,40,50,6,30,64,79,86,90,80,67,87,77,12,69,32,59,84,11,99,46,97,76,95,55,83,96,105,104,33,0,8,68,20,49,15,101,18,53,43,19,27,31,5,61,89,39,38,24,102,74,44,35,85,62,52,93,91,54,66,63,48,75,45,71,82,70,73,42,98,47,14,56,81,92
12,45,92,48,23,47,25,7,5,51,4,28,37,2,50,3,100,21,94,97,9,72,60,12,87,13,30,104,10,29,75,57,42,24,31,0,83,8,68,20,49,65,34,88,38,76,44,105,85,103,61,64,79,90,67,77,69,59,84,66,71,78,46,40,16,6,26,35,98,36,1,58,11,91,39,101,18,53,43,19,54,17,73,99,32,63,15,62,22,80,41,86,89,102,55,74,95,96,33,93,56,81,27,45,70,52,14,82
12,46,79,78,23,52,25,56,4,50,26,29,40,3,61,0,82,84,31,71,46,28,35,83,42,24,5,93,7,96,44,20,92,77,6,67,2,45,81,66,94,97,76,8,14,9,75,57,72,85,60,12,47,69,95,16,37,100,64,103,87,104,51,10,105,21,48,68,98,36,1,58,11,91,39,101,18,53,43,19,54,17,73,99,32,63,15,62,22,80,41,86,89,102,55,74,65,33,13,90,34,27,49,70,88,38,30,59
12,47,102,53,65,14,47,100,9,33,34,87,45,3,28,104,24,42,7,22,31,84,43,50,23,91,97,27,38,1,81,58,44,77,92,4,74,70,71,68,25,80,56,59,26,6,46,15,101,49,30,63,105,8,17,82,39,18,48,37,75,41,94,93,20,85,54,86,96,12,0,2,52,64,55,29,67,99,11,61,13,98,32,89,90,76,35,51,62,5,10,21,88,103,19,40,16,78,57,95,72,83,66,60,69,79,73,36
12,48,18,23,16,22,29,3,100,105,69,0,13,37,10,12,36,55,30,25,9,57,60,43,78,88,7,65,1,72,17,51,21,41,4,26,40,50,64,79,34,71,104,103,95,28,94,2,42,20,86,75,58,68,14,6,81,97,90,80,67,87,77,32,59,84,101,11,99,46,76,83,96,33,5,31,27,19,53,15,49,8,61,89,39,38,24,102,74,44,35,85,62,52,93,91,54,66,63,48,45,82,70,73,98,47,56,92
12,49,36,102,61,92,71,72,58,105,70,7,73,48,88,49,89,95,24,1,22,83,42,66,25,8,17,82,59,3,6,30,46,43,21,91,68,77,18,65,75,15,97,2,29,13,40,16,28,62,51,50,101,39,90,63,103,57,26,38,37,41,94,93,20,80,85,54,86,96,12,0,52,10,64,81,27,76,104,9,55,67,33,60,44,4,5,98,56,53,79,34,11,87,47,14,100,19,31,32,23,74,45,35,78,99,84,69
12,50,23,100,13,42,17,31,105,24,8,103,28,50,69,26,88,82,48,3,37,75,94,12,0,2,52,10,64,76,85,72,29,21,59,6,46,90,70,77,57,7,20,79,92,104,9,67,65,60,30,44,4,5,34,97,87,47,14,49,66,68,38,71,83,45,78,40,16,35,98,36,1,58,11,91,39,101,18,53,43,19,54,73,99,32,63,15,62,22,80,41,86,89,102,55,74,95,96,33,93,56,81,27,51,61,84,25
12,51,23,82,61,67,25,16,85,86,22,29,26,3,12,13,78,19,68,49,65,88,38,24,44,32,31,27,71,46,87,34,79,53,56,98,5,4,15,59,102,96,60,90,21,7,40,69,6,104,43,52,39,89,57,17,72,54,80,50,41,20,42,100,83,36,18,9,47,11,0,2,10,64,74,8,76,75,1,51,66,101,62,91,30,55,94,48,58,81,97,37,99,105,35,63,73,70,77,33,103,95,28,14,45,93,92,84
12,52,98,56,27,23,16,22,9,60,43,13,92,31,100,64,28,69,59,79,67,45,85,83,5,93,47,103,3,94,51,76,37,25,20,95,61,30,104,10,29,75,57,78,88,7,65,58,1,72,17,2,21,41,4,34,26,40,50,6,19,86,90,80,87,77,12,32,84,101,11,99,46,97,55,96,105,33,0,8,68,49,15,39,38,24,102,74,44,35,53,89,62,52,91,54,66,63,48,71,82,70,73,42,18,81,14,36
12,53,91,70,22,19,26,23,78,3,29,72,49,1,85,39,54,83,18,82,17,25,37,80,16,47,73,46,31,36,50,8,71,95,28,62,94,42,20,40,75,58,68,48,14,6,45,7,66,105,86,96,12,0,2,43,52,10,64,81,27,76,77,104,9,55,67,65,33,60,15,30,44,4,5,98,56,53,79,34,97,57,11,87,88,38,24,102,74,32,35,51,41,100,99,101,84,59,61,89,103,21,63,93,13,92,90,69
12,54,74,9,96,52,26,71,82,36,20,23,34,56,70,14,0,31,32,45,61,46,83,5,93,103,51,37,25,24,77,7,66,84,42,21,10,43,48,50,87,41,13,65,104,95,72,8,63,92,15,54,47,4,17,58,2,100,6,30,64,19,28,40,12,69,59,101,11,86,90,67,75,76,78,80,44,38,79,60,94,35,85,91,1,33,16,73,57,29,27,49,3,99,22,88,62,98,55,68,97,18,105,81,53,102,39,89
12,55,95,67,56,70,45,20,9,28,72,69,5,59,82,92,85,34,44,14,100,83,93,49,64,79,104,47,103,3,94,51,76,37,25,24,77,7,57,84,2,42,21,10,60,48,50,96,87,52,12,68,8,30,66,71,78,46,40,16,6,26,35,75,98,0,36,1,58,11,91,39,101,18,53,43,19,54,17,73,99,32,63,97,61,4,15,62,105,22,80,41,86,89,102,55,74,65,33,13,90,88,29,81,27,38,23,31
12,56,92,82,23,25,45,33,28,95,22,29,26,3,12,13,78,19,68,49,65,88,38,24,44,32,31,27,71,46,87,34,79,53,56,98,5,4,15,59,57,17,72,80,50,20,83,102,96,60,90,21,9,7,40,69,6,104,47,39,11,41,18,0,2,43,52,10,64,74,8,76,36,75,1,51,66,101,62,91,30,55,100,94,48,89,58,42,81,97,37,54,99,105,35,63,84,93,61,103,85,86,16,14,67,70,77,73
12,57,74,9,96,52,26,71,82,36,23,34,56,14,0,31,45,61,83,5,93,103,51,25,24,66,84,42,21,10,43,48,50,87,41,65,104,95,72,8,92,54,47,17,58,100,6,19,28,40,59,101,11,86,90,67,78,80,44,38,79,60,94,35,1,33,37,77,64,70,2,69,7,46,15,12,76,4,13,20,30,85,32,91,63,75,39,3,16,73,57,29,27,49,99,22,88,62,98,55,68,97,18,105,81,53,102,89
12,58,42,38,26,71,23,83,95,97,39,88,56,49,78,12,3,29,61,86,65,53,82,77,15,22,84,31,27,46,8,28,76,35,79,36,75,1,51,103,16,62,99,104,6,4,69,74,57,91,90,20,9,13,101,105,63,47,17,100,93,80,54,96,0,2,43,10,64,11,85,72,21,59,58,70,41,81,32,7,33,92,5,87,67,40,37,19,30,60,94,24,34,48,44,50,55,68,18,25,45,98,52,66,73,14,102,89
12,59,23,22,50,72,8,68,65,31,88,5,3,61,33,17,28,78,15,85,29,26,19,27,63,74,57,13,14,39,0,41,18,54,43,30,64,79,90,80,67,87,77,12,69,32,59,84,11,99,97,76,95,83,37,81,52,89,94,55,2,36,75,1,34,51,66,101,49,103,16,62,58,91,104,6,45,98,4,40,7,10,9,21,60,48,47,96,70,102,100,24,42,20,71,38,44,105,35,53,93,46,86,82,73,25,56,92
12,60,103,63,80,102,22,101,89,9,19,51,0,3,17,100,42,37,10,12,36,55,31,30,25,39,104,97,68,34,69,105,76,65,74,82,61,43,87,16,24,56,53,64,60,18,49,75,84,95,1,11,85,72,29,21,59,99,15,6,86,46,90,58,27,73,70,77,41,57,78,81,32,7,33,20,79,2,50,44,94,48,62,83,96,13,28,47,66,92,14,23,8,88,71,52,4,54,40,5,93,38,98,45,26,35,67,91
12,61,58,7,88,13,68,19,56,32,26,25,33,23,12,3,29,73,86,65,53,82,77,15,22,84,31,27,46,8,28,35,79,36,1,51,103,16,62,99,104,17,18,41,2,10,9,4,57,100,21,72,34,37,40,50,6,30,5,75,96,87,76,78,43,45,61,60,94,93,64,90,80,67,69,59,101,11,97,95,55,83,105,0,20,49,39,38,24,102,74,44,85,89,52,91,54,66,63,48,71,70,42,98,47,14,81,92
12,62,61,92,88,1,22,25,8,17,82,59,3,6,46,91,65,15,29,13,16,28,62,51,50,5,36,69,31,77,68,26,85,95,79,72,75,103,99,101,90,63,73,57,93,20,86,12,27,76,104,9,67,33,4,98,56,53,14,19,47,39,11,0,41,18,54,43,37,64,97,81,52,42,58,89,48,94,100,55,2,30,66,49,71,34,38,102,80,44,105,40,7,10,21,60,96,70,87,83,24,32,23,74,45,35,78,84
12,63,23,35,13,42,95,31,22,103,28,50,26,88,82,48,3,75,96,12,29,21,99,86,7,10,70,9,72,8,63,92,15,47,4,17,2,100,5,87,67,80,90,79,59,69,40,37,19,64,30,6,76,78,43,61,60,94,93,46,27,73,77,41,57,81,32,33,98,36,1,58,11,91,39,101,18,53,62,104,65,56,55,83,105,0,20,49,38,24,102,74,44,85,89,52,54,34,97,16,14,66,68,71,45,51,84,25
12,64,36,23,22,3,43,78,31,88,25,7,61,30,69,59,95,83,49,24,58,1,72,17,6,32,84,99,46,105,8,102,74,35,21,91,68,77,18,65,75,15,97,2,29,13,40,16,28,62,51,50,101,39,90,63,103,57,26,38,37,41,94,93,20,80,85,54,86,96,12,0,52,10,64,81,27,76,104,9,55,67,33,60,44,4,5,98,56,53,79,34,11,87,47,14,100,19,89,66,48,45,71,82,70,73,42,92
12,65,6,26,25,23,3,73,82,14,22,28,75,1,17,7,45,16,37,13,31,40,19,83,8,20,49,78,70,105,93,42,95,18,90,68,46,66,58,36,62,69,104,65,74,43,29,21,59,99,15,92,94,71,39,80,85,54,86,96,12,0,2,52,10,64,81,27,76,77,9,55,67,33,60,30,44,4,5,98,56,53,79,34,97,57,11,87,88,38,24,102,32,35,51,41,100,101,84,61,89,103,63,91,48,72,50,47
12,66,72,28,34,100,24,3,47,83,104,14,60,79,102,33,45,42,7,22,31,84,43,50,23,91,97,27,38,1,81,58,44,77,92,4,74,70,71,68,25,80,56,59,26,6,46,15,101,49,30,63,105,8,17,82,39,18,48,37,75,41,94,93,20,85,54,86,96,12,0,2,52,64,55,29,67,99,11,61,13,98,32,89,90,76,35,51,62,5,10,21,88,103,19,40,16,78,57,95,9,69,87,36,53,73,66,65
12,67,79,78,23,52,25,56,4,50,26,29,40,3,61,0,82,84,31,71,46,28,35,83,42,24,5,93,7,96,44,20,92,6,67,2,45,66,94,97,76,8,14,9,75,72,85,60,12,47,69,95,16,37,100,64,103,87,51,10,105,21,48,68,36,1,58,11,77,41,57,81,32,33,62,104,65,98,91,39,101,18,53,43,19,54,17,73,99,63,15,22,80,86,89,102,55,74,13,90,34,27,49,70,88,38,30,59
12,68,82,95,72,64,28,9,92,20,22,29,26,3,12,13,78,19,68,49,65,88,38,24,23,34,56,70,100,7,77,25,37,76,51,94,103,47,85,79,59,69,93,5,83,104,67,45,31,14,57,84,2,42,21,10,60,48,50,96,87,52,8,30,66,71,46,40,16,6,35,75,98,0,36,1,58,11,91,39,101,18,53,43,54,17,73,99,32,63,97,61,4,15,62,105,80,41,86,89,102,55,74,33,90,27,81,44
12,69,61,92,88,1,22,25,8,17,82,3,6,46,91,65,15,29,13,16,28,62,51,50,5,36,85,64,90,69,59,95,31,77,68,26,79,72,75,103,99,101,63,73,57,93,20,86,12,27,76,104,9,67,33,4,98,56,53,14,19,47,39,11,0,41,18,54,43,37,97,81,52,42,58,89,48,94,100,55,2,30,66,49,71,34,38,102,80,44,105,40,7,10,21,60,96,70,87,83,24,32,23,74,45,35,78,84
12,70,7,56,58,92,1,25,17,41,33,23,78,12,3,61,65,82,77,15,22,84,27,76,35,83,75,99,24,80,5,93,44,69,51,10,105,96,0,18,54,43,37,87,74,57,91,39,90,9,13,89,101,16,47,103,73,2,4,100,31,21,72,34,26,28,40,50,6,30,64,19,86,67,59,11,46,97,95,8,68,38,102,53,85,79,45,94,20,104,29,42,63,36,70,60,66,48,88,14,55,81,52,32,62,49,71,98
12,71,95,67,70,45,28,82,92,85,14,93,49,103,3,37,25,77,84,12,68,88,38,24,44,32,31,27,71,46,87,34,79,53,56,98,5,4,15,59,102,96,60,90,21,7,40,69,6,104,43,52,39,89,57,17,72,54,80,50,41,20,42,100,83,36,18,9,47,11,0,2,10,64,74,8,76,75,1,51,66,101,62,91,30,55,94,48,58,81,97,78,16,26,35,19,73,99,63,61,105,22,86,65,33,13,29,23
12,72,92,82,45,33,95,22,29,20,23,34,56,70,100,7,24,25,37,76,94,3,12,13,78,68,49,65,88,38,44,31,27,71,46,53,98,5,15,102,96,60,51,21,41,4,26,28,40,50,6,64,19,79,86,90,80,67,87,77,32,59,84,101,11,69,104,43,52,39,89,57,17,72,54,42,83,36,18,9,47,0,2,10,74,8,75,1,66,62,91,30,55,48,58,81,97,99,105,35,63,93,61,103,85,16,14,73
12,73,27,36,23,22,29,3,94,60,78,88,25,7,65,58,1,61,41,79,53,56,98,11,35,83,75,99,24,80,5,93,44,69,51,10,105,96,0,18,54,43,37,87,74,57,91,39,90,9,13,89,101,16,47,103,73,2,4,100,31,21,72,34,26,28,40,50,6,30,64,19,86,67,15,81,59,52,17,77,12,32,84,46,97,76,95,55,104,33,8,68,20,49,38,102,85,62,66,63,48,45,71,82,70,42,14,92
12,74,41,23,82,64,15,34,102,5,55,49,80,83,105,38,28,69,92,81,65,3,94,51,37,25,24,77,7,84,2,42,21,95,79,72,75,103,99,101,90,63,73,57,93,20,86,12,27,76,104,9,67,33,4,98,56,53,14,10,60,48,50,96,87,52,68,8,30,66,71,78,46,40,16,6,26,35,0,36,1,58,11,91,39,18,43,19,54,17,32,97,61,85,44,89,22,74,13,47,100,31,59,45,29,70,88,62
12,75,24,68,22,35,95,72,38,105,23,31,96,100,97,103,3,51,25,84,42,21,10,60,48,87,30,66,71,78,40,16,6,26,75,79,81,50,57,90,27,11,99,94,92,86,102,88,82,61,89,33,29,93,45,9,52,37,77,64,70,2,69,7,46,15,12,76,13,20,98,0,36,1,58,91,101,18,53,43,19,54,17,73,32,8,67,63,28,59,104,39,62,47,85,44,5,56,49,80,4,41,83,55,74,65,34,14
12,76,23,52,25,56,5,93,96,4,28,12,87,13,104,10,82,17,65,46,24,7,97,37,6,30,2,50,26,3,100,21,94,9,57,72,60,29,75,42,31,0,83,8,68,20,49,34,88,38,76,44,105,85,103,61,64,86,11,101,59,40,78,71,66,84,69,77,67,79,90,16,35,98,36,1,58,91,39,18,53,43,19,54,73,92,45,14,47,95,51,48,41,81,32,33,62,99,63,15,22,80,89,102,55,74,27,70
12,77,28,9,20,0,31,104,83,5,23,91,81,1,38,27,97,77,4,74,70,47,3,7,57,42,21,10,60,43,50,11,26,41,55,33,13,103,87,17,82,44,66,92,58,29,16,98,22,67,6,79,71,51,56,25,12,40,49,2,100,8,36,45,15,34,39,88,24,76,102,80,32,105,35,53,96,30,48,63,37,54,64,46,84,93,52,62,61,89,85,86,59,75,99,90,101,14,65,78,94,68,73,72,18,95,69,19
12,78,92,48,23,47,25,7,5,37,3,100,94,97,9,72,4,41,21,51,2,103,17,68,8,83,0,31,24,42,57,75,29,10,104,30,13,87,12,60,26,28,40,50,6,64,79,86,90,80,67,20,49,65,34,88,38,76,44,105,85,61,77,69,59,84,66,71,78,46,16,35,98,36,1,58,11,91,39,101,18,53,43,19,54,73,99,32,63,15,62,22,89,102,55,74,95,96,33,93,56,81,27,45,70,52,14,82
12,79,36,23,25,51,26,46,95,83,66,71,82,42,15,31,28,12,84,79,86,77,76,78,1,103,73,29,27,3,22,88,68,97,18,16,62,99,104,6,45,98,69,57,91,90,9,13,101,14,105,63,47,100,80,54,96,0,2,10,64,11,72,21,59,58,70,41,81,7,33,92,5,87,67,40,37,30,60,94,8,20,49,39,53,43,19,17,32,61,4,102,74,44,35,85,89,52,93,75,24,34,48,50,55,65,38,56
12,80,23,25,4,13,17,30,49,50,26,29,40,3,61,0,82,84,31,71,46,28,35,83,42,24,5,93,7,96,44,20,92,6,67,2,45,66,94,97,76,8,14,9,75,72,85,60,12,47,69,95,16,37,100,64,103,87,51,10,105,21,48,68,36,1,58,11,77,41,57,81,32,33,62,104,65,98,91,39,101,18,53,43,19,34,88,38,79,78,59,86,90,54,73,99,63,15,22,80,89,102,55,74,56,27,70,52
12,81,92,23,25,45,33,28,95,29,26,3,12,78,19,65,88,38,24,31,27,71,34,79,53,56,98,5,4,15,59,96,60,90,21,7,40,69,6,104,43,39,89,57,72,80,50,20,42,100,83,36,18,9,47,0,2,10,64,76,75,1,51,66,101,91,30,94,48,58,97,37,99,105,35,63,93,61,103,85,86,14,11,87,68,74,16,55,13,81,84,52,17,46,54,82,22,41,44,32,102,62,8,49,67,70,77,73
12,82,68,32,26,25,51,103,62,67,95,55,33,23,78,12,3,97,73,86,2,0,74,13,65,82,54,19,102,42,75,50,57,77,94,84,31,71,9,105,16,64,76,45,29,8,93,14,92,90,69,36,41,72,17,89,52,59,81,30,4,5,98,56,79,96,70,91,43,80,60,27,66,38,34,18,53,39,48,88,15,11,87,47,46,10,7,49,58,1,37,21,28,104,24,40,6,22,35,99,83,100,20,61,101,44,85,63
12,83,92,22,26,13,19,38,44,53,23,3,88,49,79,74,39,65,54,83,18,82,61,98,17,25,37,80,24,101,16,47,12,0,2,43,52,10,64,76,1,11,85,72,29,21,59,99,15,6,67,87,86,46,90,58,27,73,70,77,41,57,78,81,32,7,33,20,62,55,100,31,5,36,34,4,50,8,71,35,104,103,95,28,94,42,40,75,60,68,48,14,97,45,66,105,56,102,96,69,89,9,51,91,30,63,84,93
12,84,24,36,72,28,19,65,66,88,31,104,83,5,47,3,57,42,10,60,43,50,23,91,97,27,38,1,44,77,92,4,74,71,68,25,80,56,26,6,46,15,101,49,30,63,105,8,17,82,39,18,48,37,75,94,93,20,85,54,86,96,12,21,59,58,70,41,81,7,0,2,52,64,55,29,67,99,11,61,13,98,32,89,90,76,35,51,62,14,78,69,79,22,73,45,84,102,100,9,40,34,95,53,16,103,87,33
12,85,27,23,16,22,29,3,60,13,78,31,88,25,7,65,103,61,21,26,28,37,19,86,34,79,53,56,98,5,4,15,59,90,67,87,77,12,32,84,99,46,97,95,96,105,40,69,6,104,43,52,39,89,57,17,72,54,80,50,41,20,42,100,83,36,18,9,47,11,0,2,10,64,74,8,76,75,1,51,66,101,62,91,30,55,94,48,58,81,33,68,49,38,24,102,44,35,85,93,63,45,71,82,70,73,14,92
12,86,67,23,72,1,22,25,8,17,82,3,6,46,91,65,15,29,13,16,28,62,51,50,5,36,85,64,90,69,12,88,79,61,33,78,32,95,59,26,19,27,63,76,57,14,39,0,41,18,54,43,37,97,81,52,89,55,21,87,31,77,68,94,2,30,75,34,66,101,49,103,99,58,104,11,45,98,4,40,7,10,9,60,48,47,96,70,38,24,102,74,83,100,42,20,71,80,44,105,35,53,93,84,86,73,56,92
12,87,89,51,70,0,22,19,56,23,29,64,72,77,27,88,49,1,74,54,83,18,82,52,61,17,25,37,80,76,24,101,73,46,55,100,31,43,36,10,12,50,8,71,35,103,95,28,94,2,42,40,86,58,68,48,14,57,78,81,7,33,20,79,62,92,104,9,67,65,60,4,5,98,53,34,97,87,47,16,30,85,32,91,63,75,39,3,21,44,26,6,45,59,66,105,93,96,38,13,11,15,102,99,41,90,69,84
12,88,27,23,22,29,3,100,10,94,9,57,60,43,13,31,88,25,7,65,72,17,2,5,51,21,41,4,34,26,28,37,50,6,30,19,86,80,87,12,32,99,46,97,76,95,55,83,96,104,33,0,105,85,103,61,64,79,90,67,77,69,59,84,66,71,78,40,16,35,98,36,1,58,11,91,39,101,18,53,8,68,20,49,15,38,24,102,74,44,89,62,52,93,54,63,48,75,45,82,70,73,42,47,14,56,81,92
12,89,5,1,78,12,27,61,45,103,57,79,23,46,60,83,76,102,3,20,33,68,63,6,99,88,19,29,34,24,21,98,38,75,9,16,51,32,96,14,47,39,0,18,54,64,81,52,42,72,26,104,17,91,90,40,36,31,95,85,59,92,28,93,74,44,62,87,13,101,89,41,48,94,58,100,55,2,30,66,49,71,43,84,67,37,11,8,86,22,65,7,97,53,35,10,70,69,105,77,73,56,50,4,80,82,25,15
12,90,7,58,92,1,25,33,23,78,3,65,82,22,27,35,83,75,24,93,44,10,105,96,103,2,61,51,21,41,26,28,37,40,6,19,86,34,79,53,56,98,5,11,89,64,47,4,30,15,81,59,43,52,39,57,17,72,54,80,50,90,67,87,77,12,69,32,84,101,99,46,97,76,0,18,74,91,9,13,16,73,100,31,95,8,68,38,102,85,45,94,20,104,29,42,63,36,70,60,66,48,88,14,55,62,49,71
12,91,79,102,40,34,68,30,26,25,23,78,3,74,82,31,27,71,35,83,8,85,0,96,51,75,38,66,84,16,47,103,100,55,56,48,28,60,5,90,42,24,44,92,6,67,65,81,94,61,89,33,29,93,45,9,52,37,77,64,70,2,69,7,46,15,12,76,13,20,1,58,11,91,39,101,18,53,43,19,54,17,73,99,32,63,97,4,62,105,22,80,41,86,14,57,72,95,36,87,104,10,21,88,59,49,50,98
12,92,80,97,62,99,9,23,100,47,90,15,69,28,45,34,13,14,20,73,64,104,22,38,3,94,51,76,37,25,68,12,52,87,96,50,48,60,10,21,42,2,84,57,77,24,8,30,66,71,78,46,40,16,6,26,35,75,98,0,36,1,58,11,91,39,101,18,53,43,19,27,31,61,89,70,41,81,32,7,33,92,5,49,56,86,88,74,103,4,67,102,93,17,85,65,82,44,55,79,29,59,72,105,83,95,54,63
12,93,4,40,18,34,1,68,38,30,56,26,25,23,78,3,84,31,27,71,46,28,83,42,24,5,6,67,45,81,8,9,57,72,60,12,47,95,36,37,100,103,87,39,17,82,44,66,92,58,29,59,16,75,41,94,93,20,80,85,54,86,96,0,2,43,52,10,64,74,99,11,61,13,98,89,90,76,35,104,70,51,62,21,14,7,69,77,79,22,53,19,73,32,97,15,105,102,55,65,33,63,101,91,48,88,49,50
12,94,61,92,88,1,22,17,82,59,3,6,91,65,15,29,13,16,28,62,51,5,36,31,26,85,95,79,72,75,103,99,37,25,24,77,7,57,84,2,42,21,10,60,48,50,96,87,52,12,68,8,30,66,71,78,46,40,101,90,63,73,93,20,86,27,76,104,67,33,4,98,56,53,14,19,47,39,11,0,41,18,54,43,64,97,81,58,89,94,100,55,49,34,38,102,80,44,105,70,9,69,83,32,23,74,45,35
12,95,26,25,23,3,29,73,82,22,1,17,16,37,19,83,49,78,70,18,46,39,80,85,54,0,52,64,27,76,77,9,67,65,33,30,44,98,56,79,57,87,88,24,74,32,51,101,84,61,55,100,31,43,5,36,34,10,12,4,50,8,71,35,104,103,95,28,62,94,2,42,20,40,86,75,60,58,68,48,14,6,81,97,45,7,59,66,21,105,93,96,38,13,11,53,15,102,92,99,41,90,69,89,63,91,72,47
12,96,61,88,50,22,25,8,17,72,33,92,65,5,3,56,28,78,15,85,29,26,19,27,63,74,57,13,14,39,0,41,18,54,43,30,64,79,90,80,67,87,77,12,69,32,59,84,11,99,97,76,95,83,37,81,52,89,94,55,2,36,75,1,34,51,66,101,49,103,16,62,58,91,104,6,45,98,4,40,7,10,9,21,60,48,47,96,70,102,100,24,42,20,71,38,44,105,35,53,93,46,86,82,73,31,23,68
12,97,36,23,16,22,29,3,10,94,9,57,60,13,78,88,25,7,65,58,1,72,17,2,51,21,41,4,34,26,28,37,40,50,6,8,20,14,48,56,86,55,46,73,103,47,0,33,104,105,96,95,76,97,99,11,84,59,32,69,12,77,87,67,80,90,79,64,30,68,49,15,101,18,53,43,19,27,31,5,61,89,39,38,24,70,102,83,100,74,44,35,85,62,52,93,91,54,66,63,75,45,71,82,42,98,81,92
12,98,7,23,72,31,100,6,69,90,64,92,58,0,65,4,56,28,59,79,67,45,85,83,5,93,47,103,3,94,51,76,37,25,20,95,61,30,104,10,29,75,57,42,24,105,97,21,63,19,1,77,2,101,73,40,86,33,9,99,36,96,70,91,43,80,60,27,66,38,34,18,53,39,48,88,15,78,12,35,14,26,11,87,68,74,16,55,13,81,84,52,17,46,54,82,22,41,44,32,102,62,8,49,71,50,98,89
12,99,14,23,95,72,31,100,28,59,85,83,5,47,103,3,51,25,84,21,10,60,48,87,30,66,71,78,40,16,26,75,79,50,57,27,99,86,102,88,82,61,89,33,29,93,45,9,52,77,90,42,24,7,44,20,92,6,67,65,2,81,94,76,1,58,11,91,39,101,37,64,70,69,46,15,12,13,98,0,36,18,53,43,19,54,17,73,32,96,104,8,68,49,38,74,35,63,97,4,62,105,22,80,41,55,34,56
12,100,23,22,3,100,105,69,0,13,37,10,12,36,55,30,25,9,88,65,17,51,4,26,40,50,79,34,71,104,103,28,94,76,46,90,58,43,87,16,24,56,53,64,60,18,49,75,84,95,1,11,85,72,29,21,59,99,15,6,86,27,73,70,77,41,57,78,81,32,7,2,42,20,68,14,97,80,67,101,83,96,33,5,31,19,8,61,89,39,38,102,74,44,35,62,52,93,91,54,66,63,48,45,82,98,47,92
12,101,23,65,83,72,8,92,58,100,6,28,32,49,7,85,90,37,50,45,64,3,71,51,93,25,20,95,61,104,13,78,55,31,40,19,0,10,29,75,57,42,24,105,97,21,63,1,77,2,101,73,86,33,9,99,36,96,91,80,60,27,66,38,34,43,59,81,15,30,4,5,98,56,53,79,11,87,47,46,70,18,39,48,88,12,35,14,26,68,74,16,84,52,17,54,82,22,41,44,76,89,103,62,94,67,102,69
12,102,23,35,100,13,42,31,89,8,103,28,50,102,26,48,3,83,82,61,98,17,67,25,37,80,101,47,12,0,2,52,10,76,46,90,58,43,87,16,24,56,53,64,60,18,49,75,84,95,1,11,85,93,96,29,6,27,77,78,7,33,20,79,92,9,55,65,30,44,5,34,40,66,68,38,71,74,45,51,81,94,91,39,19,54,73,99,32,63,97,4,15,62,105,22,41,86,14,57,72,69,36,104,21,70,88,59
12,103,58,4,18,6,30,56,26,25,23,12,3,29,97,73,2,82,94,14,22,27,71,28,54,75,42,11,1,5,17,7,81,9,45,92,16,36,37,13,78,55,31,40,19,0,83,8,68,20,49,65,15,34,39,88,38,24,76,102,80,74,44,32,105,35,53,85,57,10,51,87,41,100,93,33,104,96,95,46,99,101,84,59,69,77,67,90,86,79,64,62,61,89,103,21,63,70,91,43,60,66,48,72,52,50,98,47
12,104,4,18,6,30,56,26,25,23,12,3,97,73,82,14,22,27,71,28,42,5,17,7,81,9,45,37,78,55,31,40,19,83,8,68,49,65,15,34,39,88,38,24,102,66,92,29,59,16,75,41,94,93,98,0,36,1,58,11,91,101,20,80,85,54,86,96,2,43,52,10,64,74,99,61,13,89,90,76,35,104,70,51,44,32,105,53,57,87,100,33,95,46,84,69,77,67,79,62,103,21,63,60,48,72,50,47
12,105,23,22,50,8,68,31,28,26,74,13,0,41,54,43,64,79,90,67,87,45,85,83,5,93,47,103,3,94,51,76,37,25,20,95,61,30,104,10,29,75,57,78,88,7,65,58,1,72,17,2,21,56,42,24,105,97,63,19,77,101,73,40,86,33,99,36,96,70,91,80,27,66,38,34,18,53,39,48,15,12,35,14,69,32,59,84,11,81,52,89,55,49,16,62,6,98,4,9,60,102,100,71,44,46,82,92
12,106,4,18,6,30,56,26,25,23,12,3,97,73,82,14,22,27,71,28,42,1,5,17,7,81,9,45,36,37,78,55,31,40,19,83,8,68,49,65,15,34,39,88,38,24,102,66,92,58,29,59,16,75,41,94,93,20,80,85,54,86,96,0,2,43,52,10,64,74,99,11,61,13,98,89,90,76,35,104,70,51,44,32,105,53,57,87,100,33,95,46,101,84,69,77,67,79,62,103,21,63,91,60,48,72,50,47
12,107,56,102,44,98,101,33,23,9,93,38,73,48,88,15,61,82,83,17,65,46,24,7,97,62,5,54,105,22,37,31,67,103,77,21,18,14,0,94,58,74,34,11,89,64,47,51,43,26,52,6,53,79,27,29,92,10,90,81,84,1,45,69,16,100,36,12,50,8,71,35,104,95,28,2,76,4,13,20,30,85,32,91,63,75,39,3,42,40,86,60,68,96,70,59,25,80,87,72,55,99,78,57,41,19,49,66
12,108,7,90,23,56,6,65,58,4,0,72,92,31,100,64,28,69,59,79,67,45,85,83,5,93,47,103,3,94,51,76,37,25,20,95,61,30,104,10,29,57,42,24,105,97,21,63,19,77,2,101,73,40,86,33,9,99,96,70,91,43,80,60,27,66,38,34,18,53,39,48,36,75,1,88,15,78,12,35,14,26,11,87,68,74,16,55,13,81,84,52,17,46,54,82,22,41,44,32,102,62,8,49,71,50,98,89
12,109,18,27,36,23,16,22,29,3,100,10,94,9,57,60,43,13,78,31,88,25,7,65,58,1,72,17,103,2,61,5,51,21,41,4,34,26,28,37,40,50,6,30,64,19,79,86,90,80,67,87,77,12,69,32,59,84,101,11,99,46,97,76,95,55,83,96,105,104,33,0,8,68,20,49,15,39,38,24,102,74,44,35,53,85,89,62,52,93,91,54,66,63,48,75,45,71,82,70,73,42,98,47,14,56,81,92
12,110,61,92,88,1,22,17,82,59,3,6,91,65,15,29,13,16,28,62,51,5,36,69,31,26,85,95,79,72,75,103,99,37,25,24,77,7,57,84,2,42,21,10,60,48,50,96,87,52,12,68,8,30,66,71,78,46,40,101,90,63,73,93,20,86,27,76,104,9,67,33,4,98,56,53,14,19,47,39,11,0,41,18,54,43,64,97,81,58,89,94,100,55,49,34,38,102,80,44,105,70,83,32,23,74,45,35
12,111,92,63,48,18,23,47,25,1,5,4,28,88,15,61,82,17,65,46,24,7,97,37,6,30,2,50,26,3,100,21,94,9,57,72,60,12,43,87,13,78,55,31,40,19,0,8,68,20,49,34,39,38,76,102,80,44,32,105,35,53,85,103,89,62,64,79,86,90,67,77,69,59,84,101,11,99,95,96,104,33,93,91,71,56,36,16,81,29,27,75,22,45,98,70,52,66,73,14,51,54,10,58,41,83,74,42
12,112,7,90,23,56,6,65,58,4,0,72,92,31,100,64,28,69,59,79,67,45,85,83,5,93,47,103,3,94,51,76,37,25,20,95,61,30,104,10,29,75,57,42,24,105,97,21,63,19,1,77,2,101,73,40,86,33,9,99,36,96,70,91,43,80,60,27,66,38,34,18,53,39,48,88,15,78,12,35,14,26,11,87,68,74,16,55,13,81,84,52,17,46,54,82,22,41,44,32,102,62,8,49,71,50,98,89
12,113,23,38,100,1,71,54,68,42,96,95,10,41,17,31,22,6,105,43,78,24,72,101,48,0,65,8,18,67,103,59,104,62,36,79,81,50,57,90,27,11,99,94,92,86,102,88,82,61,89,33,29,93,45,9,52,37,77,64,70,2,69,7,46,15,12,76,13,20,85,32,91,63,75,39,3,21,26,55,60,30,44,4,5,98,56,53,34,97,87,47,16,14,28,40,49,73,80,66,58,19,25,74,83,51,35,84
12,114,18,27,36,23,16,22,9,60,43,13,92,31,100,64,28,69,59,79,67,45,85,83,5,93,47,103,3,94,51,76,37,25,20,95,61,30,104,10,29,75,57,78,88,7,65,58,1,72,17,2,21,41,4,34,26,40,50,6,19,86,90,80,87,77,12,32,84,101,11,99,46,97,55,96,105,33,0,8,68,49,15,39,38,24,102,74,44,35,53,89,62,52,91,54,66,63,48,71,82,70,73,42,98,14,56,81
12,115,92,82,23,38,80,42,36,83,25,102,46,93,64,31,79,75,45,3,61,33,17,28,78,96,104,0,72,76,99,95,29,62,63,21,59,19,24,27,6,103,57,91,90,20,9,13,101,89,41,94,58,100,55,2,66,49,71,43,37,8,86,7,10,18,39,48,67,65,60,4,5,98,53,34,97,87,47,16,30,85,32,88,15,12,35,14,26,11,68,74,81,84,52,54,22,70,69,105,77,73,56,40,51,44,1,50
12,116,71,23,16,22,29,3,100,105,69,0,13,34,37,10,12,36,55,30,25,94,9,57,60,43,78,88,7,65,58,1,72,17,103,2,51,21,41,4,26,28,40,50,6,64,79,86,90,80,67,87,77,32,59,84,101,11,99,46,97,76,95,83,96,104,33,5,31,27,19,53,15,49,20,68,8,61,89,39,38,24,102,74,42,66,82,18,48,93,54,52,73,70,62,92,81,98,47,85,91,63,75,44,56,14,45,35
12,117,35,23,38,1,71,54,68,42,96,95,10,41,17,31,22,6,105,43,78,24,72,101,48,0,65,8,18,98,67,103,59,104,62,34,47,36,79,81,50,57,90,53,27,16,11,99,94,92,86,102,88,82,28,97,60,61,89,33,5,29,93,45,9,52,37,77,64,70,2,69,7,46,15,12,76,4,13,20,30,85,32,91,63,75,39,3,21,44,26,56,55,40,49,73,80,66,14,58,87,19,25,74,84,83,51,100
12,118,18,27,23,16,22,29,3,100,71,105,69,0,13,34,42,37,10,12,36,55,31,30,25,94,9,57,60,43,78,88,7,65,58,1,72,17,103,2,61,5,51,21,41,4,26,28,40,50,6,64,19,79,86,90,80,67,87,77,32,59,84,101,11,99,46,97,76,95,83,96,104,33,8,68,20,49,15,39,38,24,102,74,44,35,53,85,89,62,52,93,91,54,66,63,48,75,45,82,70,73,98,47,14,56,81,92
12,119,20,0,83,23,91,58,1,38,92,74,70,3,7,42,21,10,43,50,26,41,13,22,6,71,51,25,12,40,49,2,8,36,45,39,88,24,102,80,32,105,35,96,48,66,37,54,46,84,93,52,62,61,89,103,85,86,64,81,27,76,77,104,9,55,67,65,33,60,15,30,44,4,5,98,56,53,79,34,97,57,11,87,47,16,14,28,100,63,19,29,31,59,75,99,90,101,78,94,68,73,72,18,95,82,17,69
12,120,24,68,22,35,95,6,42,72,38,105,23,78,25,101,31,96,17,100,19,43,1,11,97,60,61,89,93,9,77,64,48,0,8,37,46,18,67,92,103,63,28,82,16,59,99,104,94,50,39,91,62,47,36,69,85,12,79,81,44,57,26,5,56,88,40,49,80,53,4,86,3,2,7,15,76,30,32,75,21,71,51,54,10,58,41,83,98,70,52,102,55,74,65,33,13,90,20,34,27,84,45,29,66,73,14,87
12,121,85,63,44,67,95,18,55,68,38,32,26,25,33,23,78,12,3,97,73,86,2,0,74,13,65,82,27,54,19,102,34,42,75,50,57,77,94,84,31,71,9,105,16,64,76,45,29,8,93,14,92,90,66,69,36,88,41,80,72,17,89,39,52,43,59,81,15,30,4,5,98,56,53,79,11,87,47,46,70,10,7,49,58,1,37,96,21,28,48,104,24,40,6,22,35,99,83,100,20,91,60,61,101,103,51,62
12,122,36,23,16,22,29,3,10,94,9,57,60,13,78,88,25,7,65,58,1,72,17,2,51,21,41,4,34,26,28,37,40,50,6,30,64,79,90,80,67,87,77,12,69,32,59,84,11,99,97,76,95,83,96,105,104,33,0,47,103,73,46,100,55,86,56,48,14,20,8,68,49,15,101,18,53,43,19,27,31,5,61,89,39,38,24,102,74,44,35,85,62,52,93,91,54,66,63,75,45,71,82,70,42,98,81,92
12,123,92,54,63,48,18,23,25,7,1,17,51,28,37,6,2,50,26,3,41,100,21,94,97,9,72,60,12,58,43,13,78,27,71,46,47,87,11,34,79,53,56,98,5,4,30,104,10,29,75,57,42,24,55,31,40,19,0,83,8,68,20,49,65,15,39,88,38,76,102,80,74,44,32,105,35,85,103,89,61,62,64,86,90,67,77,69,59,84,101,99,16,36,91,93,33,96,95,81,22,45,70,52,66,73,14,82
12,124,23,31,44,35,100,55,28,59,67,85,83,5,47,103,3,51,25,84,42,21,10,60,48,87,30,66,71,78,40,16,6,26,75,79,81,50,57,90,27,11,99,94,92,86,102,88,82,61,89,33,29,93,45,9,52,37,77,64,70,2,69,7,46,15,12,76,13,20,98,0,36,1,58,91,101,18,53,43,19,54,17,73,32,96,104,8,68,49,39,38,24,56,14,72,4,80,63,97,62,105,22,41,74,65,34,95
12,125,80,97,53,8,23,100,47,25,36,26,71,87,37,28,45,34,73,12,101,18,68,6,24,42,91,38,31,84,48,46,50,1,39,49,56,88,74,103,19,96,102,93,17,82,64,29,99,11,61,13,98,32,89,3,75,41,20,85,54,86,0,2,43,52,10,81,27,76,77,104,9,55,67,65,33,60,15,30,4,5,90,35,51,62,21,14,7,78,69,79,22,44,66,92,58,59,16,72,40,57,105,83,95,63,94,70
13,0,36,102,61,38,71,105,49,101,88,91,51,89,95,40,24,13,50,22,83,42,66,25,8,17,82,39,18,48,3,37,75,94,93,80,54,96,12,0,2,43,52,10,64,76,1,11,85,72,29,21,59,99,15,6,86,46,90,58,27,73,70,77,41,57,78,81,32,7,33,20,79,62,92,104,9,55,67,65,60,30,44,4,5,98,56,53,34,97,87,47,16,14,28,100,63,19,31,23,26,74,103,45,68,35,84,69
13,1,36,102,61,38,71,105,101,88,51,89,95,24,13,50,22,83,42,66,25,8,17,82,18,48,37,94,93,80,54,96,12,0,2,43,52,10,64,76,1,11,72,29,59,99,15,6,86,46,90,58,27,73,70,77,41,57,78,81,7,33,20,79,62,92,104,9,67,65,60,4,5,98,53,34,97,87,47,16,30,85,32,91,63,75,39,3,21,44,26,56,55,40,49,14,28,100,19,31,23,74,103,45,68,35,84,69
13,2,36,102,61,38,71,105,101,88,51,89,95,24,13,50,22,83,42,66,25,8,17,82,18,48,37,94,93,80,54,96,12,0,2,43,52,29,72,11,1,76,64,10,59,99,15,6,86,46,90,58,27,73,70,77,41,57,78,81,7,33,20,79,62,92,104,9,67,65,60,4,5,98,53,34,97,87,47,16,30,85,32,91,63,75,39,3,21,44,26,56,55,40,49,14,28,100,19,31,23,74,103,45,68,35,84,69
13,3,36,23,16,22,29,3,100,10,94,9,57,60,13,78,88,25,7,65,58,1,72,17,103,2,51,21,41,4,34,26,28,37,40,50,6,30,64,79,86,90,80,67,87,77,12,69,32,59,84,11,99,46,97,76,95,55,83,96,105,104,0,101,18,43,19,27,31,5,61,71,42,33,8,68,20,49,15,39,38,24,102,74,44,35,53,85,89,62,52,93,91,54,66,63,48,75,45,82,70,73,98,47,14,56,81,92
13,4,92,48,23,47,25,5,51,4,28,12,87,13,104,10,82,17,65,46,24,7,97,37,6,30,2,50,26,3,100,21,94,9,57,72,60,29,75,42,31,0,83,8,68,20,49,34,88,38,76,44,105,85,103,61,64,79,90,67,77,69,59,84,66,71,78,40,16,35,98,36,1,58,11,91,39,101,18,53,43,19,54,73,99,32,63,15,62,22,80,41,86,89,102,55,74,95,96,33,93,56,81,27,45,70,52,14
13,5,44,23,34,56,95,72,92,31,100,28,59,79,67,45,83,5,93,14,104,47,103,3,94,51,25,24,57,84,42,21,10,60,48,50,96,87,68,8,66,71,78,40,16,6,26,35,75,98,0,36,1,58,11,39,101,18,53,43,19,54,17,73,9,52,37,77,64,70,2,69,7,46,15,12,76,4,13,20,30,85,32,91,63,99,97,61,62,105,22,80,41,86,89,102,55,74,65,33,90,88,29,81,27,38,49,82
13,6,44,95,72,28,20,23,34,56,100,24,25,76,51,3,103,47,85,59,5,83,104,67,31,14,84,42,21,10,60,48,6,26,75,79,81,50,57,90,27,11,99,94,92,86,102,88,82,61,89,33,29,93,45,9,52,37,77,64,70,2,69,7,46,96,87,12,68,8,40,16,35,98,0,36,1,58,91,39,101,18,53,43,19,54,17,73,49,30,66,71,78,32,63,97,4,15,62,105,22,80,41,55,74,65,13,38
13,7,92,82,23,25,45,33,28,95,22,29,26,3,12,13,78,19,68,49,65,88,38,24,44,32,31,27,71,46,87,34,79,53,56,98,5,4,15,59,102,96,60,90,21,7,40,69,6,104,43,52,39,89,57,17,72,54,80,50,41,20,42,100,83,36,18,9,47,11,0,2,10,64,74,8,76,75,1,51,66,101,62,91,30,55,94,48,58,81,97,37,99,105,35,63,84,93,61,103,85,86,16,14,67,70,77,73
13,8,36,102,61,38,71,105,101,88,51,89,95,24,13,50,22,83,42,66,25,8,17,82,18,48,37,94,93,80,54,96,12,0,2,43,52,10,64,76,11,72,29,59,99,15,6,86,46,90,58,27,73,70,77,41,57,78,7,33,20,79,62,92,104,9,67,65,81,84,32,1,60,4,5,98,53,34,97,87,47,16,30,85,91,63,75,39,3,21,44,26,56,55,40,49,14,28,100,19,31,23,74,103,45,68,35,69
13,9,13,22,70,64,15,34,102,5,55,49,80,83,105,38,28,69,92,81,65,3,94,51,37,25,24,77,7,84,2,42,21,95,79,72,75,103,99,101,90,63,73,57,93,20,86,12,27,76,104,9,67,33,4,98,56,53,14,10,60,48,50,96,87,52,68,8,30,66,71,78,46,40,16,6,26,35,0,36,1,58,11,91,39,18,43,19,54,17,32,97,61,85,44,89,82,100,88,47,59,74,29,23,62,45,41,31
13,10,42,38,26,71,23,83,66,95,97,88,56,78,12,3,29,73,86,65,82,77,15,22,84,31,27,46,28,76,79,36,1,51,103,16,62,99,104,6,45,98,69,57,91,90,9,13,101,14,105,63,47,100,80,54,96,0,2,10,64,11,72,21,59,58,70,41,81,7,33,92,5,87,67,40,37,30,60,94,8,20,49,39,53,43,19,17,32,61,4,102,74,44,35,85,89,52,93,75,24,34,48,50,55,68,18,25
13,11,102,53,65,14,47,100,9,33,34,87,45,3,28,104,24,42,7,22,31,84,43,50,23,91,97,27,38,1,81,58,44,77,92,4,74,70,71,25,80,56,59,26,6,46,15,101,49,30,63,105,8,39,48,37,75,41,93,20,85,54,86,96,12,0,2,52,64,55,29,67,99,11,61,13,98,32,89,90,76,35,51,62,5,10,21,88,103,19,40,16,57,83,66,60,69,78,94,68,73,72,18,95,82,17,79,36
13,12,23,59,72,8,92,47,4,100,28,32,56,49,85,61,82,83,17,65,46,24,97,37,98,50,45,3,71,5,51,93,25,20,95,30,87,13,78,55,31,19,0,29,75,57,42,105,63,1,77,2,101,73,86,33,99,36,70,43,80,27,66,38,34,102,96,48,60,90,21,9,10,7,40,69,6,104,91,58,64,62,18,53,39,88,15,12,35,14,26,11,68,74,16,81,84,52,54,22,41,44,76,89,103,94,79,67
13,13,23,25,51,42,83,56,71,26,36,66,46,95,15,31,28,12,84,79,86,77,76,78,1,103,73,29,27,3,22,88,68,97,18,16,62,99,104,6,45,98,69,57,91,90,9,13,101,14,105,63,47,100,80,54,96,0,2,10,64,11,72,21,59,58,70,41,81,7,33,92,5,87,67,40,37,30,60,94,8,20,49,39,53,43,19,17,32,61,4,102,74,44,35,85,89,52,93,75,24,34,48,50,55,65,38,82
13,14,23,35,100,13,42,31,89,24,8,103,28,50,102,26,82,48,3,37,75,93,96,0,52,85,29,6,46,90,27,77,78,7,33,20,79,92,9,55,67,65,60,30,44,5,98,56,34,47,16,40,66,68,38,71,83,74,45,51,2,81,94,76,1,58,11,91,39,101,18,53,43,19,54,17,73,99,32,63,97,61,4,15,62,105,22,80,41,86,14,57,72,12,69,95,36,64,87,104,10,21,70,88,59,49,84,25
13,15,92,82,45,33,28,95,22,29,20,23,34,56,70,100,7,77,24,25,37,76,51,94,26,3,12,13,78,19,68,49,65,88,38,44,32,31,27,71,46,87,79,53,98,5,4,15,59,102,96,60,90,21,40,69,6,104,43,52,39,89,57,17,72,54,80,50,41,42,83,36,18,9,47,11,0,2,10,64,74,8,75,1,66,101,62,91,30,55,48,58,81,97,99,105,35,63,84,93,61,103,85,86,16,14,67,73
13,16,42,38,26,23,83,95,78,3,29,82,77,22,84,46,28,76,79,36,75,1,51,16,62,99,104,4,69,74,105,63,17,93,80,54,96,0,64,11,85,72,21,59,70,27,47,6,103,87,57,91,90,20,9,13,101,89,41,94,58,100,55,2,30,66,49,71,43,67,37,8,86,65,7,97,10,34,18,53,39,48,88,15,12,35,14,81,32,33,31,5,61,56,92,40,19,60,24,44,50,68,25,45,98,52,73,102
13,17,36,23,16,22,3,100,10,94,9,57,13,78,88,25,7,65,58,1,72,17,103,2,51,21,41,4,34,26,28,37,40,50,6,30,64,79,86,90,80,67,87,77,12,69,59,84,11,99,46,97,76,95,83,96,105,104,0,8,68,20,49,15,101,18,53,19,27,31,5,61,89,39,38,24,102,74,44,35,91,43,47,93,54,92,55,32,29,33,60,85,62,52,66,63,48,75,45,71,82,70,73,42,98,14,56,81
13,18,23,36,29,3,22,16,57,9,100,10,92,60,13,78,88,25,7,65,58,1,72,17,103,2,51,21,41,4,34,26,28,37,40,50,6,30,64,79,86,90,80,67,87,77,12,69,32,59,84,11,99,46,97,76,95,55,83,96,105,104,33,0,8,68,20,49,15,101,18,53,43,19,27,31,5,61,89,39,38,24,102,74,44,35,85,62,52,93,91,54,66,63,48,75,45,71,82,70,73,42,98,47,14,56,81,94
13,19,92,23,16,22,3,100,10,94,9,57,13,78,88,25,7,65,58,1,72,17,103,2,51,21,41,4,34,26,28,37,40,50,6,30,64,79,86,90,80,67,87,77,12,69,59,84,11,99,46,97,76,95,83,96,105,104,0,8,68,20,49,15,101,18,53,19,27,31,5,61,89,39,38,24,102,74,44,35,82,42,52,36,93,75,45,60,33,32,98,85,29,62,54,63,14,47,81,91,48,55,66,71,43,70,73,56
13,20,73,82,17,83,78,18,9,33,34,87,45,3,28,104,24,42,7,22,31,84,43,50,23,91,97,27,38,1,81,58,44,77,92,4,74,70,71,25,80,56,59,26,6,46,15,101,49,30,63,105,8,39,48,37,75,41,93,20,85,54,86,96,12,0,2,52,64,55,29,67,99,11,61,13,98,32,89,90,76,35,51,62,5,10,21,88,103,19,40,16,65,79,57,100,36,95,94,60,68,14,66,53,102,69,72,47
13,21,27,36,23,16,22,29,3,78,1,103,51,21,26,28,6,79,11,64,105,96,83,95,76,46,99,84,69,77,87,80,54,72,17,57,59,4,47,104,0,38,102,74,85,62,93,91,63,75,82,70,90,20,9,13,101,89,41,94,58,100,55,2,30,66,49,71,43,67,37,8,86,65,7,97,10,34,18,53,39,48,88,15,12,35,14,81,32,33,31,5,61,56,92,40,19,60,24,44,50,68,25,45,98,52,73,42
13,22,42,38,26,71,23,83,66,95,97,88,56,78,3,29,73,65,82,77,15,22,84,31,27,46,28,76,79,36,1,51,103,16,62,99,104,6,45,98,69,57,91,90,9,13,101,14,105,63,47,100,80,0,2,10,64,11,72,21,59,58,70,93,20,85,54,86,96,12,41,81,7,33,92,5,87,67,40,37,30,60,94,8,49,39,53,43,19,17,32,61,4,102,74,44,35,89,52,75,24,34,48,50,55,68,18,25
13,23,92,82,23,25,45,33,28,95,22,29,3,13,78,19,38,24,44,31,27,46,79,56,59,57,17,72,80,50,20,83,102,96,90,21,9,40,69,6,104,41,0,2,52,64,76,36,75,1,51,101,62,91,55,100,66,49,71,43,37,8,86,7,10,18,39,48,67,65,60,4,5,98,53,34,97,87,47,16,30,85,32,88,15,12,35,14,26,11,68,74,94,89,58,42,81,54,99,105,63,84,93,61,103,70,77,73
13,24,23,16,22,29,3,100,105,69,13,37,12,55,30,25,57,60,43,78,88,7,65,72,17,51,21,41,4,26,40,50,64,79,34,71,104,103,95,28,94,42,20,86,58,68,14,6,81,97,90,80,67,87,77,32,59,84,101,11,99,46,76,83,96,33,5,31,27,19,53,15,49,61,89,39,38,36,18,9,47,0,2,10,74,8,75,1,24,102,44,35,85,62,52,93,91,54,66,63,48,45,82,70,73,98,56,92
13,25,4,56,25,23,3,73,82,14,22,71,42,1,17,7,81,9,45,36,78,65,34,88,38,24,102,66,92,58,29,26,28,37,40,50,6,30,64,79,86,90,80,67,87,77,12,69,32,59,84,11,99,46,97,76,95,55,83,96,105,104,33,0,8,68,20,49,15,101,18,53,43,19,27,31,5,61,89,39,16,75,41,94,93,85,54,2,52,10,74,13,98,35,70,51,44,57,100,62,103,21,63,91,60,48,72,47
13,26,24,72,28,65,104,83,47,3,57,42,10,60,50,23,97,38,44,77,4,74,68,25,80,15,30,63,105,8,17,82,48,37,94,93,20,85,54,96,12,21,59,2,52,64,55,29,66,71,78,46,40,16,6,26,35,75,98,0,36,1,58,11,91,39,101,18,53,43,19,27,31,61,89,70,41,81,32,7,33,92,5,49,56,86,88,67,99,13,90,76,51,62,14,69,79,22,73,45,84,102,100,9,34,95,103,87
13,27,102,45,24,50,38,71,101,105,61,13,89,35,51,88,22,83,42,66,25,8,17,82,18,48,37,94,93,80,54,96,12,0,2,43,52,10,64,76,11,72,29,59,99,15,6,86,46,90,58,27,73,70,77,41,57,78,7,33,20,79,62,92,104,9,67,65,81,84,32,1,60,4,5,98,53,34,97,87,47,16,30,85,91,63,75,39,3,21,44,26,56,55,40,49,14,28,100,19,31,23,74,103,69,68,95,36
13,28,80,97,62,99,9,23,100,47,90,15,69,28,45,34,13,14,73,64,104,22,38,68,12,52,87,96,3,94,51,76,37,25,20,95,61,50,48,60,10,21,42,2,84,57,77,24,8,30,66,71,78,46,40,16,6,26,35,75,98,0,36,1,58,11,91,39,101,18,53,43,19,27,31,89,70,41,81,32,7,33,92,5,49,56,86,88,74,103,4,67,102,93,17,85,65,82,44,55,79,29,59,72,105,83,54,63
13,29,36,23,16,22,10,94,9,57,60,29,40,3,61,13,78,88,7,65,58,1,72,17,2,51,21,41,4,34,26,28,76,37,25,20,50,6,30,64,79,90,80,67,87,77,12,69,32,59,84,11,99,97,95,83,96,105,104,33,0,47,103,73,46,100,55,86,56,48,14,8,68,49,15,101,18,53,43,19,27,31,5,89,39,38,24,102,74,44,35,85,62,52,93,91,54,66,63,75,45,71,82,70,42,98,81,92
13,30,88,50,22,25,8,17,72,33,92,65,5,3,56,28,78,15,29,26,19,27,74,57,13,14,39,0,41,18,54,43,30,64,79,90,80,67,87,77,12,69,32,59,84,11,99,76,95,83,37,81,52,94,55,2,36,75,1,34,51,66,101,49,62,58,91,104,6,45,98,4,40,7,10,9,21,60,48,47,96,70,102,100,24,42,20,71,38,44,53,93,46,86,82,73,31,23,89,97,105,35,63,61,103,85,16,68
13,31,67,70,45,9,28,72,5,82,92,85,34,44,100,83,93,49,64,79,3,94,51,37,25,24,7,57,2,42,21,10,40,50,6,8,20,14,48,56,86,55,46,73,103,47,0,33,104,105,96,95,76,97,99,11,84,59,32,69,12,77,60,87,52,68,30,66,71,78,16,26,35,75,98,36,1,58,91,39,101,18,53,43,19,54,17,63,61,4,15,62,22,80,41,89,102,74,65,13,90,88,29,81,27,38,23,31
13,32,36,18,27,16,23,38,9,60,43,13,92,31,100,64,28,69,59,79,67,45,85,83,5,93,47,103,3,94,51,76,37,25,20,95,61,30,104,10,29,75,57,78,88,7,65,58,1,72,17,2,21,41,4,34,26,40,50,6,19,86,90,80,87,77,12,32,84,101,11,99,46,97,55,96,105,33,0,8,68,49,15,39,24,102,74,44,35,53,62,52,91,66,63,48,71,82,70,54,81,89,14,22,73,42,98,56
13,33,85,63,67,95,56,32,26,33,23,78,12,3,29,61,86,65,15,22,84,19,49,14,38,66,73,82,44,53,77,92,5,4,74,70,31,71,0,98,68,104,7,25,80,27,46,8,28,76,35,79,36,75,1,51,103,16,62,99,6,45,69,57,91,90,20,9,13,101,47,39,11,41,18,54,43,37,64,97,81,52,42,58,89,48,94,100,55,2,30,34,102,105,40,10,21,60,96,87,83,24,50,88,93,72,17,59
13,34,79,102,40,34,68,30,26,25,23,78,3,74,13,82,31,27,71,46,35,83,8,85,0,96,51,75,38,66,84,16,47,103,100,55,56,48,28,60,89,33,5,29,93,45,9,52,37,77,90,42,24,7,44,20,92,6,67,65,2,81,94,76,1,58,11,91,39,101,18,53,43,19,54,17,73,99,32,63,97,61,4,15,62,105,22,80,41,86,14,57,72,12,69,95,36,64,87,104,10,21,70,88,59,49,50,98
13,35,44,91,89,51,22,19,26,23,3,88,79,74,39,65,54,83,82,61,98,17,67,25,37,80,101,47,12,0,2,52,10,76,46,90,58,43,87,16,24,56,53,64,60,18,49,75,84,95,1,11,85,72,29,21,59,99,15,6,86,27,73,70,77,41,57,78,81,32,7,33,20,62,55,100,31,5,36,34,4,50,8,71,35,104,103,28,94,42,40,68,48,14,97,45,66,105,93,96,38,13,102,92,69,63,30,9
13,36,103,80,22,89,9,51,3,100,42,37,10,12,55,31,30,25,97,34,69,105,76,65,82,61,87,16,56,64,60,84,95,85,72,29,21,59,86,46,90,27,70,77,41,57,78,81,7,79,2,6,26,75,98,0,36,1,58,11,91,101,18,53,43,19,54,17,73,99,32,96,104,33,8,68,20,49,15,39,38,24,102,74,44,35,63,50,94,48,62,83,13,28,47,66,92,14,23,88,71,52,4,40,5,93,45,67
13,37,92,48,23,47,25,5,51,4,28,12,87,13,104,10,82,17,65,46,24,7,97,37,6,30,2,50,26,3,100,21,94,9,57,72,60,29,75,42,31,0,83,8,68,20,49,34,88,38,76,44,105,85,103,61,64,79,67,77,69,84,66,71,78,40,59,101,11,86,90,16,35,98,36,1,58,91,39,18,53,43,19,54,73,99,32,63,15,62,22,80,41,89,102,55,74,95,96,33,93,56,81,27,45,70,52,14
13,38,23,6,90,0,4,22,9,60,43,13,92,31,100,64,28,69,59,79,67,45,85,83,5,93,47,103,3,94,51,76,37,25,20,95,61,30,104,10,29,75,57,78,88,7,65,58,1,72,17,2,21,56,42,24,105,97,63,19,77,101,73,40,86,33,99,36,96,70,91,80,27,66,38,34,18,53,39,48,15,12,35,14,26,11,87,68,74,16,55,81,84,52,46,54,82,41,44,32,102,62,8,49,71,50,98,89
13,39,82,23,38,42,36,83,25,102,46,79,75,45,4,60,3,28,78,98,104,76,99,95,29,62,19,24,27,6,103,57,91,90,94,55,30,66,71,37,8,65,97,34,18,20,9,13,101,105,63,47,17,100,93,80,54,96,0,2,43,10,64,11,85,72,21,59,58,70,41,81,32,7,33,31,5,61,89,49,56,86,88,92,87,67,40,53,39,48,15,12,35,14,26,68,74,16,84,52,22,69,77,73,51,44,1,50
13,40,85,59,9,23,3,76,24,88,38,56,25,93,49,70,57,7,44,83,28,2,42,60,48,96,105,22,37,31,67,103,77,21,18,14,0,94,58,74,34,11,89,98,5,4,30,64,47,51,43,26,52,6,53,79,27,29,92,10,90,81,84,1,45,69,16,100,36,12,50,8,71,35,104,87,68,66,78,46,40,75,91,39,101,19,54,17,73,99,32,63,97,61,15,62,80,41,86,102,55,65,33,13,20,72,95,82
13,41,92,82,23,25,45,33,28,95,22,29,26,3,12,13,78,19,68,49,65,88,38,24,44,32,31,27,71,46,87,34,79,56,98,5,4,15,59,57,17,72,80,50,20,83,102,96,60,90,21,9,7,40,69,6,104,47,11,41,18,0,2,43,52,10,64,74,8,76,36,75,53,39,48,1,51,66,101,62,91,30,55,100,94,89,58,42,81,97,37,54,99,105,35,63,84,93,61,103,85,86,16,14,67,70,77,73
13,42,25,23,3,29,82,22,1,37,83,78,70,46,80,85,52,64,27,77,9,67,65,33,30,56,79,57,87,88,51,84,61,55,100,31,5,34,10,12,4,50,8,71,104,103,95,28,62,94,2,42,40,86,60,68,48,14,81,97,45,7,59,66,21,105,93,36,0,98,75,35,26,6,16,15,76,13,20,58,91,101,18,53,43,19,54,17,73,32,49,39,38,24,74,44,63,96,11,102,92,99,41,90,69,89,72,47
13,43,23,45,28,95,26,3,13,19,68,49,88,38,24,44,22,83,42,66,25,8,17,82,18,48,37,94,93,80,54,96,12,0,2,43,52,10,64,76,11,72,29,59,99,15,6,86,46,90,58,27,73,70,77,41,57,78,7,33,20,79,62,92,104,9,67,65,81,84,32,1,60,4,5,98,31,71,87,34,56,50,102,21,40,69,47,74,36,75,53,39,51,101,91,30,55,100,89,97,105,35,63,61,103,85,16,14
13,44,34,100,3,104,102,45,42,22,31,91,97,38,4,74,68,25,80,26,101,30,63,105,17,82,39,37,93,54,12,0,52,55,67,98,61,43,87,16,24,56,53,64,60,18,49,75,84,95,1,11,85,72,29,21,59,99,15,6,86,46,90,58,27,73,70,77,41,57,78,81,32,7,33,20,79,2,50,44,94,48,62,83,96,13,28,47,66,92,14,23,8,88,71,89,76,35,51,5,10,103,19,40,9,69,36,65
13,45,23,100,13,42,95,31,105,24,8,28,50,69,102,3,37,75,93,0,10,64,85,72,29,59,6,90,58,57,78,32,7,20,92,104,55,67,65,56,30,4,5,98,87,47,40,49,71,83,45,51,97,21,63,1,77,2,101,73,86,33,9,99,36,96,70,91,43,80,60,27,66,38,34,18,53,39,48,88,15,12,35,14,26,11,68,74,16,81,84,52,17,46,54,82,22,41,44,76,89,103,62,94,79,61,25,19
13,46,36,23,16,22,29,3,10,94,9,57,60,13,78,88,7,65,58,1,72,17,2,51,21,41,4,34,26,28,40,76,37,25,20,50,6,30,64,79,90,80,67,87,77,12,69,32,59,84,11,99,97,95,83,96,105,104,33,0,47,103,73,46,100,55,86,56,48,14,8,68,49,15,101,18,53,43,19,27,31,5,61,89,39,38,24,102,74,44,35,85,62,52,93,91,54,66,63,75,45,71,82,70,42,98,81,92
13,47,23,86,22,52,25,56,4,50,26,29,40,3,61,0,82,84,31,71,46,27,65,81,94,95,100,97,90,59,80,28,79,34,51,66,103,62,99,11,92,85,72,89,5,83,104,67,45,14,57,2,42,21,10,60,48,96,87,12,68,8,7,69,70,64,77,37,9,93,33,1,36,98,75,35,6,16,15,76,13,20,58,91,101,18,53,43,19,54,17,73,32,49,39,38,24,74,44,63,78,105,41,47,55,88,102,30
13,48,18,27,36,23,16,22,9,60,43,13,92,31,100,64,28,79,67,45,85,83,5,93,47,103,3,94,90,69,59,51,76,37,25,20,95,61,30,104,10,29,75,57,78,88,7,65,58,1,72,17,2,21,41,4,34,26,40,50,6,19,86,80,87,77,12,32,84,101,11,99,46,97,55,96,105,33,0,8,68,49,15,39,38,24,102,74,44,35,53,89,62,52,91,54,66,63,48,71,82,70,73,42,98,14,56,81
13,49,23,35,13,42,95,31,22,89,24,103,28,50,36,102,26,88,82,39,18,48,3,75,96,12,0,52,1,11,29,21,99,86,7,10,70,9,105,72,8,63,92,15,54,47,4,17,58,2,100,5,87,67,80,90,79,101,59,69,40,37,19,64,30,6,76,78,43,61,60,94,93,85,91,46,27,73,77,41,57,81,32,33,20,62,104,55,65,44,98,56,53,34,97,16,14,49,66,68,38,71,83,74,45,51,84,25
13,50,36,23,16,22,29,3,100,10,94,9,57,60,13,78,88,25,7,65,58,1,72,17,103,2,51,21,41,4,34,26,28,37,40,50,6,30,64,79,86,90,80,67,87,77,12,69,32,59,84,11,99,46,97,76,95,55,83,96,105,104,33,0,8,68,20,49,15,101,18,53,43,19,27,31,5,61,89,39,38,24,102,74,44,35,85,62,52,93,91,54,66,63,48,75,45,71,82,70,73,42,98,47,14,56,81,92
13,51,18,23,16,22,29,3,100,105,69,0,13,37,10,12,36,55,30,25,9,57,60,43,78,88,7,65,1,72,17,51,21,41,4,26,40,50,64,79,34,71,104,103,95,28,94,2,42,20,86,75,58,68,14,6,81,97,90,80,67,87,77,32,59,84,101,11,99,46,76,83,96,33,5,31,27,19,53,15,49,8,61,89,39,38,24,102,74,44,35,85,62,52,93,91,54,66,63,48,45,82,70,73,98,47,56,92
13,52,95,67,56,70,45,20,9,28,72,69,5,59,82,92,85,34,44,14,100,83,93,49,64,79,104,47,103,3,94,51,76,37,25,24,77,7,57,84,2,42,21,10,60,48,50,96,87,52,12,68,8,30,66,71,78,46,40,16,6,26,35,75,98,0,36,1,58,11,91,39,101,18,53,43,19,54,17,73,99,32,63,97,61,4,15,62,105,22,80,41,86,89,102,55,74,65,33,13,90,88,29,81,27,38,23,31
13,53,74,9,96,52,26,71,82,36,23,34,56,14,0,31,45,61,83,5,93,103,51,25,24,66,84,42,21,10,43,48,50,87,41,65,104,95,72,8,92,54,47,17,58,100,6,19,28,40,59,101,11,86,90,67,78,80,44,38,79,60,94,35,1,33,37,77,64,70,2,69,7,46,15,12,76,4,13,20,30,85,32,91,63,75,39,3,16,73,57,29,27,49,99,22,88,62,98,55,68,97,18,105,81,53,102,89
13,54,24,68,22,35,95,72,38,105,23,31,96,100,97,103,3,51,25,84,42,21,10,60,48,87,30,66,71,78,40,16,6,26,75,79,81,50,57,90,27,11,99,94,92,86,102,88,82,61,89,33,29,93,45,9,52,37,77,64,70,2,69,7,46,15,12,76,13,20,98,0,36,1,58,91,101,18,53,43,19,54,17,73,32,8,67,63,28,59,104,39,62,47,85,44,5,56,49,80,4,41,83,55,74,65,34,14
13,55,28,9,20,0,31,104,83,5,23,91,81,1,38,27,97,77,4,74,70,47,3,7,57,42,21,10,60,43,50,11,26,41,55,33,13,103,87,17,82,44,66,92,58,29,16,98,22,67,6,79,71,51,56,25,12,40,49,2,100,8,36,45,15,34,39,88,24,76,102,80,32,105,35,53,96,30,48,63,37,54,64,46,84,93,52,62,61,89,85,86,59,75,99,90,101,14,65,78,94,68,73,72,18,95,69,19
13,56,36,23,25,51,26,46,95,83,66,71,82,42,15,31,28,12,84,79,86,77,76,78,1,103,73,29,27,3,22,88,68,97,18,16,62,99,104,6,45,98,69,57,91,90,9,13,101,14,105,63,47,100,80,54,96,0,2,10,64,11,72,21,59,58,70,41,81,7,33,92,5,87,67,40,37,30,60,94,8,20,49,39,53,43,19,17,32,61,4,102,74,44,35,85,89,52,93,75,24,34,48,50,55,65,38,56
13,57,92,22,26,13,19,38,44,53,23,3,88,49,79,74,39,65,54,83,18,82,61,98,17,25,37,80,24,101,16,47,12,0,2,43,52,10,64,76,1,11,85,72,29,21,59,99,15,6,67,87,86,46,90,58,27,73,70,77,41,57,78,81,32,7,33,20,62,55,100,31,5,36,34,4,50,8,71,35,104,103,95,28,94,42,40,75,60,68,48,14,97,45,66,105,56,102,96,69,89,9,51,91,30,63,84,93
13,58,23,86,22,52,25,56,4,50,26,57,60,13,78,29,40,3,61,0,82,84,31,71,46,27,65,81,94,95,100,97,90,59,80,28,79,34,51,66,103,62,99,11,92,85,72,89,5,83,104,67,45,14,2,42,21,10,48,96,87,12,68,8,7,69,70,64,77,37,9,93,33,1,36,98,75,35,6,16,15,76,20,58,91,101,18,53,43,19,54,17,73,32,49,39,38,24,74,44,63,105,41,47,55,88,102,30
13,59,45,28,95,26,3,13,19,68,49,88,38,24,44,22,83,42,66,25,8,17,18,48,37,94,80,54,96,12,0,2,43,52,10,64,76,11,72,29,59,99,15,6,90,58,27,70,77,41,57,78,7,33,20,79,62,92,104,9,67,65,81,84,32,1,60,4,5,98,71,87,34,56,50,102,21,40,69,47,74,36,75,39,51,101,91,30,55,100,89,97,105,63,61,103,85,16,35,53,93,46,86,82,73,31,23,14
13,60,42,38,26,71,23,83,66,95,97,88,78,3,29,73,65,82,77,15,22,84,31,27,46,28,76,36,1,51,103,16,62,99,104,6,45,69,57,90,9,13,101,14,105,63,47,100,0,2,10,64,11,72,21,58,52,59,81,30,4,5,98,56,79,96,70,91,43,80,93,20,85,54,86,12,41,7,33,92,87,67,40,37,60,94,8,49,39,53,19,17,32,61,102,74,44,35,89,75,24,34,48,50,55,68,18,25
13,61,36,23,22,3,43,78,31,88,25,7,61,30,69,38,100,1,71,54,68,42,96,95,10,41,17,6,105,24,72,101,48,0,65,8,18,67,103,59,104,62,79,81,50,57,90,27,11,99,94,92,86,102,82,89,33,29,93,45,9,52,37,77,64,70,2,46,15,12,76,13,20,85,32,91,63,75,39,21,26,55,60,44,4,5,98,56,53,34,97,87,47,16,14,28,40,49,73,80,66,58,19,74,83,51,35,84
13,62,23,86,22,52,25,56,4,50,26,29,40,3,61,0,82,84,31,71,46,27,65,81,94,95,100,97,90,59,80,28,79,34,51,66,103,62,99,11,85,72,89,5,83,104,67,8,63,92,15,54,45,14,57,2,42,21,10,60,48,96,87,12,68,7,69,70,64,77,37,9,93,33,1,36,98,75,35,6,16,76,13,20,58,91,101,18,53,43,19,17,73,32,49,39,38,24,74,44,78,105,41,47,55,88,102,30
13,63,25,23,78,3,82,71,75,66,16,47,100,56,48,60,42,92,7,65,58,1,72,17,103,2,51,21,41,4,34,26,28,37,40,50,6,30,64,79,86,90,80,67,87,77,12,69,32,59,84,11,99,46,97,76,95,55,83,96,105,104,33,0,8,68,20,49,15,101,18,53,43,19,27,31,5,61,89,39,38,24,102,74,44,35,85,62,52,81,94,29,93,45,9,70,13,91,54,73,63,22,14,57,36,10,88,98
13,64,92,23,45,33,28,95,29,26,3,12,78,19,65,88,38,24,31,27,71,34,79,53,56,98,5,4,15,59,51,76,37,25,20,96,60,90,21,7,40,69,6,104,43,39,89,57,72,80,50,42,100,83,36,18,9,47,0,2,10,64,75,1,66,101,91,30,94,48,58,97,99,105,35,63,93,61,103,85,86,14,11,87,68,74,16,55,13,81,84,52,17,46,54,82,22,41,44,32,102,62,8,49,67,70,77,73
13,65,61,92,88,22,82,59,3,6,65,15,29,13,16,28,5,69,31,26,85,95,79,103,99,37,25,24,77,7,84,21,60,96,87,12,68,71,78,46,40,90,63,73,93,86,27,67,33,104,43,52,39,89,57,17,72,54,80,50,41,20,42,100,83,36,18,9,47,11,0,2,10,64,74,8,76,75,1,51,66,101,62,91,30,55,94,48,58,81,97,4,98,56,53,14,19,49,34,38,102,44,105,70,32,23,45,35
13,66,23,72,8,92,47,4,100,28,49,82,83,17,65,46,24,97,37,50,3,5,51,25,20,30,87,13,31,0,29,75,57,42,2,38,34,48,60,21,9,10,7,6,104,88,12,14,26,68,76,44,105,85,103,61,64,79,90,67,77,69,59,84,66,71,78,40,16,35,98,36,1,58,11,91,39,101,18,53,43,19,54,73,99,32,63,15,62,22,80,41,86,89,102,55,74,95,96,33,93,56,81,27,45,70,52,94
13,67,82,3,68,88,71,53,98,102,96,23,34,56,70,14,0,31,32,45,61,46,83,5,93,103,51,37,25,24,77,7,66,84,42,21,10,43,48,50,87,41,13,65,104,95,72,8,63,92,15,54,47,4,17,58,2,100,6,30,64,19,28,40,12,69,59,101,11,86,90,67,75,76,78,80,44,38,79,60,94,35,85,91,1,33,16,73,57,29,27,49,52,39,89,20,36,18,9,74,62,55,81,97,26,99,105,22
13,68,27,36,23,100,10,9,60,78,31,7,58,48,88,49,89,95,24,1,22,83,42,66,25,8,17,82,59,3,6,30,46,43,21,91,68,77,18,65,75,15,97,2,29,13,40,16,28,62,51,50,101,39,90,63,103,57,26,38,37,41,94,93,20,80,85,54,86,96,12,0,72,61,5,4,34,64,19,79,67,87,69,32,84,11,99,76,55,105,104,33,102,74,44,35,53,52,45,71,70,73,98,47,14,56,81,92
13,69,35,23,68,42,31,22,3,78,1,103,51,21,26,28,6,79,11,64,105,96,83,95,76,46,99,84,69,77,87,80,54,72,17,57,59,4,47,104,0,38,102,74,85,62,93,91,63,75,82,70,90,20,9,13,101,89,41,94,58,100,55,2,30,66,49,71,43,67,37,8,86,65,7,97,10,24,48,18,98,34,36,81,50,53,27,16,92,88,60,61,33,5,29,45,52,15,12,32,39,44,56,40,73,14,19,25
13,70,79,78,23,52,25,56,4,50,26,29,40,3,61,0,82,84,31,71,46,28,35,83,42,24,5,93,7,96,44,20,92,77,6,67,2,45,81,66,94,97,76,8,14,9,75,57,72,85,60,12,47,69,95,16,37,100,64,103,87,104,51,10,105,21,48,68,98,36,1,58,11,91,39,101,18,53,41,32,33,62,65,43,19,54,17,73,99,63,15,22,80,86,89,102,55,74,13,90,34,27,49,70,88,38,30,59
13,71,92,82,23,38,80,83,25,102,46,93,31,79,45,3,61,33,17,28,78,96,72,99,95,29,63,21,59,19,24,27,6,103,57,90,20,9,13,49,71,86,7,67,65,60,4,5,98,34,87,16,85,32,88,15,104,47,11,41,18,0,2,43,52,10,64,74,8,76,36,75,53,39,48,1,51,66,101,62,91,30,55,100,94,89,58,42,81,97,37,54,12,35,14,26,68,84,22,70,69,105,77,73,56,40,44,50
13,72,23,6,90,0,4,27,36,16,22,29,3,78,1,103,51,21,26,28,79,11,64,105,96,83,95,76,46,99,84,69,77,87,80,54,72,17,57,59,47,104,38,102,74,85,62,93,91,63,75,82,70,20,9,13,101,89,41,94,58,100,55,2,30,66,49,71,43,67,37,8,86,65,7,97,10,34,18,53,39,48,88,15,12,35,14,81,32,33,31,5,61,56,92,40,19,60,24,44,50,68,25,45,98,52,73,42
13,73,74,9,96,52,26,71,82,36,20,23,34,56,70,0,31,32,61,46,83,5,93,103,51,37,25,24,77,7,66,84,42,21,10,43,48,50,87,41,13,65,104,95,72,8,63,67,45,14,57,2,92,15,54,47,4,17,58,100,6,30,64,19,28,40,12,69,59,101,11,86,90,75,76,78,80,44,38,79,60,94,35,85,91,1,33,16,73,29,27,49,3,99,22,88,62,98,55,68,97,18,105,81,53,102,39,89
13,74,18,27,36,23,16,22,9,60,43,13,92,31,100,64,28,69,59,79,67,83,5,103,3,94,51,76,37,25,95,61,30,10,29,57,78,88,7,65,58,1,72,17,2,21,41,4,34,26,40,50,6,19,86,90,80,87,77,12,32,84,101,11,99,46,97,55,105,0,71,96,104,33,8,68,20,49,15,39,38,24,102,74,44,35,53,85,89,62,52,93,91,54,66,63,48,75,45,82,70,73,98,47,42,14,56,81
13,75,89,51,70,0,22,19,56,23,29,64,72,77,27,88,49,1,74,54,83,18,82,52,61,17,25,37,80,76,24,101,73,46,55,100,31,43,36,10,12,50,8,71,35,103,95,28,94,2,42,40,86,58,68,48,14,57,78,81,7,33,20,79,62,92,104,9,67,65,60,4,5,98,53,34,97,87,47,16,30,85,32,91,63,75,39,3,21,44,26,6,45,59,66,105,93,96,38,13,11,15,102,99,41,90,69,84
13,76,36,102,61,92,71,72,58,105,70,7,73,48,88,49,89,95,24,1,22,83,42,66,25,8,17,82,59,3,6,30,46,43,21,91,68,77,18,65,75,15,97,2,29,13,40,16,28,62,51,50,101,39,90,63,103,57,26,38,37,41,94,93,20,80,85,54,86,96,12,0,52,10,64,81,27,76,104,9,55,67,33,60,44,4,5,98,56,53,79,34,11,87,47,14,100,19,31,32,23,74,45,35,78,99,84,69
13,77,79,102,40,34,68,30,26,25,23,78,3,74,82,31,27,71,35,83,8,85,0,96,51,75,38,66,84,16,47,103,100,55,56,48,28,60,5,90,42,24,44,92,6,67,65,81,94,61,89,33,29,93,45,9,52,37,77,64,70,2,69,7,46,15,12,76,13,20,1,58,11,91,39,101,18,53,43,19,54,17,73,99,32,63,97,4,62,105,22,80,41,86,14,57,72,95,36,87,104,10,21,88,59,49,50,98
13,78,24,36,72,28,19,65,66,88,31,104,83,5,47,3,57,42,10,60,43,50,23,91,97,27,38,1,44,77,92,4,74,71,68,25,80,56,26,6,46,15,101,49,30,63,105,8,17,82,39,18,48,37,75,94,93,20,85,54,86,96,12,21,59,58,70,41,81,7,0,2,52,64,55,29,67,99,11,61,13,98,32,89,90,76,35,51,62,14,78,69,79,22,73,45,84,102,100,9,40,34,95,53,16,103,87,33
13,79,6,26,25,23,3,73,82,14,22,28,75,1,17,7,45,16,37,13,31,40,19,83,8,20,49,78,70,105,93,42,95,18,90,68,46,66,58,36,62,69,104,65,74,43,29,21,59,99,15,92,94,71,39,80,85,54,86,96,12,0,2,52,10,64,81,27,76,77,9,55,67,33,60,30,44,4,5,98,56,53,79,34,97,57,11,87,88,38,24,102,32,35,51,41,100,101,84,61,89,103,63,91,48,72,50,47
13,80,92,48,23,47,25,7,5,37,3,100,94,97,9,72,4,41,21,51,2,103,17,68,8,83,0,31,24,42,57,75,29,10,104,30,13,87,12,60,26,28,40,50,6,64,79,86,90,80,67,20,49,65,34,88,38,76,44,105,85,61,77,69,59,84,66,71,78,46,16,35,98,36,1,58,11,91,39,101,18,53,43,19,54,73,99,32,63,15,62,22,89,102,55,74,95,96,33,93,56,81,27,45,70,52,14,82
13,81,7,56,58,92,1,25,17,41,33,23,78,12,3,61,65,82,77,15,22,84,27,76,35,83,75,99,24,80,5,93,44,69,51,10,105,96,0,18,54,43,37,87,74,57,91,39,90,9,13,89,101,16,47,103,73,2,4,100,31,21,72,34,26,28,40,50,6,30,64,19,86,67,59,11,46,97,95,8,68,38,102,53,85,79,45,94,20,104,29,42,63,36,70,60,66,48,88,14,55,81,52,32,62,49,71,98
13,82,23,13,17,28,82,12,52,10,70,104,4,5,87,99,63,15,65,46,24,7,97,37,6,30,2,50,26,3,100,21,94,9,57,72,60,29,75,42,31,0,83,8,68,20,49,34,88,38,76,44,105,85,103,61,64,86,11,101,59,40,78,71,66,84,69,77,67,79,90,16,35,98,36,1,58,91,39,18,53,43,19,54,73,92,45,14,47,95,51,48,41,81,32,33,62,22,80,89,102,55,74,96,93,56,27,25
13,83,92,82,45,33,95,22,29,20,23,34,56,70,100,7,25,37,76,94,3,12,13,78,68,65,88,44,31,27,71,46,98,5,96,60,51,21,41,4,26,28,40,50,6,64,79,86,90,80,67,87,77,32,59,84,101,11,69,104,43,52,57,17,72,54,42,83,36,18,9,47,0,2,10,74,75,19,53,15,49,8,61,89,39,38,24,102,1,66,62,91,30,55,48,58,81,97,99,105,35,63,93,103,85,16,14,73
13,84,27,36,23,22,29,3,94,60,78,88,25,7,65,58,1,61,41,79,53,56,98,11,35,83,75,99,24,80,5,93,44,69,51,10,105,96,0,18,54,43,37,87,74,57,91,39,90,9,13,89,101,16,47,103,73,2,4,100,31,21,72,34,26,28,40,50,6,30,64,19,86,67,15,81,59,52,17,77,12,32,84,46,97,76,95,55,104,33,8,68,20,49,38,102,85,62,66,63,48,45,71,82,70,42,14,92
13,85,35,23,38,1,71,54,68,42,96,95,10,41,17,31,22,6,105,43,78,24,72,101,48,0,65,8,18,98,67,103,59,104,62,34,47,36,79,81,50,57,90,53,27,16,11,99,94,92,86,102,88,82,28,97,60,61,89,33,5,29,93,45,9,52,37,77,64,70,2,69,7,46,15,12,76,4,13,20,30,85,32,91,63,75,39,3,21,44,26,56,55,40,49,73,80,66,14,58,87,19,25,74,84,83,51,100
13,86,14,23,95,72,31,100,28,59,85,83,5,47,103,3,51,25,84,21,10,60,48,87,30,66,71,78,40,16,26,75,79,50,57,27,99,86,102,88,82,61,89,33,29,93,45,9,52,77,90,42,24,7,44,20,92,6,67,65,2,81,94,76,1,58,11,91,39,101,37,64,70,69,46,15,12,13,98,0,36,18,53,43,19,54,17,73,32,96,104,8,68,49,38,74,35,63,97,4,62,105,22,80,41,55,34,56
13,87,36,23,16,22,29,3,10,94,9,57,60,13,78,88,25,7,65,58,1,72,17,2,51,21,41,4,34,26,28,37,40,50,6,8,20,14,48,56,86,55,46,73,103,47,0,33,104,105,96,95,76,97,99,11,84,59,32,69,12,77,87,67,80,90,79,64,30,68,49,15,101,18,53,43,19,27,31,5,61,89,39,38,24,70,102,83,100,74,44,35,85,62,52,93,91,54,66,63,75,45,71,82,42,98,81,92
13,88,7,90,23,56,6,65,58,4,0,72,92,31,100,64,28,69,59,79,67,45,85,83,5,93,47,103,3,94,51,76,37,25,20,95,61,30,104,10,29,75,57,42,24,105,97,21,63,19,1,77,2,101,73,40,86,33,9,99,36,96,70,91,43,80,60,27,66,38,34,18,53,39,48,88,15,78,12,35,14,26,11,87,68,74,16,55,13,81,84,52,17,46,54,82,22,41,44,32,102,62,8,49,71,50,98,89
13,89,71,23,16,22,29,3,100,105,69,0,13,34,37,10,12,36,55,30,25,94,9,57,60,43,78,88,7,65,58,1,72,17,103,2,51,21,41,4,26,28,40,50,6,64,79,86,90,80,67,87,77,32,59,84,101,11,99,46,97,76,95,83,96,104,33,5,31,27,19,53,15,49,20,68,8,61,89,39,38,24,102,74,42,66,82,18,48,93,54,52,73,70,62,92,81,98,47,85,91,63,75,44,56,14,45,35
13,90,23,52,25,56,5,93,96,4,28,12,87,13,104,10,82,17,65,46,24,7,97,37,6,30,2,50,26,3,100,21,94,9,57,72,60,29,75,42,31,0,83,8,68,20,49,34,88,38,76,44,105,85,103,61,64,86,11,101,59,40,78,71,66,84,69,77,67,79,90,16,35,98,36,1,58,91,39,18,53,43,19,54,73,92,45,14,47,95,51,48,41,81,32,33,62,99,63,15,22,80,89,102,55,74,27,70
13,91,92,54,63,48,18,23,25,7,1,17,51,28,37,6,2,50,26,3,41,100,21,94,97,9,72,60,12,58,43,13,78,27,71,46,47,87,11,34,79,53,56,98,5,4,30,104,10,29,75,57,42,24,55,31,40,19,0,83,8,68,20,49,65,15,39,88,38,76,102,80,74,44,32,105,35,85,103,89,61,62,64,86,90,67,77,69,59,84,101,99,16,36,91,93,33,96,95,81,22,45,70,52,66,73,14,82
13,92,27,23,22,29,3,100,10,94,9,57,60,43,13,31,88,25,7,65,72,17,2,5,51,21,41,4,34,26,28,37,50,6,30,19,86,80,87,12,32,99,46,97,76,95,55,83,96,104,33,0,105,85,103,61,64,79,90,67,77,69,59,84,66,71,78,40,16,35,98,36,1,58,11,91,39,101,18,53,8,68,20,49,15,38,24,102,74,44,89,62,52,93,54,63,48,75,45,82,70,73,42,47,14,56,81,92
13,93,7,23,72,31,100,6,69,90,64,92,58,0,65,4,56,28,59,79,67,45,85,83,5,93,47,103,3,94,51,76,37,25,20,95,61,30,104,10,29,75,57,42,24,105,97,21,63,19,1,77,2,101,73,40,86,33,9,99,36,96,70,91,43,80,60,27,66,38,34,18,53,39,48,88,15,78,12,35,14,26,11,87,68,74,16,55,13,81,84,52,17,46,54,82,22,41,44,32,102,62,8,49,71,50,98,89
13,94,103,63,80,102,22,101,89,9,19,51,0,3,17,100,42,37,10,12,36,55,31,30,25,39,104,97,68,34,69,105,76,65,74,82,61,43,87,16,24,56,53,64,60,18,49,75,84,95,1,11,85,72,29,21,59,99,15,6,86,46,90,58,27,73,70,77,41,57,78,81,32,7,33,20,79,2,50,44,94,48,62,83,96,13,28,47,66,92,14,23,8,88,71,52,4,54,40,5,93,38,98,45,26,35,67,91
13,95,4,18,6,30,56,26,25,23,12,3,97,73,82,14,22,27,71,28,42,5,17,7,81,9,45,37,78,55,31,40,19,83,8,68,49,65,15,34,39,88,38,24,102,66,92,29,59,16,75,41,94,93,98,0,36,1,58,11,91,101,20,80,85,54,86,96,2,43,52,10,64,74,99,61,13,89,90,76,35,104,70,51,44,32,105,53,57,87,100,33,95,46,84,69,77,67,79,62,103,21,63,60,48,72,50,47
13,96,24,68,22,35,95,6,42,72,38,105,23,78,25,101,31,96,17,100,19,43,1,11,97,60,61,89,93,9,77,64,48,0,8,37,46,18,67,92,103,63,28,82,16,59,99,104,94,50,39,91,62,47,36,69,85,12,79,81,44,57,26,5,56,88,40,49,80,53,4,86,3,2,7,15,76,30,32,75,21,71,51,54,10,58,41,83,98,70,52,102,55,74,65,33,13,90,20,34,27,84,45,29,66,73,14,87
13,97,23,22,3,100,105,69,0,13,37,10,12,36,55,30,25,9,88,65,17,51,4,26,40,50,79,34,71,104,103,28,94,76,46,90,58,43,87,16,24,56,53,64,60,18,49,75,84,95,1,11,85,72,29,21,59,99,15,6,86,27,73,70,77,41,57,78,81,32,7,2,42,20,68,14,97,80,67,101,83,96,33,5,31,19,8,61,89,39,38,102,74,44,35,62,52,93,91,54,66,63,48,45,82,98,47,92
13,98,61,92,88,1,22,17,82,59,3,6,91,65,15,29,13,16,28,62,51,5,36,69,31,26,85,95,79,72,75,103,99,37,25,24,77,7,57,84,2,42,21,10,60,48,50,96,87,52,12,68,8,30,66,71,78,46,40,101,90,63,73,93,20,86,27,76,104,9,67,33,4,98,56,53,14,19,47,39,11,0,41,18,54,43,64,97,81,58,89,94,100,55,49,34,38,102,80,44,105,70,83,32,23,74,45,35
13,99,58,4,18,6,30,56,26,25,23,12,3,29,97,73,2,82,94,14,22,27,71,28,54,75,42,11,1,5,17,7,81,9,45,92,16,36,37,13,78,55,31,40,19,0,83,8,68,20,49,65,15,34,39,88,38,24,76,102,80,74,44,32,105,35,53,85,57,10,51,87,41,100,93,33,104,96,95,46,99,101,84,59,69,77,67,90,86,79,64,62,61,89,103,21,63,70,91,43,60,66,48,72,52,50,98,47
13,100,26,25,23,3,29,73,82,22,1,17,16,37,19,83,49,78,70,18,46,39,80,85,54,0,52,64,27,76,77,9,67,65,33,30,44,98,56,79,57,87,88,24,74,32,51,101,84,61,55,100,31,43,5,36,34,10,12,4,50,8,71,35,104,103,95,28,62,94,2,42,20,40,86,75,60,58,68,48,14,6,81,97,45,7,59,66,21,105,93,96,38,13,11,53,15,102,92,99,41,90,69,89,63,91,72,47
13,101,7,90,23,56,6,65,58,4,0,72,92,31,100,64,28,69,59,79,67,45,85,83,5,93,47,103,3,94,51,76,37,25,20,95,61,30,104,10,29,57,42,24,105,97,21,63,19,77,2,101,73,40,86,33,9,99,96,70,91,43,80,60,27,66,38,34,18,53,39,48,36,75,1,88,15,78,12,35,14,26,11,87,68,74,16,55,13,81,84,52,17,46,54,82,22,41,44,32,102,62,8,49,71,50,98,89
13,102,7,58,92,26,19,56,32,13,68,25,33,23,12,3,29,73,86,65,53,82,77,15,22,84,31,27,46,8,28,35,79,36,1,51,103,16,62,99,104,17,18,41,2,10,9,4,57,100,21,72,34,37,40,50,6,30,5,75,96,87,76,78,43,45,61,60,94,93,64,90,80,67,69,59,101,11,97,95,55,83,105,0,20,49,39,38,24,102,74,44,85,89,52,91,54,66,63,48,71,70,42,98,47,14,81,88
13,103,92,48,23,47,25,7,5,51,4,28,37,2,50,3,100,21,94,97,9,72,60,12,87,13,30,104,10,29,75,57,42,24,31,0,83,8,68,20,49,65,34,88,38,76,44,105,85,103,61,64,79,90,67,77,69,59,84,66,71,78,46,40,16,6,26,35,98,36,1,58,11,91,39,101,18,53,43,19,54,17,73,99,32,63,15,62,22,80,41,86,89,102,55,74,95,96,33,93,56,81,27,45,70,52,14,82
13,104,36,23,25,51,26,46,95,83,66,71,82,42,15,31,28,12,84,79,86,77,76,78,1,103,73,29,27,3,22,88,68,97,18,16,62,99,104,6,45,98,57,91,69,32,59,90,9,13,101,14,105,63,47,100,80,54,96,0,2,10,64,11,72,21,58,70,41,81,7,33,92,5,87,67,40,37,30,60,94,8,20,49,39,53,43,19,17,61,4,102,74,44,35,85,89,52,93,75,24,34,48,50,55,65,38,56
13,105,23,35,100,13,42,31,89,8,103,28,50,102,26,48,3,83,82,61,98,17,67,25,37,80,101,47,12,0,2,52,10,76,46,90,58,43,87,16,24,56,53,64,60,18,49,75,84,95,1,11,85,93,96,29,6,27,77,78,7,33,20,79,92,9,55,65,30,44,5,34,40,66,68,38,71,74,45,51,81,94,91,39,19,54,73,99,32,63,97,4,15,62,105,22,41,86,14,57,72,69,36,104,21,70,88,59
13,106,79,102,40,34,68,26,23,78,74,82,31,27,71,35,83,8,85,0,96,38,66,84,16,47,103,100,3,94,51,76,37,25,20,95,61,30,104,10,29,75,57,42,24,105,97,21,63,19,55,56,48,28,60,5,90,44,92,6,67,65,81,89,33,93,45,9,52,77,64,70,2,69,7,46,15,12,13,1,58,11,91,39,101,18,53,43,54,17,73,99,32,4,62,22,80,41,86,14,72,36,87,88,59,49,50,98
13,107,20,0,83,23,91,58,1,38,92,74,70,3,7,42,21,10,43,50,26,41,13,22,6,71,51,25,12,40,49,2,8,36,45,39,88,24,102,80,32,105,35,96,48,66,37,54,46,84,93,52,62,61,89,103,85,86,64,81,27,76,77,104,9,55,67,65,33,60,15,30,44,4,5,98,56,53,79,34,97,57,11,87,47,16,14,28,100,63,19,29,31,59,75,99,90,101,78,94,68,73,72,18,95,82,17,69
13,108,28,0,31,23,74,60,43,50,26,41,13,82,44,92,22,79,90,67,87,45,85,83,5,93,47,103,3,94,51,76,37,25,20,95,61,30,104,10,29,75,57,78,88,7,65,58,1,72,17,2,21,56,42,24,105,97,63,19,77,101,73,40,86,33,99,36,96,70,91,80,27,66,38,34,18,53,39,48,15,12,35,14,69,32,59,84,11,81,52,89,55,49,16,62,6,98,4,9,71,100,8,102,54,64,46,68
13,109,74,9,96,52,26,71,82,36,20,23,34,56,70,14,0,31,32,45,61,46,83,5,93,103,51,37,25,24,77,7,66,84,42,21,10,43,48,50,87,41,13,65,104,95,72,8,63,92,15,54,47,4,17,58,2,100,6,30,64,19,28,40,12,69,59,101,11,86,90,67,75,76,78,80,44,38,79,60,94,35,85,91,1,33,16,73,57,29,27,49,3,99,22,88,62,98,55,68,97,18,105,81,53,102,39,89
13,110,68,32,26,25,51,103,62,67,95,55,33,23,78,12,3,97,73,86,2,0,74,13,65,82,54,19,102,42,75,50,57,77,94,84,31,71,9,105,16,64,76,45,29,8,93,14,92,90,69,36,41,72,17,89,52,59,81,30,4,5,98,56,79,96,70,91,43,80,60,27,66,38,34,18,53,39,48,88,15,11,87,47,46,10,7,49,58,1,37,21,28,104,24,40,6,22,35,99,83,100,20,61,101,44,85,63
13,111,92,82,23,38,80,42,36,83,25,102,46,93,64,31,79,75,45,3,61,33,17,28,78,96,104,0,72,76,99,95,29,62,63,21,59,19,24,27,6,103,57,91,90,20,9,13,101,89,41,94,58,100,55,2,66,49,71,43,37,8,86,7,10,18,39,48,67,65,60,4,5,98,53,34,97,87,47,16,30,85,32,88,15,12,35,14,26,11,68,74,81,84,52,54,22,70,69,105,77,73,56,40,51,44,1,50
13,112,18,27,36,23,16,22,29,3,100,10,94,9,57,60,43,13,78,31,88,25,7,65,58,1,72,17,103,2,61,5,51,21,41,4,34,26,28,37,40,50,6,30,64,19,79,86,90,80,67,87,77,12,69,32,59,84,101,11,99,46,97,76,95,55,83,96,105,104,33,0,8,68,20,49,15,39,38,24,102,74,44,35,53,85,89,62,52,93,91,54,66,63,48,75,45,71,82,70,73,42,98,47,14,56,81,92
13,113,61,92,88,1,22,25,8,17,82,59,3,6,46,91,65,15,29,13,16,28,62,51,50,5,36,69,31,77,68,26,85,95,79,72,75,103,99,101,90,63,73,57,93,20,86,12,27,76,104,9,67,33,4,98,56,53,14,19,47,39,11,0,41,18,54,43,37,64,97,81,52,42,58,89,48,94,100,55,2,30,66,49,71,34,38,102,80,44,105,40,7,10,21,60,96,70,87,83,24,32,23,74,45,35,78,84
13,114,25,61,83,99,44,51,101,67,95,55,33,23,78,12,3,97,73,86,2,0,74,13,65,82,54,19,102,42,75,50,57,77,94,84,31,71,9,105,16,64,76,45,29,8,93,14,92,90,69,36,41,72,17,89,52,59,81,30,4,5,98,56,79,96,70,91,43,80,60,27,66,38,34,18,53,39,48,88,15,11,87,47,46,10,7,49,58,1,37,21,28,104,24,40,6,22,35,103,100,26,32,68,20,85,62,63
13,115,36,23,16,22,29,3,10,94,9,57,60,13,78,88,25,7,65,58,1,72,17,2,51,21,41,4,34,26,28,37,40,50,6,30,64,79,90,80,67,87,77,12,69,32,59,84,11,99,97,76,95,83,96,105,104,33,0,47,103,73,46,100,55,86,56,48,14,20,8,68,49,15,101,18,53,43,19,27,31,5,61,89,39,38,24,102,74,44,35,85,62,52,93,91,54,66,63,75,45,71,82,70,42,98,81,92
13,116,95,67,70,45,28,82,92,85,14,93,49,103,3,37,25,77,84,12,68,88,38,24,44,32,31,27,71,46,87,34,79,53,56,98,5,4,15,59,102,96,60,90,21,7,40,69,6,104,43,52,39,89,57,17,72,54,80,50,41,20,42,100,83,36,18,9,47,11,0,2,10,64,74,8,76,75,1,51,66,101,62,91,30,55,94,48,58,81,97,78,16,26,35,19,73,99,63,61,105,22,86,65,33,13,29,23
13,117,4,18,6,30,56,26,25,23,12,3,97,73,82,14,22,27,71,28,42,1,5,17,7,81,9,45,36,37,78,55,31,40,19,83,8,68,49,65,15,34,39,88,38,24,102,66,92,58,29,59,16,75,41,94,93,20,80,85,54,86,96,0,2,43,52,10,64,74,99,11,61,13,98,89,90,76,35,104,70,51,44,32,105,53,57,87,100,33,95,46,101,84,69,77,67,79,62,103,21,63,91,60,48,72,50,47
13,118,98,56,27,23,16,22,9,60,43,13,92,31,100,64,28,69,59,79,67,45,85,83,5,93,47,103,3,94,51,76,37,25,20,95,61,30,104,10,29,75,57,78,88,7,65,58,1,72,17,2,21,41,4,34,26,40,50,6,19,86,90,80,87,77,12,32,84,101,11,99,46,97,55,96,105,33,0,8,68,49,15,39,38,24,102,74,44,35,53,89,62,52,91,54,66,63,48,71,82,70,73,42,18,81,14,36
13,119,61,92,88,1,22,25,8,17,82,3,6,46,91,65,15,29,13,16,28,62,51,50,5,36,85,64,90,69,59,95,31,77,68,26,79,72,75,103,99,101,63,73,57,93,20,86,12,27,76,104,9,67,33,4,98,56,53,14,19,47,39,11,0,41,18,54,43,37,97,81,52,42,58,89,48,94,100,55,2,30,66,49,71,34,38,102,80,44,105,40,7,10,21,60,96,70,87,83,24,32,23,74,45,35,78,84
13,120,67,23,72,1,22,25,8,17,82,3,6,46,91,65,15,29,13,16,28,62,51,50,5,36,85,64,90,69,12,88,79,61,33,78,32,95,59,26,19,27,63,76,57,14,39,0,41,18,54,43,37,97,81,52,89,55,21,87,31,77,68,94,2,30,75,34,66,101,49,103,99,58,104,11,45,98,4,40,7,10,9,60,48,47,96,70,38,24,102,74,83,100,42,20,71,80,44,105,35,53,93,84,86,73,56,92
13,121,91,70,22,19,26,23,78,3,29,72,49,1,85,39,54,83,18,82,17,25,37,80,16,47,73,46,31,36,50,8,71,95,28,62,94,42,20,40,75,58,68,48,14,6,45,7,66,105,86,96,12,0,2,43,52,10,64,81,27,76,77,104,9,55,67,65,33,60,15,30,44,4,5,98,56,53,79,34,97,57,11,87,88,38,24,102,74,32,35,51,41,100,99,101,84,59,61,89,103,21,63,93,13,92,90,69
13,122,23,22,50,72,8,68,65,31,88,5,3,61,33,17,28,78,15,85,29,26,19,27,63,74,57,13,14,39,0,41,18,54,43,30,64,79,90,80,67,87,77,12,69,32,59,84,11,99,97,76,95,83,37,81,52,89,94,55,2,36,75,1,34,51,66,101,49,103,16,62,58,91,104,6,45,98,4,40,7,10,9,21,60,48,47,96,70,102,100,24,42,20,71,38,44,105,35,53,93,46,86,82,73,25,56,92
13,123,36,23,22,3,43,78,31,88,25,7,61,30,69,59,95,83,49,24,58,1,72,17,6,32,84,99,46,105,8,102,74,35,21,91,68,77,18,65,75,15,97,2,29,13,40,16,28,62,51,50,101,39,90,63,103,57,26,38,37,41,94,93,20,80,85,54,86,96,12,0,52,10,64,81,27,76,104,9,55,67,33,60,44,4,5,98,56,53,79,34,11,87,47,14,100,19,89,66,48,45,71,82,70,73,42,92
13,124,44,95,72,20,23,34,56,100,24,25,76,51,3,103,47,85,59,5,83,104,67,31,14,84,42,10,60,48,6,75,79,81,50,57,90,21,41,4,26,28,27,11,99,94,92,86,102,88,82,61,89,33,29,93,45,9,52,37,77,64,70,2,69,7,46,96,87,12,68,8,40,16,35,98,0,36,1,58,91,39,101,18,53,43,19,54,17,73,49,30,66,71,78,32,63,97,15,62,105,22,80,55,74,65,13,38
13,125,79,78,23,52,25,56,4,50,26,29,40,3,61,0,82,84,31,71,46,28,35,83,42,24,5,93,7,96,44,20,92,6,67,2,45,66,94,97,76,8,14,9,75,72,85,60,12,47,69,95,16,37,100,64,103,87,51,10,105,21,48,68,36,1,58,11,77,41,57,81,32,33,62,104,65,98,91,39,101,18,53,43,19,54,17,73,99,63,15,22,80,86,89,102,55,74,13,90,34,27,49,70,88,38,30,59
14,0,36,102,61,38,71,105,101,88,51,89,95,24,13,50,22,83,42,66,25,8,17,82,18,48,37,94,93,80,54,96,12,0,2,43,52,10,64,76,1,11,72,29,59,99,15,6,86,46,90,58,27,73,70,77,41,57,78,81,7,33,20,79,62,92,104,9,67,65,60,4,5,98,53,34,97,87,47,16,30,85,32,91,63,75,39,3,21,44,26,56,55,40,49,14,28,100,19,31,23,74,103,45,68,35,84,69
14,1,36,102,61,38,71,105,101,88,51,89,95,24,13,50,22,83,42,66,25,8,17,82,18,48,37,94,93,80,54,96,12,0,2,43,52,29,72,11,1,76,64,10,59,99,15,6,86,46,90,58,27,73,70,77,41,57,78,81,7,33,20,79,62,92,104,9,67,65,60,4,5,98,53,34,97,87,47,16,30,85,32,91,63,75,39,3,21,44,26,56,55,40,49,14,28,100,19,31,23,74,103,45,68,35,84,69
14,2,36,23,16,22,29,3,100,10,94,9,57,60,13,78,88,25,7,65,58,1,72,17,103,2,51,21,41,4,34,26,28,37,40,50,6,30,64,79,86,90,80,67,87,77,12,69,32,59,84,11,99,46,97,76,95,55,83,96,105,104,0,101,18,43,19,27,31,5,61,71,42,33,8,68,20,49,15,39,38,24,102,74,44,35,53,85,89,62,52,93,91,54,66,63,48,75,45,82,70,73,98,47,14,56,81,92
14,3,92,48,23,47,25,5,51,4,28,12,87,13,104,10,82,17,65,46,24,7,97,37,6,30,2,50,26,3,100,21,94,9,57,72,60,29,75,42,31,0,83,8,68,20,49,34,88,38,76,44,105,85,103,61,64,79,90,67,77,69,59,84,66,71,78,40,16,35,98,36,1,58,11,91,39,101,18,53,43,19,54,73,99,32,63,15,62,22,80,41,86,89,102,55,74,95,96,33,93,56,81,27,45,70,52,14
14,4,36,102,61,38,71,105,101,88,51,89,95,24,13,50,22,83,42,66,25,8,17,82,18,48,37,94,93,80,54,96,12,0,2,43,52,10,64,76,11,72,29,59,99,15,6,86,46,90,58,27,73,70,77,41,57,78,7,33,20,79,62,92,104,9,67,65,81,84,32,1,60,4,5,98,53,34,97,87,47,16,30,85,91,63,75,39,3,21,44,26,56,55,40,49,14,28,100,19,31,23,74,103,45,68,35,69
14,5,13,22,70,64,15,34,102,5,55,49,80,83,105,38,28,69,92,81,65,3,94,51,37,25,24,77,7,84,2,42,21,95,79,72,75,103,99,101,90,63,73,57,93,20,86,12,27,76,104,9,67,33,4,98,56,53,14,10,60,48,50,96,87,52,68,8,30,66,71,78,46,40,16,6,26,35,0,36,1,58,11,91,39,18,43,19,54,17,32,97,61,85,44,89,82,100,88,47,59,74,29,23,62,45,41,31
14,6,42,38,26,71,23,83,66,95,97,88,56,78,12,3,29,73,86,65,82,77,15,22,84,31,27,46,28,76,79,36,1,51,103,16,62,99,104,6,45,98,69,57,91,90,9,13,101,14,105,63,47,100,80,54,96,0,2,10,64,11,72,21,59,58,70,41,81,7,33,92,5,87,67,40,37,30,60,94,8,20,49,39,53,43,19,17,32,61,4,102,74,44,35,85,89,52,93,75,24,34,48,50,55,68,18,25
14,7,102,53,65,14,47,100,9,33,34,87,45,3,28,104,24,42,7,22,31,84,43,50,23,91,97,27,38,1,81,58,44,77,92,4,74,70,71,25,80,56,59,26,6,46,15,101,49,30,63,105,8,39,48,37,75,41,93,20,85,54,86,96,12,0,2,52,64,55,29,67,99,11,61,13,98,32,89,90,76,35,51,62,5,10,21,88,103,19,40,16,57,83,66,60,69,78,94,68,73,72,18,95,82,17,79,36
14,8,23,59,72,8,92,47,4,100,28,32,56,49,85,61,82,83,17,65,46,24,97,37,98,50,45,3,71,5,51,93,25,20,95,30,87,13,78,55,31,19,0,29,75,57,42,105,63,1,77,2,101,73,86,33,99,36,70,43,80,27,66,38,34,102,96,48,60,90,21,9,10,7,40,69,6,104,91,58,64,62,18,53,39,88,15,12,35,14,26,11,68,74,16,81,84,52,54,22,41,44,76,89,103,94,79,67
14,9,23,25,51,42,83,56,71,26,36,66,46,95,15,31,28,12,84,79,86,77,76,78,1,103,73,29,27,3,22,88,68,97,18,16,62,99,104,6,45,98,69,57,91,90,9,13,101,14,105,63,47,100,80,54,96,0,2,10,64,11,72,21,59,58,70,41,81,7,33,92,5,87,67,40,37,30,60,94,8,20,49,39,53,43,19,17,32,61,4,102,74,44,35,85,89,52,93,75,24,34,48,50,55,65,38,82
14,10,23,35,100,13,42,31,89,24,8,103,28,50,102,26,82,48,3,37,75,93,96,0,52,85,29,6,46,90,27,77,78,7,33,20,79,92,9,55,67,65,60,30,44,5,98,56,34,47,16,40,66,68,38,71,83,74,45,51,2,81,94,76,1,58,11,91,39,101,18,53,43,19,54,17,73,99,32,63,97,61,4,15,62,105,22,80,41,86,14,57,72,12,69,95,36,64,87,104,10,21,70,88,59,49,84,25
14,11,42,38,26,23,83,95,78,3,29,82,77,22,84,46,28,76,79,36,75,1,51,16,62,99,104,4,69,74,105,63,17,93,80,54,96,0,64,11,85,72,21,59,70,27,47,6,103,87,57,91,90,20,9,13,101,89,41,94,58,100,55,2,30,66,49,71,43,67,37,8,86,65,7,97,10,34,18,53,39,48,88,15,12,35,14,81,32,33,31,5,61,56,92,40,19,60,24,44,50,68,25,45,98,52,73,102
14,12,36,23,16,22,3,100,10,94,9,57,13,78,88,25,7,65,58,1,72,17,103,2,51,21,41,4,34,26,28,37,40,50,6,30,64,79,86,90,80,67,87,77,12,69,59,84,11,99,46,97,76,95,83,96,105,104,0,8,68,20,49,15,101,18,53,19,27,31,5,61,89,39,38,24,102,74,44,35,91,43,47,93,54,92,55,32,29,33,60,85,62,52,66,63,48,75,45,71,82,70,73,42,98,14,56,81
14,13,23,36,29,3,22,16,57,9,100,10,92,60,13,78,88,25,7,65,58,1,72,17,103,2,51,21,41,4,34,26,28,37,40,50,6,30,64,79,86,90,80,67,87,77,12,69,32,59,84,11,99,46,97,76,95,55,83,96,105,104,33,0,8,68,20,49,15,101,18,53,43,19,27,31,5,61,89,39,38,24,102,74,44,35,85,62,52,93,91,54,66,63,48,75,45,71,82,70,73,42,98,47,14,56,81,94
14,14,92,23,16,22,3,100,10,94,9,57,13,78,88,25,7,65,58,1,72,17,103,2,51,21,41,4,34,26,28,37,40,50,6,30,64,79,86,90,80,67,87,77,12,69,59,84,11,99,46,97,76,95,83,96,105,104,0,8,68,20,49,15,101,18,53,19,27,31,5,61,89,39,38,24,102,74,44,35,82,42,52,36,93,75,45,60,33,32,98,85,29,62,54,63,14,47,81,91,48,55,66,71,43,70,73,56
14,15,73,82,17,83,78,18,9,33,34,87,45,3,28,104,24,42,7,22,31,84,43,50,23,91,97,27,38,1,81,58,44,77,92,4,74,70,71,25,80,56,59,26,6,46,15,101,49,30,63,105,8,39,48,37,75,41,93,20,85,54,86,96,12,0,2,52,64,55,29,67,99,11,61,13,98,32,89,90,76,35,51,62,5,10,21,88,103,19,40,16,65,79,57,100,36,95,94,60,68,14,66,53,102,69,72,47
14,16,27,36,23,16,22,29,3,78,1,103,51,21,26,28,6,79,11,64,105,96,83,95,76,46,99,84,69,77,87,80,54,72,17,57,59,4,47,104,0,38,102,74,85,62,93,91,63,75,82,70,90,20,9,13,101,89,41,94,58,100,55,2,30,66,49,71,43,67,37,8,86,65,7,97,10,34,18,53,39,48,88,15,12,35,14,81,32,33,31,5,61,56,92,40,19,60,24,44,50,68,25,45,98,52,73,42
14,17,42,38,26,71,23,83,66,95,97,88,56,78,3,29,73,65,82,77,15,22,84,31,27,46,28,76,79,36,1,51,103,16,62,99,104,6,45,98,69,57,91,90,9,13,101,14,105,63,47,100,80,0,2,10,64,11,72,21,59,58,70,93,20,85,54,86,96,12,41,81,7,33,92,5,87,67,40,37,30,60,94,8,49,39,53,43,19,17,32,61,4,102,74,44,35,89,52,75,24,34,48,50,55,68,18,25
14,18,92,82,23,25,45,33,28,95,22,29,3,13,78,19,38,24,44,31,27,46,79,56,59,57,17,72,80,50,20,83,102,96,90,21,9,40,69,6,104,41,0,2,52,64,76,36,75,1,51,101,62,91,55,100,66,49,71,43,37,8,86,7,10,18,39,48,67,65,60,4,5,98,53,34,97,87,47,16,30,85,32,88,15,12,35,14,26,11,68,74,94,89,58,42,81,54,99,105,63,84,93,61,103,70,77,73
14,19,23,16,22,29,3,100,105,69,13,37,12,55,30,25,57,60,43,78,88,7,65,72,17,51,21,41,4,26,40,50,64,79,34,71,104,103,95,28,94,42,20,86,58,68,14,6,81,97,90,80,67,87,77,32,59,84,101,11,99,46,76,83,96,33,5,31,27,19,53,15,49,61,89,39,38,36,18,9,47,0,2,10,74,8,75,1,24,102,44,35,85,62,52,93,91,54,66,63,48,45,82,70,73,98,56,92
14,20,4,56,25,23,3,73,82,14,22,71,42,1,17,7,81,9,45,36,78,65,34,88,38,24,102,66,92,58,29,26,28,37,40,50,6,30,64,79,86,90,80,67,87,77,12,69,32,59,84,11,99,46,97,76,95,55,83,96,105,104,33,0,8,68,20,49,15,101,18,53,43,19,27,31,5,61,89,39,16,75,41,94,93,85,54,2,52,10,74,13,98,35,70,51,44,57,100,62,103,21,63,91,60,48,72,47
14,21,102,45,24,50,38,71,101,105,61,13,89,35,51,88,22,83,42,66,25,8,17,82,18,48,37,94,93,80,54,96,12,0,2,43,52,10,64,76,11,72,29,59,99,15,6,86,46,90,58,27,73,70,77,41,57,78,7,33,20,79,62,92,104,9,67,65,81,84,32,1,60,4,5,98,53,34,97,87,47,16,30,85,91,63,75,39,3,21,44,26,56,55,40,49,14,28,100,19,31,23,74,103,69,68,95,36
14,22,80,97,62,99,9,23,100,47,90,15,69,28,45,34,13,14,73,64,104,22,38,68,12,52,87,96,3,94,51,76,37,25,20,95,61,50,48,60,10,21,42,2,84,57,77,24,8,30,66,71,78,46,40,16,6,26,35,75,98,0,36,1,58,11,91,39,101,18,53,43,19,27,31,89,70,41,81,32,7,33,92,5,49,56,86,88,74,103,4,67,102,93,17,85,65,82,44,55,79,29,59,72,105,83,54,63
14,23,36,23,16,22,10,94,9,57,60,29,40,3,61,13,78,88,7,65,58,1,72,17,2,51,21,41,4,34,26,28,76,37,25,20,50,6,30,64,79,90,80,67,87,77,12,69,32,59,84,11,99,97,95,83,96,105,104,33,0,47,103,73,46,100,55,86,56,48,14,8,68,49,15,101,18,53,43,19,27,31,5,89,39,38,24,102,74,44,35,85,62,52,93,91,54,66,63,75,45,71,82,70,42,98,81,92
14,24,88,50,22,25,8,17,72,33,92,65,5,3,56,28,78,15,29,26,19,27,74,57,13,14,39,0,41,18,54,43,30,64,79,90,80,67,87,77,12,69,32,59,84,11,99,76,95,83,37,81,52,94,55,2,36,75,1,34,51,66,101,49,62,58,91,104,6,45,98,4,40,7,10,9,21,60,48,47,96,70,102,100,24,42,20,71,38,44,53,93,46,86,82,73,31,23,89,97,105,35,63,61,103,85,16,68
14,25,23,86,22,52,25,56,4,50,26,40,3,61,0,82,84,31,71,46,27,65,81,94,95,100,97,90,59,80,28,79,34,51,66,103,62,99,11,85,72,89,76,45,29,8,93,14,92,5,83,104,67,57,2,42,21,10,60,48,96,87,12,68,7,69,70,64,77,37,9,33,1,36,98,75,35,6,16,15,13,20,58,91,101,18,53,43,19,54,17,73,32,49,39,38,24,74,44,63,78,105,41,47,55,88,102,30
14,26,36,102,61,38,71,105,101,88,89,24,13,50,22,83,42,25,8,17,82,18,48,37,93,54,96,12,94,95,100,97,90,59,80,28,79,34,51,66,103,62,99,0,2,43,52,29,72,11,1,76,64,10,15,6,86,46,58,27,73,70,77,41,57,78,81,7,33,20,92,104,9,67,65,60,4,5,98,53,87,47,16,30,85,32,91,63,75,39,3,21,44,26,56,55,40,49,14,19,31,23,74,45,68,35,84,69
14,27,92,88,1,22,17,82,3,6,91,65,29,13,16,28,62,51,36,26,85,79,72,75,103,37,25,24,7,57,2,42,21,10,60,48,50,52,30,66,86,90,80,67,87,77,12,69,32,59,84,11,99,46,97,76,95,55,83,96,105,104,33,0,8,68,20,49,15,101,18,53,43,19,27,31,5,61,89,71,78,40,63,73,93,9,4,98,56,14,47,39,41,54,64,81,58,94,100,34,38,102,44,70,23,74,45,35
14,28,36,23,16,29,3,10,94,9,57,60,13,78,88,25,7,65,58,1,72,17,2,51,21,4,34,26,28,37,40,50,6,8,20,14,48,46,103,47,0,104,105,76,97,11,84,59,69,12,77,87,67,90,79,64,30,68,49,101,31,5,61,39,38,24,70,83,100,44,35,85,52,91,66,75,45,71,18,53,43,19,54,73,99,32,63,15,62,22,80,41,86,89,102,55,74,95,96,33,93,56,81,27,82,42,98,92
14,29,23,22,10,9,57,60,3,13,88,65,72,17,51,4,34,28,76,37,25,50,30,79,97,99,84,69,77,87,67,80,90,95,94,93,20,85,54,96,12,21,59,2,52,64,55,29,66,71,78,46,40,16,6,26,35,75,98,0,36,1,58,11,91,39,101,18,53,43,19,27,31,61,89,70,41,81,32,7,33,92,5,49,83,105,104,47,103,73,100,86,56,48,14,8,68,15,38,24,102,74,44,62,63,45,82,42
14,30,27,36,23,60,78,31,95,24,1,22,83,42,25,17,59,3,6,46,21,68,77,29,40,16,28,51,50,103,57,26,38,80,54,96,0,72,61,5,4,64,102,74,85,62,93,91,63,75,82,70,90,20,9,13,101,89,41,94,58,100,55,2,30,66,49,71,43,67,37,8,86,65,7,97,10,34,18,53,39,48,88,15,12,35,14,81,19,79,87,69,32,84,11,99,76,105,104,33,44,52,45,73,98,47,56,92
14,31,23,72,8,49,82,83,65,24,97,50,3,5,51,25,87,31,0,29,75,57,42,34,48,21,9,10,104,88,14,26,68,105,85,103,61,84,66,71,92,54,47,17,58,100,6,19,28,40,59,101,11,86,90,67,78,80,44,38,79,60,94,35,1,33,37,77,64,70,2,69,7,46,15,12,76,4,13,20,30,16,98,36,91,39,18,53,43,73,99,32,63,62,22,41,89,102,55,74,95,96,93,56,81,27,45,52
14,32,23,29,72,85,54,83,82,80,47,62,105,28,45,34,13,14,73,64,104,22,38,68,12,52,87,96,3,94,51,76,37,25,20,95,61,50,48,60,10,21,42,2,84,57,77,24,8,30,66,71,78,46,40,16,6,26,35,75,98,0,36,1,58,11,91,39,101,18,53,43,19,27,31,89,70,41,81,32,7,33,92,5,49,56,86,88,74,103,4,67,102,93,17,9,55,65,15,44,79,97,100,99,59,63,90,69
14,33,4,56,25,23,3,82,14,22,42,1,7,81,9,45,36,65,34,88,38,24,102,92,58,29,26,28,37,40,50,6,64,79,86,90,80,67,87,77,12,69,59,84,11,99,46,97,76,95,55,83,96,105,104,33,0,8,68,20,15,27,31,5,61,89,39,16,75,41,94,93,85,2,52,10,74,13,98,35,70,51,101,18,53,43,19,54,17,73,49,30,66,71,78,32,44,57,100,62,103,21,63,91,60,48,72,47
14,34,24,72,28,65,3,57,42,10,60,23,38,44,4,74,63,17,82,37,94,93,85,54,21,2,52,29,66,71,78,40,16,26,25,20,50,6,30,64,79,90,80,67,87,77,12,69,32,59,84,11,99,97,95,83,96,105,104,33,0,47,103,73,46,100,55,86,56,48,14,8,68,49,15,101,18,53,43,19,27,31,5,89,35,75,98,36,1,58,91,39,61,70,41,81,7,92,88,13,76,51,62,22,45,102,9,34
14,35,23,6,4,22,9,60,43,13,92,31,100,28,83,5,3,94,51,76,37,25,95,30,104,10,29,57,88,7,65,72,17,2,21,97,19,86,99,96,80,27,34,12,26,87,55,81,46,41,33,0,105,85,103,61,64,79,90,67,77,69,59,84,66,71,78,40,16,35,98,36,1,58,11,91,39,101,18,53,8,68,20,49,15,38,24,102,74,44,89,62,52,93,54,63,48,75,45,82,70,73,42,47,14,56,32,50
14,36,23,45,28,95,26,3,13,19,68,49,38,24,44,22,83,42,66,25,17,82,94,93,80,54,96,0,2,52,64,76,11,72,29,59,99,6,46,90,58,27,73,70,77,41,57,78,33,20,79,62,92,104,9,81,84,32,1,60,4,5,98,31,71,87,56,50,43,67,37,8,86,65,7,97,10,34,18,53,39,48,88,15,12,102,21,40,69,47,74,36,75,51,101,91,30,55,100,89,105,35,63,61,103,85,16,14
14,37,36,102,61,38,71,105,49,101,88,91,51,89,95,40,24,13,50,22,83,42,66,25,8,17,82,39,18,48,3,37,75,94,93,80,54,96,12,0,2,43,52,10,64,76,1,11,85,72,29,21,59,99,15,6,86,46,90,58,27,73,70,77,41,57,78,81,32,7,33,20,79,62,92,104,9,55,67,65,60,30,44,4,5,98,56,53,34,97,87,47,16,14,28,100,63,19,31,23,26,74,103,45,68,35,84,69
14,38,44,23,34,56,95,72,92,31,100,28,59,79,67,45,83,5,93,14,104,47,103,3,94,51,25,24,57,84,42,21,10,60,48,50,96,87,68,8,66,71,78,40,16,6,26,35,75,98,0,36,1,58,11,39,101,18,53,43,19,54,17,73,9,52,37,77,64,70,2,69,7,46,15,12,76,4,13,20,30,85,32,91,63,99,97,61,62,105,22,80,41,86,89,102,55,74,65,33,90,88,29,81,27,38,49,82
14,39,44,95,72,28,20,23,34,56,100,24,25,76,51,3,103,47,85,59,5,83,104,67,31,14,84,42,21,10,60,48,6,26,75,79,81,50,57,90,27,11,99,94,92,86,102,88,82,61,89,33,29,93,45,9,52,37,77,64,70,2,69,7,46,96,87,12,68,8,40,16,35,98,0,36,1,58,91,39,101,18,53,43,19,54,17,73,49,30,66,71,78,32,63,97,4,15,62,105,22,80,41,55,74,65,13,38
14,40,92,82,23,25,45,33,28,95,22,29,26,3,12,13,78,19,68,49,65,88,38,24,44,32,31,27,71,46,87,34,79,53,56,98,5,4,15,59,102,96,60,90,21,7,40,69,6,104,43,52,39,89,57,17,72,54,80,50,41,20,42,100,83,36,18,9,47,11,0,2,10,64,74,8,76,75,1,51,66,101,62,91,30,55,94,48,58,81,97,37,99,105,35,63,84,93,61,103,85,86,16,14,67,70,77,73
14,41,92,82,45,33,28,95,22,29,20,23,34,56,70,100,7,77,24,25,37,76,51,94,26,3,12,13,78,19,68,49,65,88,38,44,32,31,27,71,46,87,79,53,98,5,4,15,59,102,96,60,90,21,40,69,6,104,43,52,39,89,57,17,72,54,80,50,41,42,83,36,18,9,47,11,0,2,10,64,74,8,75,1,66,101,62,91,30,55,48,58,81,97,99,105,35,63,84,93,61,103,85,86,16,14,67,73
14,42,24,72,28,65,104,83,47,3,57,42,10,60,50,23,97,38,44,77,4,74,68,25,80,15,30,63,105,8,17,82,48,37,94,93,20,85,54,96,12,21,59,2,52,64,55,29,66,71,78,46,40,16,6,26,35,75,98,0,36,1,58,11,91,39,101,18,53,43,19,27,31,61,89,70,41,81,32,7,33,92,5,49,56,86,88,67,99,13,90,76,51,62,14,69,79,22,73,45,84,102,100,9,34,95,103,87
14,43,67,70,45,9,28,72,5,82,92,85,34,44,100,83,93,49,64,79,3,94,51,37,25,24,7,57,2,42,21,10,40,50,6,8,20,14,48,56,86,55,46,73,103,47,0,33,104,105,96,95,76,97,99,11,84,59,32,69,12,77,60,87,52,68,30,66,71,78,16,26,35,75,98,36,1,58,91,39,101,18,53,43,19,54,17,63,61,4,15,62,22,80,41,89,102,74,65,13,90,88,29,81,27,38,23,31
14,44,36,18,27,16,23,38,9,60,43,13,92,31,100,64,28,69,59,79,67,45,85,83,5,93,47,103,3,94,51,76,37,25,20,95,61,30,104,10,29,75,57,78,88,7,65,58,1,72,17,2,21,41,4,34,26,40,50,6,19,86,90,80,87,77,12,32,84,101,11,99,46,97,55,96,105,33,0,8,68,49,15,39,24,102,74,44,35,53,62,52,91,66,63,48,71,82,70,54,81,89,14,22,73,42,98,56
14,45,85,63,67,95,56,32,26,33,23,78,12,3,29,61,86,65,15,22,84,19,49,14,38,66,73,82,44,53,77,92,5,4,74,70,31,71,0,98,68,104,7,25,80,27,46,8,28,76,35,79,36,75,1,51,103,16,62,99,6,45,69,57,91,90,20,9,13,101,47,39,11,41,18,54,43,37,64,97,81,52,42,58,89,48,94,100,55,2,30,34,102,105,40,10,21,60,96,87,83,24,50,88,93,72,17,59
14,46,79,102,40,34,68,30,26,25,23,78,3,74,13,82,31,27,71,46,35,83,8,85,0,96,51,75,38,66,84,16,47,103,100,55,56,48,28,60,89,33,5,29,93,45,9,52,37,77,90,42,24,7,44,20,92,6,67,65,2,81,94,76,1,58,11,91,39,101,18,53,43,19,54,17,73,99,32,63,97,61,4,15,62,105,22,80,41,86,14,57,72,12,69,95,36,64,87,104,10,21,70,88,59,49,50,98
14,47,44,91,89,51,22,19,26,23,3,88,79,74,39,65,54,83,82,61,98,17,67,25,37,80,101,47,12,0,2,52,10,76,46,90,58,43,87,16,24,56,53,64,60,18,49,75,84,95,1,11,85,72,29,21,59,99,15,6,86,27,73,70,77,41,57,78,81,32,7,33,20,62,55,100,31,5,36,34,4,50,8,71,35,104,103,28,94,42,40,68,48,14,97,45,66,105,93,96,38,13,102,92,69,63,30,9
14,48,103,80,22,89,9,51,3,100,42,37,10,12,55,31,30,25,97,34,69,105,76,65,82,61,87,16,56,64,60,84,95,85,72,29,21,59,86,46,90,27,70,77,41,57,78,81,7,79,2,6,26,75,98,0,36,1,58,11,91,101,18,53,43,19,54,17,73,99,32,96,104,33,8,68,20,49,15,39,38,24,102,74,44,35,63,50,94,48,62,83,13,28,47,66,92,14,23,88,71,52,4,40,5,93,45,67
14,49,92,48,23,47,25,5,51,4,28,12,87,13,104,10,82,17,65,46,24,7,97,37,6,30,2,50,26,3,100,21,94,9,57,72,60,29,75,42,31,0,83,8,68,20,49,34,88,38,76,44,105,85,103,61,64,79,67,77,69,84,66,71,78,40,59,101,11,86,90,16,35,98,36,1,58,91,39,18,53,43,19,54,73,99,32,63,15,62,22,80,41,89,102,55,74,95,96,33,93,56,81,27,45,70,52,14
14,50,23,6,90,0,4,22,9,60,43,13,92,31,100,64,28,69,59,79,67,45,85,83,5,93,47,103,3,94,51,76,37,25,20,95,61,30,104,10,29,75,57,78,88,7,65,58,1,72,17,2,21,56,42,24,105,97,63,19,77,101,73,40,86,33,99,36,96,70,91,80,27,66,38,34,18,53,39,48,15,12,35,14,26,11,87,68,74,16,55,81,84,52,46,54,82,41,44,32,102,62,8,49,71,50,98,89
14,51,85,59,9,23,3,76,24,88,38,56,25,93,49,70,57,7,44,83,28,2,42,60,48,96,105,22,37,31,67,103,77,21,18,14,0,94,58,74,34,11,89,98,5,4,30,64,47,51,43,26,52,6,53,79,27,29,92,10,90,81,84,1,45,69,16,100,36,12,50,8,71,35,104,87,68,66,78,46,40,75,91,39,101,19,54,17,73,99,32,63,97,61,15,62,80,41,86,102,55,65,33,13,20,72,95,82
14,52,92,82,23,25,45,33,28,95,22,29,26,3,12,13,78,19,68,49,65,88,38,24,44,32,31,27,71,46,87,34,79,56,98,5,4,15,59,57,17,72,80,50,20,83,102,96,60,90,21,9,7,40,69,6,104,47,11,41,18,0,2,43,52,10,64,74,8,76,36,75,53,39,48,1,51,66,101,62,91,30,55,100,94,89,58,42,81,97,37,54,99,105,35,63,84,93,61,103,85,86,16,14,67,70,77,73
14,53,25,23,3,29,82,22,1,37,83,78,70,46,80,85,52,64,27,77,9,67,65,33,30,56,79,57,87,88,51,84,61,55,100,31,5,34,10,12,4,50,8,71,104,103,95,28,62,94,2,42,40,86,60,68,48,14,81,97,45,7,59,66,21,105,93,36,0,98,75,35,26,6,16,15,76,13,20,58,91,101,18,53,43,19,54,17,73,32,49,39,38,24,74,44,63,96,11,102,92,99,41,90,69,89,72,47
14,54,23,45,28,95,26,3,13,19,68,49,88,38,24,44,22,83,42,66,25,8,17,82,18,48,37,94,93,80,54,96,12,0,2,43,52,10,64,76,11,72,29,59,99,15,6,86,46,90,58,27,73,70,77,41,57,78,7,33,20,79,62,92,104,9,67,65,81,84,32,1,60,4,5,98,31,71,87,34,56,50,102,21,40,69,47,74,36,75,53,39,51,101,91,30,55,100,89,97,105,35,63,61,103,85,16,14
14,55,34,100,3,104,102,45,42,22,31,91,97,38,4,74,68,25,80,26,101,30,63,105,17,82,39,37,93,54,12,0,52,55,67,98,61,43,87,16,24,56,53,64,60,18,49,75,84,95,1,11,85,72,29,21,59,99,15,6,86,46,90,58,27,73,70,77,41,57,78,81,32,7,33,20,79,2,50,44,94,48,62,83,96,13,28,47,66,92,14,23,8,88,71,89,76,35,51,5,10,103,19,40,9,69,36,65
14,56,23,100,13,42,95,31,105,24,8,28,50,69,102,3,37,75,93,0,10,64,85,72,29,59,6,90,58,57,78,32,7,20,92,104,55,67,65,56,30,4,5,98,87,47,40,49,71,83,45,51,97,21,63,1,77,2,101,73,86,33,9,99,36,96,70,91,43,80,60,27,66,38,34,18,53,39,48,88,15,12,35,14,26,11,68,74,16,81,84,52,17,46,54,82,22,41,44,76,89,103,62,94,79,61,25,19
14,57,36,23,16,22,29,3,10,94,9,57,60,13,78,88,7,65,58,1,72,17,2,51,21,41,4,34,26,28,40,76,37,25,20,50,6,30,64,79,90,80,67,87,77,12,69,32,59,84,11,99,97,95,83,96,105,104,33,0,47,103,73,46,100,55,86,56,48,14,8,68,49,15,101,18,53,43,19,27,31,5,61,89,39,38,24,102,74,44,35,85,62,52,93,91,54,66,63,75,45,71,82,70,42,98,81,92
14,58,23,86,22,52,25,56,4,50,26,29,40,3,61,0,82,84,31,71,46,27,65,81,94,95,100,97,90,59,80,28,79,34,51,66,103,62,99,11,92,85,72,89,5,83,104,67,45,14,57,2,42,21,10,60,48,96,87,12,68,8,7,69,70,64,77,37,9,93,33,1,36,98,75,35,6,16,15,76,13,20,58,91,101,18,53,43,19,54,17,73,32,49,39,38,24,74,44,63,78,105,41,47,55,88,102,30
14,59,18,27,36,23,16,22,9,60,43,13,92,31,100,64,28,79,67,45,85,83,5,93,47,103,3,94,90,69,59,51,76,37,25,20,95,61,30,104,10,29,75,57,78,88,7,65,58,1,72,17,2,21,41,4,34,26,40,50,6,19,86,80,87,77,12,32,84,101,11,99,46,97,55,96,105,33,0,8,68,49,15,39,38,24,102,74,44,35,53,89,62,52,91,54,66,63,48,71,82,70,73,42,98,14,56,81
14,60,23,35,13,42,95,31,22,89,24,103,28,50,36,102,26,88,82,39,18,48,3,75,96,12,0,52,1,11,29,21,99,86,7,10,70,9,105,72,8,63,92,15,54,47,4,17,58,2,100,5,87,67,80,90,79,101,59,69,40,37,19,64,30,6,76,78,43,61,60,94,93,85,91,46,27,73,77,41,57,81,32,33,20,62,104,55,65,44,98,56,53,34,97,16,14,49,66,68,38,71,83,74,45,51,84,25
14,61,36,23,16,22,29,3,100,10,94,9,57,60,13,78,88,25,7,65,58,1,72,17,103,2,51,21,41,4,34,26,28,37,40,50,6,30,64,79,86,90,80,67,87,77,12,69,32,59,84,11,99,46,97,76,95,55,83,96,105,104,33,0,8,68,20,49,15,101,18,53,43,19,27,31,5,61,89,39,38,24,102,74,44,35,85,62,52,93,91,54,66,63,48,75,45,71,82,70,73,42,98,47,14,56,81,92
14,62,18,23,16,22,29,3,100,105,69,0,13,37,10,12,36,55,30,25,9,57,60,43,78,88,7,65,1,72,17,51,21,41,4,26,40,50,64,79,34,71,104,103,95,28,94,2,42,20,86,75,58,68,14,6,81,97,90,80,67,87,77,32,59,84,101,11,99,46,76,83,96,33,5,31,27,19,53,15,49,8,61,89,39,38,24,102,74,44,35,85,62,52,93,91,54,66,63,48,45,82,70,73,98,47,56,92
14,63,95,67,56,70,45,20,9,28,72,69,5,59,82,92,85,34,44,14,100,83,93,49,64,79,104,47,103,3,94,51,76,37,25,24,77,7,57,84,2,42,21,10,60,48,50,96,87,52,12,68,8,30,66,71,78,46,40,16,6,26,35,75,98,0,36,1,58,11,91,39,101,18,53,43,19,54,17,73,99,32,63,97,61,4,15,62,105,22,80,41,86,89,102,55,74,65,33,13,90,88,29,81,27,38,23,31
14,64,74,9,96,52,26,71,82,36,23,34,56,14,0,31,45,61,83,5,93,103,51,25,24,66,84,42,21,10,43,48,50,87,41,65,104,95,72,8,92,54,47,17,58,100,6,19,28,40,59,101,11,86,90,67,78,80,44,38,79,60,94,35,1,33,37,77,64,70,2,69,7,46,15,12,76,4,13,20,30,85,32,91,63,75,39,3,16,73,57,29,27,49,99,22,88,62,98,55,68,97,18,105,81,53,102,89
14,65,36,23,25,51,26,46,95,83,66,71,82,42,15,31,28,12,84,79,86,77,76,78,1,103,73,29,27,3,22,88,68,97,18,16,62,99,104,6,45,98,69,57,91,90,9,13,101,14,105,63,47,100,80,54,96,0,2,10,64,11,72,21,59,58,70,41,81,7,33,92,5,87,67,40,37,30,60,94,8,20,49,39,53,43,19,17,32,61,4,102,74,44,35,85,89,52,93,75,24,34,48,50,55,65,38,56
14,66,23,86,22,52,25,56,4,50,26,57,60,13,78,29,40,3,61,0,82,84,31,71,46,27,65,81,94,95,100,97,90,59,80,28,79,34,51,66,103,62,99,11,92,85,72,89,5,83,104,67,45,14,2,42,21,10,48,96,87,12,68,8,7,69,70,64,77,37,9,93,33,1,36,98,75,35,6,16,15,76,20,58,91,101,18,53,43,19,54,17,73,32,49,39,38,24,74,44,63,105,41,47,55,88,102,30
14,67,45,28,95,26,3,13,19,68,49,88,38,24,44,22,83,42,66,25,8,17,18,48,37,94,80,54,96,12,0,2,43,52,10,64,76,11,72,29,59,99,15,6,90,58,27,70,77,41,57,78,7,33,20,79,62,92,104,9,67,65,81,84,32,1,60,4,5,98,71,87,34,56,50,102,21,40,69,47,74,36,75,39,51,101,91,30,55,100,89,97,105,63,61,103,85,16,35,53,93,46,86,82,73,31,23,14
14,68,42,38,26,71,23,83,66,95,97,88,78,3,29,73,65,82,77,15,22,84,31,27,46,28,76,36,1,51,103,16,62,99,104,6,45,69,57,90,9,13,101,14,105,63,47,100,0,2,10,64,11,72,21,58,52,59,81,30,4,5,98,56,79,96,70,91,43,80,93,20,85,54,86,12,41,7,33,92,87,67,40,37,60,94,8,49,39,53,19,17,32,61,102,74,44,35,89,75,24,34,48,50,55,68,18,25
14,69,36,23,22,3,43,78,31,88,25,7,61,30,69,38,100,1,71,54,68,42,96,95,10,41,17,6,105,24,72,101,48,0,65,8,18,67,103,59,104,62,79,81,50,57,90,27,11,99,94,92,86,102,82,89,33,29,93,45,9,52,37,77,64,70,2,46,15,12,76,13,20,85,32,91,63,75,39,21,26,55,60,44,4,5,98,56,53,34,97,87,47,16,14,28,40,49,73,80,66,58,19,74,83,51,35,84
14,70,23,86,22,52,25,56,4,50,26,29,40,3,61,0,82,84,31,71,46,27,65,81,94,95,100,97,90,59,80,28,79,34,51,66,103,62,99,11,85,72,89,5,83,104,67,8,63,92,15,54,45,14,57,2,42,21,10,60,48,96,87,12,68,7,69,70,64,77,37,9,93,33,1,36,98,75,35,6,16,76,13,20,58,91,101,18,53,43,19,17,73,32,49,39,38,24,74,44,78,105,41,47,55,88,102,30
14,71,25,23,78,3,82,71,75,66,16,47,100,56,48,60,42,92,7,65,58,1,72,17,103,2,51,21,41,4,34,26,28,37,40,50,6,30,64,79,86,90,80,67,87,77,12,69,32,59,84,11,99,46,97,76,95,55,83,96,105,104,33,0,8,68,20,49,15,101,18,53,43,19,27,31,5,61,89,39,38,24,102,74,44,35,85,62,52,81,94,29,93,45,9,70,13,91,54,73,63,22,14,57,36,10,88,98
14,72,92,23,45,33,28,95,29,26,3,12,78,19,65,88,38,24,31,27,71,34,79,53,56,98,5,4,15,59,51,76,37,25,20,96,60,90,21,7,40,69,6,104,43,39,89,57,72,80,50,42,100,83,36,18,9,47,0,2,10,64,75,1,66,101,91,30,94,48,58,97,99,105,35,63,93,61,103,85,86,14,11,87,68,74,16,55,13,81,84,52,17,46,54,82,22,41,44,32,102,62,8,49,67,70,77,73
14,73,61,92,88,22,82,59,3,6,65,15,29,13,16,28,5,69,31,26,85,95,79,103,99,37,25,24,77,7,84,21,60,96,87,12,68,71,78,46,40,90,63,73,93,86,27,67,33,104,43,52,39,89,57,17,72,54,80,50,41,20,42,100,83,36,18,9,47,11,0,2,10,64,74,8,76,75,1,51,66,101,62,91,30,55,94,48,58,81,97,4,98,56,53,14,19,49,34,38,102,44,105,70,32,23,45,35
14,74,23,72,8,92,47,4,100,28,49,82,83,17,65,46,24,97,37,50,3,5,51,25,20,30,87,13,31,0,29,75,57,42,2,38,34,48,60,21,9,10,7,6,104,88,12,14,26,68,76,44,105,85,103,61,64,79,90,67,77,69,59,84,66,71,78,40,16,35,98,36,1,58,11,91,39,101,18,53,43,19,54,73,99,32,63,15,62,22,80,41,86,89,102,55,74,95,96,33,93,56,81,27,45,70,52,94
14,75,82,3,68,88,71,53,98,102,96,23,34,56,70,14,0,31,32,45,61,46,83,5,93,103,51,37,25,24,77,7,66,84,42,21,10,43,48,50,87,41,13,65,104,95,72,8,63,92,15,54,47,4,17,58,2,100,6,30,64,19,28,40,12,69,59,101,11,86,90,67,75,76,78,80,44,38,79,60,94,35,85,91,1,33,16,73,57,29,27,49,52,39,89,20,36,18,9,74,62,55,81,97,26,99,105,22
14,76,27,36,23,100,10,9,60,78,31,7,58,48,88,49,89,95,24,1,22,83,42,66,25,8,17,82,59,3,6,30,46,43,21,91,68,77,18,65,75,15,97,2,29,13,40,16,28,62,51,50,101,39,90,63,103,57,26,38,37,41,94,93,20,80,85,54,86,96,12,0,72,61,5,4,34,64,19,79,67,87,69,32,84,11,99,76,55,105,104,33,102,74,44,35,53,52,45,71,70,73,98,47,14,56,81,92
14,77,35,23,68,42,31,22,3,78,1,103,51,21,26,28,6,79,11,64,105,96,83,95,76,46,99,84,69,77,87,80,54,72,17,57,59,4,47,104,0,38,102,74,85,62,93,91,63,75,82,70,90,20,9,13,101,89,41,94,58,100,55,2,30,66,49,71,43,67,37,8,86,65,7,97,10,24,48,18,98,34,36,81,50,53,27,16,92,88,60,61,33,5,29,45,52,15,12,32,39,44,56,40,73,14,19,25
14,78,79,78,23,52,25,56,4,50,26,29,40,3,61,0,82,84,31,71,46,28,35,83,42,24,5,93,7,96,44,20,92,77,6,67,2,45,81,66,94,97,76,8,14,9,75,57,72,85,60,12,47,69,95,16,37,100,64,103,87,104,51,10,105,21,48,68,98,36,1,58,11,91,39,101,18,53,41,32,33,62,65,43,19,54,17,73,99,63,15,22,80,86,89,102,55,74,13,90,34,27,49,70,88,38,30,59
14,79,92,82,23,38,80,83,25,102,46,93,31,79,45,3,61,33,17,28,78,96,72,99,95,29,63,21,59,19,24,27,6,103,57,90,20,9,13,49,71,86,7,67,65,60,4,5,98,34,87,16,85,32,88,15,104,47,11,41,18,0,2,43,52,10,64,74,8,76,36,75,53,39,48,1,51,66,101,62,91,30,55,100,94,89,58,42,81,97,37,54,12,35,14,26,68,84,22,70,69,105,77,73,56,40,44,50
14,80,23,6,90,0,4,27,36,16,22,29,3,78,1,103,51,21,26,28,79,11,64,105,96,83,95,76,46,99,84,69,77,87,80,54,72,17,57,59,47,104,38,102,74,85,62,93,91,63,75,82,70,20,9,13,101,89,41,94,58,100,55,2,30,66,49,71,43,67,37,8,86,65,7,97,10,34,18,53,39,48,88,15,12,35,14,81,32,33,31,5,61,56,92,40,19,60,24,44,50,68,25,45,98,52,73,42
14,81,74,9,96,52,26,71,82,36,20,23,34,56,70,0,31,32,61,46,83,5,93,103,51,37,25,24,77,7,66,84,42,21,10,43,48,50,87,41,13,65,104,95,72,8,63,67,45,14,57,2,92,15,54,47,4,17,58,100,6,30,64,19,28,40,12,69,59,101,11,86,90,75,76,78,80,44,38,79,60,94,35,85,91,1,33,16,73,29,27,49,3,99,22,88,62,98,55,68,97,18,105,81,53,102,39,89
14,82,92,48,23,47,25,7,37,3,100,94,97,9,72,4,41,21,51,2,103,17,68,8,83,0,57,10,104,30,13,87,12,26,28,40,50,6,64,79,86,90,80,67,20,49,65,34,88,76,105,77,69,59,84,66,71,78,46,16,1,58,11,91,101,18,53,19,27,31,5,61,89,39,38,24,102,74,44,35,82,42,52,36,93,75,45,60,33,32,98,85,29,62,54,43,73,99,63,15,22,55,95,96,56,81,70,14
14,83,23,52,25,26,29,3,0,82,31,46,28,83,42,24,93,96,44,2,45,66,94,76,8,14,72,12,95,37,64,10,48,68,11,18,53,43,19,54,17,73,15,6,90,58,27,70,77,41,57,78,7,33,20,79,62,92,104,9,67,65,81,84,32,1,60,4,5,98,71,87,34,56,50,102,21,40,69,47,74,36,75,39,51,101,91,30,55,100,89,97,105,63,61,103,85,16,35,99,22,80,86,13,49,88,38,59
14,84,18,23,16,22,29,3,100,105,0,13,37,10,12,36,55,30,25,9,57,60,43,78,88,7,65,1,72,17,51,21,4,26,40,50,64,79,34,71,104,103,95,28,94,2,42,20,86,75,58,68,14,6,81,97,80,67,87,77,32,59,84,101,11,46,76,83,96,33,5,31,27,19,53,15,49,8,61,39,38,24,102,74,44,35,85,62,52,93,91,54,66,63,48,45,82,70,73,98,92,99,41,90,69,89,47,56
14,85,23,56,5,93,28,104,82,65,97,30,100,72,29,31,83,49,34,88,38,47,103,3,94,51,25,24,57,84,42,21,10,60,48,50,96,87,68,8,66,71,78,40,16,6,26,35,75,98,0,36,1,58,11,39,101,18,53,43,19,54,17,73,9,52,37,77,64,70,2,69,7,46,15,12,76,4,13,20,44,105,85,61,86,59,67,79,90,91,92,45,14,95,41,81,32,33,62,99,63,22,80,89,102,55,74,27
14,86,92,48,23,47,25,5,51,4,28,12,87,13,104,10,82,15,65,46,24,7,97,37,17,6,30,2,50,26,3,100,21,94,9,57,72,60,29,75,42,31,0,83,8,68,20,49,34,88,38,76,44,105,85,103,61,64,79,67,77,69,84,66,71,78,40,59,101,11,86,90,16,35,98,36,1,58,91,39,18,53,43,19,54,73,99,32,63,62,22,80,41,89,102,55,74,95,96,33,93,56,81,27,45,70,52,14
14,87,45,28,26,3,49,88,38,24,44,83,42,66,25,94,96,0,2,52,29,59,6,90,27,70,77,78,7,20,79,92,67,81,84,4,5,71,34,56,50,40,76,8,14,9,75,57,72,51,104,87,103,64,100,37,16,95,69,47,12,60,85,10,105,21,48,68,98,36,1,58,11,91,39,101,18,53,41,32,33,62,65,43,19,54,17,73,99,63,15,22,80,86,89,102,55,74,13,30,97,61,35,93,46,82,31,23
14,88,25,23,3,29,22,1,37,83,5,31,100,55,61,84,51,88,87,57,79,56,30,33,65,67,9,77,27,64,52,85,80,46,78,34,10,12,4,50,8,71,104,103,95,28,62,94,2,42,40,86,60,68,48,14,81,97,7,59,66,21,105,93,36,0,75,35,26,6,16,15,76,13,20,58,91,101,18,53,43,19,54,17,32,49,39,38,24,74,44,63,96,11,102,92,99,41,90,69,45,82,70,73,98,47,89,72
14,89,24,35,95,6,42,72,38,105,23,78,25,101,31,96,17,100,19,43,1,11,60,61,89,93,9,29,27,3,22,88,68,97,18,16,77,64,48,0,8,37,46,67,92,103,63,28,82,59,99,104,94,50,39,91,62,47,36,69,85,12,79,81,44,57,26,5,56,40,49,80,53,4,86,2,7,15,76,30,32,75,21,71,51,54,10,58,41,83,98,70,52,102,55,74,65,33,13,90,20,34,84,45,66,73,14,87
14,90,61,92,88,1,22,25,17,82,59,3,6,46,91,15,29,13,16,28,62,51,50,5,36,69,31,77,68,26,85,95,79,72,75,103,99,101,90,63,73,57,93,20,12,27,76,104,9,33,4,98,56,53,14,19,47,39,11,0,41,18,54,64,81,52,42,71,43,67,37,8,86,65,7,97,10,58,89,48,94,100,55,2,30,66,49,34,38,102,80,44,105,40,21,60,96,70,87,83,24,32,23,74,45,35,78,84
14,91,25,23,3,82,22,1,17,7,81,45,36,65,34,88,38,24,102,92,58,29,26,28,37,6,64,79,80,77,69,32,59,84,11,99,97,95,55,83,2,42,21,10,60,48,50,96,87,52,12,68,8,30,66,71,78,46,40,101,90,63,73,93,20,86,27,76,104,9,67,33,4,98,56,53,14,19,47,105,0,49,15,18,43,31,5,61,89,39,16,75,41,94,85,54,74,13,35,70,51,44,57,100,62,103,91,72
14,92,36,23,100,60,78,31,7,58,48,88,49,89,95,24,1,22,83,42,66,25,8,17,82,59,3,6,30,46,43,21,91,68,77,18,65,75,15,97,2,29,13,40,16,28,62,51,50,101,39,90,63,103,57,26,38,37,41,94,93,20,80,85,54,86,96,12,0,72,61,5,4,10,64,81,27,76,104,9,55,67,34,19,79,87,69,32,84,11,99,105,33,102,74,44,35,53,52,45,71,70,73,98,47,14,56,92
14,93,73,82,14,45,28,95,22,29,20,23,34,56,70,100,7,77,24,25,37,76,51,94,26,3,12,13,78,19,68,49,65,88,38,44,32,31,27,71,46,87,79,53,98,5,4,15,59,102,96,60,90,21,40,69,6,104,43,52,39,89,57,17,72,54,80,50,41,83,42,36,18,9,47,11,0,2,10,64,74,8,75,1,16,105,93,66,58,62,99,92,85,86,81,55,67,33,30,97,35,101,84,61,103,63,91,48
14,94,103,80,22,9,51,3,100,42,37,10,12,55,31,25,97,34,105,76,65,82,61,87,16,56,64,60,84,95,85,29,21,86,46,27,70,77,57,78,7,79,2,6,26,75,0,14,92,90,69,36,41,72,17,89,52,59,81,30,4,5,98,1,58,11,91,101,18,53,43,19,54,73,99,32,96,104,33,8,68,20,49,15,39,38,24,102,74,44,35,63,50,94,48,62,83,13,28,47,66,23,88,71,40,93,45,67
14,95,27,36,23,16,22,29,3,78,103,51,26,28,6,79,11,64,105,96,83,95,76,46,99,69,77,80,54,72,17,57,59,47,104,0,38,74,85,62,93,91,63,75,82,70,90,20,9,13,101,89,41,94,58,100,55,2,30,66,49,43,67,37,8,86,65,7,81,84,32,1,60,4,5,98,31,71,87,34,56,50,102,21,40,97,10,18,53,39,48,88,15,12,35,14,33,61,92,19,24,44,68,25,45,52,73,42
14,96,89,51,70,0,22,19,56,23,29,64,72,77,27,88,49,1,74,54,83,18,82,52,61,17,25,37,80,76,24,101,73,46,55,100,31,43,36,10,12,50,8,71,35,103,95,28,94,2,42,40,86,58,68,48,14,57,78,81,7,33,20,79,62,92,104,9,67,65,60,4,5,98,53,34,97,87,47,16,30,85,32,91,63,75,39,3,21,44,26,6,45,59,66,105,93,96,38,13,11,15,102,99,41,90,69,84
14,97,36,102,61,92,71,72,58,105,70,7,73,48,88,49,89,95,24,1,22,83,42,66,25,8,17,82,59,3,6,30,46,43,21,91,68,77,18,65,75,15,97,2,29,13,40,16,28,62,51,50,101,39,90,63,103,57,26,38,37,41,94,93,20,80,85,54,86,96,12,0,52,10,64,81,27,76,104,9,55,67,33,60,44,4,5,98,56,53,79,34,11,87,47,14,100,19,31,32,23,74,45,35,78,99,84,69
14,98,6,26,25,23,3,73,82,14,22,28,75,1,17,7,45,16,37,13,31,40,19,83,8,20,49,78,70,105,93,42,95,18,90,68,46,66,58,36,62,69,104,65,74,43,29,21,59,99,15,92,94,71,39,80,85,54,86,96,12,0,2,52,10,64,81,27,76,77,9,55,67,33,60,30,44,4,5,98,56,53,79,34,97,57,11,87,88,38,24,102,32,35,51,41,100,101,84,61,89,103,63,91,48,72,50,47
14,99,24,36,72,28,19,65,66,88,31,104,83,5,47,3,57,42,10,60,43,50,23,91,97,27,38,1,44,77,92,4,74,71,68,25,80,56,26,6,46,15,101,49,30,63,105,8,17,82,39,18,48,37,75,94,93,20,85,54,86,96,12,21,59,58,70,41,81,7,0,2,52,64,55,29,67,99,11,61,13,98,32,89,90,76,35,51,62,14,78,69,79,22,73,45,84,102,100,9,40,34,95,53,16,103,87,33
14,100,79,102,40,34,68,30,26,25,23,78,3,74,82,31,27,71,35,83,8,85,0,96,51,75,38,66,84,16,47,103,100,55,56,48,28,60,5,90,42,24,44,92,6,67,65,81,94,61,89,33,29,93,45,9,52,37,77,64,70,2,69,7,46,15,12,76,13,20,1,58,11,91,39,101,18,53,43,19,54,17,73,99,32,63,97,4,62,105,22,80,41,86,14,57,72,95,36,87,104,10,21,88,59,49,50,98
14,101,82,3,68,88,71,53,98,102,96,23,34,56,70,0,31,32,45,61,46,83,5,93,103,51,37,25,24,77,7,66,84,42,21,10,43,48,50,87,41,13,65,104,95,72,8,63,67,14,57,2,92,15,54,47,4,17,58,100,6,30,64,19,28,40,12,69,59,101,11,86,90,75,76,78,80,44,38,79,60,94,35,85,91,1,33,16,73,29,27,49,52,39,89,20,36,18,9,74,62,55,81,97,26,99,105,22
14,102,18,27,36,23,16,22,9,60,43,13,92,31,100,64,28,69,59,79,67,83,5,103,3,94,51,76,37,25,95,61,30,10,29,57,78,88,7,65,58,1,72,17,2,21,41,4,34,26,40,50,6,19,86,90,80,87,77,12,32,84,101,11,99,46,97,55,105,0,71,96,104,33,8,68,20,49,15,39,38,24,102,74,44,35,53,85,89,62,52,93,91,54,66,63,48,75,45,82,70,73,98,47,42,14,56,81
14,103,7,56,58,92,1,25,17,41,33,23,78,12,3,61,65,82,77,15,22,84,27,76,35,83,75,99,24,80,5,93,44,69,51,10,105,96,0,18,54,43,37,87,74,57,91,39,90,9,13,89,101,16,47,103,73,2,4,100,31,21,72,34,26,28,40,50,6,30,64,19,86,67,59,11,46,97,95,8,68,38,102,53,85,79,45,94,20,104,29,42,63,36,70,60,66,48,88,14,55,81,52,32,62,49,71,98
14,104,36,23,16,22,3,103,51,21,26,28,105,83,95,69,87,4,47,38,102,8,17,82,18,48,37,94,93,80,54,96,12,0,2,43,52,10,64,76,11,72,29,59,99,15,6,86,46,90,58,27,73,70,77,41,57,78,7,33,20,79,62,92,104,9,67,65,81,84,32,1,60,74,85,91,63,75,13,101,89,100,55,30,66,49,71,97,34,53,39,88,35,14,31,5,61,56,40,19,24,44,50,68,25,45,98,42
14,105,23,16,22,29,3,100,13,34,37,12,25,94,78,88,7,65,103,76,95,33,20,68,82,93,73,70,31,27,71,46,98,5,96,60,51,21,41,4,26,28,40,50,6,64,79,86,90,80,67,87,77,32,59,84,101,11,69,104,43,52,57,17,72,54,42,83,36,18,9,47,0,2,10,74,75,19,53,15,49,8,61,89,39,38,24,102,1,66,62,91,30,55,48,58,81,97,99,105,35,92,85,63,44,56,14,45
14,106,23,13,17,28,82,12,52,10,70,104,4,5,87,99,63,15,65,46,24,7,97,37,6,30,2,50,26,3,100,21,94,9,57,72,60,29,75,42,31,0,83,8,68,20,49,34,88,38,76,44,105,85,103,61,64,86,11,101,59,40,78,71,66,84,69,77,67,79,90,16,35,98,36,1,58,91,39,18,53,43,19,54,73,92,45,14,47,95,51,48,41,81,32,33,62,22,80,89,102,55,74,96,93,56,27,25
14,107,25,61,99,44,51,101,95,55,33,23,78,12,3,97,73,86,2,0,74,13,65,82,54,19,102,42,75,50,57,77,94,84,31,71,9,105,16,64,76,29,72,89,5,83,104,67,45,8,93,14,92,90,69,36,41,17,52,59,81,30,4,98,56,79,96,70,91,43,80,60,27,66,38,34,18,53,39,48,88,15,11,87,47,46,10,7,49,58,1,37,21,28,24,40,6,22,35,103,100,26,32,68,20,85,62,63
14,108,28,9,20,0,31,104,83,5,23,91,81,1,38,27,97,77,4,74,70,47,3,7,57,42,21,10,60,43,50,11,26,41,55,33,13,103,87,17,82,44,66,92,58,29,16,98,22,67,6,79,71,51,56,25,12,40,49,2,100,8,36,45,15,34,39,88,24,76,102,80,32,105,35,53,96,30,48,63,37,54,64,46,84,93,52,62,61,89,85,86,59,75,99,90,101,14,65,78,94,68,73,72,18,95,69,19
14,109,26,25,23,3,29,73,82,22,1,17,16,37,19,83,49,78,70,18,46,39,80,85,54,0,52,64,27,76,77,9,67,65,33,30,44,98,56,79,57,87,88,24,74,32,51,101,84,61,55,100,31,43,5,36,34,10,12,4,50,8,71,35,104,103,95,28,62,94,2,42,20,40,86,75,60,58,68,48,14,6,81,97,45,7,59,66,21,105,93,96,38,13,11,53,15,102,92,99,41,90,69,89,63,91,72,47
14,110,24,68,22,35,95,6,42,72,38,105,23,78,25,101,31,96,17,100,19,43,1,11,97,60,61,89,93,9,77,64,48,0,8,37,46,18,67,92,103,63,28,82,16,59,99,104,94,50,39,91,62,47,36,69,85,12,79,81,44,57,26,5,56,88,40,49,80,53,4,86,3,2,7,15,76,30,32,75,21,71,51,54,10,58,41,83,98,70,52,102,55,74,65,33,13,90,20,34,27,84,45,29,66,73,14,87
14,111,82,23,42,36,83,25,46,79,75,45,4,60,3,28,78,98,104,76,99,95,29,62,6,103,57,91,90,94,55,30,66,71,37,8,65,97,34,20,9,13,105,63,47,17,100,93,80,54,96,0,2,10,64,11,72,21,59,58,70,41,81,32,7,33,56,86,88,92,87,68,49,15,101,18,53,43,19,27,31,5,61,89,39,38,24,102,74,44,35,85,67,40,48,12,14,26,16,84,52,22,69,77,73,51,1,50
14,112,103,63,80,102,22,101,89,9,19,51,0,3,17,100,42,37,10,12,36,55,31,30,25,39,104,97,68,34,69,105,76,65,74,82,61,43,87,16,24,56,53,64,60,18,49,75,84,95,1,11,85,72,29,21,59,99,15,6,86,46,90,58,27,73,70,77,41,57,78,81,32,7,33,20,79,2,50,44,94,48,62,83,96,13,28,47,66,92,14,23,8,88,71,52,4,54,40,5,93,38,98,45,26,35,67,91
14,113,23,35,100,13,42,31,89,8,103,28,50,102,26,48,3,83,82,61,98,17,67,25,37,80,101,47,12,0,2,52,10,76,46,90,58,43,87,16,24,56,53,64,60,18,49,75,84,95,1,11,85,93,96,29,6,27,77,78,7,33,20,79,92,9,55,65,30,44,5,34,40,66,68,38,71,74,45,51,81,94,91,39,19,54,73,99,32,63,97,4,15,62,105,22,41,86,14,57,72,69,36,104,21,70,88,59
14,114,92,82,23,38,80,42,36,83,25,102,46,93,64,31,79,75,45,3,61,33,17,28,78,96,104,0,72,76,99,95,29,62,63,21,59,19,24,27,6,103,57,91,90,20,9,13,101,89,41,94,58,100,55,2,66,49,71,43,37,8,86,7,10,18,39,48,67,65,60,4,5,98,53,34,97,87,47,16,30,85,32,88,15,12,35,14,26,11,68,74,81,84,52,54,22,70,69,105,77,73,56,40,51,44,1,50
14,115,23,52,25,56,5,93,96,4,28,12,87,13,104,10,82,17,65,46,24,7,97,37,6,30,2,50,26,3,100,21,94,9,57,72,60,29,75,42,31,0,83,8,68,20,49,34,88,38,76,44,105,85,103,61,64,86,11,101,59,40,78,71,66,84,69,77,67,79,90,16,35,98,36,1,58,91,39,18,53,43,19,54,73,92,45,14,47,95,51,48,41,81,32,33,62,99,63,15,22,80,89,102,55,74,27,70
14,116,35,23,38,1,71,54,68,42,96,95,10,41,17,31,22,6,105,43,78,24,72,101,48,0,65,8,18,98,67,103,59,104,62,34,47,36,79,81,50,57,90,53,27,16,11,99,94,92,86,102,88,82,28,97,60,61,89,33,5,29,93,45,9,52,37,77,64,70,2,69,7,46,15,12,76,4,13,20,30,85,32,91,63,75,39,3,21,44,26,56,55,40,49,73,80,66,14,58,87,19,25,74,84,83,51,100
14,117,14,23,95,72,31,100,28,59,85,83,5,47,103,3,51,25,84,21,10,60,48,87,30,66,71,78,40,16,26,75,79,50,57,27,99,86,102,88,82,61,89,33,29,93,45,9,52,77,90,42,24,7,44,20,92,6,67,65,2,81,94,76,1,58,11,91,39,101,37,64,70,69,46,15,12,13,98,0,36,18,53,43,19,54,17,73,32,96,104,8,68,49,38,74,35,63,97,4,62,105,22,80,41,55,34,56
14,118,92,23,3,100,10,94,9,57,13,88,25,7,65,72,17,103,2,51,21,41,4,34,26,28,37,40,50,6,30,64,79,86,90,80,67,87,77,12,69,97,76,95,83,96,105,104,0,8,68,20,49,27,31,5,61,38,24,74,44,82,42,52,59,84,66,71,78,46,16,35,98,36,1,58,11,91,39,101,18,53,43,19,54,73,99,32,63,15,62,22,89,102,55,93,75,45,60,33,85,29,14,47,81,48,70,56
14,119,92,82,45,33,95,22,29,20,23,34,56,70,100,7,25,37,76,94,3,12,13,78,68,65,88,44,31,27,71,46,98,5,96,60,51,21,41,4,26,28,40,50,6,64,79,86,90,80,67,87,77,32,59,84,101,11,69,104,43,52,57,17,72,54,42,83,36,18,9,47,0,2,10,74,75,19,53,15,49,8,61,89,39,38,24,102,1,66,62,91,30,55,48,58,81,97,99,105,35,63,93,103,85,16,14,73
14,120,79,102,40,34,68,26,23,78,74,82,31,27,71,35,83,8,85,0,96,38,66,84,16,47,103,100,3,94,51,76,37,25,20,95,61,30,104,10,29,75,57,42,24,105,97,21,63,19,55,56,48,28,60,5,90,44,92,6,67,65,81,89,33,93,45,9,52,77,64,70,2,69,7,46,15,12,13,1,58,11,91,39,101,18,53,43,54,17,73,99,32,4,62,22,80,41,86,14,72,36,87,88,59,49,50,98
14,121,23,22,3,100,105,69,0,13,37,10,12,36,55,30,25,9,88,65,17,51,4,26,40,50,79,34,71,104,103,28,94,76,46,90,58,43,87,16,24,56,53,64,60,18,49,75,84,95,1,11,85,72,29,21,59,99,15,6,86,27,73,70,77,41,57,78,81,32,7,2,42,20,68,14,97,80,67,101,83,96,33,5,31,19,8,61,89,39,38,102,74,44,35,62,52,93,91,54,66,63,48,45,82,98,47,92
14,122,27,36,23,22,29,3,94,60,78,88,25,7,65,58,1,61,41,79,53,56,98,11,35,83,75,99,24,80,5,93,44,69,51,10,105,96,0,18,54,43,37,87,74,57,91,39,90,9,13,89,101,16,47,103,73,2,4,100,31,21,72,34,26,28,40,50,6,30,64,19,86,67,15,81,59,52,17,77,12,32,84,46,97,76,95,55,104,33,8,68,20,49,38,102,85,62,66,63,48,45,71,82,70,42,14,92
14,123,23,3,29,22,16,37,0,56,100,34,71,35,14,10,12,36,55,30,25,94,9,57,60,43,78,88,7,65,58,1,72,17,103,2,51,21,41,4,26,28,40,50,6,64,79,86,90,80,67,87,77,32,59,84,101,11,99,46,97,76,95,83,96,104,33,5,31,27,19,53,15,49,20,68,8,61,89,39,38,24,102,74,42,66,82,18,48,93,54,52,73,70,62,92,81,98,47,85,91,63,75,44,45,105,13,69
14,124,92,48,23,47,25,7,5,37,3,100,94,97,9,72,4,41,21,51,2,103,17,68,8,83,0,31,24,42,57,75,29,10,104,30,13,87,12,60,26,28,40,50,6,64,79,86,90,80,67,20,49,65,34,88,38,76,44,105,85,61,77,69,59,84,66,71,78,46,16,35,98,36,1,58,11,91,39,101,18,53,43,19,54,73,99,32,63,15,62,22,89,102,55,74,95,96,33,93,56,81,27,45,70,52,14,82
14,125,23,16,22,29,3,37,25,1,72,17,26,19,82,83,49,78,70,18,46,39,80,85,54,0,52,64,27,76,77,9,67,65,33,30,44,98,56,79,57,87,88,24,74,32,51,101,84,61,55,100,31,43,5,36,34,10,12,4,50,8,71,35,104,103,95,28,62,94,2,42,20,40,86,75,60,58,68,48,14,6,81,97,45,7,59,66,21,105,93,96,38,13,11,53,15,102,92,99,41,90,69,89,73,47,91,63
15,0,36,102,61,38,71,105,101,88,51,89,95,24,13,50,22,83,42,66,25,8,17,82,18,48,37,94,93,80,54,96,12,0,2,43,52,10,64,76,1,11,72,29,59,99,15,6,86,46,90,58,27,73,70,77,41,57,78,81,7,33,20,79,62,92,104,9,67,65,60,4,5,98,53,34,97,87,47,16,30,85,32,91,63,75,39,3,21,44,26,56,55,40,49,14,28,100,19,31,23,74,103,45,68,35,84,69
15,1,36,102,61,38,71,105,101,88,51,89,95,24,13,50,22,83,42,66,25,8,17,82,18,48,37,94,93,80,54,96,12,0,2,43,52,29,72,11,1,76,64,10,59,99,15,6,86,46,90,58,27,73,70,77,41,57,78,81,7,33,20,79,62,92,104,9,67,65,60,4,5,98,53,34,97,87,47,16,30,85,32,91,63,75,39,3,21,44,26,56,55,40,49,14,28,100,19,31,23,74,103,45,68,35,84,69
15,2,36,23,16,22,29,3,100,10,94,9,57,60,13,78,88,25,7,65,58,1,72,17,103,2,51,21,41,4,34,26,28,37,40,50,6,30,64,79,86,90,80,67,87,77,12,69,32,59,84,11,99,46,97,76,95,55,83,96,105,104,0,101,18,43,19,27,31,5,61,71,42,33,8,68,20,49,15,39,38,24,102,74,44,35,53,85,89,62,52,93,91,54,66,63,48,75,45,82,70,73,98,47,14,56,81,92
15,3,36,102,61,38,71,105,101,88,51,89,95,24,13,50,22,83,42,66,25,8,17,82,18,48,37,94,93,80,54,96,12,0,2,43,52,10,64,76,11,72,29,59,99,15,6,86,46,90,58,27,73,70,77,41,57,78,7,33,20,79,62,92,104,9,67,65,81,84,32,1,60,4,5,98,53,34,97,87,47,16,30,85,91,63,75,39,3,21,44,26,56,55,40,49,14,28,100,19,31,23,74,103,45,68,35,69
15,4,13,22,70,64,15,34,102,5,55,49,80,83,105,38,28,69,92,81,65,3,94,51,37,25,24,77,7,84,2,42,21,95,79,72,75,103,99,101,90,63,73,57,93,20,86,12,27,76,104,9,67,33,4,98,56,53,14,10,60,48,50,96,87,52,68,8,30,66,71,78,46,40,16,6,26,35,0,36,1,58,11,91,39,18,43,19,54,17,32,97,61,85,44,89,82,100,88,47,59,74,29,23,62,45,41,31
15,5,42,38,26,71,23,83,66,95,97,88,56,78,12,3,29,73,86,65,82,77,15,22,84,31,27,46,28,76,79,36,1,51,103,16,62,99,104,6,45,98,69,57,91,90,9,13,101,14,105,63,47,100,80,54,96,0,2,10,64,11,72,21,59,58,70,41,81,7,33,92,5,87,67,40,37,30,60,94,8,20,49,39,53,43,19,17,32,61,4,102,74,44,35,85,89,52,93,75,24,34,48,50,55,68,18,25
15,6,102,53,65,14,47,100,9,33,34,87,45,3,28,104,24,42,7,22,31,84,43,50,23,91,97,27,38,1,81,58,44,77,92,4,74,70,71,25,80,56,59,26,6,46,15,101,49,30,63,105,8,39,48,37,75,41,93,20,85,54,86,96,12,0,2,52,64,55,29,67,99,11,61,13,98,32,89,90,76,35,51,62,5,10,21,88,103,19,40,16,57,83,66,60,69,78,94,68,73,72,18,95,82,17,79,36
15,7,23,59,72,8,92,47,4,100,28,32,56,49,85,61,82,83,17,65,46,24,97,37,98,50,45,3,71,5,51,93,25,20,95,30,87,13,78,55,31,19,0,29,75,57,42,105,63,1,77,2,101,73,86,33,99,36,70,43,80,27,66,38,34,102,96,48,60,90,21,9,10,7,40,69,6,104,91,58,64,62,18,53,39,88,15,12,35,14,26,11,68,74,16,81,84,52,54,22,41,44,76,89,103,94,79,67
15,8,23,35,100,13,42,31,89,24,8,103,28,50,102,26,82,48,3,37,75,93,96,0,52,85,29,6,46,90,27,77,78,7,33,20,79,92,9,55,67,65,60,30,44,5,98,56,34,47,16,40,66,68,38,71,83,74,45,51,2,81,94,76,1,58,11,91,39,101,18,53,43,19,54,17,73,99,32,63,97,61,4,15,62,105,22,80,41,86,14,57,72,12,69,95,36,64,87,104,10,21,70,88,59,49,84,25
15,9,42,38,26,23,83,95,78,3,29,82,77,22,84,46,28,76,79,36,75,1,51,16,62,99,104,4,69,74,105,63,17,93,80,54,96,0,64,11,85,72,21,59,70,27,47,6,103,87,57,91,90,20,9,13,101,89,41,94,58,100,55,2,30,66,49,71,43,67,37,8,86,65,7,97,10,34,18,53,39,48,88,15,12,35,14,81,32,33,31,5,61,56,92,40,19,60,24,44,50,68,25,45,98,52,73,102
15,10,36,23,16,22,3,100,10,94,9,57,13,78,88,25,7,65,58,1,72,17,103,2,51,21,41,4,34,26,28,37,40,50,6,30,64,79,86,90,80,67,87,77,12,69,59,84,11,99,46,97,76,95,83,96,105,104,0,8,68,20,49,15,101,18,53,19,27,31,5,61,89,39,38,24,102,74,44,35,91,43,47,93,54,92,55,32,29,33,60,85,62,52,66,63,48,75,45,71,82,70,73,42,98,14,56,81
15,11,23,36,29,3,22,16,57,9,100,10,92,60,13,78,88,25,7,65,58,1,72,17,103,2,51,21,41,4,34,26,28,37,40,50,6,30,64,79,86,90,80,67,87,77,12,69,32,59,84,11,99,46,97,76,95,55,83,96,105,104,33,0,8,68,20,49,15,101,18,53,43,19,27,31,5,61,89,39,38,24,102,74,44,35,85,62,52,93,91,54,66,63,48,75,45,71,82,70,73,42,98,47,14,56,81,94
15,12,92,23,16,22,3,100,10,94,9,57,13,78,88,25,7,65,58,1,72,17,103,2,51,21,41,4,34,26,28,37,40,50,6,30,64,79,86,90,80,67,87,77,12,69,59,84,11,99,46,97,76,95,83,96,105,104,0,8,68,20,49,15,101,18,53,19,27,31,5,61,89,39,38,24,102,74,44,35,82,42,52,36,93,75,45,60,33,32,98,85,29,62,54,63,14,47,81,91,48,55,66,71,43,70,73,56
15,13,73,82,17,83,78,18,9,33,34,87,45,3,28,104,24,42,7,22,31,84,43,50,23,91,97,27,38,1,81,58,44,77,92,4,74,70,71,25,80,56,59,26,6,46,15,101,49,30,63,105,8,39,48,37,75,41,93,20,85,54,86,96,12,0,2,52,64,55,29,67,99,11,61,13,98,32,89,90,76,35,51,62,5,10,21,88,103,19,40,16,65,79,57,100,36,95,94,60,68,14,66,53,102,69,72,47
15,14,27,36,23,16,22,29,3,78,1,103,51,21,26,28,6,79,11,64,105,96,83,95,76,46,99,84,69,77,87,80,54,72,17,57,59,4,47,104,0,38,102,74,85,62,93,91,63,75,82,70,90,20,9,13,101,89,41,94,58,100,55,2,30,66,49,71,43,67,37,8,86,65,7,97,10,34,18,53,39,48,88,15,12,35,14,81,32,33,31,5,61,56,92,40,19,60,24,44,50,68,25,45,98,52,73,42
15,15,42,38,26,71,23,83,66,95,97,88,56,78,3,29,73,65,82,77,15,22,84,31,27,46,28,76,79,36,1,51,103,16,62,99,104,6,45,98,69,57,91,90,9,13,101,14,105,63,47,100,80,0,2,10,64,11,72,21,59,58,70,93,20,85,54,86,96,12,41,81,7,33,92,5,87,67,40,37,30,60,94,8,49,39,53,43,19,17,32,61,4,102,74,44,35,89,52,75,24,34,48,50,55,68,18,25
15,16,92,82,23,25,45,33,28,95,22,29,3,13,78,19,38,24,44,31,27,46,79,56,59,57,17,72,80,50,20,83,102,96,90,21,9,40,69,6,104,41,0,2,52,64,76,36,75,1,51,101,62,91,55,100,66,49,71,43,37,8,86,7,10,18,39,48,67,65,60,4,5,98,53,34,97,87,47,16,30,85,32,88,15,12,35,14,26,11,68,74,94,89,58,42,81,54,99,105,63,84,93,61,103,70,77,73
15,17,4,56,25,23,3,73,82,14,22,71,42,1,17,7,81,9,45,36,78,65,34,88,38,24,102,66,92,58,29,26,28,37,40,50,6,30,64,79,86,90,80,67,87,77,12,69,32,59,84,11,99,46,97,76,95,55,83,96,105,104,33,0,8,68,20,49,15,101,18,53,43,19,27,31,5,61,89,39,16,75,41,94,93,85,54,2,52,10,74,13,98,35,70,51,44,57,100,62,103,21,63,91,60,48,72,47
15,18,102,45,24,50,38,71,101,105,61,13,89,35,51,88,22,83,42,66,25,8,17,82,18,48,37,94,93,80,54,96,12,0,2,43,52,10,64,76,11,72,29,59,99,15,6,86,46,90,58,27,73,70,77,41,57,78,7,33,20,79,62,92,104,9,67,65,81,84,32,1,60,4,5,98,53,34,97,87,47,16,30,85,91,63,75,39,3,21,44,26,56,55,40,49,14,28,100,19,31,23,74,103,69,68,95,36
15,19,36,23,16,22,10,94,9,57,60,29,40,3,61,13,78,88,7,65,58,1,72,17,2,51,21,41,4,34,26,28,76,37,25,20,50,6,30,64,79,90,80,67,87,77,12,69,32,59,84,11,99,97,95,83,96,105,104,33,0,47,103,73,46,100,55,86,56,48,14,8,68,49,15,101,18,53,43,19,27,31,5,89,39,38,24,102,74,44,35,85,62,52,93,91,54,66,63,75,45,71,82,70,42,98,81,92
15,20,88,50,22,25,8,17,72,33,92,65,5,3,56,28,78,15,29,26,19,27,74,57,13,14,39,0,41,18,54,43,30,64,79,90,80,67,87,77,12,69,32,59,84,11,99,76,95,83,37,81,52,94,55,2,36,75,1,34,51,66,101,49,62,58,91,104,6,45,98,4,40,7,10,9,21,60,48,47,96,70,102,100,24,42,20,71,38,44,53,93,46,86,82,73,31,23,89,97,105,35,63,61,103,85,16,68
15,21,23,86,22,52,25,56,4,50,26,40,3,61,0,82,84,31,71,46,27,65,81,94,95,100,97,90,59,80,28,79,34,51,66,103,62,99,11,85,72,89,76,45,29,8,93,14,92,5,83,104,67,57,2,42,21,10,60,48,96,87,12,68,7,69,70,64,77,37,9,33,1,36,98,75,35,6,16,15,13,20,58,91,101,18,53,43,19,54,17,73,32,49,39,38,24,74,44,63,78,105,41,47,55,88,102,30
15,22,92,88,1,22,17,82,3,6,91,65,29,13,16,28,62,51,36,26,85,79,72,75,103,37,25,24,7,57,2,42,21,10,60,48,50,52,30,66,86,90,80,67,87,77,12,69,32,59,84,11,99,46,97,76,95,55,83,96,105,104,33,0,8,68,20,49,15,101,18,53,43,19,27,31,5,61,89,71,78,40,63,73,93,9,4,98,56,14,47,39,41,54,64,81,58,94,100,34,38,102,44,70,23,74,45,35
15,23,27,36,23,60,78,31,95,24,1,22,83,42,25,17,59,3,6,46,21,68,77,29,40,16,28,51,50,103,57,26,38,80,54,96,0,72,61,5,4,64,102,74,85,62,93,91,63,75,82,70,90,20,9,13,101,89,41,94,58,100,55,2,30,66,49,71,43,67,37,8,86,65,7,97,10,34,18,53,39,48,88,15,12,35,14,81,19,79,87,69,32,84,11,99,76,105,104,33,44,52,45,73,98,47,56,92
15,24,23,72,8,49,82,83,65,24,97,50,3,5,51,25,87,31,0,29,75,57,42,34,48,21,9,10,104,88,14,26,68,105,85,103,61,84,66,71,92,54,47,17,58,100,6,19,28,40,59,101,11,86,90,67,78,80,44,38,79,60,94,35,1,33,37,77,64,70,2,69,7,46,15,12,76,4,13,20,30,16,98,36,91,39,18,53,43,73,99,32,63,62,22,41,89,102,55,74,95,96,93,56,81,27,45,52
15,25,4,56,25,23,3,82,14,22,42,1,7,81,9,45,36,65,34,88,38,24,102,92,58,29,26,28,37,40,50,6,64,79,86,90,80,67,87,77,12,69,59,84,11,99,46,97,76,95,55,83,96,105,104,33,0,8,68,20,15,27,31,5,61,89,39,16,75,41,94,93,85,2,52,10,74,13,98,35,70,51,101,18,53,43,19,54,17,73,49,30,66,71,78,32,44,57,100,62,103,21,63,91,60,48,72,47
15,26,24,72,28,65,3,57,42,10,60,23,38,44,4,74,63,17,82,37,94,93,85,54,21,2,52,29,66,71,78,40,16,26,25,20,50,6,30,64,79,90,80,67,87,77,12,69,32,59,84,11,99,97,95,83,96,105,104,33,0,47,103,73,46,100,55,86,56,48,14,8,68,49,15,101,18,53,43,19,27,31,5,89,35,75,98,36,1,58,91,39,61,70,41,81,7,92,88,13,76,51,62,22,45,102,9,34
15,27,23,6,4,22,9,60,43,13,92,31,100,28,83,5,3,94,51,76,37,25,95,30,104,10,29,57,88,7,65,72,17,2,21,97,19,86,99,96,80,27,34,12,26,87,55,81,46,41,33,0,105,85,103,61,64,79,90,67,77,69,59,84,66,71,78,40,16,35,98,36,1,58,11,91,39,101,18,53,8,68,20,49,15,38,24,102,74,44,89,62,52,93,54,63,48,75,45,82,70,73,42,47,14,56,32,50
15,28,23,45,28,95,26,3,13,19,68,49,38,24,44,22,83,42,66,25,17,82,94,93,80,54,96,0,2,52,64,76,11,72,29,59,99,6,46,90,58,27,73,70,77,41,57,78,33,20,79,62,92,104,9,81,84,32,1,60,4,5,98,31,71,87,56,50,43,67,37,8,86,65,7,97,10,34,18,53,39,48,88,15,12,102,21,40,69,47,74,36,75,51,101,91,30,55,100,89,105,35,63,61,103,85,16,14
15,29,23,16,22,29,3,13,88,65,4,34,28,6,32,59,5,69,31,26,85,95,79,103,99,37,25,24,77,7,84,21,60,96,87,12,68,71,78,46,40,90,63,73,93,86,27,67,33,104,43,52,39,89,57,17,72,54,80,50,41,20,42,100,83,36,18,9,47,11,0,2,10,64,74,8,76,75,1,51,66,101,62,91,30,55,94,48,58,81,97,105,19,61,49,15,38,102,44,35,53,45,82,70,98,14,56,92
15,30,23,82,52,5,99,97,26,3,9,57,29,75,31,0,83,68,49,34,88,105,103,61,24,66,84,42,21,10,43,48,50,87,41,65,104,95,72,8,92,54,47,17,58,100,6,19,28,40,59,101,11,86,90,67,78,80,44,38,79,60,94,35,1,33,37,77,64,70,2,69,7,46,15,12,76,4,13,20,30,85,32,91,63,71,16,98,36,39,18,53,73,45,14,51,81,62,22,89,102,55,74,96,93,56,27,25
15,31,23,22,56,3,0,82,100,90,66,99,89,45,29,92,55,30,25,9,57,60,43,78,88,7,65,1,72,17,51,21,4,26,40,50,64,79,34,71,104,103,95,28,94,2,42,20,86,75,58,68,14,6,81,97,80,67,87,77,32,59,84,101,11,46,76,83,96,33,5,31,27,19,53,15,49,8,61,39,38,24,102,74,44,35,85,62,52,93,10,48,12,69,70,37,36,98,16,13,91,18,54,73,63,105,41,47
15,32,24,95,6,72,23,25,101,17,19,43,1,11,60,61,89,9,29,27,3,22,88,18,16,77,64,0,37,46,67,92,63,82,59,99,39,91,47,69,85,12,79,44,57,26,56,49,80,53,86,2,15,76,30,75,21,51,54,10,58,41,83,98,70,52,102,78,81,32,7,33,20,62,55,100,31,5,36,34,4,50,8,71,35,104,103,28,94,42,40,68,48,14,97,45,66,105,93,96,38,13,74,65,90,84,73,87
15,33,92,23,16,22,3,100,10,94,9,57,13,78,88,25,7,65,58,1,72,17,103,51,21,41,4,2,34,26,28,37,40,50,6,30,64,79,86,90,80,67,87,77,12,69,59,84,11,99,46,97,76,95,83,96,105,104,0,8,68,20,49,15,101,18,53,19,27,31,5,61,89,39,38,24,102,74,44,35,82,42,52,36,93,75,45,60,33,32,98,85,29,62,54,63,14,47,81,91,48,55,66,71,43,70,73,56
15,34,36,23,22,43,78,31,88,25,7,61,30,69,38,100,1,71,54,68,42,96,95,10,41,17,6,105,24,72,101,48,0,65,8,18,67,103,59,104,62,79,81,50,57,90,27,11,99,94,92,86,102,82,89,33,29,93,45,9,52,37,77,64,70,2,46,15,12,76,13,20,60,4,5,98,53,34,97,87,47,85,32,91,63,75,39,3,21,44,26,56,55,40,16,14,28,49,73,80,66,58,19,74,83,51,35,84
15,35,23,86,22,52,25,56,4,50,26,29,40,3,0,82,84,31,71,46,27,65,81,94,95,100,97,90,59,80,28,79,34,51,66,103,62,99,11,92,85,72,5,83,104,67,45,14,57,2,42,21,10,60,48,96,87,12,68,7,69,70,64,77,37,9,93,33,36,98,75,35,6,16,15,76,13,20,58,91,101,8,61,89,39,38,24,102,1,18,53,43,19,54,17,73,32,49,74,44,63,78,105,41,47,55,88,30
15,36,45,28,95,3,13,68,49,88,38,24,44,22,83,42,66,25,8,18,48,37,94,54,96,0,43,52,10,64,76,11,29,59,99,15,27,70,57,65,58,1,72,17,2,21,41,4,34,26,40,50,6,19,86,90,80,87,77,12,32,84,78,7,33,20,79,62,92,104,9,67,81,60,5,98,71,56,102,69,47,74,36,75,39,51,101,91,30,55,100,89,97,105,63,61,103,85,16,35,53,93,46,82,73,31,23,14
15,37,92,22,82,3,29,13,16,60,78,63,73,93,52,57,88,25,7,65,58,1,72,17,103,2,51,21,41,4,34,26,28,37,40,50,6,30,64,79,86,90,80,67,87,77,12,69,32,59,84,11,99,46,97,76,95,55,83,96,105,104,0,101,18,43,19,27,31,5,61,71,42,33,8,68,20,49,15,39,38,24,102,74,44,35,53,85,89,62,54,100,36,9,47,10,75,66,91,94,48,81,98,56,14,70,23,45
15,38,102,53,65,14,47,100,9,33,34,87,45,3,28,104,24,42,7,22,31,43,50,23,91,97,27,38,1,81,58,44,77,92,4,74,70,71,25,80,56,59,26,6,46,15,101,49,30,8,39,48,75,41,20,86,96,12,0,2,52,64,55,29,67,11,13,98,32,89,90,76,51,62,5,10,21,88,19,40,16,57,83,66,60,69,78,94,68,73,37,54,99,105,35,63,84,93,61,103,85,72,18,95,82,17,79,36
15,39,36,102,61,38,71,105,101,88,51,89,95,24,13,50,22,83,42,66,25,8,17,82,18,48,37,94,93,80,54,96,12,0,2,43,52,29,72,11,76,64,10,59,99,15,6,86,46,90,58,27,73,70,77,41,57,78,7,33,20,79,62,92,104,9,67,65,81,84,32,1,60,4,5,98,53,34,97,87,47,16,30,85,91,63,75,39,3,21,44,26,56,55,40,49,14,28,100,19,31,23,74,103,45,68,35,69
15,40,36,23,16,22,29,3,10,94,9,57,60,13,78,88,7,65,58,1,72,17,4,2,51,21,41,34,26,28,40,76,37,25,20,50,6,30,64,79,90,80,67,87,77,12,69,32,59,84,11,99,97,95,83,96,105,104,33,0,47,103,73,46,100,55,86,56,48,14,8,68,49,15,101,18,53,43,19,27,31,5,61,89,39,38,24,102,74,44,35,85,62,52,93,91,54,66,63,75,45,71,82,70,42,98,81,92
15,41,36,61,92,71,72,58,105,7,73,88,95,1,22,83,42,66,25,17,59,3,6,30,46,43,21,77,65,97,2,29,13,40,16,28,51,50,90,103,57,26,37,41,94,80,85,86,96,12,0,10,64,81,27,76,104,9,55,67,33,60,4,5,98,56,79,34,11,87,47,14,100,19,31,91,39,101,18,53,8,68,20,49,15,38,24,102,74,44,89,62,52,93,54,63,48,75,45,82,70,32,23,35,78,99,84,69
15,42,92,48,23,47,25,5,51,4,28,12,87,13,104,10,82,17,65,46,24,7,97,37,6,30,2,50,26,3,100,21,94,9,57,72,60,29,75,42,31,0,83,8,68,20,49,34,88,38,76,44,105,85,103,61,64,79,90,67,77,69,59,84,66,71,78,40,16,35,98,36,1,58,11,91,39,101,18,53,43,19,54,73,99,32,63,15,62,22,80,41,86,89,102,55,74,95,96,33,93,56,81,27,45,70,52,14
15,43,23,25,51,42,83,56,71,26,36,66,46,95,15,31,28,12,84,79,86,77,76,78,1,103,73,29,27,3,22,88,68,97,18,16,62,99,104,6,45,98,69,57,91,90,9,13,101,14,105,63,47,100,80,54,96,0,2,10,64,11,72,21,59,58,70,41,81,7,33,92,5,87,67,40,37,30,60,94,8,20,49,39,53,43,19,17,32,61,4,102,74,44,35,85,89,52,93,75,24,34,48,50,55,65,38,82
15,44,80,97,62,99,9,23,100,47,90,15,69,28,45,34,13,14,73,64,104,22,38,68,12,52,87,96,3,94,51,76,37,25,20,95,61,50,48,60,10,21,42,2,84,57,77,24,8,30,66,71,78,46,40,16,6,26,35,75,98,0,36,1,58,11,91,39,101,18,53,43,19,27,31,89,70,41,81,32,7,33,92,5,49,56,86,88,74,103,4,67,102,93,17,85,65,82,44,55,79,29,59,72,105,83,54,63
15,45,36,102,61,38,71,105,101,88,89,24,13,50,22,83,42,25,8,17,82,18,48,37,93,54,96,12,94,95,100,97,90,59,80,28,79,34,51,66,103,62,99,0,2,43,52,29,72,11,1,76,64,10,15,6,86,46,58,27,73,70,77,41,57,78,81,7,33,20,92,104,9,67,65,60,4,5,98,53,87,47,16,30,85,32,91,63,75,39,3,21,44,26,56,55,40,49,14,19,31,23,74,45,68,35,84,69
15,46,36,23,16,29,3,10,94,9,57,60,13,78,88,25,7,65,58,1,72,17,2,51,21,4,34,26,28,37,40,50,6,8,20,14,48,46,103,47,0,104,105,76,97,11,84,59,69,12,77,87,67,90,79,64,30,68,49,101,31,5,61,39,38,24,70,83,100,44,35,85,52,91,66,75,45,71,18,53,43,19,54,73,99,32,63,15,62,22,80,41,86,89,102,55,74,95,96,33,93,56,81,27,82,42,98,92
15,47,23,22,10,9,57,60,3,13,88,65,72,17,51,4,34,28,76,37,25,50,30,79,97,99,84,69,77,87,67,80,90,95,94,93,20,85,54,96,12,21,59,2,52,64,55,29,66,71,78,46,40,16,6,26,35,75,98,0,36,1,58,11,91,39,101,18,53,43,19,27,31,61,89,70,41,81,32,7,33,92,5,49,83,105,104,47,103,73,100,86,56,48,14,8,68,15,38,24,102,74,44,62,63,45,82,42
15,48,23,29,72,85,54,83,82,80,47,62,105,28,45,34,13,14,73,64,104,22,38,68,12,52,87,96,3,94,51,76,37,25,20,95,61,50,48,60,10,21,42,2,84,57,77,24,8,30,66,71,78,46,40,16,6,26,35,75,98,0,36,1,58,11,91,39,101,18,53,43,19,27,31,89,70,41,81,32,7,33,92,5,49,56,86,88,74,103,4,67,102,93,17,9,55,65,15,44,79,97,100,99,59,63,90,69
15,49,36,18,27,16,23,38,9,60,43,13,92,31,100,64,28,69,59,79,67,45,85,83,5,93,47,103,3,94,51,76,37,25,20,95,61,30,104,10,29,75,57,78,88,7,65,58,1,72,17,2,21,41,4,34,26,40,50,6,19,86,90,80,87,77,12,32,84,101,11,99,46,97,55,96,105,33,0,8,68,49,15,39,24,102,74,44,35,53,62,52,91,66,63,48,71,82,70,54,81,89,14,22,73,42,98,56
15,50,85,63,67,95,56,32,26,33,23,78,12,3,29,61,86,65,15,22,84,19,49,14,38,66,73,82,44,53,77,92,5,4,74,70,31,71,0,98,68,104,7,25,80,27,46,8,28,76,35,79,36,75,1,51,103,16,62,99,6,45,69,57,91,90,20,9,13,101,47,39,11,41,18,54,43,37,64,97,81,52,42,58,89,48,94,100,55,2,30,34,102,105,40,10,21,60,96,87,83,24,50,88,93,72,17,59
15,51,79,102,40,34,68,30,26,25,23,78,3,74,13,82,31,27,71,46,35,83,8,85,0,96,51,75,38,66,84,16,47,103,100,55,56,48,28,60,89,33,5,29,93,45,9,52,37,77,90,42,24,7,44,20,92,6,67,65,2,81,94,76,1,58,11,91,39,101,18,53,43,19,54,17,73,99,32,63,97,61,4,15,62,105,22,80,41,86,14,57,72,12,69,95,36,64,87,104,10,21,70,88,59,49,50,98
15,52,103,80,22,89,9,51,3,100,42,37,10,12,55,31,30,25,97,34,69,105,76,65,82,61,87,16,56,64,60,84,95,85,72,29,21,59,86,46,90,27,70,77,41,57,78,81,7,79,2,6,26,75,98,0,36,1,58,11,91,101,18,53,43,19,54,17,73,99,32,96,104,33,8,68,20,49,15,39,38,24,102,74,44,35,63,50,94,48,62,83,13,28,47,66,92,14,23,88,71,52,4,40,5,93,45,67
15,53,92,48,23,47,25,5,51,4,28,12,87,13,104,10,82,17,65,46,24,7,97,37,6,30,2,50,26,3,100,21,94,9,57,72,60,29,75,42,31,0,83,8,68,20,49,34,88,38,76,44,105,85,103,61,64,79,67,77,69,84,66,71,78,40,59,101,11,86,90,16,35,98,36,1,58,91,39,18,53,43,19,54,73,99,32,63,15,62,22,80,41,89,102,55,74,95,96,33,93,56,81,27,45,70,52,14
15,54,23,6,90,0,4,22,9,60,43,13,92,31,100,64,28,69,59,79,67,45,85,83,5,93,47,103,3,94,51,76,37,25,20,95,61,30,104,10,29,75,57,78,88,7,65,58,1,72,17,2,21,56,42,24,105,97,63,19,77,101,73,40,86,33,99,36,96,70,91,80,27,66,38,34,18,53,39,48,15,12,35,14,26,11,87,68,74,16,55,81,84,52,46,54,82,41,44,32,102,62,8,49,71,50,98,89
15,55,85,59,9,23,3,76,24,88,38,56,25,93,49,70,57,7,44,83,28,2,42,60,48,96,105,22,37,31,67,103,77,21,18,14,0,94,58,74,34,11,89,98,5,4,30,64,47,51,43,26,52,6,53,79,27,29,92,10,90,81,84,1,45,69,16,100,36,12,50,8,71,35,104,87,68,66,78,46,40,75,91,39,101,19,54,17,73,99,32,63,97,61,15,62,80,41,86,102,55,65,33,13,20,72,95,82
15,56,92,82,23,25,45,33,28,95,22,29,26,3,12,13,78,19,68,49,65,88,38,24,44,32,31,27,71,46,87,34,79,56,98,5,4,15,59,57,17,72,80,50,20,83,102,96,60,90,21,9,7,40,69,6,104,47,11,41,18,0,2,43,52,10,64,74,8,76,36,75,53,39,48,1,51,66,101,62,91,30,55,100,94,89,58,42,81,97,37,54,99,105,35,63,84,93,61,103,85,86,16,14,67,70,77,73
15,57,25,23,3,29,82,22,1,37,83,78,70,46,80,85,52,64,27,77,9,67,65,33,30,56,79,57,87,88,51,84,61,55,100,31,5,34,10,12,4,50,8,71,104,103,95,28,62,94,2,42,40,86,60,68,48,14,81,97,45,7,59,66,21,105,93,36,0,98,75,35,26,6,16,15,76,13,20,58,91,101,18,53,43,19,54,17,73,32,49,39,38,24,74,44,63,96,11,102,92,99,41,90,69,89,72,47
15,58,23,45,28,95,26,3,13,19,68,49,88,38,24,44,22,83,42,66,25,8,17,82,18,48,37,94,93,80,54,96,12,0,2,43,52,10,64,76,11,72,29,59,99,15,6,86,46,90,58,27,73,70,77,41,57,78,7,33,20,79,62,92,104,9,67,65,81,84,32,1,60,4,5,98,31,71,87,34,56,50,102,21,40,69,47,74,36,75,53,39,51,101,91,30,55,100,89,97,105,35,63,61,103,85,16,14
15,59,34,100,3,104,102,45,42,22,31,91,97,38,4,74,68,25,80,26,101,30,63,105,17,82,39,37,93,54,12,0,52,55,67,98,61,43,87,16,24,56,53,64,60,18,49,75,84,95,1,11,85,72,29,21,59,99,15,6,86,46,90,58,27,73,70,77,41,57,78,81,32,7,33,20,79,2,50,44,94,48,62,83,96,13,28,47,66,92,14,23,8,88,71,89,76,35,51,5,10,103,19,40,9,69,36,65
15,60,23,100,13,42,95,31,105,24,8,28,50,69,102,3,37,75,93,0,10,64,85,72,29,59,6,90,58,57,78,32,7,20,92,104,55,67,65,56,30,4,5,98,87,47,40,49,71,83,45,51,97,21,63,1,77,2,101,73,86,33,9,99,36,96,70,91,43,80,60,27,66,38,34,18,53,39,48,88,15,12,35,14,26,11,68,74,16,81,84,52,17,46,54,82,22,41,44,76,89,103,62,94,79,61,25,19
15,61,36,23,16,22,29,3,10,94,9,57,60,13,78,88,7,65,58,1,72,17,2,51,21,41,4,34,26,28,40,76,37,25,20,50,6,30,64,79,90,80,67,87,77,12,69,32,59,84,11,99,97,95,83,96,105,104,33,0,47,103,73,46,100,55,86,56,48,14,8,68,49,15,101,18,53,43,19,27,31,5,61,89,39,38,24,102,74,44,35,85,62,52,93,91,54,66,63,75,45,71,82,70,42,98,81,92
15,62,18,27,36,23,16,22,9,60,43,13,92,31,100,64,28,79,67,45,85,83,5,93,47,103,3,94,90,69,59,51,76,37,25,20,95,61,30,104,10,29,75,57,78,88,7,65,58,1,72,17,2,21,41,4,34,26,40,50,6,19,86,80,87,77,12,32,84,101,11,99,46,97,55,96,105,33,0,8,68,49,15,39,38,24,102,74,44,35,53,89,62,52,91,54,66,63,48,71,82,70,73,42,98,14,56,81
15,63,23,35,13,42,95,31,22,89,24,103,28,50,36,102,26,88,82,39,18,48,3,75,96,12,0,52,1,11,29,21,99,86,7,10,70,9,105,72,8,63,92,15,54,47,4,17,58,2,100,5,87,67,80,90,79,101,59,69,40,37,19,64,30,6,76,78,43,61,60,94,93,85,91,46,27,73,77,41,57,81,32,33,20,62,104,55,65,44,98,56,53,34,97,16,14,49,66,68,38,71,83,74,45,51,84,25
15,64,36,23,16,22,29,3,100,10,94,9,57,60,13,78,88,25,7,65,58,1,72,17,103,2,51,21,41,4,34,26,28,37,40,50,6,30,64,79,86,90,80,67,87,77,12,69,32,59,84,11,99,46,97,76,95,55,83,96,105,104,33,0,8,68,20,49,15,101,18,53,43,19,27,31,5,61,89,39,38,24,102,74,44,35,85,62,52,93,91,54,66,63,48,75,45,71,82,70,73,42,98,47,14,56,81,92
15,65,18,23,16,22,29,3,100,105,69,0,13,37,10,12,36,55,30,25,9,57,60,43,78,88,7,65,1,72,17,51,21,41,4,26,40,50,64,79,34,71,104,103,95,28,94,2,42,20,86,75,58,68,14,6,81,97,90,80,67,87,77,32,59,84,101,11,99,46,76,83,96,33,5,31,27,19,53,15,49,8,61,89,39,38,24,102,74,44,35,85,62,52,93,91,54,66,63,48,45,82,70,73,98,47,56,92
15,66,95,67,56,70,45,20,9,28,72,69,5,59,82,92,85,34,44,14,100,83,93,49,64,79,104,47,103,3,94,51,76,37,25,24,77,7,57,84,2,42,21,10,60,48,50,96,87,52,12,68,8,30,66,71,78,46,40,16,6,26,35,75,98,0,36,1,58,11,91,39,101,18,53,43,19,54,17,73,99,32,63,97,61,4,15,62,105,22,80,41,86,89,102,55,74,65,33,13,90,88,29,81,27,38,23,31
15,67,45,28,95,26,3,13,19,68,49,88,38,24,44,22,83,42,66,25,8,17,18,48,37,94,80,54,96,12,0,2,43,52,10,64,76,11,72,29,59,99,15,6,90,58,27,70,77,41,57,78,7,33,20,79,62,92,104,9,67,65,81,84,32,1,60,4,5,98,71,87,34,56,50,102,21,40,69,47,74,36,75,39,51,101,91,30,55,100,89,97,105,63,61,103,85,16,35,53,93,46,86,82,73,31,23,14
15,68,42,38,26,71,23,83,66,95,97,88,78,3,29,73,65,82,77,15,22,84,31,27,46,28,76,36,1,51,103,16,62,99,104,6,45,69,57,90,9,13,101,14,105,63,47,100,0,2,10,64,11,72,21,58,52,59,81,30,4,5,98,56,79,96,70,91,43,80,93,20,85,54,86,12,41,7,33,92,87,67,40,37,60,94,8,49,39,53,19,17,32,61,102,74,44,35,89,75,24,34,48,50,55,68,18,25
15,69,36,23,22,3,43,78,31,88,25,7,61,30,69,38,100,1,71,54,68,42,96,95,10,41,17,6,105,24,72,101,48,0,65,8,18,67,103,59,104,62,79,81,50,57,90,27,11,99,94,92,86,102,82,89,33,29,93,45,9,52,37,77,64,70,2,46,15,12,76,13,20,85,32,91,63,75,39,21,26,55,60,44,4,5,98,56,53,34,97,87,47,16,14,28,40,49,73,80,66,58,19,74,83,51,35,84
15,70,23,86,22,52,25,56,4,50,26,29,40,3,61,0,82,84,31,71,46,27,65,81,94,95,100,97,90,59,80,28,79,34,51,66,103,62,99,11,85,72,89,5,83,104,67,8,63,92,15,54,45,14,57,2,42,21,10,60,48,96,87,12,68,7,69,70,64,77,37,9,93,33,1,36,98,75,35,6,16,76,13,20,58,91,101,18,53,43,19,17,73,32,49,39,38,24,74,44,78,105,41,47,55,88,102,30
15,71,25,23,78,3,82,71,75,66,16,47,100,56,48,60,42,92,7,65,58,1,72,17,103,2,51,21,41,4,34,26,28,37,40,50,6,30,64,79,86,90,80,67,87,77,12,69,32,59,84,11,99,46,97,76,95,55,83,96,105,104,33,0,8,68,20,49,15,101,18,53,43,19,27,31,5,61,89,39,38,24,102,74,44,35,85,62,52,81,94,29,93,45,9,70,13,91,54,73,63,22,14,57,36,10,88,98
15,72,92,23,45,33,28,95,29,26,3,12,78,19,65,88,38,24,31,27,71,34,79,53,56,98,5,4,15,59,51,76,37,25,20,96,60,90,21,7,40,69,6,104,43,39,89,57,72,80,50,42,100,83,36,18,9,47,0,2,10,64,75,1,66,101,91,30,94,48,58,97,99,105,35,63,93,61,103,85,86,14,11,87,68,74,16,55,13,81,84,52,17,46,54,82,22,41,44,32,102,62,8,49,67,70,77,73
15,73,23,72,8,92,47,4,100,28,49,82,83,17,65,46,24,97,37,50,3,5,51,25,20,30,87,13,31,0,29,75,57,42,2,38,34,48,60,21,9,10,7,6,104,88,12,14,26,68,76,44,105,85,103,61,64,79,90,67,77,69,59,84,66,71,78,40,16,35,98,36,1,58,11,91,39,101,18,53,43,19,54,73,99,32,63,15,62,22,80,41,86,89,102,55,74,95,96,33,93,56,81,27,45,70,52,94
15,74,27,36,23,100,10,9,60,78,31,7,58,48,88,49,89,95,24,1,22,83,42,66,25,8,17,82,59,3,6,30,46,43,21,91,68,77,18,65,75,15,97,2,29,13,40,16,28,62,51,50,101,39,90,63,103,57,26,38,37,41,94,93,20,80,85,54,86,96,12,0,72,61,5,4,34,64,19,79,67,87,69,32,84,11,99,76,55,105,104,33,102,74,44,35,53,52,45,71,70,73,98,47,14,56,81,92
15,75,79,78,23,52,25,56,4,50,26,29,40,3,61,0,82,84,31,71,46,28,35,83,42,24,5,93,7,96,44,20,92,77,6,67,2,45,81,66,94,97,76,8,14,9,75,57,72,85,60,12,47,69,95,16,37,100,64,103,87,104,51,10,105,21,48,68,98,36,1,58,11,91,39,101,18,53,41,32,33,62,65,43,19,54,17,73,99,63,15,22,80,86,89,102,55,74,13,90,34,27,49,70,88,38,30,59
15,76,23,6,90,0,4,27,36,16,22,29,3,78,1,103,51,21,26,28,79,11,64,105,96,83,95,76,46,99,84,69,77,87,80,54,72,17,57,59,47,104,38,102,74,85,62,93,91,63,75,82,70,20,9,13,101,89,41,94,58,100,55,2,30,66,49,71,43,67,37,8,86,65,7,97,10,34,18,53,39,48,88,15,12,35,14,81,32,33,31,5,61,56,92,40,19,60,24,44,50,68,25,45,98,52,73,42
15,77,92,48,23,47,25,7,37,3,100,94,97,9,72,4,41,21,51,2,103,17,68,8,83,0,57,10,104,30,13,87,12,26,28,40,50,6,64,79,86,90,80,67,20,49,65,34,88,76,105,77,69,59,84,66,71,78,46,16,1,58,11,91,101,18,53,19,27,31,5,61,89,39,38,24,102,74,44,35,82,42,52,36,93,75,45,60,33,32,98,85,29,62,54,43,73,99,63,15,22,55,95,96,56,81,70,14
15,78,23,52,25,26,29,3,0,82,31,46,28,83,42,24,93,96,44,2,45,66,94,76,8,14,72,12,95,37,64,10,48,68,11,18,53,43,19,54,17,73,15,6,90,58,27,70,77,41,57,78,7,33,20,79,62,92,104,9,67,65,81,84,32,1,60,4,5,98,71,87,34,56,50,102,21,40,69,47,74,36,75,39,51,101,91,30,55,100,89,97,105,63,61,103,85,16,35,99,22,80,86,13,49,88,38,59
15,79,18,23,16,22,29,3,100,105,0,13,37,10,12,36,55,30,25,9,57,60,43,78,88,7,65,1,72,17,51,21,4,26,40,50,64,79,34,71,104,103,95,28,94,2,42,20,86,75,58,68,14,6,81,97,80,67,87,77,32,59,84,101,11,46,76,83,96,33,5,31,27,19,53,15,49,8,61,39,38,24,102,74,44,35,85,62,52,93,91,54,66,63,48,45,82,70,73,98,92,99,41,90,69,89,47,56
15,80,25,23,3,29,22,1,37,83,5,31,100,55,61,84,51,88,87,57,79,56,30,33,65,67,9,77,27,64,52,85,80,46,78,34,10,12,4,50,8,71,104,103,95,28,62,94,2,42,40,86,60,68,48,14,81,97,7,59,66,21,105,93,36,0,75,35,26,6,16,15,76,13,20,58,91,101,18,53,43,19,54,17,32,49,39,38,24,74,44,63,96,11,102,92,99,41,90,69,45,82,70,73,98,47,89,72
15,81,24,35,95,6,42,72,38,105,23,78,25,101,31,96,17,100,19,43,1,11,60,61,89,93,9,29,27,3,22,88,68,97,18,16,77,64,48,0,8,37,46,67,92,103,63,28,82,59,99,104,94,50,39,91,62,47,36,69,85,12,79,81,44,57,26,5,56,40,49,80,53,4,86,2,7,15,76,30,32,75,21,71,51,54,10,58,41,83,98,70,52,102,55,74,65,33,13,90,20,34,84,45,66,73,14,87
15,82,25,23,3,82,22,1,17,7,81,45,36,65,34,88,38,24,102,92,58,29,26,28,37,6,64,79,80,77,69,32,59,84,11,99,97,95,55,83,2,42,21,10,60,48,50,96,87,52,12,68,8,30,66,71,78,46,40,101,90,63,73,93,20,86,27,76,104,9,67,33,4,98,56,53,14,19,47,105,0,49,15,18,43,31,5,61,89,39,16,75,41,94,85,54,74,13,35,70,51,44,57,100,62,103,91,72
15,83,36,23,100,60,78,31,7,58,48,88,49,89,95,24,1,22,83,42,66,25,8,17,82,59,3,6,30,46,43,21,91,68,77,18,65,75,15,97,2,29,13,40,16,28,62,51,50,101,39,90,63,103,57,26,38,37,41,94,93,20,80,85,54,86,96,12,0,72,61,5,4,10,64,81,27,76,104,9,55,67,34,19,79,87,69,32,84,11,99,105,33,102,74,44,35,53,52,45,71,70,73,98,47,14,56,92
15,84,27,36,23,16,22,29,3,78,103,51,26,28,6,79,11,64,105,96,83,95,76,46,99,69,77,80,54,72,17,57,59,47,104,0,38,74,85,62,93,91,63,75,82,70,90,20,9,13,101,89,41,94,58,100,55,2,30,66,49,43,67,37,8,86,65,7,81,84,32,1,60,4,5,98,31,71,87,34,56,50,102,21,40,97,10,18,53,39,48,88,15,12,35,14,33,61,92,19,24,44,68,25,45,52,73,42
15,85,92,82,23,25,45,33,28,95,22,29,26,3,12,13,19,49,65,88,38,24,44,32,31,27,71,46,87,34,79,56,98,5,4,15,59,17,72,80,50,20,102,96,90,21,9,7,6,104,47,11,41,18,0,2,43,52,10,64,74,8,76,36,75,53,39,48,1,51,101,62,91,30,55,100,89,58,42,81,97,37,54,99,105,35,63,84,93,61,40,16,57,83,66,60,69,78,94,68,73,103,85,86,14,67,70,77
15,86,102,45,24,50,38,71,101,105,61,13,89,35,51,88,22,83,42,66,25,8,17,82,18,48,37,94,93,80,54,96,12,0,2,43,52,10,64,76,11,72,29,59,99,15,6,84,86,46,90,58,27,73,70,77,41,57,78,81,7,33,20,79,62,92,104,9,67,65,60,4,5,98,53,34,97,87,32,1,47,16,30,85,91,63,75,39,3,21,44,26,56,55,40,49,14,28,100,19,31,23,74,103,69,68,95,36
15,87,23,100,42,31,89,8,103,28,50,102,3,83,82,61,98,67,25,37,80,47,12,2,52,10,46,90,87,56,64,60,84,95,1,11,85,96,29,27,77,78,33,79,92,9,55,65,30,44,5,34,40,68,48,14,81,97,7,59,66,21,105,93,36,0,75,35,26,6,16,15,76,13,20,58,91,101,18,53,43,19,54,17,32,49,39,38,24,71,74,45,51,94,73,99,63,4,62,22,41,86,57,72,69,104,70,88
15,88,36,23,16,22,29,3,100,10,94,9,57,60,13,78,88,25,7,65,58,1,72,17,103,2,51,21,41,4,34,26,28,37,40,50,6,30,64,79,86,90,80,67,87,77,12,69,32,59,84,11,99,46,97,76,95,55,83,96,105,104,33,0,8,68,20,49,15,101,18,53,43,19,27,31,5,61,89,56,71,35,14,39,38,24,102,74,42,66,82,48,93,54,52,73,70,62,92,81,98,47,85,91,63,75,44,45
15,89,25,23,16,22,3,103,51,21,26,28,105,83,95,69,87,4,47,38,102,8,17,82,18,48,37,94,93,80,54,96,12,0,2,43,52,10,64,76,11,72,29,59,99,15,6,86,46,90,58,27,73,70,77,41,57,78,7,33,20,79,62,92,104,9,67,65,81,84,32,1,60,74,85,91,63,75,13,101,89,100,55,30,45,19,68,49,88,24,44,31,71,34,56,98,5,50,40,36,53,39,66,42,97,35,61,14
15,90,103,22,89,51,3,100,37,55,31,30,25,97,34,82,61,87,16,56,60,84,72,70,41,57,78,7,79,105,93,42,95,18,90,68,46,66,58,36,62,69,104,65,74,43,29,21,59,99,15,92,94,71,39,80,85,54,86,96,12,0,2,52,10,64,81,27,76,77,9,6,26,75,98,1,11,91,101,53,19,17,73,32,33,8,20,49,38,24,102,44,35,63,50,48,83,13,28,47,14,23,88,4,40,5,45,67
15,91,23,16,22,3,100,94,57,13,78,88,25,7,65,72,17,103,51,21,41,4,34,26,28,37,40,50,6,64,79,86,90,80,67,87,77,12,69,59,84,11,46,76,95,96,105,104,68,20,101,27,31,5,44,35,43,93,54,92,32,29,33,60,85,52,42,83,36,18,9,47,0,2,10,74,75,19,53,15,49,8,61,89,39,38,24,102,1,66,62,91,30,55,48,58,81,97,99,63,45,71,82,70,73,98,14,56
15,92,23,6,4,22,9,60,43,13,92,31,100,28,83,5,3,94,51,76,37,25,95,30,104,10,29,57,88,7,65,72,17,2,21,97,19,86,99,96,80,27,34,12,26,87,55,81,46,41,33,0,105,85,103,61,64,79,90,67,77,69,59,84,66,11,91,39,101,18,53,71,78,40,16,35,98,36,1,58,8,68,20,49,15,38,24,102,74,44,89,62,52,93,54,63,48,75,45,82,70,73,42,47,14,56,32,50
15,93,35,23,38,1,71,54,68,42,96,95,10,41,17,31,22,6,43,78,24,72,101,48,65,8,18,103,59,62,34,36,79,81,50,57,90,27,16,11,99,94,92,86,102,88,82,28,97,60,61,89,5,29,93,45,52,37,77,64,70,2,69,7,46,15,12,76,104,9,67,33,4,98,56,53,14,19,47,105,0,13,20,30,85,32,91,63,75,39,3,21,44,26,55,40,49,73,80,66,58,87,25,74,84,83,51,100
15,94,82,23,38,25,102,46,93,31,45,3,61,33,17,78,96,95,29,63,21,19,24,27,6,57,90,20,9,13,49,71,86,59,80,28,79,34,51,66,103,62,99,11,92,85,16,87,98,4,60,65,67,7,104,83,5,89,72,32,88,15,47,41,18,0,2,43,52,10,64,74,8,76,36,75,53,39,48,1,101,91,30,55,100,94,58,42,81,97,37,54,12,35,14,26,68,84,22,70,69,105,77,73,56,40,44,50
15,95,36,23,100,60,78,31,7,48,88,49,89,95,24,1,22,83,42,66,25,8,17,82,59,3,6,30,46,21,68,77,65,75,97,2,29,40,16,28,62,51,50,39,90,63,103,57,26,38,37,41,94,93,80,85,54,86,96,12,0,72,61,5,4,10,64,81,27,76,104,9,55,67,34,79,87,69,32,15,13,20,58,91,101,18,53,43,19,84,11,99,105,33,102,74,44,35,52,45,71,70,73,98,47,14,56,92
15,96,23,3,29,22,16,37,0,56,100,34,71,35,14,10,12,36,55,30,25,94,9,57,60,43,78,88,7,65,58,1,72,17,103,2,51,21,41,4,26,28,40,50,6,64,79,86,90,80,67,87,77,32,59,84,101,11,99,46,97,76,95,83,96,104,33,5,31,27,19,53,15,49,20,68,8,61,89,13,69,105,18,39,38,24,102,74,44,85,62,52,93,91,54,66,63,48,75,45,82,70,73,42,98,47,81,92
15,97,16,82,23,25,45,33,28,95,22,29,26,3,12,13,78,19,68,49,65,88,38,24,44,32,31,27,71,46,87,34,79,56,98,5,4,6,69,40,7,9,21,90,60,96,102,83,20,50,80,72,17,57,59,15,104,47,11,41,18,0,2,43,52,10,64,74,8,76,36,75,53,39,48,1,51,66,101,62,91,30,55,100,103,105,37,94,93,54,99,86,58,73,70,77,92,67,81,84,85,63,89,97,35,14,61,42
15,98,23,56,93,28,104,82,65,97,30,100,72,29,34,88,38,47,103,3,94,51,25,24,57,84,42,21,10,60,48,50,96,87,68,8,66,71,78,40,16,6,26,35,54,17,73,9,52,37,77,64,2,69,46,15,12,75,98,0,36,1,58,11,91,39,101,18,53,43,19,27,31,61,89,70,41,81,32,7,33,92,5,49,83,76,4,13,20,44,105,85,86,59,67,79,90,45,14,95,62,99,63,22,80,102,55,74
15,99,45,28,26,3,49,88,38,24,44,83,42,66,25,94,96,0,2,52,29,59,6,90,27,70,77,7,20,79,92,67,81,84,4,5,34,56,50,76,8,14,9,75,57,72,51,104,87,103,64,100,37,95,69,47,12,60,85,10,105,21,48,68,18,71,78,40,16,35,98,36,1,58,11,91,39,101,53,41,32,33,62,65,43,19,54,17,73,99,63,15,22,80,86,89,102,55,74,13,30,97,61,93,46,82,31,23
15,100,82,23,38,83,25,102,31,45,3,61,17,28,95,63,21,19,24,103,13,49,71,87,16,48,37,94,93,80,54,96,12,0,2,43,52,10,64,76,11,72,29,59,99,15,6,86,46,90,58,27,73,70,77,41,57,78,7,33,20,79,62,92,104,9,67,65,81,84,32,1,60,4,5,98,53,34,97,85,88,47,18,74,8,36,75,39,51,66,101,91,30,55,100,89,42,35,14,26,68,22,69,105,56,40,44,50
15,101,23,8,92,47,4,100,28,32,56,49,85,61,82,83,17,65,46,24,97,37,98,50,45,3,71,5,51,93,25,20,95,30,87,13,78,55,31,19,29,75,57,42,105,63,1,77,101,73,86,33,99,36,43,80,96,0,2,10,64,11,72,21,59,58,70,41,27,66,38,34,102,48,60,90,9,7,40,69,6,104,91,62,18,53,39,88,15,12,35,14,26,68,74,16,81,84,52,54,22,44,76,89,103,94,79,67
15,102,92,45,33,95,68,30,26,25,23,78,3,74,82,31,27,71,35,83,8,85,0,96,51,75,38,66,84,14,86,61,93,63,105,99,37,97,81,58,94,91,62,101,1,76,64,10,2,11,9,18,36,42,20,41,50,80,54,72,17,57,89,39,52,43,104,6,69,40,7,21,90,102,59,15,4,5,98,53,79,34,87,46,32,44,24,88,65,49,19,13,12,29,22,60,28,48,56,55,100,103,47,16,67,70,77,73
15,103,28,9,20,0,31,104,83,5,23,91,81,1,38,27,97,77,4,74,70,47,3,7,57,42,21,10,60,43,50,11,26,41,55,33,13,103,87,17,82,44,66,92,58,29,16,98,22,67,6,79,71,51,56,25,12,40,49,2,100,8,36,45,15,34,39,88,24,76,102,80,32,105,35,53,96,30,48,63,37,54,64,46,84,93,52,62,61,89,85,86,59,75,99,90,101,14,65,78,94,68,73,72,18,95,69,19
15,104,36,23,16,22,3,103,51,21,26,28,105,83,95,69,87,4,47,38,102,8,17,82,18,48,37,94,93,80,54,96,12,0,2,43,52,10,64,76,11,72,29,59,99,15,6,86,46,90,58,27,73,70,77,41,57,78,7,33,20,79,62,92,104,9,67,65,81,84,32,1,60,74,85,91,63,75,13,101,89,100,55,30,66,49,71,97,34,53,39,88,35,14,31,5,61,56,40,19,24,44,50,68,25,45,98,42
15,105,24,36,72,28,19,65,66,88,31,104,83,5,47,3,57,42,10,60,43,50,23,91,97,27,38,1,44,77,92,4,74,71,68,25,80,56,26,6,46,15,101,49,30,63,105,8,17,82,39,18,48,37,75,94,93,20,85,54,86,96,12,21,59,58,70,41,81,7,0,2,52,64,55,29,67,99,11,61,13,98,32,89,90,76,35,51,62,14,78,69,79,22,73,45,84,102,100,9,40,34,95,53,16,103,87,33
15,106,23,16,22,29,3,37,25,1,72,17,26,19,82,83,49,78,70,18,46,39,80,85,54,0,52,64,27,76,77,9,67,65,33,30,44,98,56,79,57,87,88,24,74,32,51,101,84,61,55,100,31,43,5,36,34,10,12,4,50,8,71,35,104,103,95,28,62,94,2,42,20,40,86,75,60,21,6,11,105,96,99,69,59,47,38,102,93,91,63,90,13,89,41,58,66,7,97,53,48,15,14,81,92,68,45,73
15,107,35,23,68,42,31,22,3,78,1,103,51,21,26,28,6,79,11,64,105,96,83,95,76,46,99,84,69,77,87,80,54,72,17,57,59,4,47,104,0,38,102,74,85,62,93,91,63,75,82,70,90,20,9,13,101,89,41,94,58,100,55,2,30,66,49,71,43,67,37,8,86,65,7,97,10,24,48,18,98,34,36,81,50,53,27,16,92,88,60,61,33,5,29,45,52,15,12,32,39,44,56,40,73,14,19,25
15,108,38,26,23,66,88,73,15,22,84,27,56,49,85,61,82,83,17,65,46,24,97,37,98,50,45,3,71,5,51,93,25,20,95,30,87,13,78,55,31,19,0,29,75,57,42,105,63,1,77,2,28,76,36,103,16,62,99,104,6,69,90,9,101,14,47,100,10,64,11,72,21,58,52,59,81,4,79,96,70,91,43,80,54,86,12,41,7,33,92,67,40,60,94,8,39,53,32,102,74,44,35,89,34,48,68,18
15,109,79,102,40,34,68,30,26,25,23,78,3,74,82,31,27,71,35,83,8,85,0,96,51,75,38,66,84,16,47,103,100,55,56,48,28,60,5,90,42,24,44,92,6,67,65,81,94,61,89,33,29,93,45,9,52,37,77,64,70,2,69,7,46,15,12,76,13,20,1,58,11,91,39,101,18,53,43,19,54,17,73,99,32,63,97,4,62,105,22,80,41,86,14,57,72,95,36,87,104,10,21,88,59,49,50,98
15,110,74,9,96,52,26,71,82,36,23,34,56,14,0,31,45,61,83,5,93,103,51,25,24,66,84,42,21,10,43,48,50,87,41,65,104,95,72,8,92,54,47,17,58,100,6,19,28,40,59,101,11,86,90,67,78,80,44,38,79,60,94,35,1,33,37,77,64,70,2,69,7,46,15,12,76,4,13,20,30,85,32,91,63,75,39,3,16,73,57,29,27,49,99,22,88,62,98,55,68,97,18,105,81,53,102,89
15,111,23,13,17,28,82,12,52,10,70,104,4,5,87,99,63,15,65,46,24,7,97,37,6,30,2,50,26,3,100,21,94,9,57,72,60,29,75,42,31,0,83,8,68,20,49,34,88,38,76,44,105,85,103,61,64,86,11,101,59,40,78,71,66,84,69,77,67,79,90,16,35,98,36,1,58,91,39,18,53,43,19,54,73,92,45,14,47,95,51,48,41,81,32,33,62,22,80,89,102,55,74,96,93,56,27,25
15,112,92,23,16,22,29,3,100,10,94,9,57,60,13,78,88,25,7,65,58,1,72,17,103,2,51,21,41,4,34,26,28,37,40,50,6,30,64,79,86,90,80,67,87,77,12,69,32,59,84,11,99,46,97,76,95,55,83,96,105,104,0,101,18,43,19,27,31,5,61,71,42,45,33,38,24,53,56,98,15,20,39,89,36,47,75,66,91,48,35,63,93,85,14,68,74,81,52,54,82,44,102,62,8,49,70,73
15,113,44,91,89,51,22,19,26,23,3,88,79,74,39,65,54,83,82,61,98,17,67,25,37,80,101,47,12,0,2,52,10,76,46,90,58,43,87,16,24,56,53,64,60,18,49,75,84,95,1,11,85,72,29,21,59,99,15,6,86,27,73,70,77,41,57,78,81,32,7,33,20,62,55,100,31,5,36,34,4,50,8,71,35,104,103,28,94,42,40,68,48,14,97,45,66,105,93,96,38,13,102,92,69,63,30,9
15,114,82,3,68,88,71,53,98,102,96,23,34,56,70,14,0,31,32,45,61,46,83,5,93,103,51,36,29,22,16,57,9,100,10,92,60,13,78,25,7,65,58,1,72,17,2,21,41,4,26,28,37,40,50,6,30,64,79,86,90,80,67,87,77,12,69,59,84,11,99,97,76,95,55,105,104,33,8,20,49,15,101,18,43,19,27,89,39,38,24,74,44,35,85,62,52,91,54,66,63,48,75,73,42,47,81,94
15,115,26,25,23,3,29,73,82,22,1,17,16,37,19,83,49,78,70,18,46,39,80,85,54,0,52,64,27,76,77,9,67,65,33,30,44,98,56,79,57,87,88,24,74,32,51,101,84,61,55,100,31,43,5,36,34,10,12,4,50,8,71,35,104,103,95,28,62,94,2,42,20,40,86,75,60,58,68,48,14,6,81,97,45,7,59,66,21,105,93,96,38,13,11,53,15,102,92,99,41,90,69,89,63,91,72,47
15,116,18,27,36,23,16,22,9,60,43,13,92,31,100,64,28,69,59,79,67,83,5,103,3,94,51,76,37,25,95,61,30,10,29,57,78,88,7,65,58,1,72,17,2,21,41,4,34,26,40,50,6,19,86,90,80,87,77,12,32,84,101,11,99,46,97,55,105,0,71,96,104,33,8,68,20,49,15,39,38,24,102,74,44,35,53,85,89,62,52,93,91,54,66,63,48,75,45,82,70,73,98,47,42,14,56,81
15,117,92,82,45,33,95,22,29,23,34,56,70,25,37,76,94,3,12,13,78,68,65,88,44,31,27,71,46,98,5,51,4,26,28,64,79,86,67,59,102,96,60,90,21,7,40,69,6,104,43,52,39,89,57,17,72,54,80,50,41,20,42,100,87,77,32,84,101,11,83,36,18,9,47,0,2,10,74,75,19,53,15,49,8,61,38,24,1,66,62,91,30,55,48,58,81,97,99,105,35,63,93,103,85,16,14,73
15,118,103,63,80,102,22,101,89,9,19,51,0,3,17,100,42,37,10,12,36,55,31,30,25,39,104,97,68,34,69,105,76,65,74,82,61,43,87,16,24,56,53,64,60,18,49,75,84,95,1,11,85,72,29,21,59,99,15,6,86,46,90,58,27,73,70,77,41,57,78,81,32,7,33,20,79,2,50,44,94,48,62,83,96,13,28,47,66,92,14,23,8,88,71,52,4,54,40,5,93,38,98,45,26,35,67,91
15,119,24,68,22,35,95,6,42,72,38,105,23,78,25,101,31,96,17,100,19,43,1,11,97,60,61,89,93,9,77,64,48,0,8,37,46,18,67,92,103,63,28,82,16,59,99,104,94,50,39,91,62,47,36,69,85,12,79,81,44,57,26,5,56,88,40,49,80,53,4,86,3,2,7,15,76,30,32,75,21,71,51,54,10,58,41,83,98,70,52,102,55,74,65,33,13,90,20,34,27,84,45,29,66,73,14,87
15,120,23,35,100,13,42,31,89,8,103,28,50,102,26,48,3,83,82,61,98,17,67,25,37,80,101,47,12,0,2,52,10,76,46,90,58,43,87,16,24,56,53,64,60,18,49,75,84,95,1,11,85,93,96,29,6,27,77,78,7,33,20,79,92,9,55,65,30,44,5,34,40,66,68,38,71,74,45,51,81,94,91,39,19,54,73,99,32,63,97,4,15,62,105,22,41,86,14,57,72,69,36,104,21,70,88,59
15,121,79,102,40,68,30,26,25,23,78,3,74,82,31,27,35,83,85,0,96,51,75,38,84,16,47,103,100,55,56,28,60,5,90,42,24,44,92,6,81,94,61,89,33,29,93,45,9,52,77,64,70,2,69,46,12,76,13,20,1,58,11,91,101,66,49,71,43,67,37,8,86,65,7,97,10,34,18,53,39,48,88,15,19,54,17,73,99,32,63,4,62,105,22,80,41,14,57,72,95,36,87,104,21,59,50,98
15,122,92,23,3,100,10,94,9,57,13,88,25,7,65,72,17,103,2,51,21,41,4,34,26,28,37,40,50,6,30,64,79,86,90,80,67,87,77,12,69,97,76,95,83,96,105,104,0,8,68,20,49,27,31,5,61,38,24,74,44,82,42,52,59,84,66,71,78,46,16,35,98,36,1,58,11,91,39,101,18,53,43,19,54,73,99,32,63,15,62,22,89,102,55,93,75,45,60,33,85,29,14,47,81,48,70,56
15,123,92,82,45,33,95,22,29,20,23,34,56,70,100,7,25,37,76,94,3,12,13,78,68,65,88,44,31,27,71,46,98,5,96,60,51,21,41,4,26,28,40,50,6,64,79,86,90,80,67,87,77,32,59,84,101,11,69,104,43,52,57,17,72,54,42,83,36,18,9,47,0,2,10,74,75,19,53,15,49,8,61,89,39,38,24,102,1,66,62,91,30,55,48,58,81,97,99,105,35,63,93,103,85,16,14,73
15,124,92,48,23,47,25,5,51,4,28,12,87,13,104,10,82,15,65,46,24,7,97,37,17,6,30,2,50,26,3,100,21,94,9,57,72,60,29,75,42,31,0,83,8,68,20,49,34,88,38,76,44,105,85,103,61,64,79,67,77,69,84,66,71,78,40,59,101,11,86,90,16,35,98,36,1,58,91,39,18,53,43,19,54,73,99,32,63,62,22,80,41,89,102,55,74,95,96,33,93,56,81,27,45,70,52,14
15,125,23,16,22,29,3,37,25,1,72,17,26,19,82,83,49,78,70,18,46,39,80,85,54,0,52,64,27,76,77,9,67,65,33,30,44,98,56,79,57,87,88,24,74,32,51,101,84,61,55,100,31,43,5,36,34,10,12,4,50,8,71,35,104,103,95,28,62,94,2,42,20,40,86,75,60,58,68,48,14,6,81,97,45,7,59,66,21,105,93,96,38,13,11,53,15,102,92,99,41,90,69,89,73,47,91,63
