Generation,Solution,FH,t95,RL,TNS,NWSECH,WL
1,0,0.0,1140.0,3409.2074915827648,11.368721732920733,8.0,12318.4619140625
1,1,390.0,1260.0,6349.35112983671,32.98857414901214,107.0,9485.0302734375
1,2,0.0,1140.0,4192.015395443024,18.806236610330874,36.0,10608.5361328125
1,3,0.0,180.0,3381.2984233828856,20.40585574863128,40.0,10239.138671875
1,4,300.0,1620.0,8073.297523036917,31.67103070697453,74.0,9251.912109375
1,5,555.0,1260.0,6122.697864568169,32.46369911925732,7.0,10485.453125
1,6,0.0,1620.0,3309.709051355875,10.39752439895263,6.0,11731.4853515625
1,7,0.0,1140.0,4182.963640126621,21.2735063080219,45.0,9486.6943359375
1,8,345.0,1260.0,6503.289166546728,23.615805760533206,44.0,10127.5166015625
1,9,645.0,1260.0,7133.733011640221,32.63151630564151,78.0,9111.5009765625
1,10,0.0,1320.0,7661.018771364082,34.97738633658653,106.0,9456.904296875
1,11,0.0,1620.0,4272.132111271368,10.19757200666508,6.0,10625.626953125
1,12,0.0,1200.0,3985.663278554008,20.102356581766244,43.0,11029.0703125
1,13,135.0,1590.0,8596.370860956582,36.30564151392526,110.0,9042.5703125
1,14,0.0,1620.0,4008.181088101095,10.629611997143538,8.0,10713.091796875
1,15,300.0,1200.0,4710.636664738644,20.05950964056177,8.0,10835.8583984375
1,16,240.0,1200.0,5034.574408520936,29.300166626993573,82.0,11020.9921875
1,17,240.0,1200.0,5853.21931384002,30.846227088788385,89.0,10104.7109375
1,18,315.0,1260.0,6449.666592465954,23.301594858367057,48.0,10320.7822265625
1,19,0.0,1620.0,7142.282757684698,21.955486788859794,66.0,10601.8916015625
1,20,240.0,1260.0,5933.240189956014,30.0,94.0,9666.4736328125
1,21,840.0,1620.0,7697.44861429404,53.49440609378719,201.0,9512.94140625
1,22,690.0,1260.0,6553.173501504405,38.58367055462985,157.0,9594.49609375
1,23,1200.0,1380.0,9797.627738798768,80.07022137586289,436.0,9541.046875
1,24,585.0,1260.0,6708.223495524282,33.86693644370388,12.0,10773.2744140625
1,25,0.0,1620.0,4151.222693995317,21.63770530825994,54.0,10631.3876953125
1,26,0.0,1200.0,6599.303168822635,23.090930730778386,67.0,10030.41015625
1,27,1230.0,1380.0,10817.383634491189,90.77481552011426,474.0,9540.7109375
1,28,450.0,1620.0,6332.6389514004795,25.019043084979767,48.0,10392.228515625
1,29,360.0,1260.0,6595.495271504421,21.598428945489168,49.0,10771.248046875
1,30,285.0,1260.0,5594.65869354221,31.610330873601523,76.0,11197.2890625
1,31,1290.0,1545.0,12050.29666322803,79.92025708164722,362.0,9203.638671875
1,32,360.0,1620.0,5929.15255870019,21.841228278981195,45.0,10981.2666015625
1,33,165.0,1620.0,7578.152124523732,36.06284218043323,103.0,9697.388671875
1,34,0.0,1320.0,8114.2568994682,34.92382766008093,112.0,9796.283203125
1,35,1365.0,1380.0,11351.864882509908,91.87098309926208,277.0,9537.6533203125
1,36,225.0,1605.0,6484.60510620718,30.02856462746965,93.0,9761.5400390625
1,37,0.0,1620.0,6989.227311637225,24.104975005950966,66.0,10071.82421875
1,38,420.0,1320.0,8607.612381828812,32.25660557010236,66.0,10260.052734375
1,39,345.0,1200.0,5037.265800625824,21.066412758866935,31.0,11576.1220703125
1,40,1320.0,1380.0,10985.297977211463,87.84694120447513,440.0,9523.7890625
1,41,0.0,1590.0,6169.5098535419565,22.355391573434897,66.0,12219.6396484375
1,42,1245.0,1380.0,10467.623426129654,90.71768626517496,398.0,9310.4453125
1,43,1170.0,1380.0,12671.264513055647,76.77814805998572,273.0,9581.1142578125
1,44,255.0,1200.0,5256.423384081131,29.135920019043084,85.0,10139.6064453125
1,45,0.0,1620.0,7358.795296140788,32.60295167817186,104.0,10190.1591796875
1,46,0.0,1260.0,6712.921061620757,23.59438228993097,71.0,11885.01171875
1,47,405.0,1320.0,8601.725726958008,30.48559866698405,65.0,11895.7822265625
1,48,0.0,1620.0,6718.078906732076,31.271125922399428,99.0,10613.595703125
1,49,600.0,1260.0,6385.824501303332,46.95310640323733,179.0,10362.630859375
1,50,435.0,1605.0,8612.387434079095,32.93144489407284,69.0,10503.841796875
1,51,300.0,1470.0,8566.10091483051,30.82837419661985,74.0,10307.3349609375
1,52,225.0,1320.0,8297.56285353837,29.62865984289455,68.0,10705.58984375
1,53,0.0,1260.0,6643.767460523425,32.46369911925732,102.0,11384.552734375
1,54,645.0,1260.0,6840.831752126934,51.53415853368246,198.0,10143.4033203125
1,55,330.0,1260.0,6621.0516589069985,31.32825517733873,87.0,11002.9111328125
1,56,0.0,1620.0,7368.557812245173,31.63175434420376,99.0,10603.607421875
1,57,0.0,1260.0,6870.261715892688,33.17781480599857,105.0,10138.0751953125
1,58,345.0,1260.0,5303.332540513142,30.785527255415378,51.0,11964.08984375
1,59,0.0,1380.0,7396.446064178786,32.810045227326825,105.0,11141.2646484375
1,60,555.0,1260.0,6158.699639577104,45.014282313734824,192.0,10248.0419921875
1,61,930.0,1260.0,7561.152452479683,44.46441323494406,154.0,9983.099609375
1,62,0.0,1545.0,7407.262231141864,30.94620328493216,103.0,11859.3447265625
1,63,0.0,1620.0,6883.703377577156,22.458938348012378,67.0,10928.26953125
1,64,960.0,1605.0,12172.694943846886,79.69531064032373,315.0,9597.296875
1,65,180.0,1620.0,7830.431048452238,31.16400856938824,86.0,10077.212890625
1,66,0.0,1590.0,8384.380847623042,36.98405141632944,138.0,10046.5595703125
1,67,435.0,1260.0,6650.44456836043,33.759819090692694,110.0,10247.2216796875
1,68,240.0,1620.0,7593.831459124493,29.882170911687695,69.0,10472.5771484375
1,69,705.0,1260.0,6679.178648605867,38.45870030945013,151.0,10050.4306640625
1,70,825.0,1260.0,7170.122044089469,45.26065222566056,152.0,10039.302734375
1,71,0.0,1515.0,7693.122209589257,28.37895739109736,73.0,11441.8486328125
1,72,300.0,1200.0,5518.467464324661,31.588907402999286,94.0,10479.4150390625
1,73,0.0,1320.0,7421.566718921638,31.874553677695786,98.0,10462.3154296875
1,74,555.0,1260.0,7034.684501559347,46.30683170673649,213.0,9707.13671875
1,75,300.0,1260.0,5810.06707942839,32.717210188050466,93.0,10832.107421875
1,76,345.0,1605.0,8515.003378565769,35.48797905260652,74.0,11535.390625
1,77,555.0,1260.0,6940.239368212451,35.72006665079743,105.0,11160.5595703125
1,78,240.0,1320.0,7983.9858489166445,38.05879552487503,113.0,10419.1123046875
1,79,0.0,1620.0,7529.04985910517,25.70459414425137,72.0,11279.376953125
1,80,750.0,1260.0,7577.106564082319,49.57748155201143,167.0,10336.732421875
1,81,0.0,1320.0,6793.037715110233,32.756486550821236,103.0,12097.435546875
1,82,180.0,1620.0,8273.992974970917,35.79504879790526,100.0,10674.8701171875
1,83,1260.0,1380.0,10501.086433075921,83.68721732920733,450.0,9719.517578125
1,84,0.0,1620.0,7322.705710633882,33.34206141394906,109.0,10847.650390625
1,85,645.0,1260.0,5984.807122361944,39.06212806474649,118.0,10549.1630859375
1,86,330.0,1260.0,6012.140327340564,33.59914306117591,96.0,11813.458984375
1,87,1230.0,1590.0,11742.471130219486,74.73934777433945,293.0,10041.234375
1,88,0.0,1260.0,6717.427010467285,32.53154010949774,107.0,11549.453125
1,89,960.0,1620.0,11371.13208278029,69.31206855510592,301.0,10041.0830078125
1,90,345.0,1530.0,9308.353389412856,40.62604141870983,115.0,10171.826171875
1,91,555.0,1260.0,6749.851492752835,45.81409188288503,177.0,10385.30859375
1,92,1125.0,1380.0,9598.74521132227,75.8605094025232,436.0,10145.3916015625
1,93,675.0,1260.0,6705.762786778808,48.22780290407046,187.0,10256.3095703125
1,94,750.0,1620.0,6518.102630266275,41.42228040942633,133.0,10804.75390625
1,95,750.0,1260.0,7622.978965659213,52.21970959295406,202.0,10640.1474609375
1,96,1170.0,1380.0,9505.227301805393,77.69935729588194,433.0,10301.298828125
1,97,660.0,1260.0,7385.092605137179,40.75815282075696,113.0,12054.7265625
1,98,285.0,1620.0,8457.594736064093,40.52249464413235,115.0,10797.3828125
1,99,765.0,1620.0,7276.822197760793,52.569626279457275,192.0,10413.6640625
1,100,0.0,1620.0,7991.810462760295,35.448702689835756,113.0,11440.396484375
1,101,1500.0,1620.0,12136.219342955275,99.32635086884075,462.0,10226.626953125
1,102,300.0,1620.0,8277.237940385168,38.76577005474887,113.0,10858.1865234375
1,103,1080.0,1620.0,7927.874522890051,53.88002856462747,181.0,10540.8515625
1,104,780.0,1620.0,11023.536025184945,69.22637467269698,290.0,10244.009765625
1,105,795.0,1260.0,7185.046917935614,54.57629135920019,204.0,10598.30859375
1,106,900.0,1260.0,7576.245304336509,45.32492263746727,139.0,10648.67578125
1,107,0.0,1620.0,8465.133332192187,38.815758152820756,140.0,11159.064453125
1,108,1320.0,1380.0,10560.633541784644,87.79695310640324,467.0,10533.6669921875
1,109,1245.0,1380.0,11359.155858901395,92.86717448226612,464.0,10526.20703125
1,110,780.0,1620.0,7717.300783089335,52.9873839562009,207.0,11288.72265625
1,111,1260.0,1380.0,10349.273087302146,89.26803142109021,448.0,10533.3056640625
1,112,1050.0,1620.0,11066.28215528575,65.32373244465603,307.0,10467.9404296875
1,113,930.0,1620.0,7841.3727196064665,47.26731730540347,160.0,10923.3857421875
1,114,990.0,1620.0,12194.81044998523,78.55629611997144,303.0,10509.228515625
1,115,1470.0,1380.0,12072.429530657013,104.08593192097119,478.0,10416.5244140625
1,116,840.0,1260.0,7423.834273793371,53.42299452511307,188.0,12252.1787109375
1,117,1380.0,1380.0,11206.095183541425,95.32016186622232,424.0,10632.939453125
1,118,960.0,1620.0,11616.02486295283,77.91716258033802,345.0,10244.857421875
1,119,810.0,1620.0,7500.629257438326,54.66912639847655,192.0,11966.7802734375
1,120,1455.0,1620.0,11722.38688837784,102.86836467507736,354.0,10746.021484375
1,121,1140.0,1620.0,12044.708873094258,74.86788859795287,295.0,11267.650390625
1,122,810.0,1620.0,11128.038250023843,71.77219709592954,305.0,11496.240234375
1,123,1590.0,1620.0,12598.055577757494,107.36729350154725,468.0,10273.8916015625
1,124,1335.0,1620.0,11319.210124135268,95.38443227802904,468.0,11436.30078125
1,125,1470.0,1620.0,12039.112199695262,105.14639371578195,485.0,12026.4609375
2,0,0.0,1140.0,3409.2074915827648,11.368721732920733,8.0,12318.4619140625
2,1,0.0,180.0,3381.2984233828856,20.40585574863128,40.0,10239.138671875
2,2,0.0,1620.0,3309.709051355875,10.39752439895263,6.0,11731.4853515625
2,3,0.0,1140.0,4182.963640126621,21.2735063080219,45.0,9486.6943359375
2,4,645.0,1260.0,7133.733011640221,32.63151630564151,78.0,9111.5009765625
2,5,0.0,1320.0,7661.018771364082,34.97738633658653,106.0,9456.904296875
2,6,135.0,1590.0,8596.370860956582,36.30564151392526,110.0,9042.5703125
2,7,210.0,1320.0,7819.35803261562,27.850511782908832,68.0,9273.57421875
2,8,285.0,1200.0,5898.694434977498,22.862413711021187,47.0,9179.8291015625
2,9,0.0,1140.0,3622.613210158373,9.940490359438229,4.0,9673.8857421875
2,10,0.0,600.0,3290.4194485759654,19.302547012616042,43.0,10283.5556640625
2,11,0.0,585.0,3295.7873469663177,20.163056415139252,41.0,10670.00390625
2,12,1140.0,1380.0,9648.196880259182,75.40704594144252,444.0,8918.33984375
2,13,0.0,0.0,3982.1078543784,22.219709592954057,56.0,10570.7783203125
2,14,0.0,600.0,3156.3951821807977,21.037848131397286,44.0,10802.1513671875
2,15,390.0,1260.0,6349.35112983671,32.98857414901214,107.0,9485.0302734375
2,16,0.0,1140.0,4192.015395443024,18.806236610330874,36.0,10608.5361328125
2,17,300.0,1620.0,8073.297523036917,31.67103070697453,74.0,9251.912109375
2,18,555.0,1260.0,6122.697864568169,32.46369911925732,7.0,10485.453125
2,19,345.0,1260.0,6503.289166546728,23.615805760533206,44.0,10127.5166015625
2,20,0.0,1620.0,4272.132111271368,10.19757200666508,6.0,10625.626953125
2,21,0.0,1200.0,3985.663278554008,20.102356581766244,43.0,11029.0703125
2,22,0.0,1620.0,4008.181088101095,10.629611997143538,8.0,10713.091796875
2,23,300.0,1200.0,4710.636664738644,20.05950964056177,8.0,10835.8583984375
2,24,240.0,1200.0,5853.21931384002,30.846227088788385,89.0,10104.7109375
2,25,315.0,1260.0,6449.666592465954,23.301594858367057,48.0,10320.7822265625
2,26,240.0,1260.0,5933.240189956014,30.0,94.0,9666.4736328125
2,27,0.0,1620.0,4151.222693995317,21.63770530825994,54.0,10631.3876953125
2,28,0.0,1200.0,6599.303168822635,23.090930730778386,67.0,10030.41015625
2,29,1290.0,1545.0,12050.29666322803,79.92025708164722,362.0,9203.638671875
2,30,225.0,1605.0,6484.60510620718,30.02856462746965,93.0,9761.5400390625
2,31,0.0,1620.0,6989.227311637225,24.104975005950966,66.0,10071.82421875
2,32,1245.0,1380.0,10467.623426129654,90.71768626517496,398.0,9310.4453125
2,33,255.0,1200.0,5256.423384081131,29.135920019043084,85.0,10139.6064453125
2,34,0.0,1320.0,6531.39136119372,30.564151392525588,97.0,9537.1240234375
2,35,0.0,1260.0,7131.517053235693,26.39014520352297,63.0,9911.6396484375
2,36,0.0,1140.0,3837.855938938572,21.23422994525113,43.0,10795.87109375
2,37,0.0,1140.0,3861.587900531639,22.36253273030231,47.0,10664.9775390625
2,38,0.0,1140.0,3748.9086929658233,19.77386336586527,54.0,10785.521484375
2,39,450.0,1620.0,6054.959928252911,23.858605094025233,40.0,10182.044921875
2,40,315.0,1200.0,5854.937377573568,29.850035705784336,88.0,9880.5673828125
2,41,300.0,1260.0,5636.604223518396,18.863365865270175,26.0,10468.0556640625
2,42,0.0,1620.0,7176.042098831378,25.879552487502977,73.0,9629.3671875
2,43,420.0,1260.0,6026.303036978874,23.326588907403,46.0,10250.7275390625
2,44,405.0,1620.0,6509.276511203276,22.937395858129015,49.0,9545.234375
2,45,660.0,1260.0,6955.82174749116,35.80218995477267,71.0,9679.787109375
2,46,0.0,1140.0,4391.497571631087,20.941442513687218,51.0,10241.521484375
2,47,0.0,1620.0,7472.1009902602245,25.42608902642228,67.0,9797.7275390625
2,48,30.0,1605.0,8407.237665487732,27.82194715543918,78.0,9715.5751953125
2,49,0.0,1620.0,7142.282757684698,21.955486788859794,66.0,10601.8916015625
2,50,840.0,1620.0,7697.44861429404,53.49440609378719,201.0,9512.94140625
2,51,690.0,1260.0,6553.173501504405,38.58367055462985,157.0,9594.49609375
2,52,1200.0,1380.0,9797.627738798768,80.07022137586289,436.0,9541.046875
2,53,585.0,1260.0,6708.223495524282,33.86693644370388,12.0,10773.2744140625
2,54,1230.0,1380.0,10817.383634491189,90.77481552011426,474.0,9540.7109375
2,55,450.0,1620.0,6332.6389514004795,25.019043084979767,48.0,10392.228515625
2,56,360.0,1620.0,5929.15255870019,21.841228278981195,45.0,10981.2666015625
2,57,165.0,1620.0,7578.152124523732,36.06284218043323,103.0,9697.388671875
2,58,0.0,1320.0,8114.2568994682,34.92382766008093,112.0,9796.283203125
2,59,1365.0,1380.0,11351.864882509908,91.87098309926208,277.0,9537.6533203125
2,60,420.0,1320.0,8607.612381828812,32.25660557010236,66.0,10260.052734375
2,61,345.0,1200.0,5037.265800625824,21.066412758866935,31.0,11576.1220703125
2,62,1320.0,1380.0,10985.297977211463,87.84694120447513,440.0,9523.7890625
2,63,1170.0,1380.0,12671.264513055647,76.77814805998572,273.0,9581.1142578125
2,64,300.0,1470.0,8566.10091483051,30.82837419661985,74.0,10307.3349609375
2,65,225.0,1320.0,8297.56285353837,29.62865984289455,68.0,10705.58984375
2,66,645.0,1260.0,6840.831752126934,51.53415853368246,198.0,10143.4033203125
2,67,0.0,1260.0,6870.261715892688,33.17781480599857,105.0,10138.0751953125
2,68,555.0,1260.0,6158.699639577104,45.014282313734824,192.0,10248.0419921875
2,69,930.0,1260.0,7561.152452479683,44.46441323494406,154.0,9983.099609375
2,70,435.0,1260.0,6650.44456836043,33.759819090692694,110.0,10247.2216796875
2,71,705.0,1260.0,6679.178648605867,38.45870030945013,151.0,10050.4306640625
2,72,825.0,1260.0,7170.122044089469,45.26065222566056,152.0,10039.302734375
2,73,300.0,1200.0,5518.467464324661,31.588907402999286,94.0,10479.4150390625
2,74,0.0,1320.0,7421.566718921638,31.874553677695786,98.0,10462.3154296875
2,75,555.0,1260.0,7034.684501559347,46.30683170673649,213.0,9707.13671875
2,76,240.0,1320.0,7555.193116894316,29.071649607236374,66.0,10347.43359375
2,77,240.0,1590.0,8277.442932291557,28.771721018805046,68.0,10417.638671875
2,78,270.0,1260.0,5793.615381119265,31.99238276600809,94.0,10358.1474609375
2,79,0.0,1140.0,3781.151205292627,23.08736015234468,62.0,12536.40234375
2,80,165.0,1620.0,7569.39850297359,35.92716019995239,102.0,9798.4052734375
2,81,570.0,1620.0,9178.755954140595,35.816472268507496,68.0,10144.3505859375
2,82,0.0,1620.0,7816.8398723842465,25.701023565817664,71.0,10278.91796875
2,83,0.0,1140.0,4311.446609807755,19.727445846227088,47.0,10706.9208984375
2,84,0.0,1200.0,4241.261796955521,21.773387288740775,56.0,10984.513671875
2,85,0.0,1620.0,6703.188119488037,30.989050226136634,98.0,10313.107421875
2,86,0.0,1320.0,7701.956428309726,34.81671030706975,103.0,10333.4189453125
2,87,0.0,1605.0,4382.451762798911,20.409426327064985,52.0,10705.7001953125
2,88,0.0,1620.0,7055.357596547607,25.251130683170672,72.0,10052.400390625
2,89,300.0,1260.0,5508.27165559218,29.50368959771483,80.0,10250.818359375
2,90,0.0,1620.0,6699.573093930428,23.25874791716258,65.0,10477.7763671875
2,91,825.0,1620.0,7066.650226740651,52.9302547012616,195.0,9517.685546875
2,92,180.0,1320.0,7502.198235297971,36.71625803380147,102.0,10339.310546875
2,93,690.0,1260.0,6534.218622261788,49.33825279695311,189.0,10136.41015625
2,94,255.0,1605.0,8016.46456267396,31.221137824327542,75.0,10021.1865234375
2,95,255.0,1260.0,5978.006852367005,31.189002618424183,91.0,10398.775390625
2,96,0.0,1620.0,6992.03530379713,31.0247560104737,103.0,10059.5947265625
2,97,0.0,1470.0,7556.0145006652,31.856700785527256,101.0,9886.4267578125
2,98,0.0,1320.0,7073.72824446889,32.53868126636515,99.0,10524.52734375
2,99,1290.0,1620.0,11533.541179319076,89.12163770530826,368.0,9378.91796875
2,100,0.0,1260.0,6712.921061620757,23.59438228993097,71.0,11885.01171875
2,101,645.0,1260.0,5984.807122361944,39.06212806474649,118.0,10549.1630859375
2,102,240.0,1200.0,5034.574408520936,29.300166626993573,82.0,11020.9921875
2,103,345.0,1260.0,5303.332540513142,30.785527255415378,51.0,11964.08984375
2,104,1260.0,1380.0,10501.086433075921,83.68721732920733,450.0,9719.517578125
2,105,360.0,1260.0,6595.495271504421,21.598428945489168,49.0,10771.248046875
2,106,300.0,1260.0,5810.06707942839,32.717210188050466,93.0,10832.107421875
2,107,60.0,1320.0,8453.012931643447,37.22328017138776,116.0,10503.8779296875
2,108,330.0,1260.0,6621.0516589069985,31.32825517733873,87.0,11002.9111328125
2,109,240.0,1320.0,7511.757237438619,31.917400618900263,76.0,10802.658203125
2,110,0.0,1620.0,4650.678853501602,21.20566531778148,59.0,11891.4501953125
2,111,345.0,1530.0,9308.353389412856,40.62604141870983,115.0,10171.826171875
2,112,0.0,1380.0,7396.446064178786,32.810045227326825,105.0,11141.2646484375
2,113,0.0,1575.0,8052.474107120534,35.50940252320876,118.0,10017.435546875
2,114,0.0,1260.0,6643.767460523425,32.46369911925732,102.0,11384.552734375
2,115,0.0,1620.0,7782.473981616207,33.63484884551297,104.0,10067.185546875
2,116,300.0,1200.0,5552.232956276388,31.399666746012855,93.0,11014.4208984375
2,117,300.0,1260.0,5693.407478760514,31.388955010711737,74.0,11587.5830078125
2,118,360.0,1530.0,9206.04301630107,40.468935967626756,115.0,10081.83203125
2,119,300.0,1200.0,5841.75557989112,32.6243751487741,92.0,10722.30078125
2,120,0.0,1260.0,7373.861799273856,30.96405617710069,101.0,11148.677734375
2,121,1215.0,1380.0,10640.243457060516,85.27969531064032,262.0,9638.4150390625
2,122,285.0,1260.0,5594.65869354221,31.610330873601523,76.0,11197.2890625
2,123,675.0,1260.0,6705.762786778808,48.22780290407046,187.0,10256.3095703125
2,124,1125.0,1380.0,11550.238993107481,74.17519638181385,304.0,9785.775390625
2,125,240.0,1320.0,7983.9858489166445,38.05879552487503,113.0,10419.1123046875
3,0,0.0,1140.0,3409.2074915827648,11.368721732920733,8.0,12318.4619140625
3,1,0.0,1620.0,3309.709051355875,10.39752439895263,6.0,11731.4853515625
3,2,0.0,1140.0,4182.963640126621,21.2735063080219,45.0,9486.6943359375
3,3,645.0,1260.0,7133.733011640221,32.63151630564151,78.0,9111.5009765625
3,4,210.0,1320.0,7819.35803261562,27.850511782908832,68.0,9273.57421875
3,5,285.0,1200.0,5898.694434977498,22.862413711021187,47.0,9179.8291015625
3,6,0.0,1140.0,3622.613210158373,9.940490359438229,4.0,9673.8857421875
3,7,0.0,600.0,3290.4194485759654,19.302547012616042,43.0,10283.5556640625
3,8,0.0,585.0,3295.7873469663177,20.163056415139252,41.0,10670.00390625
3,9,0.0,600.0,3156.3951821807977,21.037848131397286,44.0,10802.1513671875
3,10,90.0,1260.0,6052.227475117333,27.87193525351107,89.0,8875.361328125
3,11,240.0,1200.0,5748.857769483553,22.541061651987622,43.0,9661.166015625
3,12,0.0,1140.0,4111.837617576341,21.641275886693645,47.0,9538.486328125
3,13,0.0,180.0,3724.4246342196616,20.091644846465126,55.0,9795.77734375
3,14,0.0,180.0,3781.797501189007,22.030468935967626,45.0,10083.8837890625
3,15,0.0,1140.0,3655.9148424304694,9.790526065222567,4.0,9895.1572265625
3,16,390.0,1200.0,5730.444875451196,23.890740299928588,43.0,9502.0751953125
3,17,1185.0,1380.0,12510.081144422446,76.74958343251606,277.0,8855.9326171875
3,18,0.0,180.0,3300.5119981485036,20.227326826945966,40.0,10227.5810546875
3,19,0.0,1260.0,6734.456624724537,24.676267555343966,77.0,9274.3818359375
3,20,0.0,0.0,3976.281643662165,20.802189954772672,51.0,9557.0302734375
3,21,0.0,180.0,3381.2984233828856,20.40585574863128,40.0,10239.138671875
3,22,0.0,1320.0,7661.018771364082,34.97738633658653,106.0,9456.904296875
3,23,135.0,1590.0,8596.370860956582,36.30564151392526,110.0,9042.5703125
3,24,1140.0,1380.0,9648.196880259182,75.40704594144252,444.0,8918.33984375
3,25,0.0,0.0,3982.1078543784,22.219709592954057,56.0,10570.7783203125
3,26,390.0,1260.0,6349.35112983671,32.98857414901214,107.0,9485.0302734375
3,27,300.0,1620.0,8073.297523036917,31.67103070697453,74.0,9251.912109375
3,28,555.0,1260.0,6122.697864568169,32.46369911925732,7.0,10485.453125
3,29,0.0,1620.0,4272.132111271368,10.19757200666508,6.0,10625.626953125
3,30,240.0,1260.0,5933.240189956014,30.0,94.0,9666.4736328125
3,31,0.0,1200.0,6599.303168822635,23.090930730778386,67.0,10030.41015625
3,32,1290.0,1545.0,12050.29666322803,79.92025708164722,362.0,9203.638671875
3,33,225.0,1605.0,6484.60510620718,30.02856462746965,93.0,9761.5400390625
3,34,1245.0,1380.0,10467.623426129654,90.71768626517496,398.0,9310.4453125
3,35,0.0,1320.0,6531.39136119372,30.564151392525588,97.0,9537.1240234375
3,36,0.0,1260.0,7131.517053235693,26.39014520352297,63.0,9911.6396484375
3,37,315.0,1200.0,5854.937377573568,29.850035705784336,88.0,9880.5673828125
3,38,0.0,1620.0,7176.042098831378,25.879552487502977,73.0,9629.3671875
3,39,405.0,1620.0,6509.276511203276,22.937395858129015,49.0,9545.234375
3,40,660.0,1260.0,6955.82174749116,35.80218995477267,71.0,9679.787109375
3,41,0.0,1140.0,3727.425790373055,10.290407045941443,8.0,10103.634765625
3,42,60.0,1260.0,8499.311157150056,28.400380861699595,77.0,9637.7333984375
3,43,1320.0,1515.0,12191.461330442617,80.57010235658177,369.0,9162.3671875
3,44,270.0,1260.0,6493.358989874616,32.613663413472985,89.0,9638.306640625
3,45,0.0,1575.0,3976.7318696550137,11.529397762437515,13.0,10075.8974609375
3,46,0.0,1260.0,7410.879055072856,32.99214472744585,102.0,9689.748046875
3,47,0.0,1620.0,4020.2301706310886,10.854558438467032,9.0,9727.9853515625
3,48,285.0,1260.0,6327.9755792272335,22.416091406807904,48.0,9891.4287109375
3,49,270.0,1260.0,5775.536270811133,29.52511306831707,83.0,9643.318359375
3,50,480.0,1260.0,6647.055010872429,26.636515115448702,72.0,9624.947265625
3,51,0.0,1200.0,6897.539589171605,22.487502975482027,67.0,9733.7119140625
3,52,0.0,1620.0,4100.500422284152,20.81290169007379,58.0,9726.83984375
3,53,0.0,1140.0,4089.0732752386234,12.150678409902405,17.0,10094.2998046875
3,54,0.0,1545.0,7069.492915962231,24.67983813377767,68.0,9697.740234375
3,55,0.0,1320.0,7287.330688517212,31.435372530349916,101.0,9528.4248046875
3,56,600.0,1260.0,6846.718288008514,49.42037610092835,186.0,9378.8203125
3,57,300.0,1260.0,5753.166946581494,30.039276362770767,91.0,9877.40234375
3,58,0.0,1200.0,3997.2718157474314,10.079742918352773,7.0,11474.669921875
3,59,0.0,1200.0,6243.215753264343,25.144013330159485,74.0,9835.5498046875
3,60,0.0,1260.0,7561.397174895037,24.704832182813615,66.0,9770.4267578125
3,61,0.0,1140.0,4192.015395443024,18.806236610330874,36.0,10608.5361328125
3,62,345.0,1260.0,6503.289166546728,23.615805760533206,44.0,10127.5166015625
3,63,0.0,1620.0,4008.181088101095,10.629611997143538,8.0,10713.091796875
3,64,300.0,1200.0,4710.636664738644,20.05950964056177,8.0,10835.8583984375
3,65,240.0,1200.0,5853.21931384002,30.846227088788385,89.0,10104.7109375
3,66,0.0,1620.0,6989.227311637225,24.104975005950966,66.0,10071.82421875
3,67,255.0,1200.0,5256.423384081131,29.135920019043084,85.0,10139.6064453125
3,68,0.0,1140.0,3837.855938938572,21.23422994525113,43.0,10795.87109375
3,69,0.0,1140.0,3861.587900531639,22.36253273030231,47.0,10664.9775390625
3,70,0.0,1140.0,3748.9086929658233,19.77386336586527,54.0,10785.521484375
3,71,450.0,1620.0,6054.959928252911,23.858605094025233,40.0,10182.044921875
3,72,300.0,1260.0,5636.604223518396,18.863365865270175,26.0,10468.0556640625
3,73,420.0,1260.0,6026.303036978874,23.326588907403,46.0,10250.7275390625
3,74,0.0,1140.0,4391.497571631087,20.941442513687218,51.0,10241.521484375
3,75,0.0,1620.0,7472.1009902602245,25.42608902642228,67.0,9797.7275390625
3,76,30.0,1605.0,8407.237665487732,27.82194715543918,78.0,9715.5751953125
3,77,840.0,1620.0,7697.44861429404,53.49440609378719,201.0,9512.94140625
3,78,690.0,1260.0,6553.173501504405,38.58367055462985,157.0,9594.49609375
3,79,1200.0,1380.0,9797.627738798768,80.07022137586289,436.0,9541.046875
3,80,585.0,1260.0,6708.223495524282,33.86693644370388,12.0,10773.2744140625
3,81,165.0,1620.0,7578.152124523732,36.06284218043323,103.0,9697.388671875
3,82,0.0,1320.0,8114.2568994682,34.92382766008093,112.0,9796.283203125
3,83,0.0,1260.0,6870.261715892688,33.17781480599857,105.0,10138.0751953125
3,84,555.0,1260.0,7034.684501559347,46.30683170673649,213.0,9707.13671875
3,85,825.0,1620.0,7066.650226740651,52.9302547012616,195.0,9517.685546875
3,86,255.0,1605.0,8016.46456267396,31.221137824327542,75.0,10021.1865234375
3,87,0.0,1470.0,7556.0145006652,31.856700785527256,101.0,9886.4267578125
3,88,675.0,1260.0,7075.243870860079,42.05784337062604,154.0,9838.8251953125
3,89,0.0,1320.0,7100.882846272288,32.32087598190907,102.0,10060.41796875
3,90,0.0,1140.0,3817.4104610002773,10.583194477505355,9.0,11021.0947265625
3,91,630.0,1260.0,6784.712905668311,33.117114972625565,73.0,10064.9091796875
3,92,585.0,1260.0,5915.8114942771945,35.7629135920019,14.0,10294.560546875
3,93,570.0,1260.0,7050.792625455313,46.64246607950488,216.0,9588.33203125
3,94,180.0,1605.0,7622.217517010675,36.43775291597239,102.0,9847.7412109375
3,95,0.0,1620.0,3873.3607038347945,10.833134967864794,8.0,10286.119140625
3,96,360.0,1200.0,6224.598482049215,32.09950011901928,93.0,9898.1181640625
3,97,0.0,1620.0,4719.217637423401,22.576767436324683,57.0,10213.474609375
3,98,255.0,1560.0,8114.910880290115,30.75696262794573,76.0,10231.1025390625
3,99,1395.0,1620.0,12738.91176821296,81.72339919066889,258.0,9210.662109375
3,100,750.0,1380.0,10915.198093551548,59.782194715543916,239.0,9489.859375
3,101,0.0,1620.0,8509.988717277532,36.91263984765532,114.0,9590.125
3,102,0.0,1200.0,3889.4913192715253,10.329683408712212,8.0,10981.435546875
3,103,0.0,1620.0,6492.979810237593,22.43037372054273,67.0,9950.322265625
3,104,1185.0,1380.0,10115.621349955112,87.86836467507736,451.0,9125.9677734375
3,105,165.0,1320.0,7953.445887094891,38.0980718876458,114.0,9713.9521484375
3,106,345.0,1545.0,9057.657016299305,34.21685313020709,68.0,9762.505859375
3,107,660.0,1260.0,7413.168731564245,44.30016662699357,99.0,9861.169921875
3,108,0.0,1140.0,4118.607644222229,20.570102356581767,42.0,10282.5439453125
3,109,645.0,1260.0,6737.8578212474995,34.40966436562723,78.0,9880.9931640625
3,110,585.0,1260.0,6198.728677071183,48.12425612949298,193.0,9851.4921875
3,111,1065.0,1605.0,11411.260836395079,69.4656034277553,259.0,9304.6240234375
3,112,300.0,1260.0,5446.596638638466,26.757914782194714,39.0,10555.4501953125
3,113,0.0,1320.0,7701.956428309726,34.81671030706975,103.0,10333.4189453125
3,114,435.0,1260.0,6650.44456836043,33.759819090692694,110.0,10247.2216796875
3,115,300.0,1200.0,5518.467464324661,31.588907402999286,94.0,10479.4150390625
3,116,180.0,1320.0,7502.198235297971,36.71625803380147,102.0,10339.310546875
3,117,1170.0,1380.0,12671.264513055647,76.77814805998572,273.0,9581.1142578125
3,118,465.0,1260.0,6958.58487860116,23.672935015472508,52.0,10250.494140625
3,119,240.0,1260.0,5972.232632815059,31.392525589145443,95.0,10391.7431640625
3,120,1365.0,1380.0,11351.864882509908,91.87098309926208,277.0,9537.6533203125
3,121,300.0,1200.0,5337.558346380204,22.02689835753392,42.0,10726.2861328125
3,122,255.0,1260.0,5978.006852367005,31.189002618424183,91.0,10398.775390625
3,123,420.0,1320.0,8607.612381828812,32.25660557010236,66.0,10260.052734375
3,124,1635.0,1620.0,12624.525735651021,111.74482266127113,491.0,9154.0556640625
3,125,570.0,1620.0,9178.755954140595,35.816472268507496,68.0,10144.3505859375
4,0,0.0,1140.0,3622.613210158373,9.940490359438229,4.0,9673.8857421875
4,1,0.0,1140.0,3655.9148424304694,9.790526065222567,4.0,9895.1572265625
4,2,0.0,0.0,3976.281643662165,20.802189954772672,51.0,9557.0302734375
4,3,0.0,1140.0,3546.7048626521064,12.054272792192336,14.0,8648.103515625
4,4,0.0,180.0,2898.2873973397554,10.247560104736968,7.0,9758.9072265625
4,5,0.0,0.0,3938.14498332008,20.802189954772672,51.0,9650.068359375
4,6,0.0,1140.0,3591.5823534306023,11.308021899547727,11.0,9389.5732421875
4,7,0.0,180.0,2911.2814847563145,9.51916210426089,4.0,10205.8828125
4,8,0.0,1140.0,3409.2074915827648,11.368721732920733,8.0,12318.4619140625
4,9,0.0,1620.0,3309.709051355875,10.39752439895263,6.0,11731.4853515625
4,10,0.0,1140.0,4182.963640126621,21.2735063080219,45.0,9486.6943359375
4,11,210.0,1320.0,7819.35803261562,27.850511782908832,68.0,9273.57421875
4,12,285.0,1200.0,5898.694434977498,22.862413711021187,47.0,9179.8291015625
4,13,0.0,600.0,3290.4194485759654,19.302547012616042,43.0,10283.5556640625
4,14,0.0,585.0,3295.7873469663177,20.163056415139252,41.0,10670.00390625
4,15,240.0,1200.0,5748.857769483553,22.541061651987622,43.0,9661.166015625
4,16,0.0,1140.0,4111.837617576341,21.641275886693645,47.0,9538.486328125
4,17,0.0,180.0,3724.4246342196616,20.091644846465126,55.0,9795.77734375
4,18,0.0,180.0,3781.797501189007,22.030468935967626,45.0,10083.8837890625
4,19,0.0,180.0,3300.5119981485036,20.227326826945966,40.0,10227.5810546875
4,20,0.0,1260.0,6734.456624724537,24.676267555343966,77.0,9274.3818359375
4,21,0.0,0.0,3982.1078543784,22.219709592954057,56.0,10570.7783203125
4,22,0.0,1620.0,4272.132111271368,10.19757200666508,6.0,10625.626953125
4,23,0.0,1140.0,3727.425790373055,10.290407045941443,8.0,10103.634765625
4,24,0.0,1575.0,3976.7318696550137,11.529397762437515,13.0,10075.8974609375
4,25,0.0,1620.0,4020.2301706310886,10.854558438467032,9.0,9727.9853515625
4,26,0.0,1620.0,4100.500422284152,20.81290169007379,58.0,9726.83984375
4,27,0.0,1140.0,4089.0732752386234,12.150678409902405,17.0,10094.2998046875
4,28,90.0,1260.0,6049.139723566312,27.86122351820995,89.0,8850.1181640625
4,29,0.0,1200.0,3975.3370046385457,10.079742918352773,7.0,11428.5654296875
4,30,555.0,1260.0,6098.893051910406,32.42085217805285,6.0,10060.396484375
4,31,0.0,180.0,3070.779159935262,11.425850987860033,13.0,10735.1533203125
4,32,0.0,1140.0,3888.6020868249007,10.201142585098786,7.0,10562.5615234375
4,33,0.0,1140.0,3955.8552774855953,19.75601047369674,50.0,9803.83984375
4,34,270.0,1200.0,5469.089117735734,23.658652701737683,49.0,9267.251953125
4,35,0.0,1140.0,4032.2158559533136,21.152106641275886,56.0,9739.4658203125
4,36,645.0,1260.0,6992.902078761875,32.14948821709117,77.0,8663.36328125
4,37,210.0,1320.0,7819.259818988792,27.850511782908832,68.0,9275.7548828125
4,38,285.0,1200.0,5391.584000849113,21.219947631516305,40.0,9468.3896484375
4,39,390.0,1620.0,6768.082241486185,32.06022375624851,95.0,8836.5302734375
4,40,0.0,600.0,3196.387268824958,20.284456081885267,39.0,9959.556640625
4,41,0.0,1140.0,3994.198710755297,19.645322542251844,51.0,9886.302734375
4,42,0.0,1620.0,3623.1866548036146,11.111640085693882,6.0,10937.0263671875
4,43,645.0,1260.0,7133.733011640221,32.63151630564151,78.0,9111.5009765625
4,44,0.0,600.0,3156.3951821807977,21.037848131397286,44.0,10802.1513671875
4,45,90.0,1260.0,6052.227475117333,27.87193525351107,89.0,8875.361328125
4,46,390.0,1200.0,5730.444875451196,23.890740299928588,43.0,9502.0751953125
4,47,1185.0,1380.0,12510.081144422446,76.74958343251606,277.0,8855.9326171875
4,48,0.0,180.0,3381.2984233828856,20.40585574863128,40.0,10239.138671875
4,49,0.0,1320.0,7661.018771364082,34.97738633658653,106.0,9456.904296875
4,50,300.0,1620.0,8073.297523036917,31.67103070697453,74.0,9251.912109375
4,51,555.0,1260.0,6122.697864568169,32.46369911925732,7.0,10485.453125
4,52,240.0,1260.0,5933.240189956014,30.0,94.0,9666.4736328125
4,53,0.0,1200.0,6599.303168822635,23.090930730778386,67.0,10030.41015625
4,54,0.0,1320.0,6531.39136119372,30.564151392525588,97.0,9537.1240234375
4,55,0.0,1260.0,7131.517053235693,26.39014520352297,63.0,9911.6396484375
4,56,0.0,1620.0,7176.042098831378,25.879552487502977,73.0,9629.3671875
4,57,405.0,1620.0,6509.276511203276,22.937395858129015,49.0,9545.234375
4,58,60.0,1260.0,8499.311157150056,28.400380861699595,77.0,9637.7333984375
4,59,0.0,1260.0,7410.879055072856,32.99214472744585,102.0,9689.748046875
4,60,270.0,1260.0,5775.536270811133,29.52511306831707,83.0,9643.318359375
4,61,0.0,1200.0,6897.539589171605,22.487502975482027,67.0,9733.7119140625
4,62,0.0,1545.0,7069.492915962231,24.67983813377767,68.0,9697.740234375
4,63,0.0,1320.0,7287.330688517212,31.435372530349916,101.0,9528.4248046875
4,64,0.0,1200.0,3997.2718157474314,10.079742918352773,7.0,11474.669921875
4,65,0.0,1200.0,6243.215753264343,25.144013330159485,74.0,9835.5498046875
4,66,0.0,1260.0,7561.397174895037,24.704832182813615,66.0,9770.4267578125
4,67,0.0,1140.0,4192.015395443024,18.806236610330874,36.0,10608.5361328125
4,68,0.0,1620.0,4008.181088101095,10.629611997143538,8.0,10713.091796875
4,69,300.0,1200.0,4710.636664738644,20.05950964056177,8.0,10835.8583984375
4,70,0.0,1140.0,3748.9086929658233,19.77386336586527,54.0,10785.521484375
4,71,450.0,1620.0,6054.959928252911,23.858605094025233,40.0,10182.044921875
4,72,300.0,1260.0,5636.604223518396,18.863365865270175,26.0,10468.0556640625
4,73,0.0,1140.0,3817.4104610002773,10.583194477505355,9.0,11021.0947265625
4,74,585.0,1260.0,5915.8114942771945,35.7629135920019,14.0,10294.560546875
4,75,0.0,1620.0,3873.3607038347945,10.833134967864794,8.0,10286.119140625
4,76,0.0,1200.0,3889.4913192715253,10.329683408712212,8.0,10981.435546875
4,77,0.0,1620.0,6492.979810237593,22.43037372054273,67.0,9950.322265625
4,78,300.0,1260.0,5446.596638638466,26.757914782194714,39.0,10555.4501953125
4,79,0.0,1200.0,4273.782673949814,21.048559866698405,41.0,10096.529296875
4,80,390.0,1260.0,5610.313626548199,23.365865270173767,41.0,9795.7783203125
4,81,0.0,1620.0,4242.407343572738,19.55248750297548,53.0,9950.912109375
4,82,0.0,1470.0,7411.581327765296,34.89883361104499,113.0,9409.2421875
4,83,285.0,1260.0,6327.9571197486885,22.416091406807904,48.0,9891.1083984375
4,84,300.0,1200.0,5271.040717180475,29.11092597000714,85.0,9491.4453125
4,85,0.0,600.0,3279.2492928988345,21.762675553439657,57.0,10572.85546875
4,86,540.0,1260.0,6389.647600306081,33.24208521780528,88.0,9311.1181640625
4,87,585.0,1260.0,5794.471755824061,35.7057843370626,14.0,10386.349609375
4,88,330.0,1260.0,5630.721244599184,21.71268745536777,49.0,9823.73828125
4,89,0.0,1620.0,3905.9051616220568,10.8938348012378,8.0,10183.728515625
4,90,390.0,1575.0,9188.700403696163,35.712925493930015,69.0,9473.447265625
4,91,330.0,1620.0,8963.833004284666,32.94215662937396,68.0,9681.7392578125
4,92,0.0,1620.0,4594.026760726989,10.386812663651511,7.0,10691.5595703125
4,93,0.0,1320.0,7555.144251263394,34.8452749345394,112.0,9442.353515625
4,94,270.0,1200.0,5810.862597944333,32.26731730540347,85.0,9766.1962890625
4,95,300.0,1200.0,4865.619607299445,20.677219709592954,9.0,10774.583984375
4,96,0.0,1140.0,3985.826635952128,20.280885503451557,42.0,10190.681640625
4,97,240.0,1200.0,5506.9355680776025,29.364437038800286,83.0,9789.64453125
4,98,270.0,1200.0,5438.038717992275,29.382289930968817,92.0,9603.3857421875
4,99,0.0,1590.0,6169.8019469890405,24.13711021185432,69.0,10066.71875
4,100,555.0,1200.0,6277.00094047919,27.607712449416805,55.0,9425.12890625
4,101,585.0,1260.0,6198.728677071183,48.12425612949298,193.0,9851.4921875
4,102,600.0,1260.0,6846.718288008514,49.42037610092835,186.0,9378.8203125
4,103,585.0,1260.0,6708.223495524282,33.86693644370388,12.0,10773.2744140625
4,104,1140.0,1380.0,9648.196880259182,75.40704594144252,444.0,8918.33984375
4,105,0.0,1260.0,6679.402450006596,21.701975720066653,64.0,10104.2265625
4,106,0.0,1620.0,5967.854275507194,21.834087122113782,64.0,10124.5791015625
4,107,0.0,1620.0,6989.227311637225,24.104975005950966,66.0,10071.82421875
4,108,0.0,1140.0,3861.587900531639,22.36253273030231,47.0,10664.9775390625
4,109,0.0,1200.0,4420.764323787509,21.65555820042847,44.0,10209.44921875
4,110,0.0,1620.0,4111.834575519696,19.195429659604855,40.0,10450.9248046875
4,111,0.0,1140.0,3837.855938938572,21.23422994525113,43.0,10795.87109375
4,112,0.0,1140.0,4118.607644222229,20.570102356581767,42.0,10282.5439453125
4,113,0.0,1140.0,4391.497571631087,20.941442513687218,51.0,10241.521484375
4,114,0.0,1620.0,7472.1009902602245,25.42608902642228,67.0,9797.7275390625
4,115,255.0,1620.0,6441.6541716296915,32.89216853130207,91.0,9254.0185546875
4,116,345.0,1260.0,6503.289166546728,23.615805760533206,44.0,10127.5166015625
4,117,300.0,1260.0,5753.166946581494,30.039276362770767,91.0,9877.40234375
4,118,270.0,1620.0,7970.320496577993,30.82837419661985,67.0,9785.4033203125
4,119,255.0,1200.0,5256.423384081131,29.135920019043084,85.0,10139.6064453125
4,120,285.0,1260.0,6327.9755792272335,22.416091406807904,48.0,9891.4287109375
4,121,450.0,1620.0,6109.241696404903,24.247798143299214,44.0,10042.90625
4,122,435.0,1260.0,5948.217441732212,26.100928350392763,51.0,10016.4013671875
4,123,300.0,1320.0,8691.990487837316,38.512258985955725,116.0,8983.5859375
4,124,315.0,1200.0,5854.937377573568,29.850035705784336,88.0,9880.5673828125
4,125,165.0,1620.0,7563.177942675495,35.89859557248274,102.0,9720.5771484375
5,0,0.0,0.0,3976.281643662165,20.802189954772672,51.0,9557.0302734375
5,1,0.0,1140.0,3546.7048626521064,12.054272792192336,14.0,8648.103515625
5,2,0.0,180.0,2898.2873973397554,10.247560104736968,7.0,9758.9072265625
5,3,0.0,0.0,3938.14498332008,20.802189954772672,51.0,9650.068359375
5,4,0.0,1140.0,3591.5823534306023,11.308021899547727,11.0,9389.5732421875
5,5,0.0,180.0,2911.2814847563145,9.51916210426089,4.0,10205.8828125
5,6,0.0,180.0,3504.8181083584877,22.062604141870985,46.0,9604.6376953125
5,7,0.0,1140.0,3677.9906395242197,10.290407045941443,6.0,9497.5361328125
5,8,0.0,180.0,3330.4135136437053,9.54772673173054,2.0,10289.1845703125
5,9,0.0,1140.0,3834.6051022884963,9.062128064746489,2.0,10793.263671875
5,10,0.0,0.0,3591.685821430344,19.49892882646989,41.0,10487.8515625
5,11,0.0,1140.0,3525.4759071635326,9.437038800285647,3.0,9610.4609375
5,12,0.0,0.0,4043.8819528493805,20.46298500357058,53.0,9373.3564453125
5,13,0.0,1140.0,3655.9148424304694,9.790526065222567,4.0,9895.1572265625
5,14,0.0,1140.0,3409.2074915827648,11.368721732920733,8.0,12318.4619140625
5,15,0.0,1620.0,3309.709051355875,10.39752439895263,6.0,11731.4853515625
5,16,0.0,600.0,3290.4194485759654,19.302547012616042,43.0,10283.5556640625
5,17,0.0,585.0,3295.7873469663177,20.163056415139252,41.0,10670.00390625
5,18,0.0,180.0,3724.4246342196616,20.091644846465126,55.0,9795.77734375
5,19,0.0,180.0,3300.5119981485036,20.227326826945966,40.0,10227.5810546875
5,20,0.0,0.0,3982.1078543784,22.219709592954057,56.0,10570.7783203125
5,21,90.0,1260.0,6049.139723566312,27.86122351820995,89.0,8850.1181640625
5,22,0.0,180.0,3070.779159935262,11.425850987860033,13.0,10735.1533203125
5,23,645.0,1260.0,6992.902078761875,32.14948821709117,77.0,8663.36328125
5,24,390.0,1620.0,6768.082241486185,32.06022375624851,95.0,8836.5302734375
5,25,0.0,600.0,3196.387268824958,20.284456081885267,39.0,9959.556640625
5,26,0.0,180.0,3420.7222617700377,19.491787669602477,37.0,9935.533203125
5,27,0.0,1140.0,3569.3597015512487,18.799095453463462,40.0,10473.751953125
5,28,0.0,1200.0,3924.1531316506516,9.290645084503689,3.0,11293.349609375
5,29,0.0,1140.0,3638.5423611097694,12.072125684360866,15.0,8854.1513671875
5,30,0.0,1620.0,3256.0296365133095,10.847417281599618,9.0,9956.9833984375
5,31,0.0,1140.0,3598.79160826895,9.90121399666746,4.0,9629.7373046875
5,32,0.0,600.0,3119.891575174519,19.838133777671985,38.0,10296.9453125
5,33,0.0,585.0,3163.4615098829704,21.105689121637706,54.0,10103.3857421875
5,34,0.0,1140.0,3622.613210158373,9.940490359438229,4.0,9673.8857421875
5,35,0.0,1140.0,4182.963640126621,21.2735063080219,45.0,9486.6943359375
5,36,210.0,1320.0,7819.35803261562,27.850511782908832,68.0,9273.57421875
5,37,285.0,1200.0,5898.694434977498,22.862413711021187,47.0,9179.8291015625
5,38,0.0,1140.0,4111.837617576341,21.641275886693645,47.0,9538.486328125
5,39,0.0,180.0,3781.797501189007,22.030468935967626,45.0,10083.8837890625
5,40,0.0,1260.0,6734.456624724537,24.676267555343966,77.0,9274.3818359375
5,41,210.0,1320.0,7819.259818988792,27.850511782908832,68.0,9275.7548828125
5,42,285.0,1200.0,5391.584000849113,21.219947631516305,40.0,9468.3896484375
5,43,645.0,1260.0,7133.733011640221,32.63151630564151,78.0,9111.5009765625
5,44,0.0,600.0,3156.3951821807977,21.037848131397286,44.0,10802.1513671875
5,45,90.0,1260.0,6052.227475117333,27.87193525351107,89.0,8875.361328125
5,46,0.0,180.0,3381.2984233828856,20.40585574863128,40.0,10239.138671875
5,47,285.0,1260.0,6197.926382494431,21.448464651273508,44.0,9159.310546875
5,48,180.0,1260.0,5808.579595262791,30.646274696500832,93.0,9320.759765625
5,49,0.0,180.0,3889.477599705221,20.10949773863366,51.0,10400.1748046875
5,50,0.0,1140.0,3873.462034322093,19.634610806950725,48.0,9489.9755859375
5,51,0.0,1140.0,4433.907179732936,20.227326826945966,41.0,9468.30859375
5,52,765.0,1260.0,7068.515975911938,46.99238276600809,175.0,8828.673828125
5,53,0.0,1200.0,6687.521238057228,21.994763151630565,65.0,9318.98046875
5,54,270.0,1200.0,5200.599502654393,21.61985241609141,44.0,9201.470703125
5,55,0.0,600.0,3277.23245159657,21.748393239704832,57.0,10572.240234375
5,56,0.0,1620.0,7111.619600154712,25.776005712925492,73.0,9185.5556640625
5,57,240.0,1200.0,5748.857769483553,22.541061651987622,43.0,9661.166015625
5,58,0.0,1620.0,4272.132111271368,10.19757200666508,6.0,10625.626953125
5,59,0.0,1140.0,3727.425790373055,10.290407045941443,8.0,10103.634765625
5,60,0.0,1200.0,3975.3370046385457,10.079742918352773,7.0,11428.5654296875
5,61,555.0,1260.0,6098.893051910406,32.42085217805285,6.0,10060.396484375
5,62,0.0,1140.0,3888.6020868249007,10.201142585098786,7.0,10562.5615234375
5,63,0.0,1140.0,3955.8552774855953,19.75601047369674,50.0,9803.83984375
5,64,270.0,1200.0,5469.089117735734,23.658652701737683,49.0,9267.251953125
5,65,0.0,1140.0,4032.2158559533136,21.152106641275886,56.0,9739.4658203125
5,66,0.0,1140.0,3994.198710755297,19.645322542251844,51.0,9886.302734375
5,67,0.0,1620.0,3623.1866548036146,11.111640085693882,6.0,10937.0263671875
5,68,390.0,1200.0,5730.444875451196,23.890740299928588,43.0,9502.0751953125
5,69,1185.0,1380.0,12510.081144422446,76.74958343251606,277.0,8855.9326171875
5,70,0.0,1320.0,7661.018771364082,34.97738633658653,106.0,9456.904296875
5,71,300.0,1620.0,8073.297523036917,31.67103070697453,74.0,9251.912109375
5,72,0.0,1320.0,6531.39136119372,30.564151392525588,97.0,9537.1240234375
5,73,0.0,1200.0,6897.539589171605,22.487502975482027,67.0,9733.7119140625
5,74,0.0,1320.0,7287.330688517212,31.435372530349916,101.0,9528.4248046875
5,75,390.0,1260.0,5610.313626548199,23.365865270173767,41.0,9795.7783203125
5,76,0.0,1470.0,7411.581327765296,34.89883361104499,113.0,9409.2421875
5,77,300.0,1200.0,5271.040717180475,29.11092597000714,85.0,9491.4453125
5,78,0.0,600.0,3279.2492928988345,21.762675553439657,57.0,10572.85546875
5,79,0.0,1320.0,7555.144251263394,34.8452749345394,112.0,9442.353515625
5,80,270.0,1200.0,5438.038717992275,29.382289930968817,92.0,9603.3857421875
5,81,1140.0,1380.0,9648.196880259182,75.40704594144252,444.0,8918.33984375
5,82,255.0,1620.0,6441.6541716296915,32.89216853130207,91.0,9254.0185546875
5,83,300.0,1320.0,8691.990487837316,38.512258985955725,116.0,8983.5859375
5,84,0.0,1140.0,3814.3430048663804,10.90454653653892,9.0,9919.8173828125
5,85,0.0,1140.0,4240.728556405695,22.187574387050702,55.0,9737.1611328125
5,86,0.0,180.0,3471.152594389239,21.002142347060225,43.0,10561.609375
5,87,390.0,1200.0,5730.304178920371,23.890740299928588,43.0,9507.7041015625
5,88,0.0,1140.0,3634.6309834133167,10.429659604855987,6.0,10523.0380859375
5,89,285.0,1620.0,8081.5958260839125,31.742442275648656,67.0,9208.1630859375
5,90,0.0,1620.0,4019.0374072304976,10.393953820518924,7.0,9715.6279296875
5,91,300.0,1200.0,5969.066212164269,22.176862651749584,44.0,9375.5322265625
5,92,900.0,1260.0,6766.1551884972305,45.44989288264699,159.0,9143.296875
5,93,600.0,1260.0,6752.698070379134,48.83480123780053,183.0,9146.005859375
5,94,270.0,1320.0,8638.372222236116,37.62318495596286,115.0,9171.53515625
5,95,0.0,1620.0,4308.2710718555045,10.204713163532492,6.0,10618.5869140625
5,96,570.0,2025.0,5748.320838094375,32.81718638419424,5.0,9724.7607421875
5,97,105.0,1260.0,5813.828873245997,29.521542489883362,88.0,9598.5380859375
5,98,0.0,1320.0,7869.7365032803245,40.75101166388955,146.0,9322.328125
5,99,0.0,1140.0,4091.6414144865353,10.815282075696263,7.0,9817.017578125
5,100,420.0,1620.0,6882.696258516866,32.62794572720781,91.0,9198.3671875
5,101,300.0,1200.0,5332.518049304225,22.00904546536539,41.0,9808.705078125
5,102,0.0,1260.0,6944.679103934157,24.25136872173292,67.0,9559.712890625
5,103,0.0,1140.0,3915.8069959342383,19.76672220899786,50.0,9916.4404296875
5,104,0.0,1140.0,4318.030588272302,10.101166388955011,7.0,10416.34375
5,105,0.0,1140.0,4017.2910319029775,19.980956915020233,41.0,10373.5380859375
5,106,0.0,1620.0,4594.026760726989,10.386812663651511,7.0,10691.5595703125
5,107,0.0,1140.0,4089.0732752386234,12.150678409902405,17.0,10094.2998046875
5,108,0.0,1620.0,7176.042098831378,25.879552487502977,73.0,9629.3671875
5,109,0.0,1200.0,3889.4913192715253,10.329683408712212,8.0,10981.435546875
5,110,0.0,1140.0,4135.848313110078,12.079266841228279,8.0,10424.732421875
5,111,0.0,1590.0,6169.8019469890405,24.13711021185432,69.0,10066.71875
5,112,0.0,1140.0,3817.4104610002773,10.583194477505355,9.0,11021.0947265625
5,113,0.0,1200.0,6679.254113180167,21.65555820042847,64.0,9822.08203125
5,114,0.0,1545.0,7069.492915962231,24.67983813377767,68.0,9697.740234375
5,115,0.0,1200.0,3997.2718157474314,10.079742918352773,7.0,11474.669921875
5,116,0.0,1140.0,3748.9086929658233,19.77386336586527,54.0,10785.521484375
5,117,0.0,1140.0,3750.880388527105,19.977386336586527,55.0,10767.26953125
5,118,0.0,1620.0,3873.3607038347945,10.833134967864794,8.0,10286.119140625
5,119,0.0,1620.0,4020.2301706310886,10.854558438467032,9.0,9727.9853515625
5,120,330.0,1260.0,5630.721244599184,21.71268745536777,49.0,9823.73828125
5,121,555.0,1200.0,6277.00094047919,27.607712449416805,55.0,9425.12890625
5,122,0.0,1620.0,3905.9051616220568,10.8938348012378,8.0,10183.728515625
5,123,0.0,1620.0,4100.500422284152,20.81290169007379,58.0,9726.83984375
5,124,0.0,1620.0,4035.7657603830507,10.436800761723399,7.0,9907.7158203125
5,125,345.0,1260.0,5930.171720098071,23.00166626993573,43.0,9895.3701171875
6,0,0.0,1140.0,3546.7048626521064,12.054272792192336,14.0,8648.103515625
6,1,0.0,180.0,2898.2873973397554,10.247560104736968,7.0,9758.9072265625
6,2,0.0,1140.0,3591.5823534306023,11.308021899547727,11.0,9389.5732421875
6,3,0.0,180.0,2911.2814847563145,9.51916210426089,4.0,10205.8828125
6,4,0.0,1140.0,3677.9906395242197,10.290407045941443,6.0,9497.5361328125
6,5,0.0,180.0,3330.4135136437053,9.54772673173054,2.0,10289.1845703125
6,6,0.0,1140.0,3834.6051022884963,9.062128064746489,2.0,10793.263671875
6,7,0.0,1140.0,3525.4759071635326,9.437038800285647,3.0,9610.4609375
6,8,0.0,0.0,4043.8819528493805,20.46298500357058,53.0,9373.3564453125
6,9,0.0,1140.0,3581.112493677632,11.300880742680315,11.0,9403.2646484375
6,10,0.0,0.0,3366.6099964934124,10.418947869554868,7.0,9440.375
6,11,0.0,180.0,3128.8151728402595,11.722208997857653,12.0,9336.0546875
6,12,585.0,2025.0,6177.401009642244,33.30278505117829,6.0,9350.6259765625
6,13,0.0,1140.0,3672.5055511870246,10.468935967626756,8.0,9319.3935546875
6,14,0.0,1140.0,3840.8327938016855,9.611997143537254,4.0,9587.4482421875
6,15,0.0,1140.0,3755.9245024415545,9.247798143299214,3.0,10548.46484375
6,16,0.0,180.0,3233.1421692665567,11.168769340633183,12.0,9734.3916015625
6,17,0.0,180.0,3615.0036774900955,10.383242085217805,9.0,9391.328125
6,18,0.0,1140.0,3381.24148059668,10.165436800761723,6.0,10199.66015625
6,19,0.0,0.0,3976.281643662165,20.802189954772672,51.0,9557.0302734375
6,20,0.0,0.0,3938.14498332008,20.802189954772672,51.0,9650.068359375
6,21,0.0,180.0,3504.8181083584877,22.062604141870985,46.0,9604.6376953125
6,22,0.0,1140.0,3655.9148424304694,9.790526065222567,4.0,9895.1572265625
6,23,0.0,180.0,3724.4246342196616,20.091644846465126,55.0,9795.77734375
6,24,90.0,1260.0,6049.139723566312,27.86122351820995,89.0,8850.1181640625
6,25,645.0,1260.0,6992.902078761875,32.14948821709117,77.0,8663.36328125
6,26,390.0,1620.0,6768.082241486185,32.06022375624851,95.0,8836.5302734375
6,27,0.0,600.0,3196.387268824958,20.284456081885267,39.0,9959.556640625
6,28,0.0,180.0,3420.7222617700377,19.491787669602477,37.0,9935.533203125
6,29,0.0,1200.0,3924.1531316506516,9.290645084503689,3.0,11293.349609375
6,30,0.0,1140.0,3638.5423611097694,12.072125684360866,15.0,8854.1513671875
6,31,0.0,1620.0,3256.0296365133095,10.847417281599618,9.0,9956.9833984375
6,32,0.0,1140.0,3598.79160826895,9.90121399666746,4.0,9629.7373046875
6,33,0.0,600.0,3119.891575174519,19.838133777671985,38.0,10296.9453125
6,34,0.0,585.0,3163.4615098829704,21.105689121637706,54.0,10103.3857421875
6,35,0.0,0.0,3766.8532800454423,20.85217805284456,47.0,9705.150390625
6,36,0.0,180.0,3121.366875416152,9.951202094739347,4.0,10211.7197265625
6,37,0.0,180.0,2994.6612666020105,10.672458938348012,7.0,10614.87890625
6,38,0.0,1620.0,3003.3190650614574,10.029754820280885,4.0,10935.4169921875
6,39,0.0,180.0,3724.4246342196616,20.091644846465126,55.0,9795.77734375
6,40,0.0,180.0,3328.338838469363,19.46679362056653,50.0,9977.7265625
6,41,0.0,0.0,3494.0432450226012,10.743870507022137,8.0,9975.3310546875
6,42,0.0,0.0,3591.685821430344,19.49892882646989,41.0,10487.8515625
6,43,0.0,1140.0,3409.2074915827648,11.368721732920733,8.0,12318.4619140625
6,44,0.0,1620.0,3309.709051355875,10.39752439895263,6.0,11731.4853515625
6,45,0.0,600.0,3290.4194485759654,19.302547012616042,43.0,10283.5556640625
6,46,0.0,585.0,3295.7873469663177,20.163056415139252,41.0,10670.00390625
6,47,0.0,180.0,3300.5119981485036,20.227326826945966,40.0,10227.5810546875
6,48,0.0,180.0,3070.779159935262,11.425850987860033,13.0,10735.1533203125
6,49,0.0,1140.0,3569.3597015512487,18.799095453463462,40.0,10473.751953125
6,50,0.0,1140.0,3622.613210158373,9.940490359438229,4.0,9673.8857421875
6,51,0.0,180.0,3781.797501189007,22.030468935967626,45.0,10083.8837890625
6,52,285.0,1200.0,5391.584000849113,21.219947631516305,40.0,9468.3896484375
6,53,90.0,1260.0,6052.227475117333,27.87193525351107,89.0,8875.361328125
6,54,285.0,1260.0,6197.926382494431,21.448464651273508,44.0,9159.310546875
6,55,0.0,180.0,3889.477599705221,20.10949773863366,51.0,10400.1748046875
6,56,0.0,1140.0,3873.462034322093,19.634610806950725,48.0,9489.9755859375
6,57,0.0,1140.0,4433.907179732936,20.227326826945966,41.0,9468.30859375
6,58,765.0,1260.0,7068.515975911938,46.99238276600809,175.0,8828.673828125
6,59,270.0,1200.0,5200.599502654393,21.61985241609141,44.0,9201.470703125
6,60,0.0,600.0,3277.23245159657,21.748393239704832,57.0,10572.240234375
6,61,0.0,1260.0,6918.495919810886,24.379909545346347,68.0,9073.12109375
6,62,0.0,1140.0,3616.0641153216584,10.529635800999761,6.0,11721.7880859375
6,63,435.0,1200.0,5730.2760813768955,23.469412044751248,42.0,8981.3056640625
6,64,0.0,1200.0,6898.793264189891,22.673173054034752,68.0,9125.83203125
6,65,0.0,1140.0,3947.064957832885,21.116400856938824,48.0,9357.091796875
6,66,0.0,1140.0,3686.115898994893,9.84408474172816,6.0,10993.5615234375
6,67,0.0,1140.0,4110.799186451717,21.598428945489168,47.0,9512.4609375
6,68,1110.0,1380.0,9721.278313074925,78.50987860033325,438.0,8667.71484375
6,69,0.0,180.0,3196.199857747863,10.808140918828851,10.0,10774.708984375
6,70,240.0,1200.0,5309.292034501583,21.85551059271602,44.0,9128.173828125
6,71,0.0,1140.0,4156.167617211921,21.144965484408473,42.0,9258.794921875
6,72,0.0,1620.0,3355.5756067993075,12.05070221375863,15.0,10563.0283203125
6,73,0.0,1560.0,6778.7943918393485,23.894310878362294,64.0,8901.69140625
6,74,0.0,0.0,3982.1078543784,22.219709592954057,56.0,10570.7783203125
6,75,0.0,1140.0,4182.963640126621,21.2735063080219,45.0,9486.6943359375
6,76,210.0,1320.0,7819.35803261562,27.850511782908832,68.0,9273.57421875
6,77,285.0,1200.0,5898.694434977498,22.862413711021187,47.0,9179.8291015625
6,78,0.0,1140.0,4111.837617576341,21.641275886693645,47.0,9538.486328125
6,79,0.0,1260.0,6734.456624724537,24.676267555343966,77.0,9274.3818359375
6,80,210.0,1320.0,7819.259818988792,27.850511782908832,68.0,9275.7548828125
6,81,645.0,1260.0,7133.733011640221,32.63151630564151,78.0,9111.5009765625
6,82,0.0,600.0,3156.3951821807977,21.037848131397286,44.0,10802.1513671875
6,83,0.0,180.0,3381.2984233828856,20.40585574863128,40.0,10239.138671875
6,84,0.0,1620.0,7111.619600154712,25.776005712925492,73.0,9185.5556640625
6,85,240.0,1200.0,5748.857769483553,22.541061651987622,43.0,9661.166015625
6,86,0.0,1140.0,3727.425790373055,10.290407045941443,8.0,10103.634765625
6,87,555.0,1260.0,6098.893051910406,32.42085217805285,6.0,10060.396484375
6,88,0.0,1140.0,3888.6020868249007,10.201142585098786,7.0,10562.5615234375
6,89,0.0,1140.0,3955.8552774855953,19.75601047369674,50.0,9803.83984375
6,90,270.0,1200.0,5469.089117735734,23.658652701737683,49.0,9267.251953125
6,91,0.0,1140.0,4032.2158559533136,21.152106641275886,56.0,9739.4658203125
6,92,0.0,1140.0,3994.198710755297,19.645322542251844,51.0,9886.302734375
6,93,0.0,1620.0,3623.1866548036146,11.111640085693882,6.0,10937.0263671875
6,94,390.0,1200.0,5730.444875451196,23.890740299928588,43.0,9502.0751953125
6,95,1185.0,1380.0,12510.081144422446,76.74958343251606,277.0,8855.9326171875
6,96,0.0,600.0,3279.2492928988345,21.762675553439657,57.0,10572.85546875
6,97,1140.0,1380.0,9648.196880259182,75.40704594144252,444.0,8918.33984375
6,98,255.0,1620.0,6441.6541716296915,32.89216853130207,91.0,9254.0185546875
6,99,300.0,1320.0,8691.990487837316,38.512258985955725,116.0,8983.5859375
6,100,0.0,1140.0,3814.3430048663804,10.90454653653892,9.0,9919.8173828125
6,101,390.0,1200.0,5730.304178920371,23.890740299928588,43.0,9507.7041015625
6,102,0.0,1140.0,3634.6309834133167,10.429659604855987,6.0,10523.0380859375
6,103,0.0,1620.0,4019.0374072304976,10.393953820518924,7.0,9715.6279296875
6,104,300.0,1200.0,5969.066212164269,22.176862651749584,44.0,9375.5322265625
6,105,900.0,1260.0,6766.1551884972305,45.44989288264699,159.0,9143.296875
6,106,600.0,1260.0,6752.698070379134,48.83480123780053,183.0,9146.005859375
6,107,570.0,2025.0,5748.320838094375,32.81718638419424,5.0,9724.7607421875
6,108,0.0,1140.0,4091.6414144865353,10.815282075696263,7.0,9817.017578125
6,109,0.0,1140.0,4318.030588272302,10.101166388955011,7.0,10416.34375
6,110,0.0,1620.0,3756.775821836143,9.944060937871935,6.0,10226.9267578125
6,111,0.0,1620.0,3317.59709083184,12.275648655082124,15.0,11639.3798828125
6,112,0.0,1140.0,4099.347044811203,21.023565817662462,41.0,9676.2119140625
6,113,0.0,1200.0,3872.0439262165373,9.95834325160676,6.0,11032.3291015625
6,114,990.0,1620.0,12013.596312308642,81.2699357295882,324.0,8858.435546875
6,115,0.0,1620.0,3652.4494169253853,10.708164722685074,8.0,9773.966796875
6,116,0.0,1140.0,4188.453230219331,21.805522494644134,55.0,9278.958984375
6,117,555.0,1260.0,6433.734482318256,32.795762913592,5.0,11134.9482421875
6,118,300.0,1260.0,5385.57789238009,19.848845512973103,40.0,9807.24609375
6,119,255.0,1260.0,6443.863421656499,22.09473934777434,46.0,9170.9462890625
6,120,0.0,1140.0,3959.7087056863925,21.298500357057844,51.0,9409.8076171875
6,121,0.0,1620.0,4051.901329279225,10.3225422518448,7.0,9765.541015625
6,122,0.0,1140.0,3744.360507256283,10.790288026660319,10.0,9898.875
6,123,0.0,1140.0,3711.5803169344044,18.038562247084027,37.0,10702.9267578125
6,124,330.0,1260.0,5630.721244599184,21.71268745536777,49.0,9823.73828125
6,125,300.0,1200.0,5299.602230582639,21.373482504165676,42.0,9842.7451171875
7,0,0.0,1140.0,3546.7048626521064,12.054272792192336,14.0,8648.103515625
7,1,0.0,180.0,2898.2873973397554,10.247560104736968,7.0,9758.9072265625
7,2,0.0,180.0,2911.2814847563145,9.51916210426089,4.0,10205.8828125
7,3,0.0,180.0,3330.4135136437053,9.54772673173054,2.0,10289.1845703125
7,4,0.0,1140.0,3834.6051022884963,9.062128064746489,2.0,10793.263671875
7,5,0.0,0.0,3366.6099964934124,10.418947869554868,7.0,9440.375
7,6,0.0,180.0,3128.8151728402595,11.722208997857653,12.0,9336.0546875
7,7,0.0,180.0,3233.1421692665567,11.168769340633183,12.0,9734.3916015625
7,8,0.0,180.0,3615.0036774900955,10.383242085217805,9.0,9391.328125
7,9,0.0,0.0,3265.7851340788206,10.993810997381576,10.0,9004.416015625
7,10,0.0,180.0,3076.684076599905,11.465127350630802,12.0,9521.2451171875
7,11,0.0,180.0,3169.4628415400093,9.008569388240895,3.0,10652.2197265625
7,12,0.0,0.0,3150.465705780437,9.801237800523685,5.0,10532.333984375
7,13,0.0,1140.0,3479.415462211826,9.226374672696977,1.0,8658.763671875
7,14,0.0,1140.0,3348.484813527646,10.083313496786479,6.0,9455.7080078125
7,15,0.0,0.0,3324.510511702324,10.622470840276124,8.0,10013.875
7,16,0.0,1140.0,3525.4759071635326,9.437038800285647,3.0,9610.4609375
7,17,0.0,0.0,4043.8819528493805,20.46298500357058,53.0,9373.3564453125
7,18,0.0,1140.0,3840.8327938016855,9.611997143537254,4.0,9587.4482421875
7,19,0.0,1140.0,3755.9245024415545,9.247798143299214,3.0,10548.46484375
7,20,0.0,1140.0,3381.24148059668,10.165436800761723,6.0,10199.66015625
7,21,0.0,180.0,3504.8181083584877,22.062604141870985,46.0,9604.6376953125
7,22,90.0,1260.0,6049.139723566312,27.86122351820995,89.0,8850.1181640625
7,23,645.0,1260.0,6992.902078761875,32.14948821709117,77.0,8663.36328125
7,24,390.0,1620.0,6768.082241486185,32.06022375624851,95.0,8836.5302734375
7,25,0.0,1140.0,3638.5423611097694,12.072125684360866,15.0,8854.1513671875
7,26,0.0,0.0,3766.8532800454423,20.85217805284456,47.0,9705.150390625
7,27,0.0,180.0,3121.366875416152,9.951202094739347,4.0,10211.7197265625
7,28,0.0,180.0,2994.6612666020105,10.672458938348012,7.0,10614.87890625
7,29,0.0,1620.0,3003.3190650614574,10.029754820280885,4.0,10935.4169921875
7,30,0.0,0.0,3494.0432450226012,10.743870507022137,8.0,9975.3310546875
7,31,0.0,1140.0,3603.4609850558436,9.919066888835992,4.0,9403.8046875
7,32,0.0,1140.0,3522.6369484167553,10.261842418471792,6.0,9434.5380859375
7,33,0.0,0.0,3312.713357111451,11.072363722923113,10.0,10155.1494140625
7,34,0.0,180.0,3061.349841533016,10.786717448226613,9.0,9805.681640625
7,35,0.0,0.0,3755.0691321068616,19.081171149726256,48.0,9548.517578125
7,36,0.0,180.0,3106.583045275509,11.740061890026185,13.0,9778.6064453125
7,37,0.0,1140.0,3541.855275422353,9.790526065222567,5.0,9014.9716796875
7,38,0.0,180.0,3012.3822239943984,10.586765055939063,8.0,10183.013671875
7,39,0.0,1140.0,3815.5570559696916,9.726255653415853,2.0,10242.2373046875
7,40,0.0,180.0,3572.0301787640074,19.763151630564153,52.0,9367.900390625
7,41,0.0,0.0,3854.0767243259716,20.04165674839324,54.0,9535.62890625
7,42,0.0,180.0,3747.9009695884497,13.236134253749107,21.0,9499.931640625
7,43,0.0,180.0,3757.9756617507196,21.748393239704832,46.0,9132.783203125
7,44,0.0,180.0,3729.8663451802668,12.079266841228279,15.0,9770.9013671875
7,45,0.0,1140.0,3493.4716974542102,9.60485598666984,3.0,10288.1884765625
7,46,0.0,1140.0,3591.5823534306023,11.308021899547727,11.0,9389.5732421875
7,47,0.0,1140.0,3677.9906395242197,10.290407045941443,6.0,9497.5361328125
7,48,0.0,1140.0,3581.112493677632,11.300880742680315,11.0,9403.2646484375
7,49,585.0,2025.0,6177.401009642244,33.30278505117829,6.0,9350.6259765625
7,50,0.0,1140.0,3672.5055511870246,10.468935967626756,8.0,9319.3935546875
7,51,0.0,0.0,3976.281643662165,20.802189954772672,51.0,9557.0302734375
7,52,0.0,0.0,3938.14498332008,20.802189954772672,51.0,9650.068359375
7,53,0.0,1140.0,3655.9148424304694,9.790526065222567,4.0,9895.1572265625
7,54,0.0,180.0,3724.4246342196616,20.091644846465126,55.0,9795.77734375
7,55,0.0,600.0,3196.387268824958,20.284456081885267,39.0,9959.556640625
7,56,0.0,180.0,3420.7222617700377,19.491787669602477,37.0,9935.533203125
7,57,0.0,1200.0,3924.1531316506516,9.290645084503689,3.0,11293.349609375
7,58,0.0,1620.0,3256.0296365133095,10.847417281599618,9.0,9956.9833984375
7,59,0.0,1140.0,3598.79160826895,9.90121399666746,4.0,9629.7373046875
7,60,0.0,600.0,3119.891575174519,19.838133777671985,38.0,10296.9453125
7,61,0.0,585.0,3163.4615098829704,21.105689121637706,54.0,10103.3857421875
7,62,0.0,180.0,3724.4246342196616,20.091644846465126,55.0,9795.77734375
7,63,0.0,180.0,3328.338838469363,19.46679362056653,50.0,9977.7265625
7,64,0.0,0.0,3591.685821430344,19.49892882646989,41.0,10487.8515625
7,65,0.0,1620.0,3309.709051355875,10.39752439895263,6.0,11731.4853515625
7,66,0.0,600.0,3290.4194485759654,19.302547012616042,43.0,10283.5556640625
7,67,0.0,180.0,3300.5119981485036,20.227326826945966,40.0,10227.5810546875
7,68,0.0,180.0,3070.779159935262,11.425850987860033,13.0,10735.1533203125
7,69,90.0,1260.0,6052.227475117333,27.87193525351107,89.0,8875.361328125
7,70,765.0,1260.0,7068.515975911938,46.99238276600809,175.0,8828.673828125
7,71,435.0,1200.0,5730.2760813768955,23.469412044751248,42.0,8981.3056640625
7,72,1110.0,1380.0,9721.278313074925,78.50987860033325,438.0,8667.71484375
7,73,0.0,1560.0,6778.7943918393485,23.894310878362294,64.0,8901.69140625
7,74,0.0,1140.0,3629.1553958825966,9.51916210426089,4.0,10226.21484375
7,75,0.0,1140.0,3677.41092733978,11.704356105689122,13.0,9026.3916015625
7,76,0.0,1140.0,3944.5456607114565,10.211854320399905,6.0,9541.9052734375
7,77,0.0,180.0,3151.0834944236713,10.333253987145918,7.0,10343.8115234375
7,78,0.0,1260.0,7279.00283449468,24.944060937871935,68.0,8880.341796875
7,79,525.0,1260.0,6644.85031434362,26.10449892882647,69.0,8916.310546875
7,80,630.0,1260.0,6985.313570504592,29.278743156391336,64.0,8941.29296875
7,81,0.0,180.0,3640.568679841447,10.715305879552487,6.0,11611.595703125
7,82,0.0,1140.0,3714.6092456618844,9.472744584622708,4.0,11273.46484375
7,83,1245.0,1380.0,10293.336638221464,82.22685074982147,437.0,8788.1591796875
7,84,0.0,585.0,3237.9246942566515,20.095215424898832,39.0,10252.2939453125
7,85,0.0,1140.0,3630.9574966715186,9.544156153296834,3.0,10354.138671875
7,86,0.0,1620.0,3558.329381588714,22.862413711021187,58.0,9741.8427734375
7,87,1470.0,1380.0,11603.492653440018,96.68769340633183,453.0,8665.8828125
7,88,0.0,1620.0,3239.6838036372624,10.858129016900739,9.0,10137.4873046875
7,89,0.0,600.0,3199.34930593354,20.09878600333254,38.0,9836.1064453125
7,90,0.0,1140.0,3622.613210158373,9.940490359438229,4.0,9673.8857421875
7,91,0.0,180.0,3781.797501189007,22.030468935967626,45.0,10083.8837890625
7,92,285.0,1260.0,6197.926382494431,21.448464651273508,44.0,9159.310546875
7,93,0.0,1140.0,3873.462034322093,19.634610806950725,48.0,9489.9755859375
7,94,270.0,1200.0,5200.599502654393,21.61985241609141,44.0,9201.470703125
7,95,0.0,600.0,3277.23245159657,21.748393239704832,57.0,10572.240234375
7,96,0.0,1140.0,3616.0641153216584,10.529635800999761,6.0,11721.7880859375
7,97,0.0,1140.0,3686.115898994893,9.84408474172816,6.0,10993.5615234375
7,98,0.0,180.0,3196.199857747863,10.808140918828851,10.0,10774.708984375
7,99,240.0,1200.0,5309.292034501583,21.85551059271602,44.0,9128.173828125
7,100,0.0,1140.0,4156.167617211921,21.144965484408473,42.0,9258.794921875
7,101,0.0,0.0,3982.1078543784,22.219709592954057,56.0,10570.7783203125
7,102,0.0,600.0,3156.3951821807977,21.037848131397286,44.0,10802.1513671875
7,103,0.0,180.0,3381.2984233828856,20.40585574863128,40.0,10239.138671875
7,104,1185.0,1380.0,12510.081144422446,76.74958343251606,277.0,8855.9326171875
7,105,1140.0,1380.0,9648.196880259182,75.40704594144252,444.0,8918.33984375
7,106,300.0,1320.0,8691.990487837316,38.512258985955725,116.0,8983.5859375
7,107,990.0,1620.0,12013.596312308642,81.2699357295882,324.0,8858.435546875
7,108,0.0,1260.0,6917.635141075049,24.379909545346347,68.0,9069.744140625
7,109,585.0,1260.0,5755.766825949801,34.20257081647227,6.0,9606.4619140625
7,110,0.0,1140.0,4073.064502135781,20.916448464651275,52.0,9095.01953125
7,111,330.0,1620.0,6414.978558481466,31.446084265651034,93.0,8921.8896484375
7,112,0.0,1140.0,4244.314442241782,9.669126398476553,4.0,10390.373046875
7,113,270.0,1200.0,5307.634089652681,21.162818376577004,48.0,9205.6630859375
7,114,0.0,1140.0,3882.41280426703,12.03999047845751,15.0,9353.2822265625
7,115,0.0,1140.0,4385.579550062208,21.080695072601763,50.0,9307.001953125
7,116,0.0,600.0,3565.175104312138,20.280885503451557,51.0,9950.1201171875
7,117,0.0,180.0,3283.83066260657,10.601047369673887,7.0,10378.01171875
7,118,0.0,180.0,3493.125241377378,11.77219709592954,10.0,10360.6103515625
7,119,0.0,1140.0,3929.7654499773253,9.661985241609141,5.0,11071.9033203125
7,120,0.0,585.0,3326.546032490853,20.209473934777435,41.0,10353.83984375
7,121,0.0,1140.0,4398.555157443508,10.86527017376815,8.0,9473.90234375
7,122,0.0,1140.0,3634.6309834133167,10.429659604855987,6.0,10523.0380859375
7,123,0.0,1140.0,3409.2074915827648,11.368721732920733,8.0,12318.4619140625
7,124,0.0,1620.0,3355.5756067993075,12.05070221375863,15.0,10563.0283203125
7,125,0.0,1140.0,4091.6414144865353,10.815282075696263,7.0,9817.017578125
8,0,0.0,180.0,2898.2873973397554,10.247560104736968,7.0,9758.9072265625
8,1,0.0,180.0,2911.2814847563145,9.51916210426089,4.0,10205.8828125
8,2,0.0,180.0,3330.4135136437053,9.54772673173054,2.0,10289.1845703125
8,3,0.0,1140.0,3834.6051022884963,9.062128064746489,2.0,10793.263671875
8,4,0.0,0.0,3366.6099964934124,10.418947869554868,7.0,9440.375
8,5,0.0,180.0,3128.8151728402595,11.722208997857653,12.0,9336.0546875
8,6,0.0,180.0,3615.0036774900955,10.383242085217805,9.0,9391.328125
8,7,0.0,0.0,3265.7851340788206,10.993810997381576,10.0,9004.416015625
8,8,0.0,180.0,3076.684076599905,11.465127350630802,12.0,9521.2451171875
8,9,0.0,180.0,3169.4628415400093,9.008569388240895,3.0,10652.2197265625
8,10,0.0,0.0,3150.465705780437,9.801237800523685,5.0,10532.333984375
8,11,0.0,1140.0,3479.415462211826,9.226374672696977,1.0,8658.763671875
8,12,0.0,1140.0,3348.484813527646,10.083313496786479,6.0,9455.7080078125
8,13,0.0,0.0,3324.510511702324,10.622470840276124,8.0,10013.875
8,14,0.0,180.0,3307.5351680315794,10.047607712449416,5.0,9730.0849609375
8,15,0.0,180.0,3093.3050218108824,10.97952868364675,11.0,9518.81640625
8,16,0.0,0.0,3585.415121622503,10.27255415377291,6.0,9702.9716796875
8,17,0.0,0.0,2747.1940732035646,9.87264936919781,5.0,10220.0546875
8,18,0.0,180.0,3169.747624375867,9.012139966674601,3.0,10640.5341796875
8,19,0.0,180.0,3083.9613076864252,10.147583908593193,5.0,9958.513671875
8,20,0.0,1140.0,3468.867818382897,9.333492025708164,1.0,8557.4365234375
8,21,0.0,1140.0,3406.9672289143086,9.990478457510116,5.0,9067.3984375
8,22,0.0,0.0,2995.974265049102,10.576053320637943,8.0,10057.751953125
8,23,0.0,180.0,3046.9284584301213,10.276124732206618,5.0,9799.029296875
8,24,0.0,1140.0,3546.7048626521064,12.054272792192336,14.0,8648.103515625
8,25,0.0,180.0,3233.1421692665567,11.168769340633183,12.0,9734.3916015625
8,26,0.0,1140.0,3525.4759071635326,9.437038800285647,3.0,9610.4609375
8,27,0.0,0.0,4043.8819528493805,20.46298500357058,53.0,9373.3564453125
8,28,0.0,1140.0,3840.8327938016855,9.611997143537254,4.0,9587.4482421875
8,29,0.0,1140.0,3755.9245024415545,9.247798143299214,3.0,10548.46484375
8,30,0.0,1140.0,3381.24148059668,10.165436800761723,6.0,10199.66015625
8,31,0.0,180.0,3504.8181083584877,22.062604141870985,46.0,9604.6376953125
8,32,0.0,0.0,3766.8532800454423,20.85217805284456,47.0,9705.150390625
8,33,0.0,180.0,3121.366875416152,9.951202094739347,4.0,10211.7197265625
8,34,0.0,1620.0,3003.3190650614574,10.029754820280885,4.0,10935.4169921875
8,35,0.0,0.0,3494.0432450226012,10.743870507022137,8.0,9975.3310546875
8,36,0.0,1140.0,3603.4609850558436,9.919066888835992,4.0,9403.8046875
8,37,0.0,1140.0,3522.6369484167553,10.261842418471792,6.0,9434.5380859375
8,38,0.0,0.0,3312.713357111451,11.072363722923113,10.0,10155.1494140625
8,39,0.0,180.0,3061.349841533016,10.786717448226613,9.0,9805.681640625
8,40,0.0,0.0,3755.0691321068616,19.081171149726256,48.0,9548.517578125
8,41,0.0,180.0,3106.583045275509,11.740061890026185,13.0,9778.6064453125
8,42,0.0,1140.0,3541.855275422353,9.790526065222567,5.0,9014.9716796875
8,43,0.0,180.0,3012.3822239943984,10.586765055939063,8.0,10183.013671875
8,44,0.0,1140.0,3815.5570559696916,9.726255653415853,2.0,10242.2373046875
8,45,0.0,180.0,3572.0301787640074,19.763151630564153,52.0,9367.900390625
8,46,0.0,0.0,3854.0767243259716,20.04165674839324,54.0,9535.62890625
8,47,0.0,180.0,3747.9009695884497,13.236134253749107,21.0,9499.931640625
8,48,0.0,180.0,3757.9756617507196,21.748393239704832,46.0,9132.783203125
8,49,0.0,1140.0,3493.4716974542102,9.60485598666984,3.0,10288.1884765625
8,50,0.0,180.0,2926.9115022042924,9.933349202570817,5.0,10621.615234375
8,51,0.0,180.0,2959.2696744529308,10.094025232087597,5.0,10343.01953125
8,52,0.0,1140.0,3581.2543053200798,11.568674125208284,12.0,8759.759765625
8,53,0.0,180.0,3143.7927658161007,11.918590811711498,14.0,9659.5634765625
8,54,0.0,0.0,3415.7723546003226,21.534158533682458,45.0,9645.8701171875
8,55,0.0,180.0,3511.470302822057,9.761961437752916,4.0,10464.91015625
8,56,0.0,0.0,3479.2699748942605,19.759581052130446,44.0,9860.2724609375
8,57,0.0,180.0,3120.1801302613712,10.27255415377291,6.0,10070.966796875
8,58,0.0,0.0,3839.398618135146,10.668888359914305,8.0,9688.263671875
8,59,0.0,0.0,3558.0301831767865,10.40823613425375,7.0,10379.5048828125
8,60,90.0,1260.0,6049.139723566312,27.86122351820995,89.0,8850.1181640625
8,61,645.0,1260.0,6992.902078761875,32.14948821709117,77.0,8663.36328125
8,62,0.0,1140.0,3638.5423611097694,12.072125684360866,15.0,8854.1513671875
8,63,0.0,180.0,2994.6612666020105,10.672458938348012,7.0,10614.87890625
8,64,0.0,180.0,3729.8663451802668,12.079266841228279,15.0,9770.9013671875
8,65,0.0,1140.0,3591.5823534306023,11.308021899547727,11.0,9389.5732421875
8,66,0.0,1140.0,3677.9906395242197,10.290407045941443,6.0,9497.5361328125
8,67,0.0,1140.0,3581.112493677632,11.300880742680315,11.0,9403.2646484375
8,68,585.0,2025.0,6177.401009642244,33.30278505117829,6.0,9350.6259765625
8,69,0.0,1140.0,3672.5055511870246,10.468935967626756,8.0,9319.3935546875
8,70,0.0,0.0,3976.281643662165,20.802189954772672,51.0,9557.0302734375
8,71,0.0,0.0,3938.14498332008,20.802189954772672,51.0,9650.068359375
8,72,0.0,1140.0,3655.9148424304694,9.790526065222567,4.0,9895.1572265625
8,73,0.0,180.0,3724.4246342196616,20.091644846465126,55.0,9795.77734375
8,74,0.0,600.0,3196.387268824958,20.284456081885267,39.0,9959.556640625
8,75,0.0,180.0,3420.7222617700377,19.491787669602477,37.0,9935.533203125
8,76,0.0,1200.0,3924.1531316506516,9.290645084503689,3.0,11293.349609375
8,77,0.0,1620.0,3256.0296365133095,10.847417281599618,9.0,9956.9833984375
8,78,0.0,1140.0,3598.79160826895,9.90121399666746,4.0,9629.7373046875
8,79,0.0,600.0,3119.891575174519,19.838133777671985,38.0,10296.9453125
8,80,0.0,180.0,3724.4246342196616,20.091644846465126,55.0,9795.77734375
8,81,0.0,180.0,3328.338838469363,19.46679362056653,50.0,9977.7265625
8,82,0.0,0.0,3591.685821430344,19.49892882646989,41.0,10487.8515625
8,83,0.0,1620.0,3309.709051355875,10.39752439895263,6.0,11731.4853515625
8,84,0.0,1140.0,3629.1553958825966,9.51916210426089,4.0,10226.21484375
8,85,0.0,1140.0,3677.41092733978,11.704356105689122,13.0,9026.3916015625
8,86,0.0,1140.0,3944.5456607114565,10.211854320399905,6.0,9541.9052734375
8,87,0.0,180.0,3151.0834944236713,10.333253987145918,7.0,10343.8115234375
8,88,0.0,1140.0,3714.6092456618844,9.472744584622708,4.0,11273.46484375
8,89,0.0,1140.0,3630.9574966715186,9.544156153296834,3.0,10354.138671875
8,90,0.0,1620.0,3558.329381588714,22.862413711021187,58.0,9741.8427734375
8,91,0.0,1620.0,3239.6838036372624,10.858129016900739,9.0,10137.4873046875
8,92,0.0,600.0,3199.34930593354,20.09878600333254,38.0,9836.1064453125
8,93,0.0,180.0,3422.6060622165073,10.511782908831231,6.0,10464.8408203125
8,94,0.0,0.0,3731.7135503384693,10.936681742442275,10.0,10059.0126953125
8,95,0.0,180.0,3335.5545806232526,20.08807426803142,39.0,9864.423828125
8,96,0.0,0.0,3499.2051149010695,20.209473934777435,55.0,10861.3046875
8,97,0.0,1140.0,3769.785649008664,9.526303261128303,3.0,10911.0263671875
8,98,0.0,1140.0,3849.523144666374,11.24732206617472,11.0,9059.046875
8,99,0.0,1140.0,3766.126744515172,9.84408474172816,5.0,9558.1650390625
8,100,0.0,180.0,3648.7796588329506,11.100928350392763,5.0,10541.5224609375
8,101,0.0,1260.0,7626.354817372545,29.3715781956677,103.0,8662.896484375
8,102,0.0,1140.0,3601.8432837781993,11.254463223042134,11.0,9389.6240234375
8,103,0.0,180.0,3260.5320370485083,11.10449892882647,11.0,10038.2421875
8,104,0.0,0.0,3357.0381158474966,18.83837181623423,39.0,11289.474609375
8,105,510.0,1260.0,6370.267346368298,24.736967388716973,65.0,8837.6748046875
8,106,0.0,1140.0,3582.6917788335727,11.340157105451084,11.0,9063.201171875
8,107,0.0,180.0,2937.0906346358643,10.31183051654368,7.0,10961.3828125
8,108,105.0,1260.0,5997.585829367093,27.68983575339205,89.0,8755.138671875
8,109,0.0,1140.0,3656.9859594572404,9.711973339681029,3.0,9688.361328125
8,110,0.0,180.0,3159.694386369203,11.825755772435134,14.0,9997.255859375
8,111,0.0,180.0,3421.2303738569613,11.254463223042134,6.0,10250.3486328125
8,112,0.0,1140.0,3732.586456699319,10.229707212568437,6.0,9373.134765625
8,113,0.0,1140.0,3578.145319773497,11.318733634848845,12.0,10021.2626953125
8,114,0.0,180.0,3155.4489802175085,10.336824565579624,7.0,10161.2548828125
8,115,0.0,1140.0,3614.227948117861,10.126160437990954,5.0,9799.236328125
8,116,0.0,1140.0,4398.555157443508,10.86527017376815,8.0,9473.90234375
8,117,0.0,1140.0,4244.314442241782,9.669126398476553,4.0,10390.373046875
8,118,0.0,1140.0,3686.115898994893,9.84408474172816,6.0,10993.5615234375
8,119,0.0,1620.0,3005.9997033442833,11.790049988098072,14.0,10724.1416015625
8,120,630.0,1260.0,6985.313570504592,29.278743156391336,64.0,8941.29296875
8,121,0.0,1140.0,3749.533858677059,10.268983575339204,6.0,9586.3037109375
8,122,285.0,1260.0,6021.004190724481,22.49464413234944,44.0,9089.54296875
8,123,0.0,1620.0,3371.5921497454424,10.39752439895263,6.0,11843.9521484375
8,124,0.0,180.0,3640.568679841447,10.715305879552487,6.0,11611.595703125
8,125,285.0,1260.0,6197.926382494431,21.448464651273508,44.0,9159.310546875
9,0,0.0,180.0,2898.2873973397554,10.247560104736968,7.0,9758.9072265625
9,1,0.0,180.0,2911.2814847563145,9.51916210426089,4.0,10205.8828125
9,2,0.0,180.0,3330.4135136437053,9.54772673173054,2.0,10289.1845703125
9,3,0.0,1140.0,3834.6051022884963,9.062128064746489,2.0,10793.263671875
9,4,0.0,0.0,3366.6099964934124,10.418947869554868,7.0,9440.375
9,5,0.0,180.0,3615.0036774900955,10.383242085217805,9.0,9391.328125
9,6,0.0,0.0,3265.7851340788206,10.993810997381576,10.0,9004.416015625
9,7,0.0,180.0,3169.4628415400093,9.008569388240895,3.0,10652.2197265625
9,8,0.0,0.0,3150.465705780437,9.801237800523685,5.0,10532.333984375
9,9,0.0,1140.0,3479.415462211826,9.226374672696977,1.0,8658.763671875
9,10,0.0,1140.0,3348.484813527646,10.083313496786479,6.0,9455.7080078125
9,11,0.0,0.0,3324.510511702324,10.622470840276124,8.0,10013.875
9,12,0.0,0.0,3585.415121622503,10.27255415377291,6.0,9702.9716796875
9,13,0.0,0.0,2747.1940732035646,9.87264936919781,5.0,10220.0546875
9,14,0.0,180.0,3169.747624375867,9.012139966674601,3.0,10640.5341796875
9,15,0.0,1140.0,3468.867818382897,9.333492025708164,1.0,8557.4365234375
9,16,0.0,1140.0,3406.9672289143086,9.990478457510116,5.0,9067.3984375
9,17,0.0,0.0,2995.974265049102,10.576053320637943,8.0,10057.751953125
9,18,0.0,0.0,2740.7385983371564,10.108307545822424,6.0,10336.240234375
9,19,0.0,180.0,2971.8397802611726,10.793858605094025,8.0,9096.857421875
9,20,0.0,180.0,3056.887209540015,9.90121399666746,5.0,9618.404296875
9,21,0.0,0.0,3052.3975960132575,10.604617948107594,8.0,10024.712890625
9,22,0.0,0.0,3353.898589705172,10.083313496786479,6.0,10207.46875
9,23,0.0,1140.0,3463.188302924677,9.52987383956201,3.0,9452.486328125
9,24,0.0,180.0,3252.967699159972,9.354915496310403,3.0,9922.73046875
9,25,0.0,180.0,3215.7417936159236,10.633182575577244,8.0,9399.0947265625
9,26,0.0,180.0,3062.8706801487165,10.001190192811235,4.0,9546.345703125
9,27,0.0,180.0,2984.736135777,10.004760771244941,6.0,9725.423828125
9,28,0.0,0.0,3390.7094944971573,9.947631516305641,5.0,9888.9892578125
9,29,0.0,0.0,3305.683469211822,10.743870507022137,8.0,9550.1572265625
9,30,0.0,180.0,3452.4057380628174,10.726017614853607,8.0,9372.349609375
9,31,0.0,180.0,3025.4717712532956,10.326112830278506,8.0,9649.7490234375
9,32,0.0,180.0,2999.6596760235866,9.40490359438229,3.0,9722.92578125
9,33,0.0,0.0,2936.461980550739,13.000476077124494,19.0,9756.314453125
9,34,0.0,180.0,3128.8151728402595,11.722208997857653,12.0,9336.0546875
9,35,0.0,180.0,3076.684076599905,11.465127350630802,12.0,9521.2451171875
9,36,0.0,180.0,3307.5351680315794,10.047607712449416,5.0,9730.0849609375
9,37,0.0,180.0,3093.3050218108824,10.97952868364675,11.0,9518.81640625
9,38,0.0,180.0,3083.9613076864252,10.147583908593193,5.0,9958.513671875
9,39,0.0,180.0,3046.9284584301213,10.276124732206618,5.0,9799.029296875
9,40,0.0,1140.0,3546.7048626521064,12.054272792192336,14.0,8648.103515625
9,41,0.0,1140.0,3525.4759071635326,9.437038800285647,3.0,9610.4609375
9,42,0.0,0.0,4043.8819528493805,20.46298500357058,53.0,9373.3564453125
9,43,0.0,1140.0,3840.8327938016855,9.611997143537254,4.0,9587.4482421875
9,44,0.0,1140.0,3755.9245024415545,9.247798143299214,3.0,10548.46484375
9,45,0.0,0.0,3766.8532800454423,20.85217805284456,47.0,9705.150390625
9,46,0.0,180.0,3121.366875416152,9.951202094739347,4.0,10211.7197265625
9,47,0.0,1620.0,3003.3190650614574,10.029754820280885,4.0,10935.4169921875
9,48,0.0,0.0,3494.0432450226012,10.743870507022137,8.0,9975.3310546875
9,49,0.0,1140.0,3603.4609850558436,9.919066888835992,4.0,9403.8046875
9,50,0.0,0.0,3312.713357111451,11.072363722923113,10.0,10155.1494140625
9,51,0.0,0.0,3755.0691321068616,19.081171149726256,48.0,9548.517578125
9,52,0.0,1140.0,3541.855275422353,9.790526065222567,5.0,9014.9716796875
9,53,0.0,180.0,3012.3822239943984,10.586765055939063,8.0,10183.013671875
9,54,0.0,1140.0,3815.5570559696916,9.726255653415853,2.0,10242.2373046875
9,55,0.0,0.0,3854.0767243259716,20.04165674839324,54.0,9535.62890625
9,56,0.0,180.0,3757.9756617507196,21.748393239704832,46.0,9132.783203125
9,57,0.0,1140.0,3493.4716974542102,9.60485598666984,3.0,10288.1884765625
9,58,0.0,180.0,2926.9115022042924,9.933349202570817,5.0,10621.615234375
9,59,0.0,180.0,2959.2696744529308,10.094025232087597,5.0,10343.01953125
9,60,0.0,1140.0,3581.2543053200798,11.568674125208284,12.0,8759.759765625
9,61,0.0,0.0,3415.7723546003226,21.534158533682458,45.0,9645.8701171875
9,62,0.0,0.0,3479.2699748942605,19.759581052130446,44.0,9860.2724609375
9,63,0.0,0.0,3839.398618135146,10.668888359914305,8.0,9688.263671875
9,64,0.0,0.0,3558.0301831767865,10.40823613425375,7.0,10379.5048828125
9,65,0.0,1620.0,3048.8205648972357,10.02618424184718,6.0,10235.017578125
9,66,0.0,180.0,3136.6875251374413,11.922161390145204,14.0,9255.490234375
9,67,0.0,180.0,3156.9373573777666,9.697691025946204,3.0,9773.9814453125
9,68,0.0,1140.0,3473.644721018813,10.261842418471792,6.0,9052.3798828125
9,69,0.0,180.0,3139.2602677343734,10.133301594858366,6.0,10187.486328125
9,70,0.0,0.0,3166.5489011496998,11.068793144489407,12.0,10554.755859375
9,71,0.0,1140.0,3532.845073834653,9.533444417995716,3.0,9589.5126953125
9,72,0.0,1140.0,3654.1669591502136,9.922637467269698,5.0,8724.958984375
9,73,0.0,180.0,3108.295185406796,10.243989526303261,6.0,9688.955078125
9,74,0.0,1140.0,3535.1618371462637,12.168531302070935,15.0,8661.79296875
9,75,0.0,180.0,2940.9367378603683,9.736967388716971,5.0,10945.8828125
9,76,0.0,1140.0,4285.75892577709,9.254939300166628,3.0,10545.107421875
9,77,0.0,0.0,3357.0381158474966,18.83837181623423,39.0,11289.474609375
9,78,105.0,1260.0,5997.585829367093,27.68983575339205,89.0,8755.138671875
9,79,285.0,1200.0,5480.064151483655,23.290883123065935,49.0,8841.6796875
9,80,0.0,1140.0,3672.5055511870246,10.468935967626756,8.0,9319.3935546875
9,81,585.0,2025.0,6177.401009642244,33.30278505117829,6.0,9350.6259765625
9,82,0.0,0.0,3978.560733082458,10.940252320875983,11.0,9925.611328125
9,83,645.0,1260.0,6992.902078761875,32.14948821709117,77.0,8663.36328125
9,84,90.0,1260.0,6049.139723566312,27.86122351820995,89.0,8850.1181640625
9,85,0.0,1140.0,3769.785649008664,9.526303261128303,3.0,10911.0263671875
9,86,0.0,1260.0,7626.354817372545,29.3715781956677,103.0,8662.896484375
9,87,510.0,1260.0,6370.267346368298,24.736967388716973,65.0,8837.6748046875
9,88,0.0,1140.0,3591.5823534306023,11.308021899547727,11.0,9389.5732421875
9,89,0.0,1140.0,3714.6092456618844,9.472744584622708,4.0,11273.46484375
9,90,0.0,180.0,3399.6048278660423,9.922637467269698,3.0,10057.6259765625
9,91,0.0,1200.0,3924.1531316506516,9.290645084503689,3.0,11293.349609375
9,92,0.0,180.0,3511.470302822057,9.761961437752916,4.0,10464.91015625
9,93,0.0,1140.0,3677.41092733978,11.704356105689122,13.0,9026.3916015625
9,94,0.0,1140.0,3769.9138100623345,10.104736967388718,6.0,9434.216796875
9,95,0.0,1140.0,3638.5423611097694,12.072125684360866,15.0,8854.1513671875
9,96,0.0,1140.0,3732.586456699319,10.229707212568437,6.0,9373.134765625
9,97,0.0,180.0,3331.9153934730825,10.947393477743395,4.0,11068.1689453125
9,98,0.0,1140.0,3601.8432837781993,11.254463223042134,11.0,9389.6240234375
9,99,0.0,1140.0,3575.882743429684,11.31516305641514,11.0,9377.0693359375
9,100,0.0,180.0,3117.914958130661,10.415377291121162,7.0,10193.013671875
9,101,0.0,180.0,2937.0906346358643,10.31183051654368,7.0,10961.3828125
9,102,0.0,0.0,3591.685821430344,19.49892882646989,41.0,10487.8515625
9,103,0.0,180.0,2994.6612666020105,10.672458938348012,7.0,10614.87890625
9,104,0.0,180.0,3125.7447545445984,10.147583908593193,5.0,10220.146484375
9,105,0.0,1140.0,3575.818066295633,11.336586527017376,11.0,9043.83203125
9,106,0.0,1140.0,3522.6369484167553,10.261842418471792,6.0,9434.5380859375
9,107,0.0,0.0,3976.281643662165,20.802189954772672,51.0,9557.0302734375
9,108,0.0,180.0,3120.1801302613712,10.27255415377291,6.0,10070.966796875
9,109,0.0,1140.0,3849.523144666374,11.24732206617472,11.0,9059.046875
9,110,0.0,180.0,3504.8181083584877,22.062604141870985,46.0,9604.6376953125
9,111,0.0,1140.0,3598.79160826895,9.90121399666746,4.0,9629.7373046875
9,112,0.0,180.0,3572.0301787640074,19.763151630564153,52.0,9367.900390625
9,113,0.0,1140.0,3581.112493677632,11.300880742680315,11.0,9403.2646484375
9,114,0.0,1140.0,3629.1553958825966,9.51916210426089,4.0,10226.21484375
9,115,0.0,1140.0,3305.9348388331296,10.318971673411093,6.0,9946.4296875
9,116,0.0,600.0,3108.7301652885617,19.827422042370863,39.0,9724.3515625
9,117,0.0,1140.0,3656.9859594572404,9.711973339681029,3.0,9688.361328125
9,118,0.0,0.0,3938.14498332008,20.802189954772672,51.0,9650.068359375
9,119,0.0,1140.0,3766.126744515172,9.84408474172816,5.0,9558.1650390625
9,120,0.0,0.0,3499.2051149010695,20.209473934777435,55.0,10861.3046875
9,121,0.0,1140.0,3655.9148424304694,9.790526065222567,4.0,9895.1572265625
9,122,0.0,1140.0,3236.002761979707,10.022613663413473,5.0,10080.4130859375
9,123,0.0,1140.0,3630.9574966715186,9.544156153296834,3.0,10354.138671875
9,124,0.0,1140.0,3386.862357535765,10.07260176148536,5.0,9954.0498046875
9,125,0.0,1140.0,3774.8447860751426,9.454891692454177,3.0,9857.5771484375
10,0,0.0,180.0,2898.2873973397554,10.247560104736968,7.0,9758.9072265625
10,1,0.0,180.0,2911.2814847563145,9.51916210426089,4.0,10205.8828125
10,2,0.0,180.0,3330.4135136437053,9.54772673173054,2.0,10289.1845703125
10,3,0.0,0.0,3366.6099964934124,10.418947869554868,7.0,9440.375
10,4,0.0,0.0,3265.7851340788206,10.993810997381576,10.0,9004.416015625
10,5,0.0,180.0,3169.4628415400093,9.008569388240895,3.0,10652.2197265625
10,6,0.0,0.0,3150.465705780437,9.801237800523685,5.0,10532.333984375
10,7,0.0,1140.0,3479.415462211826,9.226374672696977,1.0,8658.763671875
10,8,0.0,0.0,3585.415121622503,10.27255415377291,6.0,9702.9716796875
10,9,0.0,0.0,2747.1940732035646,9.87264936919781,5.0,10220.0546875
10,10,0.0,180.0,3169.747624375867,9.012139966674601,3.0,10640.5341796875
10,11,0.0,1140.0,3468.867818382897,9.333492025708164,1.0,8557.4365234375
10,12,0.0,1140.0,3406.9672289143086,9.990478457510116,5.0,9067.3984375
10,13,0.0,0.0,2740.7385983371564,10.108307545822424,6.0,10336.240234375
10,14,0.0,180.0,2971.8397802611726,10.793858605094025,8.0,9096.857421875
10,15,0.0,180.0,3056.887209540015,9.90121399666746,5.0,9618.404296875
10,16,0.0,0.0,3353.898589705172,10.083313496786479,6.0,10207.46875
10,17,0.0,1140.0,3463.188302924677,9.52987383956201,3.0,9452.486328125
10,18,0.0,180.0,3252.967699159972,9.354915496310403,3.0,9922.73046875
10,19,0.0,180.0,3062.8706801487165,10.001190192811235,4.0,9546.345703125
10,20,0.0,0.0,3390.7094944971573,9.947631516305641,5.0,9888.9892578125
10,21,0.0,0.0,3305.683469211822,10.743870507022137,8.0,9550.1572265625
10,22,0.0,180.0,2999.6596760235866,9.40490359438229,3.0,9722.92578125
10,23,0.0,0.0,2936.461980550739,13.000476077124494,19.0,9756.314453125
10,24,0.0,180.0,2921.4099193415354,9.811949535824803,4.0,9937.9013671875
10,25,0.0,1140.0,3737.283662869175,9.183527731492502,2.0,9863.7744140625
10,26,0.0,180.0,2977.5354726279447,9.46203284932159,3.0,9694.2958984375
10,27,0.0,1140.0,3453.154683582467,10.033325398714592,6.0,8598.7578125
10,28,0.0,180.0,3171.547264455574,8.787193525351107,1.0,10740.205078125
10,29,0.0,1140.0,3722.1775080215984,8.98357533920495,1.0,10617.673828125
10,30,0.0,180.0,2821.198126420542,9.426327064984527,4.0,10217.3623046875
10,31,0.0,180.0,2927.869451451227,10.240418947869555,5.0,9213.43359375
10,32,0.0,0.0,3284.256320419556,10.508212330397525,8.0,9687.330078125
10,33,0.0,0.0,3289.3136822196466,9.372768388478933,3.0,10587.2744140625
10,34,0.0,180.0,2877.223906034411,10.447512497024517,8.0,9644.935546875
10,35,0.0,0.0,3020.739144289635,11.108069507260176,10.0,8831.564453125
10,36,0.0,180.0,3137.757058101607,9.819090692692216,5.0,9431.419921875
10,37,0.0,0.0,2667.3565106580436,10.144013330159487,6.0,9903.10546875
10,38,0.0,1140.0,3326.5963367193544,9.87264936919781,5.0,9162.2978515625
10,39,0.0,1140.0,3834.6051022884963,9.062128064746489,2.0,10793.263671875
10,40,0.0,180.0,3615.0036774900955,10.383242085217805,9.0,9391.328125
10,41,0.0,1140.0,3348.484813527646,10.083313496786479,6.0,9455.7080078125
10,42,0.0,0.0,3324.510511702324,10.622470840276124,8.0,10013.875
10,43,0.0,0.0,2995.974265049102,10.576053320637943,8.0,10057.751953125
10,44,0.0,0.0,3052.3975960132575,10.604617948107594,8.0,10024.712890625
10,45,0.0,180.0,3215.7417936159236,10.633182575577244,8.0,9399.0947265625
10,46,0.0,180.0,2984.736135777,10.004760771244941,6.0,9725.423828125
10,47,0.0,180.0,3452.4057380628174,10.726017614853607,8.0,9372.349609375
10,48,0.0,180.0,3025.4717712532956,10.326112830278506,8.0,9649.7490234375
10,49,0.0,180.0,3128.8151728402595,11.722208997857653,12.0,9336.0546875
10,50,0.0,180.0,3076.684076599905,11.465127350630802,12.0,9521.2451171875
10,51,0.0,180.0,3307.5351680315794,10.047607712449416,5.0,9730.0849609375
10,52,0.0,180.0,3093.3050218108824,10.97952868364675,11.0,9518.81640625
10,53,0.0,180.0,3083.9613076864252,10.147583908593193,5.0,9958.513671875
10,54,0.0,180.0,3046.9284584301213,10.276124732206618,5.0,9799.029296875
10,55,0.0,1140.0,3546.7048626521064,12.054272792192336,14.0,8648.103515625
10,56,0.0,1140.0,3525.4759071635326,9.437038800285647,3.0,9610.4609375
10,57,0.0,0.0,4043.8819528493805,20.46298500357058,53.0,9373.3564453125
10,58,0.0,1140.0,3840.8327938016855,9.611997143537254,4.0,9587.4482421875
10,59,0.0,1140.0,3755.9245024415545,9.247798143299214,3.0,10548.46484375
10,60,0.0,0.0,3766.8532800454423,20.85217805284456,47.0,9705.150390625
10,61,0.0,180.0,3121.366875416152,9.951202094739347,4.0,10211.7197265625
10,62,0.0,1620.0,3003.3190650614574,10.029754820280885,4.0,10935.4169921875
10,63,0.0,0.0,3755.0691321068616,19.081171149726256,48.0,9548.517578125
10,64,0.0,1140.0,3541.855275422353,9.790526065222567,5.0,9014.9716796875
10,65,0.0,1140.0,3815.5570559696916,9.726255653415853,2.0,10242.2373046875
10,66,0.0,1140.0,3493.4716974542102,9.60485598666984,3.0,10288.1884765625
10,67,0.0,180.0,2926.9115022042924,9.933349202570817,5.0,10621.615234375
10,68,0.0,180.0,2959.2696744529308,10.094025232087597,5.0,10343.01953125
10,69,0.0,1140.0,3581.2543053200798,11.568674125208284,12.0,8759.759765625
10,70,0.0,0.0,3415.7723546003226,21.534158533682458,45.0,9645.8701171875
10,71,0.0,0.0,3839.398618135146,10.668888359914305,8.0,9688.263671875
10,72,0.0,180.0,3136.6875251374413,11.922161390145204,14.0,9255.490234375
10,73,0.0,180.0,3156.9373573777666,9.697691025946204,3.0,9773.9814453125
10,74,0.0,1140.0,3473.644721018813,10.261842418471792,6.0,9052.3798828125
10,75,0.0,1140.0,3532.845073834653,9.533444417995716,3.0,9589.5126953125
10,76,0.0,1140.0,3654.1669591502136,9.922637467269698,5.0,8724.958984375
10,77,0.0,180.0,3108.295185406796,10.243989526303261,6.0,9688.955078125
10,78,0.0,1140.0,3535.1618371462637,12.168531302070935,15.0,8661.79296875
10,79,0.0,180.0,2940.9367378603683,9.736967388716971,5.0,10945.8828125
10,80,0.0,1140.0,4285.75892577709,9.254939300166628,3.0,10545.107421875
10,81,0.0,0.0,3281.39904921958,11.090216615091645,10.0,9970.546875
10,82,0.0,0.0,3365.41727555082,10.354677457748155,7.0,9929.09375
10,83,0.0,1140.0,3760.518549975725,9.344203761009284,3.0,10447.6552734375
10,84,0.0,0.0,3445.3468778799443,10.883123065936681,9.0,9806.892578125
10,85,0.0,1140.0,3509.084664445011,11.111640085693882,10.0,8769.953125
10,86,0.0,0.0,3533.7062503958286,11.450845036895977,13.0,9788.6015625
10,87,0.0,180.0,3131.9048109099845,11.554391811473458,12.0,9469.326171875
10,88,0.0,180.0,2952.474924404253,10.48321828136158,8.0,10318.4326171875
10,89,0.0,1140.0,3553.8875041770516,9.665555820042847,4.0,9043.6357421875
10,90,0.0,1140.0,3121.293323636774,9.808378957391097,5.0,9865.5751953125
10,91,0.0,180.0,3509.123926976533,20.141632944537015,49.0,9048.2255859375
10,92,0.0,180.0,3145.91786235931,9.92977862413711,5.0,10272.798828125
10,93,0.0,180.0,3001.72191140015,9.997619614377529,6.0,10154.755859375
10,94,0.0,180.0,3093.5840841288236,10.351106879314449,7.0,9628.611328125
10,95,0.0,1140.0,3660.7166263987915,9.369197810045227,3.0,9935.9384765625
10,96,0.0,1140.0,3824.3418453989843,9.544156153296834,2.0,9915.833984375
10,97,0.0,1140.0,3737.3238598508287,11.518686027136397,12.0,8603.9169921875
10,98,0.0,180.0,3462.3359721550423,21.06998333730064,45.0,9119.5927734375
10,99,0.0,180.0,3057.85441423442,10.222566055701023,7.0,9693.8056640625
10,100,0.0,180.0,2951.044449591655,10.27255415377291,6.0,10367.45703125
10,101,0.0,0.0,3320.544618975532,10.247560104736968,6.0,10042.623046875
10,102,0.0,180.0,3089.897719225975,11.329445370149964,11.0,9608.3818359375
10,103,0.0,180.0,3027.16849792074,9.836943584860748,5.0,10288.6630859375
10,104,0.0,1140.0,3329.9539758264295,9.661985241609141,4.0,9766.4365234375
10,105,0.0,0.0,3663.2517370721944,19.934539395382053,51.0,9448.7333984375
10,106,0.0,0.0,3681.298370538915,10.226136634134729,6.0,10682.041015625
10,107,585.0,2025.0,6177.401009642244,33.30278505117829,6.0,9350.6259765625
10,108,0.0,180.0,3018.676578471401,10.147583908593193,7.0,11064.720703125
10,109,0.0,1260.0,7208.808847698744,25.136872173292073,69.0,8728.9521484375
10,110,0.0,1260.0,7626.354817372545,29.3715781956677,103.0,8662.896484375
10,111,645.0,1260.0,6992.902078761875,32.14948821709117,77.0,8663.36328125
10,112,0.0,0.0,3978.560733082458,10.940252320875983,11.0,9925.611328125
10,113,0.0,1200.0,3924.1531316506516,9.290645084503689,3.0,11293.349609375
10,114,90.0,1260.0,6049.139723566312,27.86122351820995,89.0,8850.1181640625
10,115,0.0,180.0,3757.9756617507196,21.748393239704832,46.0,9132.783203125
10,116,0.0,1140.0,3714.6092456618844,9.472744584622708,4.0,11273.46484375
10,117,285.0,1200.0,5480.064151483655,23.290883123065935,49.0,8841.6796875
10,118,0.0,1140.0,3769.785649008664,9.526303261128303,3.0,10911.0263671875
10,119,105.0,1260.0,5997.585829367093,27.68983575339205,89.0,8755.138671875
10,120,0.0,180.0,3331.311090782858,9.858367055462985,3.0,9788.251953125
10,121,0.0,180.0,3511.470302822057,9.761961437752916,4.0,10464.91015625
10,122,585.0,1260.0,6287.842896507467,30.167817186384195,79.0,8690.6494140625
10,123,0.0,1140.0,3575.818066295633,11.336586527017376,11.0,9043.83203125
10,124,0.0,1140.0,3732.586456699319,10.229707212568437,6.0,9373.134765625
10,125,0.0,1140.0,3715.382413420224,10.386812663651511,7.0,9233.0419921875
11,0,0.0,180.0,2898.2873973397554,10.247560104736968,7.0,9758.9072265625
11,1,0.0,180.0,2911.2814847563145,9.51916210426089,4.0,10205.8828125
11,2,0.0,0.0,3366.6099964934124,10.418947869554868,7.0,9440.375
11,3,0.0,0.0,3265.7851340788206,10.993810997381576,10.0,9004.416015625
11,4,0.0,180.0,3169.4628415400093,9.008569388240895,3.0,10652.2197265625
11,5,0.0,1140.0,3479.415462211826,9.226374672696977,1.0,8658.763671875
11,6,0.0,0.0,2747.1940732035646,9.87264936919781,5.0,10220.0546875
11,7,0.0,180.0,3169.747624375867,9.012139966674601,3.0,10640.5341796875
11,8,0.0,1140.0,3468.867818382897,9.333492025708164,1.0,8557.4365234375
11,9,0.0,1140.0,3406.9672289143086,9.990478457510116,5.0,9067.3984375
11,10,0.0,0.0,2740.7385983371564,10.108307545822424,6.0,10336.240234375
11,11,0.0,180.0,2971.8397802611726,10.793858605094025,8.0,9096.857421875
11,12,0.0,1140.0,3463.188302924677,9.52987383956201,3.0,9452.486328125
11,13,0.0,180.0,3062.8706801487165,10.001190192811235,4.0,9546.345703125
11,14,0.0,0.0,3305.683469211822,10.743870507022137,8.0,9550.1572265625
11,15,0.0,180.0,2999.6596760235866,9.40490359438229,3.0,9722.92578125
11,16,0.0,0.0,2936.461980550739,13.000476077124494,19.0,9756.314453125
11,17,0.0,180.0,2921.4099193415354,9.811949535824803,4.0,9937.9013671875
11,18,0.0,1140.0,3737.283662869175,9.183527731492502,2.0,9863.7744140625
11,19,0.0,180.0,2977.5354726279447,9.46203284932159,3.0,9694.2958984375
11,20,0.0,1140.0,3453.154683582467,10.033325398714592,6.0,8598.7578125
11,21,0.0,180.0,3171.547264455574,8.787193525351107,1.0,10740.205078125
11,22,0.0,1140.0,3722.1775080215984,8.98357533920495,1.0,10617.673828125
11,23,0.0,180.0,2821.198126420542,9.426327064984527,4.0,10217.3623046875
11,24,0.0,180.0,2927.869451451227,10.240418947869555,5.0,9213.43359375
11,25,0.0,0.0,3289.3136822196466,9.372768388478933,3.0,10587.2744140625
11,26,0.0,180.0,2877.223906034411,10.447512497024517,8.0,9644.935546875
11,27,0.0,0.0,3020.739144289635,11.108069507260176,10.0,8831.564453125
11,28,0.0,180.0,3137.757058101607,9.819090692692216,5.0,9431.419921875
11,29,0.0,0.0,2667.3565106580436,10.144013330159487,6.0,9903.10546875
11,30,0.0,1140.0,3326.5963367193544,9.87264936919781,5.0,9162.2978515625
11,31,0.0,180.0,2936.7684891992526,9.304927398238515,2.0,9839.029296875
11,32,0.0,0.0,2939.178079567773,10.008331349678649,4.0,9922.359375
11,33,0.0,180.0,2872.6394183355515,9.851225898595573,5.0,10144.505859375
11,34,0.0,0.0,2965.032523855552,9.590573672935015,3.0,9584.837890625
11,35,0.0,180.0,2951.1321325400754,9.479885741490122,3.0,9570.91015625
11,36,0.0,180.0,3370.2787062900948,10.115448702689836,5.0,8962.5009765625
11,37,0.0,180.0,2976.7334671576295,10.02618424184718,5.0,9533.7041015625
11,38,0.0,0.0,3599.0649899778596,9.394191859081172,2.0,10240.798828125
11,39,0.0,1140.0,3415.894620966155,10.047607712449416,5.0,8659.107421875
11,40,0.0,180.0,3038.2811746542748,9.886931682932635,5.0,9418.4853515625
11,41,0.0,0.0,2777.050108654829,9.926208045703405,5.0,9904.8642578125
11,42,0.0,180.0,3315.7939644689004,10.05474886931683,6.0,9405.2021484375
11,43,0.0,180.0,3330.4135136437053,9.54772673173054,2.0,10289.1845703125
11,44,0.0,0.0,3150.465705780437,9.801237800523685,5.0,10532.333984375
11,45,0.0,180.0,3056.887209540015,9.90121399666746,5.0,9618.404296875
11,46,0.0,180.0,3252.967699159972,9.354915496310403,3.0,9922.73046875
11,47,0.0,0.0,3390.7094944971573,9.947631516305641,5.0,9888.9892578125
11,48,0.0,0.0,3284.256320419556,10.508212330397525,8.0,9687.330078125
11,49,0.0,1140.0,3834.6051022884963,9.062128064746489,2.0,10793.263671875
11,50,0.0,1140.0,3348.484813527646,10.083313496786479,6.0,9455.7080078125
11,51,0.0,0.0,2995.974265049102,10.576053320637943,8.0,10057.751953125
11,52,0.0,0.0,3052.3975960132575,10.604617948107594,8.0,10024.712890625
11,53,0.0,180.0,2984.736135777,10.004760771244941,6.0,9725.423828125
11,54,0.0,180.0,3025.4717712532956,10.326112830278506,8.0,9649.7490234375
11,55,0.0,180.0,3128.8151728402595,11.722208997857653,12.0,9336.0546875
11,56,0.0,180.0,3076.684076599905,11.465127350630802,12.0,9521.2451171875
11,57,0.0,180.0,3093.3050218108824,10.97952868364675,11.0,9518.81640625
11,58,0.0,180.0,3046.9284584301213,10.276124732206618,5.0,9799.029296875
11,59,0.0,1140.0,3546.7048626521064,12.054272792192336,14.0,8648.103515625
11,60,0.0,1140.0,3525.4759071635326,9.437038800285647,3.0,9610.4609375
11,61,0.0,0.0,4043.8819528493805,20.46298500357058,53.0,9373.3564453125
11,62,0.0,1140.0,3755.9245024415545,9.247798143299214,3.0,10548.46484375
11,63,0.0,1620.0,3003.3190650614574,10.029754820280885,4.0,10935.4169921875
11,64,0.0,0.0,3755.0691321068616,19.081171149726256,48.0,9548.517578125
11,65,0.0,1140.0,3541.855275422353,9.790526065222567,5.0,9014.9716796875
11,66,0.0,180.0,2926.9115022042924,9.933349202570817,5.0,10621.615234375
11,67,0.0,180.0,2959.2696744529308,10.094025232087597,5.0,10343.01953125
11,68,0.0,0.0,3415.7723546003226,21.534158533682458,45.0,9645.8701171875
11,69,0.0,180.0,3136.6875251374413,11.922161390145204,14.0,9255.490234375
11,70,0.0,1140.0,3532.845073834653,9.533444417995716,3.0,9589.5126953125
11,71,0.0,1140.0,3654.1669591502136,9.922637467269698,5.0,8724.958984375
11,72,0.0,1140.0,3535.1618371462637,12.168531302070935,15.0,8661.79296875
11,73,0.0,180.0,2940.9367378603683,9.736967388716971,5.0,10945.8828125
11,74,0.0,1140.0,4285.75892577709,9.254939300166628,3.0,10545.107421875
11,75,0.0,1140.0,3760.518549975725,9.344203761009284,3.0,10447.6552734375
11,76,0.0,1140.0,3509.084664445011,11.111640085693882,10.0,8769.953125
11,77,0.0,1140.0,3553.8875041770516,9.665555820042847,4.0,9043.6357421875
11,78,0.0,180.0,3509.123926976533,20.141632944537015,49.0,9048.2255859375
11,79,0.0,180.0,3001.72191140015,9.997619614377529,6.0,10154.755859375
11,80,0.0,1140.0,3824.3418453989843,9.544156153296834,2.0,9915.833984375
11,81,0.0,1140.0,3737.3238598508287,11.518686027136397,12.0,8603.9169921875
11,82,0.0,180.0,3462.3359721550423,21.06998333730064,45.0,9119.5927734375
11,83,0.0,180.0,2951.044449591655,10.27255415377291,6.0,10367.45703125
11,84,0.0,1140.0,3329.9539758264295,9.661985241609141,4.0,9766.4365234375
11,85,0.0,0.0,3663.2517370721944,19.934539395382053,51.0,9448.7333984375
11,86,0.0,180.0,3089.894894500203,9.694120447512496,3.0,9638.478515625
11,87,0.0,1140.0,3657.004766860618,9.269221613901452,3.0,11173.5703125
11,88,0.0,1140.0,3679.6849725331804,9.733396810283265,4.0,8831.287109375
11,89,0.0,1140.0,3531.447683931816,9.43346822185194,3.0,9678.205078125
11,90,0.0,1140.0,3545.614037365552,11.507974291835277,12.0,8662.3896484375
11,91,0.0,0.0,3320.2338672204105,10.083313496786479,6.0,9687.4755859375
11,92,0.0,180.0,3185.6448265459276,10.336824565579624,7.0,9265.41796875
11,93,0.0,1140.0,3473.625750132129,10.261842418471792,6.0,9045.6962890625
11,94,0.0,180.0,2800.627943315791,10.083313496786479,7.0,9946.1552734375
11,95,0.0,180.0,3142.893456964327,11.040228517019758,11.0,9306.029296875
11,96,0.0,180.0,3033.2987743780695,10.52249464413235,8.0,9545.4833984375
11,97,0.0,0.0,3300.447941938037,10.086884075220185,5.0,10104.8408203125
11,98,0.0,180.0,3103.617655592291,10.208283741966198,7.0,9552.9296875
11,99,0.0,0.0,3251.834175970077,10.936681742442275,9.0,9698.6865234375
11,100,0.0,180.0,2957.8358076682325,10.144013330159487,5.0,10303.76953125
11,101,0.0,180.0,3130.915003777663,10.815282075696263,9.0,9363.7744140625
11,102,0.0,180.0,3026.4476898997764,9.704832182813616,4.0,9940.0576171875
11,103,0.0,180.0,2916.1412609986933,9.804808378957391,5.0,10771.72265625
11,104,0.0,180.0,3212.276670764568,11.761485360628422,13.0,9178.5908203125
11,105,0.0,180.0,3026.635079257222,10.436800761723399,7.0,9634.0498046875
11,106,0.0,180.0,3197.0256362812083,10.31183051654368,6.0,9448.095703125
11,107,0.0,1140.0,3585.2853649631684,9.54772673173054,2.0,9232.9970703125
11,108,0.0,180.0,3093.903270734697,12.789811949535824,18.0,9376.6142578125
11,109,0.0,180.0,3615.0036774900955,10.383242085217805,9.0,9391.328125
11,110,105.0,1260.0,5997.585829367093,27.68983575339205,89.0,8755.138671875
11,111,0.0,0.0,3839.398618135146,10.668888359914305,8.0,9688.263671875
11,112,645.0,1260.0,6992.902078761875,32.14948821709117,77.0,8663.36328125
11,113,0.0,1260.0,7208.808847698744,25.136872173292073,69.0,8728.9521484375
11,114,0.0,1260.0,7626.354817372545,29.3715781956677,103.0,8662.896484375
11,115,585.0,1260.0,6287.842896507467,30.167817186384195,79.0,8690.6494140625
11,116,0.0,0.0,3947.6321722478324,11.083075458224233,5.0,10497.4970703125
11,117,0.0,1200.0,3924.1531316506516,9.290645084503689,3.0,11293.349609375
11,118,585.0,1260.0,6292.961649625111,29.825041656748393,75.0,8671.6328125
11,119,0.0,0.0,3585.415121622503,10.27255415377291,6.0,9702.9716796875
11,120,0.0,1140.0,3473.644721018813,10.261842418471792,6.0,9052.3798828125
11,121,0.0,180.0,3757.9756617507196,21.748393239704832,46.0,9132.783203125
11,122,0.0,180.0,3456.487224930327,9.365627231611521,4.0,9960.44140625
11,123,0.0,180.0,2930.1586727899885,9.808378957391097,5.0,10958.6533203125
11,124,0.0,1140.0,3581.2543053200798,11.568674125208284,12.0,8759.759765625
11,125,0.0,180.0,3697.913761970589,21.780528445608187,47.0,9290.216796875
12,0,0.0,180.0,2911.2814847563145,9.51916210426089,4.0,10205.8828125
12,1,0.0,180.0,3169.4628415400093,9.008569388240895,3.0,10652.2197265625
12,2,0.0,0.0,2747.1940732035646,9.87264936919781,5.0,10220.0546875
12,3,0.0,180.0,3169.747624375867,9.012139966674601,3.0,10640.5341796875
12,4,0.0,1140.0,3468.867818382897,9.333492025708164,1.0,8557.4365234375
12,5,0.0,0.0,2740.7385983371564,10.108307545822424,6.0,10336.240234375
12,6,0.0,180.0,2971.8397802611726,10.793858605094025,8.0,9096.857421875
12,7,0.0,1140.0,3463.188302924677,9.52987383956201,3.0,9452.486328125
12,8,0.0,180.0,2999.6596760235866,9.40490359438229,3.0,9722.92578125
12,9,0.0,180.0,2921.4099193415354,9.811949535824803,4.0,9937.9013671875
12,10,0.0,1140.0,3737.283662869175,9.183527731492502,2.0,9863.7744140625
12,11,0.0,180.0,2977.5354726279447,9.46203284932159,3.0,9694.2958984375
12,12,0.0,180.0,3171.547264455574,8.787193525351107,1.0,10740.205078125
12,13,0.0,1140.0,3722.1775080215984,8.98357533920495,1.0,10617.673828125
12,14,0.0,180.0,2821.198126420542,9.426327064984527,4.0,10217.3623046875
12,15,0.0,180.0,2927.869451451227,10.240418947869555,5.0,9213.43359375
12,16,0.0,0.0,3289.3136822196466,9.372768388478933,3.0,10587.2744140625
12,17,0.0,0.0,3020.739144289635,11.108069507260176,10.0,8831.564453125
12,18,0.0,180.0,3137.757058101607,9.819090692692216,5.0,9431.419921875
12,19,0.0,0.0,2667.3565106580436,10.144013330159487,6.0,9903.10546875
12,20,0.0,1140.0,3326.5963367193544,9.87264936919781,5.0,9162.2978515625
12,21,0.0,180.0,2936.7684891992526,9.304927398238515,2.0,9839.029296875
12,22,0.0,180.0,2872.6394183355515,9.851225898595573,5.0,10144.505859375
12,23,0.0,0.0,2965.032523855552,9.590573672935015,3.0,9584.837890625
12,24,0.0,180.0,2951.1321325400754,9.479885741490122,3.0,9570.91015625
12,25,0.0,180.0,3370.2787062900948,10.115448702689836,5.0,8962.5009765625
12,26,0.0,0.0,3599.0649899778596,9.394191859081172,2.0,10240.798828125
12,27,0.0,1140.0,3415.894620966155,10.047607712449416,5.0,8659.107421875
12,28,0.0,180.0,3038.2811746542748,9.886931682932635,5.0,9418.4853515625
12,29,0.0,1140.0,3464.052888483456,9.226374672696977,1.0,8611.400390625
12,30,0.0,180.0,3051.7912158005547,9.886931682932635,5.0,9405.6748046875
12,31,0.0,1140.0,3419.3788403190265,10.029754820280885,5.0,8550.7734375
12,32,0.0,180.0,3131.579618167932,9.990478457510116,5.0,9011.349609375
12,33,0.0,180.0,3034.1904280716394,9.936919781004523,4.0,9540.2265625
12,34,0.0,1140.0,3674.4662208308314,8.99428707450607,2.0,10736.359375
12,35,0.0,0.0,3055.4663552741617,10.704594144251368,8.0,8776.642578125
12,36,0.0,0.0,2772.026889803456,9.90121399666746,4.0,9541.9609375
12,37,0.0,0.0,3516.853772337919,9.408474172815996,2.0,10183.3154296875
12,38,0.0,0.0,2758.194830088172,9.936919781004523,5.0,9262.19140625
12,39,0.0,0.0,3318.556941938717,9.383480123780052,3.0,10526.8095703125
12,40,0.0,180.0,2929.779956347785,9.70126160437991,4.0,9594.9267578125
12,41,0.0,0.0,2770.565170459496,9.879790526065223,5.0,9828.806640625
12,42,0.0,0.0,3366.6099964934124,10.418947869554868,7.0,9440.375
12,43,0.0,0.0,3265.7851340788206,10.993810997381576,10.0,9004.416015625
12,44,0.0,1140.0,3479.415462211826,9.226374672696977,1.0,8658.763671875
12,45,0.0,1140.0,3406.9672289143086,9.990478457510116,5.0,9067.3984375
12,46,0.0,180.0,3062.8706801487165,10.001190192811235,4.0,9546.345703125
12,47,0.0,0.0,3305.683469211822,10.743870507022137,8.0,9550.1572265625
12,48,0.0,1140.0,3453.154683582467,10.033325398714592,6.0,8598.7578125
12,49,0.0,180.0,2877.223906034411,10.447512497024517,8.0,9644.935546875
12,50,0.0,0.0,2939.178079567773,10.008331349678649,4.0,9922.359375
12,51,0.0,180.0,2976.7334671576295,10.02618424184718,5.0,9533.7041015625
12,52,0.0,0.0,2777.050108654829,9.926208045703405,5.0,9904.8642578125
12,53,0.0,180.0,3315.7939644689004,10.05474886931683,6.0,9405.2021484375
12,54,0.0,180.0,3330.4135136437053,9.54772673173054,2.0,10289.1845703125
12,55,0.0,0.0,3150.465705780437,9.801237800523685,5.0,10532.333984375
12,56,0.0,180.0,3056.887209540015,9.90121399666746,5.0,9618.404296875
12,57,0.0,180.0,3252.967699159972,9.354915496310403,3.0,9922.73046875
12,58,0.0,0.0,3390.7094944971573,9.947631516305641,5.0,9888.9892578125
12,59,0.0,0.0,3284.256320419556,10.508212330397525,8.0,9687.330078125
12,60,0.0,1140.0,3834.6051022884963,9.062128064746489,2.0,10793.263671875
12,61,0.0,180.0,3136.6875251374413,11.922161390145204,14.0,9255.490234375
12,62,0.0,180.0,2940.9367378603683,9.736967388716971,5.0,10945.8828125
12,63,0.0,0.0,3320.2338672204105,10.083313496786479,6.0,9687.4755859375
12,64,0.0,180.0,3185.6448265459276,10.336824565579624,7.0,9265.41796875
12,65,0.0,180.0,3142.893456964327,11.040228517019758,11.0,9306.029296875
12,66,0.0,0.0,3251.834175970077,10.936681742442275,9.0,9698.6865234375
12,67,0.0,180.0,3130.915003777663,10.815282075696263,9.0,9363.7744140625
12,68,0.0,180.0,3026.4476898997764,9.704832182813616,4.0,9940.0576171875
12,69,0.0,180.0,2916.1412609986933,9.804808378957391,5.0,10771.72265625
12,70,0.0,180.0,3212.276670764568,11.761485360628422,13.0,9178.5908203125
12,71,0.0,180.0,2870.2010367985386,9.886931682932635,5.0,10443.796875
12,72,0.0,180.0,2929.6986807297994,10.065460604617948,6.0,9447.4853515625
12,73,0.0,180.0,3135.675195524581,11.365151154487027,11.0,9342.2255859375
12,74,0.0,180.0,2999.898153494712,9.722685074982147,4.0,10049.912109375
12,75,0.0,180.0,3071.068200702725,9.487026898357534,3.0,9869.416015625
12,76,0.0,180.0,3037.8745453328147,11.52582718400381,11.0,9290.5546875
12,77,0.0,1260.0,7799.587894774786,28.98952630326113,101.0,8571.4296875
12,78,0.0,180.0,2959.024265757671,11.450845036895977,11.0,9305.953125
12,79,0.0,210.0,2939.3646181855447,9.304927398238515,2.0,9871.751953125
12,80,0.0,180.0,3079.9057458910065,11.015234467983813,10.0,9430.9267578125
12,81,0.0,180.0,2887.453760996712,10.201142585098786,7.0,9665.044921875
12,82,0.0,180.0,3017.671190518005,9.636991192573197,4.0,10823.638671875
12,83,0.0,180.0,3066.017780507326,9.661985241609141,3.0,9590.19921875
12,84,0.0,0.0,2930.3401584895423,10.986669840514164,10.0,9601.1552734375
12,85,0.0,180.0,2975.3502382342285,9.772673173054034,5.0,9669.388671875
12,86,0.0,180.0,3049.529825831351,10.022613663413473,6.0,9499.890625
12,87,0.0,180.0,3456.487224930327,9.365627231611521,4.0,9960.44140625
12,88,0.0,1140.0,3539.649260557132,9.63342061413949,4.0,8977.90234375
12,89,0.0,1620.0,3003.3190650614574,10.029754820280885,4.0,10935.4169921875
12,90,0.0,180.0,3256.3085777484234,11.158057605332063,10.0,9286.0439453125
12,91,0.0,1140.0,3510.5163499315227,9.740537967150678,4.0,9257.150390625
12,92,0.0,1140.0,3824.3418453989843,9.544156153296834,2.0,9915.833984375
12,93,0.0,180.0,3093.3050218108824,10.97952868364675,11.0,9518.81640625
12,94,0.0,1140.0,3280.949327133154,9.661985241609141,4.0,10070.5693359375
12,95,0.0,1140.0,3585.2853649631684,9.54772673173054,2.0,9232.9970703125
12,96,0.0,180.0,2800.627943315791,10.083313496786479,7.0,9946.1552734375
12,97,0.0,1140.0,3679.6849725331804,9.733396810283265,4.0,8831.287109375
12,98,0.0,1140.0,3532.845073834653,9.533444417995716,3.0,9589.5126953125
12,99,0.0,1140.0,3630.624046268974,9.229945251130683,2.0,10411.2978515625
12,100,0.0,1140.0,3716.7814350879075,9.419185908117115,3.0,9356.5341796875
12,101,0.0,1140.0,3513.234431268689,9.829802427993334,5.0,9111.9013671875
12,102,0.0,1140.0,3585.495995232405,9.269221613901452,3.0,9427.8310546875
12,103,0.0,1140.0,3535.1618371462637,12.168531302070935,15.0,8661.79296875
12,104,0.0,1140.0,3492.4033374178416,10.875981909069269,9.0,9005.6162109375
12,105,0.0,1140.0,3384.6772850130665,9.619138300404666,4.0,10129.767578125
12,106,0.0,1140.0,3509.084664445011,11.111640085693882,10.0,8769.953125
12,107,0.0,0.0,3755.0691321068616,19.081171149726256,48.0,9548.517578125
12,108,0.0,1140.0,3531.447683931816,9.43346822185194,3.0,9678.205078125
12,109,0.0,1140.0,3546.7048626521064,12.054272792192336,14.0,8648.103515625
12,110,0.0,1140.0,3329.9539758264295,9.661985241609141,4.0,9766.4365234375
12,111,0.0,180.0,3076.684076599905,11.465127350630802,12.0,9521.2451171875
12,112,0.0,1140.0,3525.4759071635326,9.437038800285647,3.0,9610.4609375
12,113,0.0,0.0,3663.2517370721944,19.934539395382053,51.0,9448.7333984375
12,114,0.0,1140.0,3348.484813527646,10.083313496786479,6.0,9455.7080078125
12,115,0.0,1140.0,3529.5271928943152,9.37633896691264,3.0,10306.28125
12,116,0.0,1140.0,3545.614037365552,11.507974291835277,12.0,8662.3896484375
12,117,0.0,0.0,4043.8819528493805,20.46298500357058,53.0,9373.3564453125
12,118,0.0,180.0,3128.8151728402595,11.722208997857653,12.0,9336.0546875
12,119,0.0,1140.0,3737.3238598508287,11.518686027136397,12.0,8603.9169921875
12,120,0.0,180.0,3509.123926976533,20.141632944537015,49.0,9048.2255859375
12,121,0.0,180.0,2959.2696744529308,10.094025232087597,5.0,10343.01953125
12,122,0.0,1140.0,3654.1669591502136,9.922637467269698,5.0,8724.958984375
12,123,0.0,1140.0,3473.625750132129,10.261842418471792,6.0,9045.6962890625
12,124,0.0,180.0,2957.8358076682325,10.144013330159487,5.0,10303.76953125
12,125,0.0,0.0,3415.7723546003226,21.534158533682458,45.0,9645.8701171875
13,0,0.0,180.0,2911.2814847563145,9.51916210426089,4.0,10205.8828125
13,1,0.0,180.0,3169.4628415400093,9.008569388240895,3.0,10652.2197265625
13,2,0.0,180.0,3169.747624375867,9.012139966674601,3.0,10640.5341796875
13,3,0.0,1140.0,3468.867818382897,9.333492025708164,1.0,8557.4365234375
13,4,0.0,180.0,2971.8397802611726,10.793858605094025,8.0,9096.857421875
13,5,0.0,180.0,2999.6596760235866,9.40490359438229,3.0,9722.92578125
13,6,0.0,180.0,2921.4099193415354,9.811949535824803,4.0,9937.9013671875
13,7,0.0,180.0,2977.5354726279447,9.46203284932159,3.0,9694.2958984375
13,8,0.0,180.0,3171.547264455574,8.787193525351107,1.0,10740.205078125
13,9,0.0,180.0,2821.198126420542,9.426327064984527,4.0,10217.3623046875
13,10,0.0,0.0,3289.3136822196466,9.372768388478933,3.0,10587.2744140625
13,11,0.0,0.0,3020.739144289635,11.108069507260176,10.0,8831.564453125
13,12,0.0,0.0,2667.3565106580436,10.144013330159487,6.0,9903.10546875
13,13,0.0,180.0,2936.7684891992526,9.304927398238515,2.0,9839.029296875
13,14,0.0,0.0,2965.032523855552,9.590573672935015,3.0,9584.837890625
13,15,0.0,180.0,2951.1321325400754,9.479885741490122,3.0,9570.91015625
13,16,0.0,0.0,3599.0649899778596,9.394191859081172,2.0,10240.798828125
13,17,0.0,1140.0,3415.894620966155,10.047607712449416,5.0,8659.107421875
13,18,0.0,1140.0,3464.052888483456,9.226374672696977,1.0,8611.400390625
13,19,0.0,1140.0,3419.3788403190265,10.029754820280885,5.0,8550.7734375
13,20,0.0,0.0,3055.4663552741617,10.704594144251368,8.0,8776.642578125
13,21,0.0,0.0,3516.853772337919,9.408474172815996,2.0,10183.3154296875
13,22,0.0,0.0,3318.556941938717,9.383480123780052,3.0,10526.8095703125
13,23,0.0,180.0,2926.439888048855,9.483456319923828,3.0,9258.212890625
13,24,0.0,180.0,3075.041935943753,9.19423946679362,2.0,10409.2470703125
13,25,0.0,180.0,3123.460056936331,9.562009045465365,3.0,8921.20703125
13,26,0.0,180.0,3163.350729381442,9.708402761247322,2.0,9781.6513671875
13,27,0.0,180.0,3173.540468892093,8.722923113544395,1.0,10470.916015625
13,28,0.0,1140.0,3398.1071185602577,9.094263270649845,1.0,9857.3798828125
13,29,0.0,0.0,2720.363494887776,9.847655320161866,4.0,9114.2998046875
13,30,0.0,1140.0,3455.8574960977794,9.258509878600334,3.0,9765.638671875
13,31,0.0,180.0,2925.1418587407065,9.504879790526065,4.0,10214.6796875
13,32,0.0,0.0,2747.1940732035646,9.87264936919781,5.0,10220.0546875
13,33,0.0,0.0,2740.7385983371564,10.108307545822424,6.0,10336.240234375
13,34,0.0,1140.0,3463.188302924677,9.52987383956201,3.0,9452.486328125
13,35,0.0,1140.0,3737.283662869175,9.183527731492502,2.0,9863.7744140625
13,36,0.0,1140.0,3722.1775080215984,8.98357533920495,1.0,10617.673828125
13,37,0.0,180.0,2927.869451451227,10.240418947869555,5.0,9213.43359375
13,38,0.0,1140.0,3326.5963367193544,9.87264936919781,5.0,9162.2978515625
13,39,0.0,180.0,2872.6394183355515,9.851225898595573,5.0,10144.505859375
13,40,0.0,180.0,3370.2787062900948,10.115448702689836,5.0,8962.5009765625
13,41,0.0,180.0,3038.2811746542748,9.886931682932635,5.0,9418.4853515625
13,42,0.0,180.0,3051.7912158005547,9.886931682932635,5.0,9405.6748046875
13,43,0.0,180.0,3131.579618167932,9.990478457510116,5.0,9011.349609375
13,44,0.0,1140.0,3674.4662208308314,8.99428707450607,2.0,10736.359375
13,45,0.0,0.0,2772.026889803456,9.90121399666746,4.0,9541.9609375
13,46,0.0,0.0,2758.194830088172,9.936919781004523,5.0,9262.19140625
13,47,0.0,180.0,2929.779956347785,9.70126160437991,4.0,9594.9267578125
13,48,0.0,0.0,2770.565170459496,9.879790526065223,5.0,9828.806640625
13,49,0.0,0.0,3265.7851340788206,10.993810997381576,10.0,9004.416015625
13,50,0.0,1140.0,3479.415462211826,9.226374672696977,1.0,8658.763671875
13,51,0.0,1140.0,3453.154683582467,10.033325398714592,6.0,8598.7578125
13,52,0.0,0.0,3150.465705780437,9.801237800523685,5.0,10532.333984375
13,53,0.0,180.0,3252.967699159972,9.354915496310403,3.0,9922.73046875
13,54,0.0,180.0,3071.068200702725,9.487026898357534,3.0,9869.416015625
13,55,0.0,1260.0,7799.587894774786,28.98952630326113,101.0,8571.4296875
13,56,0.0,210.0,2939.3646181855447,9.304927398238515,2.0,9871.751953125
13,57,0.0,180.0,3066.017780507326,9.661985241609141,3.0,9590.19921875
13,58,0.0,180.0,2932.6102946409633,9.501309212092359,3.0,9654.7265625
13,59,0.0,180.0,2876.989429522671,9.890502261366342,5.0,9535.3837890625
13,60,0.0,0.0,3290.951943470079,9.60485598666984,4.0,9977.6767578125
13,61,0.0,180.0,3295.3849322490228,10.172577957629136,7.0,9009.1640625
13,62,0.0,180.0,2910.8513146606433,9.904784575101166,5.0,9486.2138671875
13,63,0.0,1140.0,3457.5805636295577,9.601285408236134,3.0,9391.0751953125
13,64,0.0,0.0,2698.439448026049,10.204713163532492,6.0,9983.55078125
13,65,0.0,180.0,2899.458530925657,9.597714829802428,4.0,10347.62109375
13,66,0.0,180.0,2951.588599559022,9.908355153534872,3.0,9480.1484375
13,67,0.0,180.0,3083.2754844480505,9.222804094263271,2.0,10952.619140625
13,68,0.0,180.0,3024.9218572074597,10.572482742204237,8.0,9193.6611328125
13,69,0.0,1140.0,4155.471922060952,9.201380623661032,1.0,9987.4140625
13,70,0.0,180.0,3032.4786940017725,9.797667222089979,3.0,9429.3310546875
13,71,0.0,180.0,2931.5379762368334,9.686979290645084,4.0,10039.3876953125
13,72,0.0,0.0,3477.752591151373,9.611997143537254,3.0,10122.341796875
13,73,0.0,180.0,3312.8455278189263,9.54772673173054,2.0,10116.591796875
13,74,0.0,1140.0,3506.6972762445157,9.77624375148774,4.0,9110.56640625
13,75,0.0,180.0,3456.487224930327,9.365627231611521,4.0,9960.44140625
13,76,0.0,180.0,2877.223906034411,10.447512497024517,8.0,9644.935546875
13,77,0.0,1140.0,3510.5163499315227,9.740537967150678,4.0,9257.150390625
13,78,0.0,0.0,2930.3401584895423,10.986669840514164,10.0,9601.1552734375
13,79,0.0,180.0,3142.893456964327,11.040228517019758,11.0,9306.029296875
13,80,0.0,180.0,2959.024265757671,11.450845036895977,11.0,9305.953125
13,81,0.0,180.0,3212.276670764568,11.761485360628422,13.0,9178.5908203125
13,82,0.0,0.0,2919.5226368497706,11.115210664127588,9.0,9824.375
13,83,0.0,1140.0,3558.3995509810957,9.304927398238515,2.0,9361.5498046875
13,84,0.0,180.0,3135.675195524581,11.365151154487027,11.0,9342.2255859375
13,85,0.0,0.0,4043.8819528493805,20.46298500357058,53.0,9373.3564453125
13,86,0.0,1140.0,3630.624046268974,9.229945251130683,2.0,10411.2978515625
13,87,0.0,1140.0,3679.6849725331804,9.733396810283265,4.0,8831.287109375
13,88,0.0,1140.0,3525.4759071635326,9.437038800285647,3.0,9610.4609375
13,89,0.0,1140.0,3545.614037365552,11.507974291835277,12.0,8662.3896484375
13,90,0.0,180.0,3037.8745453328147,11.52582718400381,11.0,9290.5546875
13,91,0.0,1140.0,3473.625750132129,10.261842418471792,6.0,9045.6962890625
13,92,0.0,1140.0,3539.649260557132,9.63342061413949,4.0,8977.90234375
13,93,0.0,1140.0,3532.845073834653,9.533444417995716,3.0,9589.5126953125
13,94,0.0,1140.0,3834.6051022884963,9.062128064746489,2.0,10793.263671875
13,95,0.0,1140.0,3492.4033374178416,10.875981909069269,9.0,9005.6162109375
13,96,0.0,180.0,3509.123926976533,20.141632944537015,49.0,9048.2255859375
13,97,0.0,1140.0,3716.7814350879075,9.419185908117115,3.0,9356.5341796875
13,98,0.0,1140.0,3329.9539758264295,9.661985241609141,4.0,9766.4365234375
13,99,0.0,1140.0,3535.1618371462637,12.168531302070935,15.0,8661.79296875
13,100,0.0,1140.0,3585.2853649631684,9.54772673173054,2.0,9232.9970703125
13,101,0.0,1140.0,3531.447683931816,9.43346822185194,3.0,9678.205078125
13,102,0.0,180.0,3123.7863652448505,11.922161390145204,14.0,9227.69140625
13,103,0.0,1140.0,3406.9672289143086,9.990478457510116,5.0,9067.3984375
13,104,0.0,210.0,2952.6610113740057,9.512020947393477,3.0,9892.4208984375
13,105,0.0,1140.0,3585.495995232405,9.269221613901452,3.0,9427.8310546875
13,106,0.0,1140.0,3370.827104050038,9.51916210426089,4.0,9783.59765625
13,107,0.0,1140.0,3737.3238598508287,11.518686027136397,12.0,8603.9169921875
13,108,0.0,1140.0,3498.4237873864618,9.454891692454177,3.0,10409.6337890625
13,109,0.0,180.0,3330.4135136437053,9.54772673173054,2.0,10289.1845703125
13,110,0.0,180.0,3017.671190518005,9.636991192573197,4.0,10823.638671875
13,111,0.0,1140.0,3529.5271928943152,9.37633896691264,3.0,10306.28125
13,112,0.0,1140.0,3546.7048626521064,12.054272792192336,14.0,8648.103515625
13,113,0.0,180.0,2940.9367378603683,9.736967388716971,5.0,10945.8828125
13,114,0.0,180.0,3007.505374257453,9.569150202332779,4.0,11291.845703125
13,115,0.0,1140.0,3654.1669591502136,9.922637467269698,5.0,8724.958984375
13,116,0.0,180.0,2870.2010367985386,9.886931682932635,5.0,10443.796875
13,117,0.0,1140.0,3509.084664445011,11.111640085693882,10.0,8769.953125
13,118,0.0,0.0,2777.050108654829,9.926208045703405,5.0,9904.8642578125
13,119,0.0,180.0,2916.1412609986933,9.804808378957391,5.0,10771.72265625
13,120,0.0,180.0,3049.529825831351,10.022613663413473,6.0,9499.890625
13,121,0.0,180.0,3315.7939644689004,10.05474886931683,6.0,9405.2021484375
13,122,0.0,0.0,3284.256320419556,10.508212330397525,8.0,9687.330078125
13,123,0.0,180.0,3185.6448265459276,10.336824565579624,7.0,9265.41796875
13,124,0.0,180.0,2935.8501741154705,9.81552011425851,4.0,9868.01171875
13,125,0.0,180.0,3130.915003777663,10.815282075696263,9.0,9363.7744140625
14,0,0.0,180.0,3169.4628415400093,9.008569388240895,3.0,10652.2197265625
14,1,0.0,180.0,3169.747624375867,9.012139966674601,3.0,10640.5341796875
14,2,0.0,1140.0,3468.867818382897,9.333492025708164,1.0,8557.4365234375
14,3,0.0,180.0,2971.8397802611726,10.793858605094025,8.0,9096.857421875
14,4,0.0,180.0,3171.547264455574,8.787193525351107,1.0,10740.205078125
14,5,0.0,180.0,2821.198126420542,9.426327064984527,4.0,10217.3623046875
14,6,0.0,0.0,3289.3136822196466,9.372768388478933,3.0,10587.2744140625
14,7,0.0,0.0,3020.739144289635,11.108069507260176,10.0,8831.564453125
14,8,0.0,0.0,2667.3565106580436,10.144013330159487,6.0,9903.10546875
14,9,0.0,180.0,2936.7684891992526,9.304927398238515,2.0,9839.029296875
14,10,0.0,0.0,2965.032523855552,9.590573672935015,3.0,9584.837890625
14,11,0.0,0.0,3599.0649899778596,9.394191859081172,2.0,10240.798828125
14,12,0.0,1140.0,3415.894620966155,10.047607712449416,5.0,8659.107421875
14,13,0.0,1140.0,3464.052888483456,9.226374672696977,1.0,8611.400390625
14,14,0.0,1140.0,3419.3788403190265,10.029754820280885,5.0,8550.7734375
14,15,0.0,0.0,3055.4663552741617,10.704594144251368,8.0,8776.642578125
14,16,0.0,0.0,3516.853772337919,9.408474172815996,2.0,10183.3154296875
14,17,0.0,0.0,3318.556941938717,9.383480123780052,3.0,10526.8095703125
14,18,0.0,180.0,2926.439888048855,9.483456319923828,3.0,9258.212890625
14,19,0.0,180.0,3075.041935943753,9.19423946679362,2.0,10409.2470703125
14,20,0.0,180.0,3123.460056936331,9.562009045465365,3.0,8921.20703125
14,21,0.0,180.0,3173.540468892093,8.722923113544395,1.0,10470.916015625
14,22,0.0,1140.0,3398.1071185602577,9.094263270649845,1.0,9857.3798828125
14,23,0.0,0.0,2720.363494887776,9.847655320161866,4.0,9114.2998046875
14,24,0.0,1140.0,3455.8574960977794,9.258509878600334,3.0,9765.638671875
14,25,0.0,180.0,2885.856613140351,9.70126160437991,4.0,9468.9404296875
14,26,0.0,180.0,3131.3866654956746,9.169245417757677,3.0,10358.5166015625
14,27,0.0,180.0,2869.6059146703747,9.322780290407046,2.0,9779.875
14,28,0.0,1140.0,3404.1961536249014,9.60485598666984,3.0,8921.146484375
14,29,0.0,180.0,2992.961911466662,9.254939300166628,2.0,10020.9912109375
14,30,0.0,180.0,3014.569226624904,9.44417995715306,3.0,9500.3818359375
14,31,0.0,180.0,2934.802832589225,9.601285408236134,2.0,9445.400390625
14,32,0.0,1140.0,3441.390555697529,9.062128064746489,1.0,9817.291015625
14,33,0.0,180.0,3014.397695394285,9.783384908355153,5.0,8845.5224609375
14,34,0.0,0.0,2824.062943949758,9.412044751249702,3.0,10190.3369140625
14,35,0.0,180.0,2916.4152737698755,9.358486074744109,2.0,9511.2744140625
14,36,0.0,180.0,3082.5769131294956,9.583432516067603,3.0,8978.9775390625
14,37,0.0,180.0,2911.2814847563145,9.51916210426089,4.0,10205.8828125
14,38,0.0,180.0,2999.6596760235866,9.40490359438229,3.0,9722.92578125
14,39,0.0,180.0,2921.4099193415354,9.811949535824803,4.0,9937.9013671875
14,40,0.0,180.0,2977.5354726279447,9.46203284932159,3.0,9694.2958984375
14,41,0.0,180.0,2951.1321325400754,9.479885741490122,3.0,9570.91015625
14,42,0.0,180.0,3163.350729381442,9.708402761247322,2.0,9781.6513671875
14,43,0.0,180.0,2925.1418587407065,9.504879790526065,4.0,10214.6796875
14,44,0.0,0.0,2747.1940732035646,9.87264936919781,5.0,10220.0546875
14,45,0.0,0.0,2740.7385983371564,10.108307545822424,6.0,10336.240234375
14,46,0.0,1140.0,3463.188302924677,9.52987383956201,3.0,9452.486328125
14,47,0.0,1140.0,3737.283662869175,9.183527731492502,2.0,9863.7744140625
14,48,0.0,1140.0,3722.1775080215984,8.98357533920495,1.0,10617.673828125
14,49,0.0,180.0,2927.869451451227,10.240418947869555,5.0,9213.43359375
14,50,0.0,1140.0,3326.5963367193544,9.87264936919781,5.0,9162.2978515625
14,51,0.0,180.0,3370.2787062900948,10.115448702689836,5.0,8962.5009765625
14,52,0.0,180.0,3038.2811746542748,9.886931682932635,5.0,9418.4853515625
14,53,0.0,180.0,3051.7912158005547,9.886931682932635,5.0,9405.6748046875
14,54,0.0,180.0,3131.579618167932,9.990478457510116,5.0,9011.349609375
14,55,0.0,1140.0,3674.4662208308314,8.99428707450607,2.0,10736.359375
14,56,0.0,0.0,2772.026889803456,9.90121399666746,4.0,9541.9609375
14,57,0.0,0.0,2758.194830088172,9.936919781004523,5.0,9262.19140625
14,58,0.0,180.0,2929.779956347785,9.70126160437991,4.0,9594.9267578125
14,59,0.0,0.0,2770.565170459496,9.879790526065223,5.0,9828.806640625
14,60,0.0,0.0,3265.7851340788206,10.993810997381576,10.0,9004.416015625
14,61,0.0,1140.0,3479.415462211826,9.226374672696977,1.0,8658.763671875
14,62,0.0,1140.0,3453.154683582467,10.033325398714592,6.0,8598.7578125
14,63,0.0,0.0,3150.465705780437,9.801237800523685,5.0,10532.333984375
14,64,0.0,180.0,3252.967699159972,9.354915496310403,3.0,9922.73046875
14,65,0.0,210.0,2939.3646181855447,9.304927398238515,2.0,9871.751953125
14,66,0.0,180.0,2932.6102946409633,9.501309212092359,3.0,9654.7265625
14,67,0.0,180.0,2876.989429522671,9.890502261366342,5.0,9535.3837890625
14,68,0.0,0.0,3290.951943470079,9.60485598666984,4.0,9977.6767578125
14,69,0.0,180.0,3295.3849322490228,10.172577957629136,7.0,9009.1640625
14,70,0.0,180.0,2910.8513146606433,9.904784575101166,5.0,9486.2138671875
14,71,0.0,1140.0,3457.5805636295577,9.601285408236134,3.0,9391.0751953125
14,72,0.0,0.0,2698.439448026049,10.204713163532492,6.0,9983.55078125
14,73,0.0,180.0,2899.458530925657,9.597714829802428,4.0,10347.62109375
14,74,0.0,180.0,2951.588599559022,9.908355153534872,3.0,9480.1484375
14,75,0.0,180.0,3083.2754844480505,9.222804094263271,2.0,10952.619140625
14,76,0.0,180.0,3024.9218572074597,10.572482742204237,8.0,9193.6611328125
14,77,0.0,1140.0,4155.471922060952,9.201380623661032,1.0,9987.4140625
14,78,0.0,180.0,3032.4786940017725,9.797667222089979,3.0,9429.3310546875
14,79,0.0,180.0,2931.5379762368334,9.686979290645084,4.0,10039.3876953125
14,80,0.0,0.0,3477.752591151373,9.611997143537254,3.0,10122.341796875
14,81,0.0,180.0,3312.8455278189263,9.54772673173054,2.0,10116.591796875
14,82,0.0,1140.0,3383.328963836626,10.308259938109973,6.0,8945.375
14,83,0.0,180.0,3111.879771439413,9.70126160437991,3.0,9279.0888671875
14,84,0.0,1140.0,3564.12113016247,10.458224232325637,8.0,8570.9921875
14,85,0.0,180.0,2966.058211505741,9.804808378957391,4.0,9545.6298828125
14,86,0.0,180.0,2978.2007939312716,11.011663889550107,9.0,9132.48828125
14,87,0.0,180.0,2899.571841799397,9.811949535824803,4.0,9964.9453125
14,88,0.0,180.0,3050.267865462786,10.040466555582004,6.0,9094.1484375
14,89,0.0,180.0,3203.164883569447,9.865508212330397,4.0,9203.3935546875
14,90,0.0,180.0,2881.82748282316,9.601285408236134,4.0,10382.8017578125
14,91,0.0,180.0,3366.4665366818026,9.686979290645084,4.0,9352.5078125
14,92,0.0,180.0,3026.094599703691,10.776005712925494,9.0,9115.8896484375
14,93,0.0,180.0,3011.5859629944785,9.476315163056416,3.0,9607.7724609375
14,94,0.0,180.0,2870.5242952334233,9.836943584860748,5.0,9879.123046875
14,95,0.0,0.0,3357.8415418859618,9.583432516067603,3.0,10208.1533203125
14,96,0.0,180.0,3456.487224930327,9.365627231611521,4.0,9960.44140625
14,97,0.0,180.0,2877.223906034411,10.447512497024517,8.0,9644.935546875
14,98,0.0,180.0,3142.893456964327,11.040228517019758,11.0,9306.029296875
14,99,0.0,0.0,2930.3401584895423,10.986669840514164,10.0,9601.1552734375
14,100,0.0,1140.0,3510.5163499315227,9.740537967150678,4.0,9257.150390625
14,101,0.0,180.0,3137.717762298453,9.226374672696977,2.0,11013.8408203125
14,102,0.0,1140.0,3506.6972762445157,9.77624375148774,4.0,9110.56640625
14,103,0.0,180.0,3212.276670764568,11.761485360628422,13.0,9178.5908203125
14,104,0.0,0.0,3703.198776553585,9.665555820042847,3.0,10551.2099609375
14,105,0.0,1140.0,3624.378279053536,9.512020947393477,3.0,9304.2275390625
14,106,0.0,0.0,2919.5226368497706,11.115210664127588,9.0,9824.375
14,107,0.0,180.0,3107.635351799863,9.362056653177815,3.0,11891.841796875
14,108,0.0,1260.0,7799.587894774786,28.98952630326113,101.0,8571.4296875
14,109,0.0,1140.0,3585.2853649631684,9.54772673173054,2.0,9232.9970703125
14,110,0.0,180.0,3509.123926976533,20.141632944537015,49.0,9048.2255859375
14,111,0.0,1140.0,3750.1759557539767,9.19423946679362,2.0,10733.51171875
14,112,0.0,1140.0,3834.6051022884963,9.062128064746489,2.0,10793.263671875
14,113,0.0,1140.0,3585.495995232405,9.269221613901452,3.0,9427.8310546875
14,114,0.0,1140.0,3529.5271928943152,9.37633896691264,3.0,10306.28125
14,115,0.0,180.0,3037.8745453328147,11.52582718400381,11.0,9290.5546875
14,116,0.0,0.0,4043.8819528493805,20.46298500357058,53.0,9373.3564453125
14,117,0.0,1140.0,3630.624046268974,9.229945251130683,2.0,10411.2978515625
14,118,0.0,1140.0,3486.2943677046337,9.390621280647466,3.0,9406.7236328125
14,119,0.0,1140.0,3558.3995509810957,9.304927398238515,2.0,9361.5498046875
14,120,0.0,1140.0,3370.827104050038,9.51916210426089,4.0,9783.59765625
14,121,0.0,1140.0,3716.7814350879075,9.419185908117115,3.0,9356.5341796875
14,122,0.0,180.0,3135.675195524581,11.365151154487027,11.0,9342.2255859375
14,123,0.0,1140.0,3591.5631833361676,11.554391811473458,12.0,8588.1806640625
14,124,0.0,180.0,2959.024265757671,11.450845036895977,11.0,9305.953125
14,125,0.0,1140.0,3579.55711493741,9.551297310164246,2.0,9248.572265625
15,0,0.0,180.0,3169.4628415400093,9.008569388240895,3.0,10652.2197265625
15,1,0.0,180.0,3169.747624375867,9.012139966674601,3.0,10640.5341796875
15,2,0.0,1140.0,3468.867818382897,9.333492025708164,1.0,8557.4365234375
15,3,0.0,180.0,3171.547264455574,8.787193525351107,1.0,10740.205078125
15,4,0.0,180.0,2821.198126420542,9.426327064984527,4.0,10217.3623046875
15,5,0.0,0.0,3289.3136822196466,9.372768388478933,3.0,10587.2744140625
15,6,0.0,0.0,3020.739144289635,11.108069507260176,10.0,8831.564453125
15,7,0.0,0.0,2667.3565106580436,10.144013330159487,6.0,9903.10546875
15,8,0.0,0.0,2965.032523855552,9.590573672935015,3.0,9584.837890625
15,9,0.0,0.0,3599.0649899778596,9.394191859081172,2.0,10240.798828125
15,10,0.0,1140.0,3415.894620966155,10.047607712449416,5.0,8659.107421875
15,11,0.0,1140.0,3464.052888483456,9.226374672696977,1.0,8611.400390625
15,12,0.0,1140.0,3419.3788403190265,10.029754820280885,5.0,8550.7734375
15,13,0.0,0.0,3055.4663552741617,10.704594144251368,8.0,8776.642578125
15,14,0.0,0.0,3516.853772337919,9.408474172815996,2.0,10183.3154296875
15,15,0.0,0.0,3318.556941938717,9.383480123780052,3.0,10526.8095703125
15,16,0.0,180.0,2926.439888048855,9.483456319923828,3.0,9258.212890625
15,17,0.0,180.0,3123.460056936331,9.562009045465365,3.0,8921.20703125
15,18,0.0,180.0,3173.540468892093,8.722923113544395,1.0,10470.916015625
15,19,0.0,0.0,2720.363494887776,9.847655320161866,4.0,9114.2998046875
15,20,0.0,1140.0,3455.8574960977794,9.258509878600334,3.0,9765.638671875
15,21,0.0,180.0,2885.856613140351,9.70126160437991,4.0,9468.9404296875
15,22,0.0,180.0,2869.6059146703747,9.322780290407046,2.0,9779.875
15,23,0.0,180.0,3014.569226624904,9.44417995715306,3.0,9500.3818359375
15,24,0.0,180.0,2934.802832589225,9.601285408236134,2.0,9445.400390625
15,25,0.0,180.0,3014.397695394285,9.783384908355153,5.0,8845.5224609375
15,26,0.0,0.0,2824.062943949758,9.412044751249702,3.0,10190.3369140625
15,27,0.0,180.0,2916.4152737698755,9.358486074744109,2.0,9511.2744140625
15,28,0.0,180.0,3082.5769131294956,9.583432516067603,3.0,8978.9775390625
15,29,0.0,180.0,3076.144067399077,9.69054986907879,3.0,9231.4140625
15,30,0.0,0.0,2905.066938813351,9.694120447512496,3.0,9649.5859375
15,31,0.0,1140.0,3382.2706870886996,9.358486074744109,3.0,8857.0556640625
15,32,0.0,180.0,2996.550763153181,9.954772673173053,5.0,9047.9482421875
15,33,0.0,1140.0,3419.3788403190265,10.029754820280885,5.0,8550.7734375
15,34,0.0,180.0,3611.9760177440444,8.980004760771244,2.0,9656.58984375
15,35,0.0,180.0,2883.4772060119058,9.71911449654844,4.0,9514.890625
15,36,0.0,180.0,2850.3435494810556,9.740537967150678,4.0,9537.1787109375
15,37,0.0,1140.0,3425.0928113127948,9.31920971197334,2.0,9766.3720703125
15,38,0.0,0.0,2942.6205665696402,10.704594144251368,8.0,8911.09375
15,39,0.0,180.0,3171.9874510629693,8.7836229469174,1.0,10746.41015625
15,40,0.0,0.0,2717.681674866523,9.936919781004523,5.0,9110.5859375
15,41,0.0,180.0,2821.8476357442,9.037134015710546,1.0,9789.890625
15,42,0.0,180.0,2971.8397802611726,10.793858605094025,8.0,9096.857421875
15,43,0.0,180.0,2936.7684891992526,9.304927398238515,2.0,9839.029296875
15,44,0.0,1140.0,3398.1071185602577,9.094263270649845,1.0,9857.3798828125
15,45,0.0,180.0,3131.3866654956746,9.169245417757677,3.0,10358.5166015625
15,46,0.0,1140.0,3404.1961536249014,9.60485598666984,3.0,8921.146484375
15,47,0.0,180.0,2992.961911466662,9.254939300166628,2.0,10020.9912109375
15,48,0.0,1140.0,3441.390555697529,9.062128064746489,1.0,9817.291015625
15,49,0.0,0.0,2747.1940732035646,9.87264936919781,5.0,10220.0546875
15,50,0.0,0.0,2740.7385983371564,10.108307545822424,6.0,10336.240234375
15,51,0.0,1140.0,3463.188302924677,9.52987383956201,3.0,9452.486328125
15,52,0.0,1140.0,3722.1775080215984,8.98357533920495,1.0,10617.673828125
15,53,0.0,180.0,2927.869451451227,10.240418947869555,5.0,9213.43359375
15,54,0.0,1140.0,3326.5963367193544,9.87264936919781,5.0,9162.2978515625
15,55,0.0,180.0,3370.2787062900948,10.115448702689836,5.0,8962.5009765625
15,56,0.0,180.0,3038.2811746542748,9.886931682932635,5.0,9418.4853515625
15,57,0.0,180.0,3051.7912158005547,9.886931682932635,5.0,9405.6748046875
15,58,0.0,180.0,3131.579618167932,9.990478457510116,5.0,9011.349609375
15,59,0.0,1140.0,3674.4662208308314,8.99428707450607,2.0,10736.359375
15,60,0.0,0.0,2772.026889803456,9.90121399666746,4.0,9541.9609375
15,61,0.0,0.0,2758.194830088172,9.936919781004523,5.0,9262.19140625
15,62,0.0,0.0,2770.565170459496,9.879790526065223,5.0,9828.806640625
15,63,0.0,0.0,3265.7851340788206,10.993810997381576,10.0,9004.416015625
15,64,0.0,1140.0,3479.415462211826,9.226374672696977,1.0,8658.763671875
15,65,0.0,1140.0,3453.154683582467,10.033325398714592,6.0,8598.7578125
15,66,0.0,0.0,3150.465705780437,9.801237800523685,5.0,10532.333984375
15,67,0.0,180.0,2876.989429522671,9.890502261366342,5.0,9535.3837890625
15,68,0.0,0.0,3290.951943470079,9.60485598666984,4.0,9977.6767578125
15,69,0.0,180.0,3295.3849322490228,10.172577957629136,7.0,9009.1640625
15,70,0.0,180.0,2910.8513146606433,9.904784575101166,5.0,9486.2138671875
15,71,0.0,1140.0,3457.5805636295577,9.601285408236134,3.0,9391.0751953125
15,72,0.0,0.0,2698.439448026049,10.204713163532492,6.0,9983.55078125
15,73,0.0,180.0,2951.588599559022,9.908355153534872,3.0,9480.1484375
15,74,0.0,180.0,3024.9218572074597,10.572482742204237,8.0,9193.6611328125
15,75,0.0,180.0,3032.4786940017725,9.797667222089979,3.0,9429.3310546875
15,76,0.0,0.0,3477.752591151373,9.611997143537254,3.0,10122.341796875
15,77,0.0,1140.0,3383.328963836626,10.308259938109973,6.0,8945.375
15,78,0.0,180.0,3111.879771439413,9.70126160437991,3.0,9279.0888671875
15,79,0.0,1140.0,3564.12113016247,10.458224232325637,8.0,8570.9921875
15,80,0.0,180.0,3050.267865462786,10.040466555582004,6.0,9094.1484375
15,81,0.0,180.0,3203.164883569447,9.865508212330397,4.0,9203.3935546875
15,82,0.0,180.0,3366.4665366818026,9.686979290645084,4.0,9352.5078125
15,83,0.0,180.0,3026.094599703691,10.776005712925494,9.0,9115.8896484375
15,84,0.0,0.0,3357.8415418859618,9.583432516067603,3.0,10208.1533203125
15,85,0.0,180.0,2951.1144878734754,9.661985241609141,4.0,9480.6884765625
15,86,0.0,180.0,3204.9710504378704,9.094263270649845,3.0,10539.11328125
15,87,0.0,1140.0,3344.5680277816546,9.63342061413949,4.0,9048.26171875
15,88,0.0,1140.0,3473.348026365508,9.63342061413949,3.0,8576.2685546875
15,89,0.0,180.0,3271.7421554959747,9.297786241371103,2.0,9932.0322265625
15,90,0.0,1140.0,3749.023785748863,8.955010711735301,1.0,10492.4130859375
15,91,0.0,180.0,3310.4897252410788,9.144251368721733,2.0,10360.349609375
15,92,0.0,180.0,2916.590793346225,9.358486074744109,2.0,9514.0185546875
15,93,0.0,0.0,3706.751608411909,9.654844084741729,4.0,9688.671875
15,94,0.0,180.0,2848.491455699055,9.479885741490122,3.0,9876.6396484375
15,95,0.0,180.0,3026.4754431640367,10.183289692930254,6.0,9069.73828125
15,96,0.0,180.0,3057.8131585727447,11.554391811473458,12.0,8865.2646484375
15,97,0.0,180.0,3065.58990333203,9.911925731968578,5.0,9381.10546875
15,98,0.0,180.0,3111.6010937019537,9.590573672935015,1.0,9841.69921875
15,99,0.0,180.0,2885.265799168256,9.72982623184956,4.0,9749.0576171875
15,100,0.0,180.0,3023.088260873907,9.179957153058796,2.0,9944.103515625
15,101,0.0,180.0,2858.4363474748225,10.258271840038086,7.0,9528.365234375
15,102,0.0,180.0,2844.275614209997,10.222566055701023,7.0,9768.6162109375
15,103,0.0,1260.0,7799.587894774786,28.98952630326113,101.0,8571.4296875
15,104,0.0,0.0,3703.198776553585,9.665555820042847,3.0,10551.2099609375
15,105,0.0,0.0,2930.3401584895423,10.986669840514164,10.0,9601.1552734375
15,106,0.0,1140.0,3529.8160633901743,9.708402761247322,3.0,9175.2646484375
15,107,0.0,1140.0,4155.471922060952,9.201380623661032,1.0,9987.4140625
15,108,0.0,0.0,2815.714737046964,10.854558438467032,10.0,10189.7998046875
15,109,0.0,1140.0,3510.5163499315227,9.740537967150678,4.0,9257.150390625
15,110,0.0,180.0,3252.967699159972,9.354915496310403,3.0,9922.73046875
15,111,0.0,0.0,2919.5226368497706,11.115210664127588,9.0,9824.375
15,112,0.0,1140.0,3599.0037025866927,9.40490359438229,2.0,9063.9775390625
15,113,0.0,1140.0,3737.283662869175,9.183527731492502,2.0,9863.7744140625
15,114,0.0,0.0,2814.408319010946,11.61152106641276,12.0,9760.8876953125
15,115,0.0,1140.0,3585.2853649631684,9.54772673173054,2.0,9232.9970703125
15,116,0.0,1140.0,3506.6972762445157,9.77624375148774,4.0,9110.56640625
15,117,0.0,1140.0,3769.3710184439274,9.065698643180195,1.0,10296.232421875
15,118,0.0,1140.0,3834.6051022884963,9.062128064746489,2.0,10793.263671875
15,119,0.0,180.0,3509.123926976533,20.141632944537015,49.0,9048.2255859375
15,120,0.0,1140.0,3585.495995232405,9.269221613901452,3.0,9427.8310546875
15,121,0.0,1140.0,3516.9606273681134,9.31920971197334,2.0,9700.33984375
15,122,0.0,1140.0,3486.2943677046337,9.390621280647466,3.0,9406.7236328125
15,123,0.0,1140.0,3558.3995509810957,9.304927398238515,2.0,9361.5498046875
15,124,0.0,180.0,2978.2007939312716,11.011663889550107,9.0,9132.48828125
15,125,0.0,1140.0,3579.55711493741,9.551297310164246,2.0,9248.572265625
