Generation,Solution,FH,t95,RL,TNS,NWSECH,WL
1,0,630.0,4020.0,12558.369927950109,44.49654844084742,76.0,58777.9375
1,1,0.0,5460.0,11045.768959724086,46.54606046179481,137.0,58149.0625
1,2,0.0,4020.0,11613.276733779036,41.71506784099024,78.0,58441.62109375001
1,3,615.0,4140.0,13176.263967609164,50.95929540585575,102.0,57805.8828125
1,4,0.0,4080.0,11916.646486469577,25.011901928112355,22.0,62003.85546874999
1,5,615.0,4020.0,12645.087562478268,60.98190906926922,167.0,56757.41015624999
1,6,630.0,4020.0,11966.896920393923,37.82670792668412,31.0,60369.50390625
1,7,0.0,4080.0,10722.88511075612,31.771006903118305,41.0,58303.125
1,8,585.0,4020.0,13439.533153010583,54.26565103546775,121.0,57548.265625
1,9,570.0,4020.0,13251.024557364057,57.8897881456796,153.0,57111.46875
1,10,120.0,4080.0,12987.63734862555,30.80695072601761,37.0,61904.9765625
1,11,525.0,4140.0,13103.683397414046,50.90216615091645,116.0,56669.44921875
1,12,0.0,4020.0,10878.44859921479,31.028326588907404,57.0,61571.79296875
1,13,675.0,4080.0,12668.854114429258,64.49535824803618,128.0,55808.63671874999
1,14,150.0,4080.0,12760.45242509813,31.10687931444894,53.0,58295.29296875
1,15,0.0,5460.0,10188.385852913914,28.257557724351344,50.0,59712.265625
1,16,540.0,5580.0,14181.652242662309,48.25636753154011,95.0,57572.30078125
1,17,660.0,5580.0,14613.34092558112,71.29731016424662,148.0,55045.12109375
1,18,0.0,4020.0,10609.061742036632,32.581528207569626,47.0,59924.06640625
1,19,0.0,4020.0,10881.478923595543,26.140204713163534,40.0,60479.04296875
1,20,120.0,6900.0,11546.245242403773,42.082837419661985,102.0,56711.421875
1,21,0.0,5460.0,10814.974153299332,26.811473458700306,33.0,62336.29296875
1,22,690.0,4020.0,13689.18064281471,50.9307307783861,68.0,58432.87109374999
1,23,315.0,5520.0,12635.43807186158,29.689359676267557,46.0,58649.83203125
1,24,180.0,4080.0,14551.575676593704,31.321114020471313,39.0,61822.01171875
1,25,0.0,4020.0,10504.34477015796,36.91263984765532,97.0,61129.71484375
1,26,0.0,4020.0,10536.609490443778,46.79243037372054,126.0,59023.125
1,27,0.0,5460.0,11029.260194440423,33.731254463223046,56.0,58361.86718750001
1,28,270.0,5520.0,12788.213057495319,29.500119019281122,40.0,63693.12109375
1,29,0.0,4020.0,11080.509477248685,36.359200190430855,90.0,61971.91015625
1,30,0.0,5460.0,11770.448286051851,32.93501547250656,68.0,61217.9921875
1,31,600.0,5580.0,14507.372273422407,60.75339204951202,156.0,58249.12109375
1,32,120.0,4020.0,13342.661338576629,40.52963580099976,66.0,61303.703125
1,33,120.0,4020.0,12831.245930640333,53.69435848607474,105.0,58836.25390625
1,34,0.0,4020.0,11091.80094436089,35.70935491549631,91.0,60946.65625
1,35,120.0,4020.0,12224.355438791164,34.52392287550584,69.0,61621.83203125
1,36,660.0,4140.0,14846.828840638631,55.17614853606284,109.0,58699.01171875
1,37,600.0,4140.0,13765.893564652437,40.697452987383954,69.0,60807.8125
1,38,600.0,4020.0,13317.295197960448,60.9140680790288,181.0,57461.39453124999
1,39,585.0,4020.0,11748.935027915417,53.033801475839084,129.0,59165.74609375
1,40,645.0,4020.0,12538.614952882934,43.23613425374911,91.0,60240.46875000001
1,41,0.0,4080.0,11515.981668683464,39.42632706498453,88.0,61657.29296875
1,42,660.0,4140.0,14572.398068112081,48.784813139728634,80.0,58710.453125
1,43,660.0,4140.0,13229.092863058318,42.21137824327541,71.0,60054.625
1,44,525.0,4140.0,13568.877712570102,43.65746250892644,63.0,59734.67187499999
1,45,360.0,5580.0,13205.419586149434,29.432278029040702,32.0,64255.67578125
1,46,0.0,4080.0,12956.197951461028,40.25113068317068,64.0,64273.38671875001
1,47,540.0,4140.0,12443.812147960365,40.42608902642228,42.0,61610.23828125
1,48,120.0,4020.0,12015.612917393653,28.093311116400855,45.0,61934.3515625
1,49,0.0,4080.0,11826.273803288426,50.3630088074268,121.0,59123.10546875001
1,50,120.0,4200.0,16673.10363580285,51.25565341585337,93.0,60168.19921875
1,51,600.0,4080.0,13432.905290059018,45.81052130445132,95.0,62030.01171875
1,52,120.0,4080.0,12862.514177144632,50.745060699833374,150.0,59608.265625
1,53,150.0,4080.0,15003.721776906059,32.87431563913354,50.0,64129.5
1,54,15.0,5460.0,11459.162486369336,50.06665079742918,154.0,59501.19921875
1,55,0.0,4020.0,11578.723502863868,41.13306355629612,101.0,62020.20703125
1,56,120.0,4080.0,14008.434168223517,39.51202094739348,114.0,62217.82421875
1,57,0.0,4020.0,11458.98215775398,54.09426327064985,97.0,61292.92578124999
1,58,300.0,5520.0,11324.00774287392,33.838371816234236,68.0,60545.30078125
1,59,570.0,4020.0,13836.350120410945,60.95334444179957,131.0,59862.86718750001
1,60,225.0,5520.0,12718.401688127611,40.804570340395145,107.0,60974.19921875
1,61,570.0,5520.0,13004.033042293919,51.46274696500833,128.0,58831.76171875
1,62,120.0,4080.0,14227.692345866242,37.10545108307546,58.0,66560.69531250001
1,63,555.0,4020.0,14309.021745203943,68.19804808378959,187.0,60575.35546875
1,64,0.0,4020.0,12007.562861835977,41.52582718400381,99.0,61756.58984375
1,65,0.0,5460.0,12048.512172270246,56.172339919066886,156.0,60798.77734375
1,66,675.0,4020.0,13026.62235752428,58.28969293025471,131.0,59994.11328125
1,67,0.0,4020.0,11894.199203664946,51.61271125922399,97.0,63243.203125
1,68,600.0,4140.0,13581.215080815673,47.11378243275411,83.0,61470.68359375
1,69,0.0,4020.0,11411.899168084557,49.33825279695311,104.0,61818.1796875
1,70,120.0,6900.0,13273.381532493771,49.8452749345394,134.0,60615.2109375
1,71,525.0,4140.0,13575.201394223965,63.720542727921924,127.0,60102.53906250001
1,72,600.0,4020.0,13479.397243334577,47.99571530587955,70.0,62466.51171875
1,73,120.0,4020.0,14665.023028928328,41.58652701737682,91.0,64901.56640625
1,74,15.0,4020.0,12777.54549391292,57.73982385146394,161.0,61065.9375
1,75,135.0,6900.0,12953.281528721847,43.800285646274695,113.0,60784.01171875
1,76,0.0,4020.0,11189.599741017777,43.5753392049512,120.0,61238.19140624999
1,77,570.0,4080.0,12605.022470863354,74.58581290169008,159.0,59139.97656249999
1,78,720.0,4020.0,13854.706890181431,64.53820518924066,206.0,59112.26953124999
1,79,0.0,5460.0,11967.267958770448,39.51559152582719,85.0,64515.52734375
1,80,720.0,4020.0,13523.787335393394,71.45798619376339,239.0,58485.2578125
1,81,0.0,5460.0,11594.752848034368,41.83646750773625,102.0,61050.1015625
1,82,555.0,4140.0,15952.132197220075,71.572244703642,143.0,60738.7265625
1,83,690.0,4140.0,14181.415608528692,62.08164722685075,156.0,60478.5703125
1,84,315.0,5520.0,15164.623687143794,44.650083313496786,101.0,62045.8671875
1,85,405.0,5580.0,13489.030323759129,39.14068079028802,76.0,63370.140625
1,86,150.0,4080.0,14985.857902614098,46.567483932397046,129.0,63127.70703125
1,87,795.0,4140.0,15836.017441013308,55.20471316353248,94.0,64880.3671875
1,88,0.0,4080.0,12043.97817229919,47.010235658176626,115.0,62189.66406250001
1,89,210.0,4080.0,15718.56559817772,55.836705546298504,132.0,61938.80859375
1,90,225.0,5520.0,13693.190956378825,48.67055462985004,115.0,61405.01171875
1,91,585.0,5580.0,14690.501176930167,44.2573196857891,70.0,61249.14062499999
1,92,0.0,4020.0,11658.113411036855,56.74006189002618,117.0,61588.45703124999
1,93,525.0,5520.0,13859.101782583097,44.3144489407284,109.0,62019.1328125
1,94,480.0,4140.0,13372.223870171449,48.42775529635801,101.0,62178.4609375
1,95,240.0,4080.0,16237.440155228898,70.77243513449179,163.0,61069.34375
1,96,645.0,5460.0,14727.558362997908,87.92192335158296,213.0,59731.4140625
1,97,600.0,5520.0,14435.508177803447,68.76934063318258,174.0,59215.9921875
1,98,0.0,5460.0,11695.093003813869,47.53868126636515,134.0,61147.66796875001
1,99,630.0,4140.0,14563.468166009672,52.815996191383014,111.0,61498.81640625001
1,100,675.0,4020.0,13855.934323913436,64.18471792430374,191.0,61399.89843749999
1,101,120.0,5460.0,13827.361936123725,42.90764103784813,104.0,62594.67578125001
1,102,600.0,4020.0,14704.023271433478,79.15972387526779,247.0,61154.0859375
1,103,585.0,4020.0,13283.433727687669,54.547726731730535,129.0,62524.16796874999
1,104,165.0,6900.0,13614.410464109893,42.361342537491076,121.0,61984.01171875
1,105,630.0,4080.0,13272.093917892558,64.20257081647227,163.0,61238.265625
1,106,435.0,5520.0,14403.595649623883,45.42846941204475,101.0,63250.53515625
1,107,120.0,6900.0,14663.780470648198,51.03784813139729,98.0,64815.9765625
1,108,120.0,4080.0,13450.705178190361,52.45179719114496,139.0,64636.65625
1,109,555.0,5460.0,13394.527838721144,54.390621280647466,142.0,64595.55078125
1,110,0.0,5460.0,11788.639909141704,59.28588431325875,148.0,61740.68359375
1,111,720.0,4080.0,14997.216796050874,58.232563675315404,129.0,64406.5390625
1,112,0.0,4080.0,13144.781261874647,53.30516543680076,149.0,63394.9609375
1,113,615.0,5460.0,13359.263097439987,64.40252320875982,194.0,61247.0390625
1,114,645.0,4140.0,15319.789184186673,50.25589145441562,120.0,65254.203125
1,115,0.0,4080.0,12699.621570446172,63.927636277076886,140.0,64705.93750000001
1,116,570.0,4140.0,13954.898892021818,54.84051416329445,121.0,63737.2578125
1,117,585.0,4020.0,14329.990971302108,58.91097357771959,162.0,61606.2734375
1,118,0.0,4080.0,12758.671087571507,62.39942870745061,146.0,65601.8046875
1,119,510.0,5460.0,14409.811527322887,56.59723875267793,142.0,62345.765625
1,120,615.0,4140.0,14338.854060539968,56.73649131159248,141.0,62209.66015625
1,121,660.0,4080.0,14521.427293007924,66.91621042608902,169.0,61810.23437500001
1,122,675.0,5460.0,14559.064391038286,81.90906926922162,191.0,61753.39453125
1,123,570.0,5460.0,14125.922627215226,66.58057605332064,167.0,63967.32421875
1,124,0.0,4080.0,13258.793976591314,65.53796715067841,140.0,65576.0859375
1,125,750.0,4020.0,15282.386341272027,78.91692454177577,217.0,61915.85156249999
2,0,0.0,4080.0,11916.646486469577,25.011901928112355,22.0,62003.85546874999
2,1,615.0,4020.0,12645.087562478268,60.98190906926922,167.0,56757.41015624999
2,2,0.0,4080.0,10722.88511075612,31.771006903118305,41.0,58303.125
2,3,585.0,4020.0,13439.533153010583,54.26565103546775,121.0,57548.265625
2,4,570.0,4020.0,13251.024557364057,57.8897881456796,153.0,57111.46875
2,5,525.0,4140.0,13103.683397414046,50.90216615091645,116.0,56669.44921875
2,6,675.0,4080.0,12668.854114429258,64.49535824803618,128.0,55808.63671874999
2,7,0.0,5460.0,10188.385852913914,28.257557724351344,50.0,59712.265625
2,8,540.0,5580.0,14181.652242662309,48.25636753154011,95.0,57572.30078125
2,9,0.0,4020.0,10609.061742036632,32.581528207569626,47.0,59924.06640625
2,10,0.0,4020.0,10881.478923595543,26.140204713163534,40.0,60479.04296875
2,11,120.0,6900.0,11546.245242403773,42.082837419661985,102.0,56711.421875
2,12,0.0,4020.0,10252.598470631674,21.737681504403714,26.0,61158.33203125
2,13,555.0,6959.999999999999,14331.917297089316,46.78171863841943,96.0,57609.76171875001
2,14,0.0,4020.0,10222.728025175977,37.72673173054035,73.0,57710.515625
2,15,0.0,4020.0,10490.250578937783,29.26446084265651,49.0,59093.95312499999
2,16,0.0,4020.0,10546.882927859006,32.2815996191383,47.0,60110.62109374999
2,17,615.0,4080.0,12865.827700302267,54.57986193763389,144.0,57704.03515625001
2,18,585.0,4140.0,13868.272563731633,61.89240656986432,112.0,56978.61328125
2,19,630.0,5460.0,12172.192268962859,47.88502737443466,87.0,55011.33984374999
2,20,630.0,4020.0,12033.13340278322,50.85574863127827,109.0,57652.2265625
2,21,0.0,5520.0,11340.87444352996,36.60914068079029,69.0,57818.35546875
2,22,30.0,4020.0,10719.60234517881,24.5263032611283,13.0,58088.37499999999
2,23,630.0,4020.0,12558.369927950109,44.49654844084742,76.0,58777.9375
2,24,0.0,5460.0,11045.768959724086,46.54606046179481,137.0,58149.0625
2,25,0.0,4020.0,11613.276733779036,41.71506784099024,78.0,58441.62109375001
2,26,615.0,4140.0,13176.263967609164,50.95929540585575,102.0,57805.8828125
2,27,630.0,4020.0,11966.896920393923,37.82670792668412,31.0,60369.50390625
2,28,120.0,4080.0,12987.63734862555,30.80695072601761,37.0,61904.9765625
2,29,0.0,4020.0,10878.44859921479,31.028326588907404,57.0,61571.79296875
2,30,150.0,4080.0,12760.45242509813,31.10687931444894,53.0,58295.29296875
2,31,660.0,5580.0,14613.34092558112,71.29731016424662,148.0,55045.12109375
2,32,0.0,5460.0,10814.974153299332,26.811473458700306,33.0,62336.29296875
2,33,690.0,4020.0,13689.18064281471,50.9307307783861,68.0,58432.87109374999
2,34,315.0,5520.0,12635.43807186158,29.689359676267557,46.0,58649.83203125
2,35,180.0,4080.0,14551.575676593704,31.321114020471313,39.0,61822.01171875
2,36,0.0,4020.0,10504.34477015796,36.91263984765532,97.0,61129.71484375
2,37,0.0,4020.0,10536.609490443778,46.79243037372054,126.0,59023.125
2,38,0.0,5460.0,11029.260194440423,33.731254463223046,56.0,58361.86718750001
2,39,0.0,5460.0,11770.448286051851,32.93501547250656,68.0,61217.9921875
2,40,600.0,4020.0,13317.295197960448,60.9140680790288,181.0,57461.39453124999
2,41,540.0,4140.0,12443.812147960365,40.42608902642228,42.0,61610.23828125
2,42,120.0,4020.0,12015.612917393653,28.093311116400855,45.0,61934.3515625
2,43,0.0,4020.0,10517.172106148795,43.70030945013092,136.0,61077.1796875
2,44,120.0,4080.0,12593.766798381144,26.72577957629136,36.0,62242.4609375
2,45,0.0,5460.0,11716.360524258518,32.53511068793144,67.0,61509.015625
2,46,495.0,5520.0,12148.565981876334,28.293263508688405,28.0,59427.38671875001
2,47,0.0,5460.0,11490.519489684022,28.353963342061412,46.0,62153.37500000001
2,48,0.0,4020.0,10889.099484401573,40.843846703165916,96.0,59024.71484375001
2,49,0.0,4080.0,11427.795328031592,54.85122589859557,162.0,57897.61328125
2,50,0.0,4020.0,11059.573039508985,35.7022137586289,51.0,59671.66796875
2,51,675.0,4020.0,12358.893291399516,56.443703880028565,113.0,58271.76562500001
2,52,120.0,5460.0,13338.917623130561,35.473696738871695,45.0,61204.88671875
2,53,615.0,4020.0,13112.655173387218,69.57272078076649,193.0,56847.9765625
2,54,555.0,4020.0,12792.887995663285,58.49321590097596,128.0,57856.04687500001
2,55,0.0,4080.0,11033.289851565245,30.449892882646985,47.0,62788.9296875
2,56,300.0,5520.0,11856.696783610572,26.704356105689122,32.0,60861.12109375
2,57,675.0,4080.0,13276.688401201955,39.522732682694595,41.0,60124.046875
2,58,0.0,4020.0,10888.497582424166,40.7795762913592,101.0,58465.49609375
2,59,270.0,5520.0,12788.213057495319,29.500119019281122,40.0,63693.12109375
2,60,0.0,4020.0,11080.509477248685,36.359200190430855,90.0,61971.91015625
2,61,600.0,5580.0,14507.372273422407,60.75339204951202,156.0,58249.12109375
2,62,120.0,4020.0,13342.661338576629,40.52963580099976,66.0,61303.703125
2,63,120.0,4020.0,12831.245930640333,53.69435848607474,105.0,58836.25390625
2,64,0.0,4020.0,11091.80094436089,35.70935491549631,91.0,60946.65625
2,65,120.0,4020.0,12224.355438791164,34.52392287550584,69.0,61621.83203125
2,66,660.0,4140.0,14846.828840638631,55.17614853606284,109.0,58699.01171875
2,67,600.0,4140.0,13765.893564652437,40.697452987383954,69.0,60807.8125
2,68,585.0,4020.0,11748.935027915417,53.033801475839084,129.0,59165.74609375
2,69,645.0,4020.0,12538.614952882934,43.23613425374911,91.0,60240.46875000001
2,70,0.0,4080.0,11515.981668683464,39.42632706498453,88.0,61657.29296875
2,71,660.0,4140.0,14572.398068112081,48.784813139728634,80.0,58710.453125
2,72,660.0,4140.0,13229.092863058318,42.21137824327541,71.0,60054.625
2,73,525.0,4140.0,13568.877712570102,43.65746250892644,63.0,59734.67187499999
2,74,360.0,5580.0,13205.419586149434,29.432278029040702,32.0,64255.67578125
2,75,0.0,4080.0,11826.273803288426,50.3630088074268,121.0,59123.10546875001
2,76,120.0,4200.0,16673.10363580285,51.25565341585337,93.0,60168.19921875
2,77,150.0,4080.0,15003.721776906059,32.87431563913354,50.0,64129.5
2,78,15.0,5460.0,11459.162486369336,50.06665079742918,154.0,59501.19921875
2,79,300.0,5520.0,11324.00774287392,33.838371816234236,68.0,60545.30078125
2,80,0.0,5460.0,11967.267958770448,39.51559152582719,85.0,64515.52734375
2,81,720.0,4020.0,13523.787335393394,71.45798619376339,239.0,58485.2578125
2,82,720.0,4020.0,14604.680942916457,75.29278743156391,242.0,57761.70703125
2,83,0.0,5460.0,11160.29356164331,46.01404427517258,122.0,60464.94921875
2,84,30.0,4020.0,11985.233781617557,45.19281123542014,101.0,59466.88671875001
2,85,480.0,5520.0,12027.014020247083,35.916448464651275,70.0,58377.453125
2,86,690.0,4080.0,12410.127385909145,55.572482742204244,134.0,58652.14453125
2,87,555.0,5520.0,13809.199036186867,33.41347298262318,47.0,62036.8125
2,88,120.0,4020.0,12511.80306850401,35.58438467031659,58.0,61695.68359375
2,89,570.0,4020.0,12240.46107274976,50.42370864079981,140.0,59154.14453125
2,90,0.0,4020.0,12091.828344627356,55.36895977148298,121.0,58790.13281249999
2,91,645.0,4020.0,14393.472179665485,77.92073315877172,154.0,58308.61328125
2,92,120.0,4020.0,13409.082327727687,43.264698881218756,105.0,60241.81640625
2,93,0.0,4020.0,11079.144925842025,36.33777671982861,101.0,60769.72265625001
2,94,630.0,4020.0,12010.375458498525,40.904546536538916,99.0,59510.13281250001
2,95,0.0,4080.0,12325.768681670375,34.31682932635087,59.0,62112.57031250001
2,96,675.0,4140.0,13718.889035470766,48.97048321828136,105.0,58426.19531250001
2,97,240.0,5580.0,13273.794495005975,30.582004284694122,43.0,64310.0625
2,98,270.0,5520.0,12835.349682163302,31.27469650083313,59.0,62495.19921875
2,99,630.0,4020.0,12661.767474608456,71.60795048797905,168.0,58603.01171875
2,100,0.0,4080.0,11254.851858516973,46.12116162818376,110.0,59996.30859375
2,101,645.0,4020.0,12539.398578679215,46.96024756010474,90.0,59799.55078125001
2,102,630.0,4020.0,12848.542617525327,47.795762913592,89.0,59894.74609375
2,103,240.0,5520.0,13264.943694807629,59.410854558438466,160.0,58451.09765624999
2,104,450.0,5520.0,13764.64181455649,45.02142347060224,104.0,59706.921875
2,105,0.0,4020.0,12030.52554496715,63.91335396334206,142.0,59194.28125
2,106,660.0,5580.0,14778.7161032392,71.5758152820757,150.0,55171.54296875
2,107,495.0,4140.0,13714.804653485935,68.8871697214949,152.0,58606.69921875
2,108,0.0,4080.0,11472.523891834771,55.00119019281124,98.0,59398.90234375
2,109,225.0,5520.0,12718.401688127611,40.804570340395145,107.0,60974.19921875
2,110,120.0,4200.0,16049.732378937799,44.56796000952154,66.0,61702.14453125
2,111,750.0,6959.999999999999,17788.516012863638,62.756486550821236,122.0,58605.37109375
2,112,120.0,6900.0,13273.381532493771,49.8452749345394,134.0,60615.2109375
2,113,360.0,5520.0,12640.85167521115,39.01571054510831,98.0,61759.50390625001
2,114,135.0,6900.0,12953.281528721847,43.800285646274695,113.0,60784.01171875
2,115,120.0,4020.0,12295.769866044757,36.662699357295885,82.0,62062.81250000001
2,116,120.0,4020.0,13346.83931590612,38.60152344679838,65.0,62649.92187500001
2,117,120.0,4080.0,14227.692345866242,37.10545108307546,58.0,66560.69531250001
2,118,570.0,4080.0,12605.022470863354,74.58581290169008,159.0,59139.97656249999
2,119,630.0,4140.0,13741.414054929144,54.51916210426089,138.0,60561.77343750001
2,120,0.0,4080.0,12956.197951461028,40.25113068317068,64.0,64273.38671875001
2,121,675.0,4020.0,13026.62235752428,58.28969293025471,131.0,59994.11328125
2,122,0.0,4080.0,12780.250268544536,40.56534158533683,72.0,62262.75390625001
2,123,0.0,5460.0,12048.512172270246,56.172339919066886,156.0,60798.77734375
2,124,435.0,5520.0,14980.136766361626,35.54867888597953,50.0,63785.42187500001
2,125,375.0,5520.0,13085.779040505564,36.99476315163057,70.0,61025.71484374999
3,0,615.0,4020.0,12645.087562478268,60.98190906926922,167.0,56757.41015624999
3,1,0.0,4080.0,10722.88511075612,31.771006903118305,41.0,58303.125
3,2,570.0,4020.0,13251.024557364057,57.8897881456796,153.0,57111.46875
3,3,525.0,4140.0,13103.683397414046,50.90216615091645,116.0,56669.44921875
3,4,675.0,4080.0,12668.854114429258,64.49535824803618,128.0,55808.63671874999
3,5,0.0,5460.0,10188.385852913914,28.257557724351344,50.0,59712.265625
3,6,0.0,4020.0,10252.598470631674,21.737681504403714,26.0,61158.33203125
3,7,0.0,4020.0,10222.728025175977,37.72673173054035,73.0,57710.515625
3,8,0.0,4020.0,10490.250578937783,29.26446084265651,49.0,59093.95312499999
3,9,30.0,4020.0,10719.60234517881,24.5263032611283,13.0,58088.37499999999
3,10,0.0,5460.0,10403.738055076476,46.71744822661271,140.0,55754.61328125
3,11,0.0,4080.0,10683.152276283825,25.61890026184242,21.0,59230.30078125
3,12,0.0,4020.0,11024.948737253882,32.574387050702214,47.0,57114.30078124999
3,13,675.0,4020.0,12191.860524797044,44.16448464651273,82.0,56708.703125
3,14,0.0,4020.0,10376.22378824792,21.5591525827184,22.0,59461.1015625
3,15,0.0,4020.0,10946.570328806687,25.019043084979767,17.0,58656.87890625
3,16,585.0,4140.0,13358.880227412588,40.975958105213046,63.0,56460.9296875
3,17,0.0,4020.0,10233.559324663394,32.40656986431802,57.0,58482.58984374999
3,18,540.0,4140.0,12918.735884012254,44.18590811711497,81.0,56170.15625
3,19,495.0,4140.0,13580.551170049486,63.270649845274924,181.0,57070.87500000001
3,20,570.0,4140.0,13164.408263428071,39.07283980004761,44.0,58066.98828125001
3,21,120.0,5460.0,10910.974102600634,30.528445608188527,38.0,55341.54296875
3,22,510.0,5460.0,11754.328068892628,41.75434420376101,75.0,54060.18359375
3,23,0.0,4080.0,11916.646486469577,25.011901928112355,22.0,62003.85546874999
3,24,585.0,4020.0,13439.533153010583,54.26565103546775,121.0,57548.265625
3,25,540.0,5580.0,14181.652242662309,48.25636753154011,95.0,57572.30078125
3,26,0.0,4020.0,10609.061742036632,32.581528207569626,47.0,59924.06640625
3,27,0.0,4020.0,10881.478923595543,26.140204713163534,40.0,60479.04296875
3,28,120.0,6900.0,11546.245242403773,42.082837419661985,102.0,56711.421875
3,29,555.0,6959.999999999999,14331.917297089316,46.78171863841943,96.0,57609.76171875001
3,30,615.0,4080.0,12865.827700302267,54.57986193763389,144.0,57704.03515625001
3,31,585.0,4140.0,13868.272563731633,61.89240656986432,112.0,56978.61328125
3,32,630.0,5460.0,12172.192268962859,47.88502737443466,87.0,55011.33984374999
3,33,630.0,4020.0,12033.13340278322,50.85574863127827,109.0,57652.2265625
3,34,0.0,5520.0,11340.87444352996,36.60914068079029,69.0,57818.35546875
3,35,630.0,4020.0,12558.369927950109,44.49654844084742,76.0,58777.9375
3,36,0.0,5460.0,11045.768959724086,46.54606046179481,137.0,58149.0625
3,37,0.0,4020.0,11613.276733779036,41.71506784099024,78.0,58441.62109375001
3,38,615.0,4140.0,13176.263967609164,50.95929540585575,102.0,57805.8828125
3,39,630.0,4020.0,11966.896920393923,37.82670792668412,31.0,60369.50390625
3,40,150.0,4080.0,12760.45242509813,31.10687931444894,53.0,58295.29296875
3,41,0.0,5460.0,10814.974153299332,26.811473458700306,33.0,62336.29296875
3,42,690.0,4020.0,13689.18064281471,50.9307307783861,68.0,58432.87109374999
3,43,315.0,5520.0,12635.43807186158,29.689359676267557,46.0,58649.83203125
3,44,0.0,4020.0,10536.609490443778,46.79243037372054,126.0,59023.125
3,45,0.0,5460.0,11029.260194440423,33.731254463223046,56.0,58361.86718750001
3,46,600.0,4020.0,13317.295197960448,60.9140680790288,181.0,57461.39453124999
3,47,495.0,5520.0,12148.565981876334,28.293263508688405,28.0,59427.38671875001
3,48,0.0,4020.0,10889.099484401573,40.843846703165916,96.0,59024.71484375001
3,49,0.0,4080.0,11427.795328031592,54.85122589859557,162.0,57897.61328125
3,50,615.0,4020.0,13112.655173387218,69.57272078076649,193.0,56847.9765625
3,51,300.0,5520.0,11856.696783610572,26.704356105689122,32.0,60861.12109375
3,52,0.0,4020.0,10888.497582424166,40.7795762913592,101.0,58465.49609375
3,53,645.0,5460.0,11902.253304910078,44.55010711735301,92.0,56724.7578125
3,54,645.0,5580.0,14019.88163091279,59.410854558438466,149.0,54772.65234375
3,55,0.0,5460.0,10942.330145421562,28.960961675791474,30.0,59962.61328124999
3,56,135.0,4020.0,12832.085565999103,34.89883361104499,62.0,58657.74218749999
3,57,0.0,4020.0,11004.938797371018,26.72935015472506,39.0,61501.85937499999
3,58,615.0,4020.0,13205.213132698434,64.55248750297548,150.0,57266.33984375001
3,59,0.0,4020.0,10545.468822042207,26.18662223280171,42.0,59984.70312499999
3,60,645.0,4140.0,14000.84644260296,70.64389431087837,172.0,56710.82421875001
3,61,0.0,4020.0,10495.7481858791,26.843608664603664,36.0,60977.046875
3,62,135.0,4080.0,14451.855306446269,47.99928588431326,113.0,58251.76953125
3,63,0.0,4020.0,10978.07468483588,30.460604617948107,39.0,58806.40625
3,64,330.0,5520.0,12056.722108124752,28.189716734110924,55.0,59230.47656250001
3,65,615.0,4080.0,14656.383931026343,46.02118543203999,69.0,57855.48828125
3,66,45.0,4020.0,10432.132316323808,41.59366817424423,116.0,57775.21875000001
3,67,0.0,4080.0,10908.625575406815,52.30897405379672,108.0,58182.0
3,68,0.0,4020.0,10584.103354059262,31.628183765770054,41.0,60723.4453125
3,69,0.0,4020.0,11250.74656447257,32.3387288740776,25.0,60934.6875
3,70,0.0,4020.0,10490.451518190035,38.405141632944535,94.0,60835.57031249999
3,71,540.0,4020.0,11979.295778183965,52.5874791716258,92.0,57853.328125
3,72,15.0,5460.0,11039.636836359463,48.06712687455368,151.0,57946.42578125
3,73,600.0,4020.0,11609.634227537663,51.10925970007141,94.0,58804.71875
3,74,0.0,4020.0,10546.882927859006,32.2815996191383,47.0,60110.62109374999
3,75,120.0,4080.0,12987.63734862555,30.80695072601761,37.0,61904.9765625
3,76,0.0,4020.0,10878.44859921479,31.028326588907404,57.0,61571.79296875
3,77,660.0,5580.0,14613.34092558112,71.29731016424662,148.0,55045.12109375
3,78,180.0,4080.0,14551.575676593704,31.321114020471313,39.0,61822.01171875
3,79,0.0,4020.0,10504.34477015796,36.91263984765532,97.0,61129.71484375
3,80,540.0,4140.0,12443.812147960365,40.42608902642228,42.0,61610.23828125
3,81,120.0,4020.0,12015.612917393653,28.093311116400855,45.0,61934.3515625
3,82,0.0,4020.0,10517.172106148795,43.70030945013092,136.0,61077.1796875
3,83,120.0,4080.0,12593.766798381144,26.72577957629136,36.0,62242.4609375
3,84,0.0,5460.0,11490.519489684022,28.353963342061412,46.0,62153.37500000001
3,85,0.0,4020.0,11059.573039508985,35.7022137586289,51.0,59671.66796875
3,86,675.0,4020.0,12358.893291399516,56.443703880028565,113.0,58271.76562500001
3,87,120.0,5460.0,13338.917623130561,35.473696738871695,45.0,61204.88671875
3,88,555.0,4020.0,12792.887995663285,58.49321590097596,128.0,57856.04687500001
3,89,675.0,4080.0,13276.688401201955,39.522732682694595,41.0,60124.046875
3,90,660.0,4140.0,14572.398068112081,48.784813139728634,80.0,58710.453125
3,91,360.0,5580.0,13205.419586149434,29.432278029040702,32.0,64255.67578125
3,92,720.0,4020.0,14604.680942916457,75.29278743156391,242.0,57761.70703125
3,93,480.0,5520.0,12027.014020247083,35.916448464651275,70.0,58377.453125
3,94,675.0,4140.0,13718.889035470766,48.97048321828136,105.0,58426.19531250001
3,95,630.0,4020.0,12661.767474608456,71.60795048797905,168.0,58603.01171875
3,96,240.0,5520.0,13264.943694807629,59.410854558438466,160.0,58451.09765624999
3,97,495.0,4140.0,13714.804653485935,68.8871697214949,152.0,58606.69921875
3,98,0.0,4020.0,10891.877314526395,31.735301118781244,69.0,60133.03515625
3,99,0.0,4020.0,11039.892581810414,48.57414901213997,102.0,58632.88671875
3,100,0.0,5520.0,11878.245733003456,29.564389431087832,41.0,64308.9921875
3,101,120.0,6900.0,12005.987711526926,33.995477267317305,61.0,58875.71484375
3,102,0.0,4020.0,10979.250565085764,53.85860509402523,146.0,59301.359375
3,103,120.0,6900.0,12265.19202711984,54.24422756486551,178.0,58279.0859375
3,104,0.0,4020.0,11124.994910200807,31.17829088312307,49.0,59211.77343749999
3,105,0.0,4080.0,10783.97866309026,29.910735539157344,41.0,61846.43359375001
3,106,600.0,4080.0,12402.045427277633,41.22232801713878,88.0,59167.95703125
3,107,600.0,4020.0,13490.046141577492,58.664603665793855,120.0,58320.0078125
3,108,525.0,5580.0,12791.59582241987,38.76219947631517,75.0,57998.51953125
3,109,660.0,4020.0,12566.283824336813,46.21399666746013,72.0,59100.91015625
3,110,0.0,4020.0,11747.610649879014,47.23161152106641,110.0,58941.96484375
3,111,570.0,6959.999999999999,14832.054786671415,41.283027850511786,63.0,58786.70703125001
3,112,0.0,5460.0,11110.905905124855,47.86003332539872,141.0,59255.5703125
3,113,240.0,5520.0,13335.78364576932,58.96096167579148,124.0,58073.11328125
3,114,600.0,5580.0,13626.075535645825,39.49059747679124,60.0,59066.33984375
3,115,120.0,4020.0,11918.009417334793,32.99928588431326,69.0,59645.6796875
3,116,300.0,5520.0,11324.00774287392,33.838371816234236,68.0,60545.30078125
3,117,15.0,4080.0,12131.83723836399,37.18400380861699,79.0,61337.68359375001
3,118,585.0,4020.0,11748.935027915417,53.033801475839084,129.0,59165.74609375
3,119,570.0,4020.0,12240.46107274976,50.42370864079981,140.0,59154.14453125
3,120,270.0,5520.0,12835.349682163302,31.27469650083313,59.0,62495.19921875
3,121,150.0,4080.0,13385.182564684677,31.842418471792428,54.0,59371.91015625001
3,122,0.0,5460.0,11770.448286051851,32.93501547250656,68.0,61217.9921875
3,123,0.0,5460.0,11160.29356164331,46.01404427517258,122.0,60464.94921875
3,124,0.0,5460.0,11716.360524258518,32.53511068793144,67.0,61509.015625
3,125,270.0,5520.0,12788.213057495319,29.500119019281122,40.0,63693.12109375
4,0,675.0,4080.0,12668.854114429258,64.49535824803618,128.0,55808.63671874999
4,1,0.0,4020.0,10252.598470631674,21.737681504403714,26.0,61158.33203125
4,2,30.0,4020.0,10719.60234517881,24.5263032611283,13.0,58088.37499999999
4,3,0.0,5460.0,10403.738055076476,46.71744822661271,140.0,55754.61328125
4,4,0.0,4080.0,10683.152276283825,25.61890026184242,21.0,59230.30078125
4,5,0.0,4020.0,10376.22378824792,21.5591525827184,22.0,59461.1015625
4,6,0.0,4020.0,10946.570328806687,25.019043084979767,17.0,58656.87890625
4,7,540.0,4140.0,12918.735884012254,44.18590811711497,81.0,56170.15625
4,8,120.0,5460.0,10910.974102600634,30.528445608188527,38.0,55341.54296875
4,9,510.0,5460.0,11754.328068892628,41.75434420376101,75.0,54060.18359375
4,10,0.0,4020.0,9563.529202672831,25.218995477267317,29.0,58089.52734375001
4,11,0.0,4020.0,10217.2290535916,29.582242323256366,37.0,56315.73046875
4,12,240.0,5520.0,12116.652260571467,27.082837419661985,25.0,57596.20703125
4,13,675.0,4020.0,12507.60662185754,64.77743394429898,160.0,55914.42187499999
4,14,0.0,4020.0,10200.13881796692,38.28374196619853,77.0,57633.27734375
4,15,570.0,4020.0,13233.461579668128,62.46369911925732,166.0,55325.7734375
4,16,0.0,5460.0,9749.03340715554,39.754820280885504,117.0,56085.86328124999
4,17,0.0,4080.0,10863.029390222691,25.15829564389431,30.0,58955.90234375
4,18,0.0,4020.0,10349.199677391665,23.944298976434183,44.0,58310.171875
4,19,495.0,5580.0,13671.367401704716,33.54201380623662,36.0,57580.71093749999
4,20,615.0,4020.0,12645.087562478268,60.98190906926922,167.0,56757.41015624999
4,21,0.0,4080.0,10722.88511075612,31.771006903118305,41.0,58303.125
4,22,570.0,4020.0,13251.024557364057,57.8897881456796,153.0,57111.46875
4,23,525.0,4140.0,13103.683397414046,50.90216615091645,116.0,56669.44921875
4,24,0.0,5460.0,10188.385852913914,28.257557724351344,50.0,59712.265625
4,25,0.0,4020.0,10222.728025175977,37.72673173054035,73.0,57710.515625
4,26,0.0,4020.0,10490.250578937783,29.26446084265651,49.0,59093.95312499999
4,27,0.0,4020.0,11024.948737253882,32.574387050702214,47.0,57114.30078124999
4,28,675.0,4020.0,12191.860524797044,44.16448464651273,82.0,56708.703125
4,29,585.0,4140.0,13358.880227412588,40.975958105213046,63.0,56460.9296875
4,30,0.0,4020.0,10233.559324663394,32.40656986431802,57.0,58482.58984374999
4,31,495.0,4140.0,13580.551170049486,63.270649845274924,181.0,57070.87500000001
4,32,570.0,4140.0,13164.408263428071,39.07283980004761,44.0,58066.98828125001
4,33,0.0,4080.0,11916.646486469577,25.011901928112355,22.0,62003.85546874999
4,34,0.0,4020.0,10609.061742036632,32.581528207569626,47.0,59924.06640625
4,35,0.0,4020.0,10881.478923595543,26.140204713163534,40.0,60479.04296875
4,36,120.0,6900.0,11546.245242403773,42.082837419661985,102.0,56711.421875
4,37,630.0,5460.0,12172.192268962859,47.88502737443466,87.0,55011.33984374999
4,38,630.0,4020.0,11966.896920393923,37.82670792668412,31.0,60369.50390625
4,39,150.0,4080.0,12760.45242509813,31.10687931444894,53.0,58295.29296875
4,40,0.0,5460.0,10814.974153299332,26.811473458700306,33.0,62336.29296875
4,41,495.0,5520.0,12148.565981876334,28.293263508688405,28.0,59427.38671875001
4,42,300.0,5520.0,11856.696783610572,26.704356105689122,32.0,60861.12109375
4,43,645.0,5460.0,11902.253304910078,44.55010711735301,92.0,56724.7578125
4,44,0.0,5460.0,10942.330145421562,28.960961675791474,30.0,59962.61328124999
4,45,0.0,4020.0,11004.938797371018,26.72935015472506,39.0,61501.85937499999
4,46,0.0,4020.0,10545.468822042207,26.18662223280171,42.0,59984.70312499999
4,47,0.0,4020.0,10495.7481858791,26.843608664603664,36.0,60977.046875
4,48,0.0,4020.0,10978.07468483588,30.460604617948107,39.0,58806.40625
4,49,330.0,5520.0,12056.722108124752,28.189716734110924,55.0,59230.47656250001
4,50,0.0,4020.0,10584.103354059262,31.628183765770054,41.0,60723.4453125
4,51,0.0,4020.0,11250.74656447257,32.3387288740776,25.0,60934.6875
4,52,0.0,4020.0,10939.033419414056,28.179004998809802,37.0,59666.9765625
4,53,120.0,6900.0,11784.923721811167,36.123542013806244,78.0,57089.33203124999
4,54,630.0,4080.0,12141.008392232961,46.81742442275649,63.0,56958.6640625
4,55,0.0,4020.0,11734.404830615258,28.403951440133298,42.0,58469.55859375001
4,56,570.0,6959.999999999999,14572.017301606298,50.48083789573911,99.0,56649.00390625001
4,57,645.0,4020.0,13619.347897237149,64.00261842418472,146.0,56667.53906250001
4,58,0.0,4020.0,10216.322988925462,33.90978338490836,75.0,59279.984375
4,59,240.0,5580.0,12192.341548343793,31.542489883361107,31.0,59389.38281250001
4,60,630.0,4140.0,12844.398334866994,34.82385146393716,31.0,60483.13671875
4,61,585.0,4140.0,12225.82781895229,36.91621042608903,41.0,56704.69921875
4,62,120.0,4020.0,12757.012866565361,26.16162818376577,36.0,64280.3125
4,63,615.0,5460.0,12149.447978032698,48.23137348250417,99.0,54975.62109375
4,64,0.0,4080.0,11602.25691286418,26.76505593906213,25.0,62859.15234375
4,65,585.0,5580.0,13221.71834137815,47.87431563913354,111.0,54609.01953125
4,66,690.0,4020.0,12292.81656217069,51.23780052368484,123.0,56410.62109375
4,67,510.0,4140.0,13664.10697786151,53.897881456796,128.0,57030.39062500001
4,68,0.0,5460.0,11045.768959724086,46.54606046179481,137.0,58149.0625
4,69,120.0,5460.0,13338.917623130561,35.473696738871695,45.0,61204.88671875
4,70,45.0,4020.0,10432.132316323808,41.59366817424423,116.0,57775.21875000001
4,71,0.0,5520.0,11878.245733003456,29.564389431087832,41.0,64308.9921875
4,72,15.0,5460.0,11039.636836359463,48.06712687455368,151.0,57946.42578125
4,73,0.0,4020.0,10663.060848277619,53.037372054272794,146.0,58161.2265625
4,74,360.0,5580.0,13205.419586149434,29.432278029040702,32.0,64255.67578125
4,75,585.0,5580.0,13602.611420990419,56.722208997857656,150.0,55065.6328125
4,76,135.0,4020.0,12832.085565999103,34.89883361104499,62.0,58657.74218749999
4,77,555.0,6959.999999999999,14331.917297089316,46.78171863841943,96.0,57609.76171875001
4,78,180.0,4080.0,14551.575676593704,31.321114020471313,39.0,61822.01171875
4,79,120.0,4080.0,12593.766798381144,26.72577957629136,36.0,62242.4609375
4,80,0.0,4020.0,10891.877314526395,31.735301118781244,69.0,60133.03515625
4,81,555.0,6959.999999999999,14413.967162049845,41.711497262556534,64.0,57613.36718749999
4,82,0.0,5520.0,11340.87444352996,36.60914068079029,69.0,57818.35546875
4,83,645.0,5580.0,14019.88163091279,59.410854558438466,149.0,54772.65234375
4,84,120.0,4080.0,12258.932296109404,37.77314925017853,82.0,57904.52734375
4,85,0.0,4020.0,11124.994910200807,31.17829088312307,49.0,59211.77343749999
4,86,0.0,5460.0,10650.20464491027,27.882646988812184,46.0,60951.5078125
4,87,0.0,4020.0,11613.276733779036,41.71506784099024,78.0,58441.62109375001
4,88,195.0,6420.0,14856.232901059633,34.370388002856465,37.0,61020.64843749999
4,89,120.0,4080.0,12987.63734862555,30.80695072601761,37.0,61904.9765625
4,90,0.0,4020.0,10878.44859921479,31.028326588907404,57.0,61571.79296875
4,91,0.0,4020.0,11137.207931680303,55.64746488931206,128.0,58175.3125
4,92,315.0,5520.0,12635.43807186158,29.689359676267557,46.0,58649.83203125
4,93,660.0,4020.0,12566.283824336813,46.21399666746013,72.0,59100.91015625
4,94,0.0,4020.0,10286.893983690941,40.836705546298504,88.0,59827.77734375
4,95,0.0,4020.0,10546.882927859006,32.2815996191383,47.0,60110.62109374999
4,96,0.0,5460.0,11029.260194440423,33.731254463223046,56.0,58361.86718750001
4,97,540.0,5580.0,14181.652242662309,48.25636753154011,95.0,57572.30078125
4,98,0.0,4020.0,10527.115787380626,36.37348250416567,82.0,58547.515625
4,99,0.0,4020.0,11059.573039508985,35.7022137586289,51.0,59671.66796875
4,100,615.0,4080.0,14656.383931026343,46.02118543203999,69.0,57855.48828125
4,101,660.0,5580.0,14613.34092558112,71.29731016424662,148.0,55045.12109375
4,102,0.0,4080.0,10868.85942482952,34.88812187574387,62.0,58339.03125
4,103,480.0,5520.0,12194.026314171195,34.20257081647227,45.0,59154.55859374999
4,104,615.0,5460.0,13085.277656280297,71.31873363484884,144.0,55369.0546875
4,105,0.0,4020.0,10419.391358581332,33.220661747203046,88.0,60196.7109375
4,106,0.0,4080.0,11427.795328031592,54.85122589859557,162.0,57897.61328125
4,107,630.0,4020.0,12558.369927950109,44.49654844084742,76.0,58777.9375
4,108,615.0,5520.0,14638.80278867609,51.455605808140916,92.0,57023.65625
4,109,0.0,4080.0,12118.536045697394,61.61390145203522,143.0,58011.14062499999
4,110,555.0,4080.0,12805.683711609043,43.44322780290407,44.0,59715.84375000001
4,111,690.0,4020.0,13689.18064281471,50.9307307783861,68.0,58432.87109374999
4,112,0.0,4020.0,10620.493271954325,40.04403713401571,93.0,58247.3515625
4,113,0.0,4080.0,10908.625575406815,52.30897405379672,108.0,58182.0
4,114,675.0,4080.0,13276.688401201955,39.522732682694595,41.0,60124.046875
4,115,540.0,4140.0,12443.812147960365,40.42608902642228,42.0,61610.23828125
4,116,540.0,4140.0,13361.311342610541,36.81623422994525,43.0,60978.73828125
4,117,615.0,4020.0,13112.655173387218,69.57272078076649,193.0,56847.9765625
4,118,540.0,4020.0,11979.295778183965,52.5874791716258,92.0,57853.328125
4,119,585.0,4140.0,13868.272563731633,61.89240656986432,112.0,56978.61328125
4,120,615.0,4140.0,12806.231461271596,50.25946203284932,119.0,56919.19531250001
4,121,120.0,4020.0,12015.612917393653,28.093311116400855,45.0,61934.3515625
4,122,450.0,4140.0,13327.474931376644,62.93858605094025,177.0,57310.2734375
4,123,615.0,4080.0,12865.827700302267,54.57986193763389,144.0,57704.03515625001
4,124,0.0,4080.0,10783.97866309026,29.910735539157344,41.0,61846.43359375001
4,125,615.0,4140.0,13176.263967609164,50.95929540585575,102.0,57805.8828125
5,0,675.0,4080.0,12668.854114429258,64.49535824803618,128.0,55808.63671874999
5,1,0.0,4020.0,10252.598470631674,21.737681504403714,26.0,61158.33203125
5,2,30.0,4020.0,10719.60234517881,24.5263032611283,13.0,58088.37499999999
5,3,0.0,5460.0,10403.738055076476,46.71744822661271,140.0,55754.61328125
5,4,0.0,4080.0,10683.152276283825,25.61890026184242,21.0,59230.30078125
5,5,0.0,4020.0,10376.22378824792,21.5591525827184,22.0,59461.1015625
5,6,0.0,4020.0,10946.570328806687,25.019043084979767,17.0,58656.87890625
5,7,540.0,4140.0,12918.735884012254,44.18590811711497,81.0,56170.15625
5,8,120.0,5460.0,10910.974102600634,30.528445608188527,38.0,55341.54296875
5,9,0.0,4020.0,9563.529202672831,25.218995477267317,29.0,58089.52734375001
5,10,0.0,4020.0,10217.2290535916,29.582242323256366,37.0,56315.73046875
5,11,240.0,5520.0,12116.652260571467,27.082837419661985,25.0,57596.20703125
5,12,0.0,4020.0,10200.13881796692,38.28374196619853,77.0,57633.27734375
5,13,0.0,5460.0,9749.03340715554,39.754820280885504,117.0,56085.86328124999
5,14,0.0,4080.0,10863.029390222691,25.15829564389431,30.0,58955.90234375
5,15,0.0,4020.0,10349.199677391665,23.944298976434183,44.0,58310.171875
5,16,0.0,4020.0,10673.399284659936,46.59247798143299,134.0,55310.30078125001
5,17,375.0,5520.0,12183.483392756272,28.236134253749107,20.0,57812.61328125
5,18,0.0,4020.0,10541.749555116847,27.493453939538206,32.0,57078.37890625
5,19,0.0,4020.0,10758.996033903208,29.6572244703642,28.0,57896.37890625
5,20,0.0,4020.0,11064.241735765689,26.575815282075695,22.0,57720.98046874999
5,21,0.0,4020.0,9972.890003931887,36.755534396572244,81.0,57063.9140625
5,22,0.0,5460.0,10881.316441845513,37.10545108307546,75.0,53867.47265625
5,23,0.0,4080.0,11379.518854417707,38.83361104498929,96.0,55981.96875
5,24,0.0,4020.0,10894.054596558868,23.005236848369435,12.0,58883.90624999999
5,25,120.0,4020.0,11086.154105881073,35.09521542489883,83.0,56142.80078125
5,26,0.0,4020.0,9736.096730765443,26.004522732682695,43.0,58017.55859375
5,27,15.0,4020.0,10467.55718655658,27.082837419661985,42.0,57668.91015625001
5,28,510.0,5460.0,11754.328068892628,41.75434420376101,75.0,54060.18359375
5,29,570.0,4020.0,13233.461579668128,62.46369911925732,166.0,55325.7734375
5,30,495.0,5580.0,13671.367401704716,33.54201380623662,36.0,57580.71093749999
5,31,0.0,4080.0,10722.88511075612,31.771006903118305,41.0,58303.125
5,32,525.0,4140.0,13103.683397414046,50.90216615091645,116.0,56669.44921875
5,33,0.0,5460.0,10188.385852913914,28.257557724351344,50.0,59712.265625
5,34,0.0,4020.0,10222.728025175977,37.72673173054035,73.0,57710.515625
5,35,0.0,4020.0,10490.250578937783,29.26446084265651,49.0,59093.95312499999
5,36,0.0,4020.0,11024.948737253882,32.574387050702214,47.0,57114.30078124999
5,37,675.0,4020.0,12191.860524797044,44.16448464651273,82.0,56708.703125
5,38,585.0,4140.0,13358.880227412588,40.975958105213046,63.0,56460.9296875
5,39,0.0,4020.0,10233.559324663394,32.40656986431802,57.0,58482.58984374999
5,40,495.0,4140.0,13580.551170049486,63.270649845274924,181.0,57070.87500000001
5,41,570.0,4140.0,13164.408263428071,39.07283980004761,44.0,58066.98828125001
5,42,0.0,4080.0,11916.646486469577,25.011901928112355,22.0,62003.85546874999
5,43,120.0,6900.0,11546.245242403773,42.082837419661985,102.0,56711.421875
5,44,150.0,4080.0,12760.45242509813,31.10687931444894,53.0,58295.29296875
5,45,495.0,5520.0,12148.565981876334,28.293263508688405,28.0,59427.38671875001
5,46,0.0,5460.0,10942.330145421562,28.960961675791474,30.0,59962.61328124999
5,47,0.0,4020.0,10978.07468483588,30.460604617948107,39.0,58806.40625
5,48,0.0,4020.0,11250.74656447257,32.3387288740776,25.0,60934.6875
5,49,120.0,6900.0,11784.923721811167,36.123542013806244,78.0,57089.33203124999
5,50,630.0,4080.0,12141.008392232961,46.81742442275649,63.0,56958.6640625
5,51,0.0,4020.0,10216.322988925462,33.90978338490836,75.0,59279.984375
5,52,585.0,4140.0,12225.82781895229,36.91621042608903,41.0,56704.69921875
5,53,0.0,4080.0,11602.25691286418,26.76505593906213,25.0,62859.15234375
5,54,690.0,4020.0,12292.81656217069,51.23780052368484,123.0,56410.62109375
5,55,510.0,4140.0,13664.10697786151,53.897881456796,128.0,57030.39062500001
5,56,510.0,4020.0,11734.402388513248,53.90859319209712,138.0,55621.453125
5,57,540.0,4140.0,13363.005164806676,50.612949297786244,114.0,56097.2578125
5,58,585.0,4140.0,13329.419930352535,41.67222089978576,64.0,56608.98046875001
5,59,585.0,5460.0,11428.624827695272,51.39847655320162,134.0,55016.796875
5,60,15.0,4020.0,10661.023978870311,26.11878124256129,26.0,61887.05078125
5,61,0.0,5460.0,10301.984793999705,46.9959533444418,149.0,56136.04687500001
5,62,0.0,5460.0,10528.904684954774,26.89359676267555,44.0,59019.25390625
5,63,0.0,5460.0,10725.464592210395,28.054034753630084,43.0,57700.95703125
5,64,645.0,4140.0,13258.578529735252,46.706736491311595,67.0,56564.72265625001
5,65,0.0,4020.0,11392.139097475978,30.03570578433706,37.0,58774.0625
5,66,0.0,4020.0,10888.212222305254,49.94882170911688,103.0,57710.234375
5,67,30.0,4020.0,11681.50826299056,29.36086646036658,23.0,60532.71093749999
5,68,0.0,4020.0,11413.128662864845,27.821947155439176,38.0,58425.890625
5,69,0.0,4080.0,11101.444287143746,29.382289930968817,42.0,59136.9609375
5,70,0.0,4020.0,10241.785027171503,25.697452987383954,31.0,59224.32421875001
5,71,555.0,6959.999999999999,13838.955932614,35.09164484646514,57.0,57765.84765625
5,72,0.0,5460.0,10972.733273803693,41.43299214472744,111.0,57792.2890625
5,73,645.0,5460.0,13099.909046999644,71.8614615567722,200.0,54495.15625
5,74,120.0,4080.0,12671.451441331265,33.23851463937159,42.0,58433.84375000001
5,75,0.0,5520.0,11340.87444352996,36.60914068079029,69.0,57818.35546875
5,76,525.0,6959.999999999999,13531.239658620048,58.07545822423233,109.0,55264.375
5,77,630.0,5460.0,12172.192268962859,47.88502737443466,87.0,55011.33984374999
5,78,0.0,5460.0,11124.99713144825,44.75720066650798,126.0,57569.90234374999
5,79,585.0,4140.0,13178.394282927697,39.654844084741725,46.0,57758.6875
5,80,570.0,6959.999999999999,14572.017301606298,50.48083789573911,99.0,56649.00390625001
5,81,645.0,5460.0,11902.253304910078,44.55010711735301,92.0,56724.7578125
5,82,0.0,4020.0,10663.060848277619,53.037372054272794,146.0,58161.2265625
5,83,0.0,5460.0,10814.974153299332,26.811473458700306,33.0,62336.29296875
5,84,615.0,5520.0,14638.80278867609,51.455605808140916,92.0,57023.65625
5,85,630.0,4020.0,11966.896920393923,37.82670792668412,31.0,60369.50390625
5,86,555.0,6959.999999999999,14331.917297089316,46.78171863841943,96.0,57609.76171875001
5,87,45.0,4020.0,10432.132316323808,41.59366817424423,116.0,57775.21875000001
5,88,615.0,4080.0,14656.383931026343,46.02118543203999,69.0,57855.48828125
5,89,615.0,5460.0,12140.419877664495,47.59223994287075,95.0,55327.87499999999
5,90,0.0,4020.0,10508.564767389613,34.37395858129017,81.0,59220.76171875
5,91,0.0,4020.0,10495.924655905845,34.72744584622709,81.0,60853.5859375
5,92,0.0,4020.0,10786.987236078086,49.663175434420374,148.0,58161.0390625
5,93,585.0,5580.0,12994.89433054706,46.76029516781718,114.0,54962.0703125
5,94,120.0,6900.0,12628.247990292351,47.99571530587955,132.0,56968.44140624999
5,95,555.0,6959.999999999999,14413.967162049845,41.711497262556534,64.0,57613.36718749999
5,96,630.0,4140.0,12844.398334866994,34.82385146393716,31.0,60483.13671875
5,97,615.0,5520.0,13488.953050656568,38.844322780290405,59.0,57633.1484375
5,98,240.0,5580.0,12192.341548343793,31.542489883361107,31.0,59389.38281250001
5,99,690.0,4020.0,13689.18064281471,50.9307307783861,68.0,58432.87109374999
5,100,540.0,5580.0,14181.652242662309,48.25636753154011,95.0,57572.30078125
5,101,0.0,4020.0,10419.391358581332,33.220661747203046,88.0,60196.7109375
5,102,300.0,5520.0,11856.696783610572,26.704356105689122,32.0,60861.12109375
5,103,0.0,5460.0,11029.260194440423,33.731254463223046,56.0,58361.86718750001
5,104,570.0,5520.0,12971.540631671232,44.26446084265651,86.0,57618.1328125
5,105,330.0,5520.0,12056.722108124752,28.189716734110924,55.0,59230.47656250001
5,106,0.0,4020.0,10286.893983690941,40.836705546298504,88.0,59827.77734375
5,107,0.0,4020.0,10599.444808329794,35.780766484170435,76.0,59253.86328125
5,108,540.0,5460.0,12272.745300483188,38.43013568198048,53.0,57993.09765625
5,109,0.0,4020.0,11734.404830615258,28.403951440133298,42.0,58469.55859375001
5,110,615.0,5460.0,12149.447978032698,48.23137348250417,99.0,54975.62109375
5,111,0.0,4080.0,10908.625575406815,52.30897405379672,108.0,58182.0
5,112,585.0,5580.0,13221.71834137815,47.87431563913354,111.0,54609.01953125
5,113,120.0,4020.0,12757.012866565361,26.16162818376577,36.0,64280.3125
5,114,0.0,4020.0,10649.036691712452,33.74553677695787,54.0,59541.14453125
5,115,0.0,4020.0,10881.478923595543,26.140204713163534,40.0,60479.04296875
5,116,120.0,4080.0,12593.766798381144,26.72577957629136,36.0,62242.4609375
5,117,0.0,4080.0,12118.536045697394,61.61390145203522,143.0,58011.14062499999
5,118,0.0,4020.0,10495.7481858791,26.843608664603664,36.0,60977.046875
5,119,0.0,4020.0,11124.994910200807,31.17829088312307,49.0,59211.77343749999
5,120,0.0,4020.0,10584.103354059262,31.628183765770054,41.0,60723.4453125
5,121,0.0,4020.0,11613.276733779036,41.71506784099024,78.0,58441.62109375001
5,122,0.0,4020.0,11045.975566107449,38.301594858367054,95.0,58186.29296875001
5,123,0.0,4020.0,11004.938797371018,26.72935015472506,39.0,61501.85937499999
5,124,0.0,4020.0,10939.033419414056,28.179004998809802,37.0,59666.9765625
5,125,585.0,4020.0,13554.53242725513,68.21947155439183,190.0,55347.1953125
6,0,0.0,4020.0,10252.598470631674,21.737681504403714,26.0,61158.33203125
6,1,30.0,4020.0,10719.60234517881,24.5263032611283,13.0,58088.37499999999
6,2,0.0,5460.0,10403.738055076476,46.71744822661271,140.0,55754.61328125
6,3,0.0,4020.0,10376.22378824792,21.5591525827184,22.0,59461.1015625
6,4,0.0,4020.0,10946.570328806687,25.019043084979767,17.0,58656.87890625
6,5,120.0,5460.0,10910.974102600634,30.528445608188527,38.0,55341.54296875
6,6,0.0,4020.0,9563.529202672831,25.218995477267317,29.0,58089.52734375001
6,7,0.0,4020.0,10217.2290535916,29.582242323256366,37.0,56315.73046875
6,8,0.0,4020.0,10349.199677391665,23.944298976434183,44.0,58310.171875
6,9,0.0,4020.0,10673.399284659936,46.59247798143299,134.0,55310.30078125001
6,10,0.0,4020.0,10541.749555116847,27.493453939538206,32.0,57078.37890625
6,11,0.0,4020.0,11064.241735765689,26.575815282075695,22.0,57720.98046874999
6,12,0.0,4020.0,9972.890003931887,36.755534396572244,81.0,57063.9140625
6,13,0.0,5460.0,10881.316441845513,37.10545108307546,75.0,53867.47265625
6,14,0.0,4020.0,10894.054596558868,23.005236848369435,12.0,58883.90624999999
6,15,0.0,4020.0,9736.096730765443,26.004522732682695,43.0,58017.55859375
6,16,705.0,4080.0,12754.501888014638,64.69531064032373,149.0,53339.08984374999
6,17,585.0,4020.0,13159.062833904889,72.00428469412046,130.0,55393.8828125
6,18,630.0,4080.0,11686.598674264511,46.19257319685789,67.0,53611.62109374999
6,19,0.0,5460.0,9639.244631252142,39.07283980004761,114.0,55895.70703125
6,20,0.0,4020.0,10305.32828235397,30.40347536300881,50.0,56129.67578125001
6,21,120.0,4020.0,12133.730184022632,51.95191621042609,88.0,56055.5078125
6,22,30.0,5460.0,10195.929945490348,36.26993572958819,99.0,56011.8203125
6,23,0.0,5460.0,10224.617256841488,36.19852416091407,77.0,56246.55859375
6,24,165.0,4080.0,13100.465714051381,29.353725303499168,46.0,55683.84375
6,25,585.0,4140.0,12520.075279317738,46.24970245179719,110.0,55769.80078125
6,26,555.0,4140.0,13283.850075852093,57.086407998095694,101.0,55591.76171875001
6,27,0.0,4080.0,11321.40682348005,42.047131635324924,113.0,55267.75390625
6,28,0.0,4020.0,9987.276555916691,37.612473220661755,91.0,55977.72265625
6,29,0.0,4020.0,10733.644075346587,29.36086646036658,26.0,57090.08593749999
6,30,0.0,4020.0,9971.532874175984,24.112116162818374,23.0,59097.30468749999
6,31,0.0,4020.0,9819.048110073287,24.28350392763628,27.0,58640.84765625
6,32,0.0,4020.0,9846.489112702111,25.054748869316832,31.0,57252.04296875
6,33,0.0,4080.0,10364.180747983195,22.305403475363008,17.0,56480.55078125
6,34,675.0,4080.0,12668.854114429258,64.49535824803618,128.0,55808.63671874999
6,35,0.0,4080.0,10683.152276283825,25.61890026184242,21.0,59230.30078125
6,36,540.0,4140.0,12918.735884012254,44.18590811711497,81.0,56170.15625
6,37,240.0,5520.0,12116.652260571467,27.082837419661985,25.0,57596.20703125
6,38,0.0,4020.0,10200.13881796692,38.28374196619853,77.0,57633.27734375
6,39,0.0,5460.0,9749.03340715554,39.754820280885504,117.0,56085.86328124999
6,40,0.0,4080.0,10863.029390222691,25.15829564389431,30.0,58955.90234375
6,41,375.0,5520.0,12183.483392756272,28.236134253749107,20.0,57812.61328125
6,42,0.0,4020.0,10758.996033903208,29.6572244703642,28.0,57896.37890625
6,43,0.0,4080.0,11379.518854417707,38.83361104498929,96.0,55981.96875
6,44,120.0,4020.0,11086.154105881073,35.09521542489883,83.0,56142.80078125
6,45,15.0,4020.0,10467.55718655658,27.082837419661985,42.0,57668.91015625001
6,46,510.0,5460.0,11754.328068892628,41.75434420376101,75.0,54060.18359375
6,47,570.0,4020.0,13233.461579668128,62.46369911925732,166.0,55325.7734375
6,48,495.0,5580.0,13671.367401704716,33.54201380623662,36.0,57580.71093749999
6,49,0.0,4020.0,11024.948737253882,32.574387050702214,47.0,57114.30078124999
6,50,0.0,4080.0,11916.646486469577,25.011901928112355,22.0,62003.85546874999
6,51,0.0,4020.0,11250.74656447257,32.3387288740776,25.0,60934.6875
6,52,630.0,4080.0,12141.008392232961,46.81742442275649,63.0,56958.6640625
6,53,585.0,4140.0,12225.82781895229,36.91621042608903,41.0,56704.69921875
6,54,510.0,4020.0,11734.402388513248,53.90859319209712,138.0,55621.453125
6,55,0.0,5460.0,10528.904684954774,26.89359676267555,44.0,59019.25390625
6,56,0.0,5460.0,10725.464592210395,28.054034753630084,43.0,57700.95703125
6,57,30.0,4020.0,11681.50826299056,29.36086646036658,23.0,60532.71093749999
6,58,0.0,4020.0,11413.128662864845,27.821947155439176,38.0,58425.890625
6,59,0.0,4020.0,10241.785027171503,25.697452987383954,31.0,59224.32421875001
6,60,135.0,5460.0,12214.96553346,36.219947631516305,84.0,55426.25390625001
6,61,0.0,4080.0,10923.770543400147,28.1754344203761,24.0,58145.70703125001
6,62,0.0,5460.0,10281.979041579576,24.70840276124732,33.0,59491.8203125
6,63,0.0,4020.0,10627.235923879362,32.145917638657465,78.0,56512.9375
6,64,0.0,4020.0,10253.407889299571,28.532492263746725,42.0,58948.859375
6,65,120.0,6900.0,11205.943874596574,36.91263984765532,67.0,56389.3984375
6,66,555.0,4080.0,13358.344235604975,43.04689359676267,43.0,56645.12109375
6,67,0.0,4020.0,10148.256824597735,24.41561532968341,26.0,59570.28515625
6,68,555.0,6959.999999999999,13776.561380354866,31.281837657700542,34.0,57568.2578125
6,69,120.0,5460.0,11291.276360755932,38.819328731254465,94.0,54319.01171875
6,70,630.0,4020.0,12422.870917139564,39.59414425136873,55.0,56916.76953125
6,71,0.0,4020.0,10109.963316189973,39.0692692216139,114.0,55979.9296875
6,72,0.0,4020.0,9893.665770217915,30.482028088550344,37.0,57702.94921875
6,73,30.0,4020.0,11187.722780276414,29.97143537253035,21.0,58695.93359375
6,74,0.0,5460.0,9674.101263262946,39.90835515353487,118.0,56178.33984375
6,75,540.0,4140.0,13145.289892964556,39.633420614139496,51.0,55886.52343749999
6,76,480.0,5520.0,13177.384297272587,57.732682694596534,121.0,54027.01171875
6,77,525.0,4140.0,12922.67356536771,37.794572720780764,50.0,57774.69921875
6,78,585.0,5460.0,11428.624827695272,51.39847655320162,134.0,55016.796875
6,79,0.0,5460.0,10834.492471580124,42.83980004760771,112.0,57407.65625
6,80,120.0,4080.0,12627.352930897097,30.16067602951678,45.0,58068.86328125
6,81,645.0,5460.0,13099.909046999644,71.8614615567722,200.0,54495.15625
6,82,120.0,6900.0,11784.923721811167,36.123542013806244,78.0,57089.33203124999
6,83,615.0,4080.0,14656.383931026343,46.02118543203999,69.0,57855.48828125
6,84,570.0,5460.0,11958.146095268927,57.78267079266842,153.0,55232.9453125
6,85,0.0,5460.0,10301.984793999705,46.9959533444418,149.0,56136.04687500001
6,86,555.0,6959.999999999999,13838.955932614,35.09164484646514,57.0,57765.84765625
6,87,615.0,5460.0,12140.419877664495,47.59223994287075,95.0,55327.87499999999
6,88,690.0,4020.0,13689.18064281471,50.9307307783861,68.0,58432.87109374999
6,89,570.0,6959.999999999999,14583.02574283705,50.37372054272792,99.0,56946.11328125
6,90,0.0,4020.0,11734.404830615258,28.403951440133298,42.0,58469.55859375001
6,91,495.0,5520.0,12148.565981876334,28.293263508688405,28.0,59427.38671875001
6,92,0.0,4020.0,10356.852848264338,35.12735063080219,74.0,58216.18750000001
6,93,585.0,4140.0,13178.394282927697,39.654844084741725,46.0,57758.6875
6,94,420.0,5520.0,11965.136167297707,44.06450845036896,126.0,56098.4609375
6,95,0.0,5460.0,10188.385852913914,28.257557724351344,50.0,59712.265625
6,96,525.0,6959.999999999999,13531.239658620048,58.07545822423233,109.0,55264.375
6,97,0.0,5520.0,11340.87444352996,36.60914068079029,69.0,57818.35546875
6,98,0.0,5460.0,10492.171933847396,28.668174244227565,34.0,59785.13671875
6,99,120.0,6900.0,11546.245242403773,42.082837419661985,102.0,56711.421875
6,100,570.0,4140.0,13164.408263428071,39.07283980004761,44.0,58066.98828125001
6,101,585.0,5580.0,13221.71834137815,47.87431563913354,111.0,54609.01953125
6,102,525.0,4080.0,13067.10105729301,46.2532730302309,73.0,57570.34375
6,103,0.0,4020.0,10233.559324663394,32.40656986431802,57.0,58482.58984374999
6,104,0.0,4020.0,10354.01524819938,48.73839562009046,120.0,57366.796875
6,105,330.0,5520.0,12056.722108124752,28.189716734110924,55.0,59230.47656250001
6,106,0.0,4020.0,10216.322988925462,33.90978338490836,75.0,59279.984375
6,107,240.0,5580.0,12192.341548343793,31.542489883361107,31.0,59389.38281250001
6,108,585.0,4140.0,13329.419930352535,41.67222089978576,64.0,56608.98046875001
6,109,570.0,6959.999999999999,14572.017301606298,50.48083789573911,99.0,56649.00390625001
6,110,600.0,4140.0,12990.238974242617,43.43608664603666,68.0,56962.99218749999
6,111,0.0,5460.0,10814.974153299332,26.811473458700306,33.0,62336.29296875
6,112,495.0,5520.0,11975.854089151479,43.60747441085456,128.0,55835.63671875
6,113,375.0,5520.0,12166.39144021496,27.16139014520352,41.0,58981.93359375
6,114,0.0,5460.0,10942.330145421562,28.960961675791474,30.0,59962.61328124999
6,115,645.0,4140.0,13258.578529735252,46.706736491311595,67.0,56564.72265625001
6,116,330.0,5520.0,12731.90639216164,29.807188764579863,41.0,59036.07421875001
6,117,585.0,4140.0,13358.880227412588,40.975958105213046,63.0,56460.9296875
6,118,0.0,4020.0,10222.728025175977,37.72673173054035,73.0,57710.515625
6,119,585.0,5580.0,12994.89433054706,46.76029516781718,114.0,54962.0703125
6,120,555.0,6959.999999999999,14413.967162049845,41.711497262556534,64.0,57613.36718749999
6,121,570.0,5520.0,13363.907728267892,30.66769816710307,36.0,59313.15234375
6,122,0.0,4080.0,10722.88511075612,31.771006903118305,41.0,58303.125
6,123,630.0,5460.0,12172.192268962859,47.88502737443466,87.0,55011.33984374999
6,124,0.0,4020.0,10891.704199829397,38.06593668174244,90.0,57483.44921875
6,125,0.0,4020.0,11392.139097475978,30.03570578433706,37.0,58774.0625
7,0,0.0,4020.0,10252.598470631674,21.737681504403714,26.0,61158.33203125
7,1,30.0,4020.0,10719.60234517881,24.5263032611283,13.0,58088.37499999999
7,2,0.0,4020.0,10376.22378824792,21.5591525827184,22.0,59461.1015625
7,3,0.0,4020.0,10946.570328806687,25.019043084979767,17.0,58656.87890625
7,4,120.0,5460.0,10910.974102600634,30.528445608188527,38.0,55341.54296875
7,5,0.0,4020.0,9563.529202672831,25.218995477267317,29.0,58089.52734375001
7,6,0.0,4020.0,10217.2290535916,29.582242323256366,37.0,56315.73046875
7,7,0.0,4020.0,10673.399284659936,46.59247798143299,134.0,55310.30078125001
7,8,0.0,4020.0,10541.749555116847,27.493453939538206,32.0,57078.37890625
7,9,0.0,4020.0,11064.241735765689,26.575815282075695,22.0,57720.98046874999
7,10,0.0,4020.0,9972.890003931887,36.755534396572244,81.0,57063.9140625
7,11,0.0,5460.0,10881.316441845513,37.10545108307546,75.0,53867.47265625
7,12,0.0,4020.0,10894.054596558868,23.005236848369435,12.0,58883.90624999999
7,13,0.0,4020.0,9736.096730765443,26.004522732682695,43.0,58017.55859375
7,14,630.0,4080.0,11686.598674264511,46.19257319685789,67.0,53611.62109374999
7,15,0.0,4020.0,10305.32828235397,30.40347536300881,50.0,56129.67578125001
7,16,30.0,5460.0,10195.929945490348,36.26993572958819,99.0,56011.8203125
7,17,0.0,5460.0,10224.617256841488,36.19852416091407,77.0,56246.55859375
7,18,165.0,4080.0,13100.465714051381,29.353725303499168,46.0,55683.84375
7,19,0.0,4080.0,11321.40682348005,42.047131635324924,113.0,55267.75390625
7,20,0.0,4020.0,9987.276555916691,37.612473220661755,91.0,55977.72265625
7,21,0.0,4020.0,10733.644075346587,29.36086646036658,26.0,57090.08593749999
7,22,0.0,4020.0,9971.532874175984,24.112116162818374,23.0,59097.30468749999
7,23,0.0,4020.0,9819.048110073287,24.28350392763628,27.0,58640.84765625
7,24,0.0,4020.0,9846.489112702111,25.054748869316832,31.0,57252.04296875
7,25,0.0,4080.0,10364.180747983195,22.305403475363008,17.0,56480.55078125
7,26,60.0,4080.0,10217.471382353153,45.87479171625803,121.0,53278.72656249999
7,27,0.0,4020.0,10061.47029421281,37.48036181861462,96.0,56143.03515625
7,28,0.0,4020.0,10578.749317514128,31.092597000714115,26.0,56576.5390625
7,29,0.0,4020.0,10580.996004944609,47.12806474648893,141.0,55308.16406250001
7,30,0.0,4020.0,10575.011117408056,23.201618662223282,30.0,59380.609375
7,31,510.0,5460.0,11845.761826518017,42.98262318495596,73.0,54037.28125000001
7,32,0.0,4020.0,9669.270375450324,28.646750773625328,40.0,57740.0859375
7,33,630.0,4020.0,12286.043479738652,43.1718638419424,72.0,55754.93359375
7,34,0.0,4020.0,9834.703822379994,23.0409426327065,41.0,57436.3046875
7,35,615.0,4020.0,11644.141605871311,47.64222804094263,78.0,55245.625
7,36,0.0,4020.0,11417.625848484717,39.67983813377767,96.0,55200.21875000001
7,37,0.0,4020.0,11042.005264817715,25.536776957867175,25.0,58518.87109375
7,38,0.0,4020.0,8830.414063652763,35.105927160199954,101.0,55451.015625
7,39,0.0,4020.0,10999.438842149855,39.154963104022855,71.0,55864.50390625
7,40,120.0,4080.0,11481.663668559871,32.18519400142823,46.0,55733.1015625
7,41,660.0,4080.0,12384.355483344338,45.931920971197336,76.0,54888.25390625
7,42,15.0,4020.0,10265.36825544152,44.06093787193525,79.0,55289.890625
7,43,0.0,4020.0,10349.199677391665,23.944298976434183,44.0,58310.171875
7,44,705.0,4080.0,12754.501888014638,64.69531064032373,149.0,53339.08984374999
7,45,585.0,4020.0,13159.062833904889,72.00428469412046,130.0,55393.8828125
7,46,0.0,5460.0,9639.244631252142,39.07283980004761,114.0,55895.70703125
7,47,120.0,4020.0,12133.730184022632,51.95191621042609,88.0,56055.5078125
7,48,555.0,4140.0,13283.850075852093,57.086407998095694,101.0,55591.76171875001
7,49,0.0,4080.0,10683.152276283825,25.61890026184242,21.0,59230.30078125
7,50,540.0,4140.0,12918.735884012254,44.18590811711497,81.0,56170.15625
7,51,240.0,5520.0,12116.652260571467,27.082837419661985,25.0,57596.20703125
7,52,0.0,4080.0,10863.029390222691,25.15829564389431,30.0,58955.90234375
7,53,375.0,5520.0,12183.483392756272,28.236134253749107,20.0,57812.61328125
7,54,0.0,4020.0,10758.996033903208,29.6572244703642,28.0,57896.37890625
7,55,0.0,4080.0,11379.518854417707,38.83361104498929,96.0,55981.96875
7,56,120.0,4020.0,11086.154105881073,35.09521542489883,83.0,56142.80078125
7,57,510.0,5460.0,11754.328068892628,41.75434420376101,75.0,54060.18359375
7,58,570.0,4020.0,13233.461579668128,62.46369911925732,166.0,55325.7734375
7,59,0.0,4020.0,11024.948737253882,32.574387050702214,47.0,57114.30078124999
7,60,0.0,4080.0,11916.646486469577,25.011901928112355,22.0,62003.85546874999
7,61,0.0,4020.0,11250.74656447257,32.3387288740776,25.0,60934.6875
7,62,585.0,4140.0,12225.82781895229,36.91621042608903,41.0,56704.69921875
7,63,30.0,4020.0,11681.50826299056,29.36086646036658,23.0,60532.71093749999
7,64,0.0,4020.0,10241.785027171503,25.697452987383954,31.0,59224.32421875001
7,65,135.0,5460.0,12214.96553346,36.219947631516305,84.0,55426.25390625001
7,66,0.0,4080.0,10923.770543400147,28.1754344203761,24.0,58145.70703125001
7,67,0.0,5460.0,10281.979041579576,24.70840276124732,33.0,59491.8203125
7,68,0.0,4020.0,10627.235923879362,32.145917638657465,78.0,56512.9375
7,69,120.0,6900.0,11205.943874596574,36.91263984765532,67.0,56389.3984375
7,70,555.0,4080.0,13358.344235604975,43.04689359676267,43.0,56645.12109375
7,71,0.0,4020.0,10148.256824597735,24.41561532968341,26.0,59570.28515625
7,72,120.0,5460.0,11291.276360755932,38.819328731254465,94.0,54319.01171875
7,73,0.0,4020.0,10109.963316189973,39.0692692216139,114.0,55979.9296875
7,74,0.0,4020.0,9893.665770217915,30.482028088550344,37.0,57702.94921875
7,75,30.0,4020.0,11187.722780276414,29.97143537253035,21.0,58695.93359375
7,76,540.0,4140.0,13145.289892964556,39.633420614139496,51.0,55886.52343749999
7,77,480.0,5520.0,13177.384297272587,57.732682694596534,121.0,54027.01171875
7,78,0.0,4080.0,10618.753093852556,28.21114020471316,31.0,57835.2109375
7,79,0.0,4080.0,10904.564112708646,25.079742918352775,29.0,57528.3671875
7,80,120.0,6900.0,11559.584138844453,30.09640561771007,36.0,57031.06640625
7,81,0.0,4020.0,11510.165488663573,30.63913353963342,52.0,56707.33203124999
7,82,525.0,4140.0,12378.450003759623,32.106641275886695,29.0,57351.62109375
7,83,0.0,5460.0,10400.20323598331,33.27064984527493,72.0,56861.40234374999
7,84,0.0,4020.0,10029.669455746658,41.272316115210664,120.0,55738.05078125
7,85,630.0,4080.0,11722.023955319703,48.117114972625565,80.0,55143.203125
7,86,120.0,4020.0,11095.663646614656,25.665317781480596,31.0,57544.19140624999
7,87,405.0,5520.0,11962.565574459,32.69578671744823,54.0,55895.40234375001
7,88,0.0,4020.0,10297.551568534996,36.73768150440371,93.0,56435.14453124999
7,89,120.0,4020.0,11230.014866362751,39.629850035705786,96.0,55983.84765625
7,90,585.0,4020.0,13293.3117750077,46.878124256129496,86.0,55884.66015625
7,91,540.0,4140.0,12889.257404049116,39.85122589859557,58.0,56231.10937499999
7,92,630.0,5460.0,12280.872136952254,39.81552011425851,65.0,55701.34374999999
7,93,0.0,4020.0,10838.70818880741,23.030230897405378,29.0,63096.10546875
7,94,0.0,4020.0,10207.813647071256,39.894072839800046,104.0,55474.6796875
7,95,645.0,4020.0,12608.681886056907,47.513687217329206,74.0,56453.2109375
7,96,15.0,4020.0,10315.65915706235,37.70887883837182,92.0,57070.59765625
7,97,0.0,5460.0,10444.024754167654,25.543918114734588,36.0,58670.90625000001
7,98,0.0,5460.0,10650.268840364755,33.927636277076886,46.0,56392.40234375
7,99,0.0,5460.0,10423.83698675617,28.10759343013568,34.0,59008.921875
7,100,0.0,4020.0,9967.902743335952,25.2082837419662,37.0,57307.85937499999
7,101,630.0,4140.0,13920.442145090954,74.18590811711498,170.0,54895.5859375
7,102,570.0,5580.0,12978.814108593862,36.88407522018567,56.0,55556.4140625
7,103,585.0,5460.0,11428.624827695272,51.39847655320162,134.0,55016.796875
7,104,0.0,5460.0,10252.383866867254,37.51249702451797,93.0,57645.83984375
7,105,555.0,6959.999999999999,13776.561380354866,31.281837657700542,34.0,57568.2578125
7,106,0.0,5460.0,10814.974153299332,26.811473458700306,33.0,62336.29296875
7,107,0.0,4020.0,11108.0654370624,49.45608188526541,164.0,55482.59375
7,108,0.0,5460.0,10188.385852913914,28.257557724351344,50.0,59712.265625
7,109,0.0,4020.0,10354.01524819938,48.73839562009046,120.0,57366.796875
7,110,555.0,6959.999999999999,13779.788657299541,35.12020947393478,57.0,57300.6484375
7,111,495.0,5580.0,13671.367401704716,33.54201380623662,36.0,57580.71093749999
7,112,570.0,5460.0,11958.146095268927,57.78267079266842,153.0,55232.9453125
7,113,0.0,4080.0,11734.86452118574,29.09307307783861,42.0,57448.7734375
7,114,0.0,5460.0,10834.492471580124,42.83980004760771,112.0,57407.65625
7,115,495.0,5520.0,11975.854089151479,43.60747441085456,128.0,55835.63671875
7,116,0.0,5460.0,9749.03340715554,39.754820280885504,117.0,56085.86328124999
7,117,375.0,5520.0,12166.39144021496,27.16139014520352,41.0,58981.93359375
7,118,435.0,5520.0,12950.58058602053,29.475124970245176,22.0,59591.46875
7,119,120.0,6900.0,11546.245242403773,42.082837419661985,102.0,56711.421875
7,120,0.0,5460.0,9674.101263262946,39.90835515353487,118.0,56178.33984375
7,121,540.0,6959.999999999999,13925.697533045888,48.37776719828612,90.0,56256.86328125
7,122,120.0,5460.0,11716.449703114715,29.114496548440847,26.0,58784.19921875001
7,123,630.0,4020.0,12422.870917139564,39.59414425136873,55.0,56916.76953125
7,124,120.0,6900.0,11784.923721811167,36.123542013806244,78.0,57089.33203124999
7,125,0.0,5460.0,10403.738055076476,46.71744822661271,140.0,55754.61328125
8,0,0.0,4020.0,10252.598470631674,21.737681504403714,26.0,61158.33203125
8,1,30.0,4020.0,10719.60234517881,24.5263032611283,13.0,58088.37499999999
8,2,0.0,4020.0,10376.22378824792,21.5591525827184,22.0,59461.1015625
8,3,120.0,5460.0,10910.974102600634,30.528445608188527,38.0,55341.54296875
8,4,0.0,4020.0,9563.529202672831,25.218995477267317,29.0,58089.52734375001
8,5,0.0,5460.0,10881.316441845513,37.10545108307546,75.0,53867.47265625
8,6,0.0,4020.0,10894.054596558868,23.005236848369435,12.0,58883.90624999999
8,7,630.0,4080.0,11686.598674264511,46.19257319685789,67.0,53611.62109374999
8,8,165.0,4080.0,13100.465714051381,29.353725303499168,46.0,55683.84375
8,9,0.0,4020.0,9971.532874175984,24.112116162818374,23.0,59097.30468749999
8,10,0.0,4020.0,9819.048110073287,24.28350392763628,27.0,58640.84765625
8,11,0.0,4020.0,9846.489112702111,25.054748869316832,31.0,57252.04296875
8,12,0.0,4080.0,10364.180747983195,22.305403475363008,17.0,56480.55078125
8,13,60.0,4080.0,10217.471382353153,45.87479171625803,121.0,53278.72656249999
8,14,0.0,4020.0,10575.011117408056,23.201618662223282,30.0,59380.609375
8,15,510.0,5460.0,11845.761826518017,42.98262318495596,73.0,54037.28125000001
8,16,0.0,4020.0,8830.414063652763,35.105927160199954,101.0,55451.015625
8,17,120.0,4080.0,11481.663668559871,32.18519400142823,46.0,55733.1015625
8,18,570.0,4020.0,13716.427674494018,64.54177576767437,173.0,54712.79296875
8,19,0.0,4080.0,9676.086338481993,37.366103308736015,79.0,54964.39453125
8,20,525.0,5460.0,12048.045293851388,40.22256605570102,62.0,54281.859375
8,21,0.0,4020.0,9053.881124838092,22.38038562247084,33.0,56748.40234375
8,22,540.0,4080.0,11114.66598144902,31.71744822661271,34.0,55984.50781250001
8,23,540.0,4140.0,11651.199781288564,41.83289692930255,62.0,53351.125
8,24,0.0,4020.0,10069.511253386074,26.48298024279933,24.0,56065.97265624999
8,25,120.0,4020.0,12264.481551338427,31.913830040466557,40.0,55612.23046875
8,26,0.0,4020.0,10577.581108747978,24.190668888359916,16.0,57708.078125
8,27,0.0,4020.0,10096.787112497332,28.48250416567484,41.0,56038.38671875
8,28,720.0,4020.0,13293.969176570132,64.45251130683172,159.0,54052.125
8,29,180.0,4080.0,13327.58422444655,22.280409426327065,18.0,57152.25390625001
8,30,0.0,5460.0,9661.147846493837,29.86788859795287,47.0,56718.92187500001
8,31,15.0,4020.0,10267.740273620846,45.292787431563916,86.0,54726.80078125
8,32,645.0,4020.0,11511.76699574323,45.39276362770769,76.0,54862.5078125
8,33,615.0,4080.0,12657.23296928123,54.319209711973336,104.0,54352.1328125
8,34,0.0,4020.0,9510.093803131549,30.13568198048084,48.0,55020.75390624999
8,35,0.0,4020.0,10946.570328806687,25.019043084979767,17.0,58656.87890625
8,36,0.0,4020.0,10217.2290535916,29.582242323256366,37.0,56315.73046875
8,37,0.0,4020.0,10541.749555116847,27.493453939538206,32.0,57078.37890625
8,38,0.0,4020.0,11064.241735765689,26.575815282075695,22.0,57720.98046874999
8,39,0.0,4020.0,9972.890003931887,36.755534396572244,81.0,57063.9140625
8,40,0.0,4020.0,9736.096730765443,26.004522732682695,43.0,58017.55859375
8,41,0.0,4020.0,10305.32828235397,30.40347536300881,50.0,56129.67578125001
8,42,30.0,5460.0,10195.929945490348,36.26993572958819,99.0,56011.8203125
8,43,0.0,5460.0,10224.617256841488,36.19852416091407,77.0,56246.55859375
8,44,0.0,4080.0,11321.40682348005,42.047131635324924,113.0,55267.75390625
8,45,0.0,4020.0,9987.276555916691,37.612473220661755,91.0,55977.72265625
8,46,0.0,4020.0,10733.644075346587,29.36086646036658,26.0,57090.08593749999
8,47,0.0,4020.0,10061.47029421281,37.48036181861462,96.0,56143.03515625
8,48,0.0,4020.0,10578.749317514128,31.092597000714115,26.0,56576.5390625
8,49,0.0,4020.0,10580.996004944609,47.12806474648893,141.0,55308.16406250001
8,50,0.0,4020.0,9669.270375450324,28.646750773625328,40.0,57740.0859375
8,51,630.0,4020.0,12286.043479738652,43.1718638419424,72.0,55754.93359375
8,52,0.0,4020.0,9834.703822379994,23.0409426327065,41.0,57436.3046875
8,53,615.0,4020.0,11644.141605871311,47.64222804094263,78.0,55245.625
8,54,0.0,4020.0,11417.625848484717,39.67983813377767,96.0,55200.21875000001
8,55,0.0,4020.0,11042.005264817715,25.536776957867175,25.0,58518.87109375
8,56,0.0,4020.0,10999.438842149855,39.154963104022855,71.0,55864.50390625
8,57,660.0,4080.0,12384.355483344338,45.931920971197336,76.0,54888.25390625
8,58,15.0,4020.0,10265.36825544152,44.06093787193525,79.0,55289.890625
8,59,705.0,4080.0,12754.501888014638,64.69531064032373,149.0,53339.08984374999
8,60,0.0,5460.0,9639.244631252142,39.07283980004761,114.0,55895.70703125
8,61,0.0,4080.0,10683.152276283825,25.61890026184242,21.0,59230.30078125
8,62,240.0,5520.0,12116.652260571467,27.082837419661985,25.0,57596.20703125
8,63,0.0,4080.0,10863.029390222691,25.15829564389431,30.0,58955.90234375
8,64,375.0,5520.0,12183.483392756272,28.236134253749107,20.0,57812.61328125
8,65,510.0,5460.0,11754.328068892628,41.75434420376101,75.0,54060.18359375
8,66,0.0,4080.0,11916.646486469577,25.011901928112355,22.0,62003.85546874999
8,67,0.0,4020.0,10241.785027171503,25.697452987383954,31.0,59224.32421875001
8,68,135.0,5460.0,12214.96553346,36.219947631516305,84.0,55426.25390625001
8,69,0.0,4080.0,10923.770543400147,28.1754344203761,24.0,58145.70703125001
8,70,0.0,5460.0,10281.979041579576,24.70840276124732,33.0,59491.8203125
8,71,0.0,4020.0,10148.256824597735,24.41561532968341,26.0,59570.28515625
8,72,120.0,5460.0,11291.276360755932,38.819328731254465,94.0,54319.01171875
8,73,0.0,4020.0,9893.665770217915,30.482028088550344,37.0,57702.94921875
8,74,480.0,5520.0,13177.384297272587,57.732682694596534,121.0,54027.01171875
8,75,0.0,4080.0,10618.753093852556,28.21114020471316,31.0,57835.2109375
8,76,0.0,4080.0,10904.564112708646,25.079742918352775,29.0,57528.3671875
8,77,120.0,6900.0,11559.584138844453,30.09640561771007,36.0,57031.06640625
8,78,0.0,4020.0,10029.669455746658,41.272316115210664,120.0,55738.05078125
8,79,630.0,4080.0,11722.023955319703,48.117114972625565,80.0,55143.203125
8,80,120.0,4020.0,11095.663646614656,25.665317781480596,31.0,57544.19140624999
8,81,405.0,5520.0,11962.565574459,32.69578671744823,54.0,55895.40234375001
8,82,0.0,4020.0,10838.70818880741,23.030230897405378,29.0,63096.10546875
8,83,0.0,4020.0,10207.813647071256,39.894072839800046,104.0,55474.6796875
8,84,0.0,5460.0,10444.024754167654,25.543918114734588,36.0,58670.90625000001
8,85,0.0,5460.0,10423.83698675617,28.10759343013568,34.0,59008.921875
8,86,0.0,4020.0,9967.902743335952,25.2082837419662,37.0,57307.85937499999
8,87,570.0,5580.0,12978.814108593862,36.88407522018567,56.0,55556.4140625
8,88,0.0,4020.0,10290.445677680149,26.747203046893596,48.0,56862.3203125
8,89,645.0,4080.0,12691.572899212493,49.89169245417758,77.0,54100.22656250001
8,90,0.0,4020.0,9717.695491524253,37.60890264222804,107.0,56621.109375
8,91,0.0,5460.0,9920.915168553143,36.937633896691274,102.0,56653.12890625
8,92,0.0,4020.0,10622.07627398695,44.00737919542966,107.0,55199.1796875
8,93,690.0,4140.0,12928.767220107879,61.553201618662214,159.0,53332.046875
8,94,555.0,4140.0,13034.177280715812,59.42513687217329,108.0,54706.640625
8,95,0.0,4020.0,9695.463176700872,41.52582718400381,113.0,55950.2578125
8,96,165.0,4080.0,13100.92367583065,29.353725303499168,46.0,55694.57421875
8,97,0.0,5460.0,9676.019250889542,27.97548202808855,40.0,57756.3984375
8,98,660.0,4080.0,12393.428812784088,46.33896691263985,78.0,54880.76953125
8,99,120.0,4080.0,12452.683203704451,50.1916210426089,91.0,55081.76171875
8,100,540.0,5520.0,12864.22118278614,63.12782670792669,138.0,53676.70703125
8,101,120.0,4020.0,11381.035218794797,35.37729112116163,82.0,56017.08984375
8,102,0.0,4020.0,11061.941219258511,22.330397524398954,35.0,61507.59765625
8,103,0.0,4020.0,9214.376138167427,27.94334682218519,62.0,57425.12890625
8,104,540.0,4140.0,11128.840843191447,36.30207093549155,64.0,55272.47265625
8,105,585.0,4140.0,13466.780467369506,49.34539395382052,98.0,54611.40234375
8,106,120.0,6900.0,11528.739983260508,38.101642466079504,89.0,55759.39453125
8,107,120.0,4020.0,12022.025508645074,41.204475124970244,92.0,55134.40234375
8,108,630.0,5460.0,11910.245494741303,35.53796715067841,41.0,55766.65234375
8,109,0.0,4020.0,11510.165488663573,30.63913353963342,52.0,56707.33203124999
8,110,540.0,4140.0,13145.289892964556,39.633420614139496,51.0,55886.52343749999
8,111,540.0,4080.0,13022.747377157313,40.65103546774578,34.0,57120.27734375
8,112,585.0,5460.0,11428.624827695272,51.39847655320162,134.0,55016.796875
8,113,510.0,5580.0,12747.841482198517,41.65793858605094,95.0,55148.92578125001
8,114,0.0,4020.0,9925.45495932567,35.73434896453225,96.0,58704.02734375
8,115,0.0,5460.0,10188.385852913914,28.257557724351344,50.0,59712.265625
8,116,0.0,5460.0,10403.738055076476,46.71744822661271,140.0,55754.61328125
8,117,420.0,5520.0,12874.416266116314,29.135920019043084,22.0,59590.34375
8,118,570.0,5460.0,11958.146095268927,57.78267079266842,153.0,55232.9453125
8,119,525.0,4140.0,12378.450003759623,32.106641275886695,29.0,57351.62109375
8,120,465.0,5520.0,11882.522805152388,43.72530349916686,128.0,55536.51171875
8,121,510.0,5520.0,12034.433272376977,26.400856938824084,18.0,58971.921875
8,122,540.0,4140.0,12889.257404049116,39.85122589859557,58.0,56231.10937499999
8,123,120.0,6900.0,11205.943874596574,36.91263984765532,67.0,56389.3984375
8,124,120.0,4020.0,13413.042591786652,43.55748631278267,106.0,55601.953125
8,125,0.0,5460.0,9749.03340715554,39.754820280885504,117.0,56085.86328124999
9,0,0.0,4020.0,10252.598470631674,21.737681504403714,26.0,61158.33203125
9,1,30.0,4020.0,10719.60234517881,24.5263032611283,13.0,58088.37499999999
9,2,0.0,4020.0,10376.22378824792,21.5591525827184,22.0,59461.1015625
9,3,120.0,5460.0,10910.974102600634,30.528445608188527,38.0,55341.54296875
9,4,0.0,4020.0,9563.529202672831,25.218995477267317,29.0,58089.52734375001
9,5,0.0,5460.0,10881.316441845513,37.10545108307546,75.0,53867.47265625
9,6,0.0,4020.0,10894.054596558868,23.005236848369435,12.0,58883.90624999999
9,7,630.0,4080.0,11686.598674264511,46.19257319685789,67.0,53611.62109374999
9,8,165.0,4080.0,13100.465714051381,29.353725303499168,46.0,55683.84375
9,9,0.0,4020.0,9971.532874175984,24.112116162818374,23.0,59097.30468749999
9,10,0.0,4020.0,9819.048110073287,24.28350392763628,27.0,58640.84765625
9,11,0.0,4020.0,9846.489112702111,25.054748869316832,31.0,57252.04296875
9,12,0.0,4080.0,10364.180747983195,22.305403475363008,17.0,56480.55078125
9,13,60.0,4080.0,10217.471382353153,45.87479171625803,121.0,53278.72656249999
9,14,0.0,4020.0,10575.011117408056,23.201618662223282,30.0,59380.609375
9,15,510.0,5460.0,11845.761826518017,42.98262318495596,73.0,54037.28125000001
9,16,0.0,4020.0,8830.414063652763,35.105927160199954,101.0,55451.015625
9,17,0.0,4080.0,9676.086338481993,37.366103308736015,79.0,54964.39453125
9,18,0.0,4020.0,9053.881124838092,22.38038562247084,33.0,56748.40234375
9,19,540.0,4080.0,11114.66598144902,31.71744822661271,34.0,55984.50781250001
9,20,540.0,4140.0,11651.199781288564,41.83289692930255,62.0,53351.125
9,21,0.0,4020.0,10069.511253386074,26.48298024279933,24.0,56065.97265624999
9,22,120.0,4020.0,12264.481551338427,31.913830040466557,40.0,55612.23046875
9,23,0.0,4020.0,10577.581108747978,24.190668888359916,16.0,57708.078125
9,24,0.0,4020.0,10096.787112497332,28.48250416567484,41.0,56038.38671875
9,25,720.0,4020.0,13293.969176570132,64.45251130683172,159.0,54052.125
9,26,180.0,4080.0,13327.58422444655,22.280409426327065,18.0,57152.25390625001
9,27,0.0,5460.0,9661.147846493837,29.86788859795287,47.0,56718.92187500001
9,28,0.0,4020.0,9510.093803131549,30.13568198048084,48.0,55020.75390624999
9,29,690.0,5460.0,12502.52674529257,35.77005474886933,31.0,54980.26953124999
9,30,0.0,4080.0,10252.952169438187,44.039514401333015,102.0,54021.56640625
9,31,0.0,4020.0,9992.000240812751,30.764103784813138,42.0,54723.72656249999
9,32,0.0,4020.0,10297.219881140474,29.003808616995954,37.0,56019.203125
9,33,120.0,5460.0,12810.941542948538,30.646274696500832,48.0,54521.19921875
9,34,0.0,4020.0,10642.129319569205,29.957153058795527,62.0,54250.6484375
9,35,0.0,4020.0,9879.822551949379,29.178766960247557,48.0,54812.39843750001
9,36,690.0,4080.0,12653.808522286767,43.62532730302309,74.0,52818.36718749999
9,37,120.0,4080.0,11481.663668559871,32.18519400142823,46.0,55733.1015625
9,38,525.0,5460.0,12048.045293851388,40.22256605570102,62.0,54281.859375
9,39,15.0,4020.0,10267.740273620846,45.292787431563916,86.0,54726.80078125
9,40,645.0,4020.0,11511.76699574323,45.39276362770769,76.0,54862.5078125
9,41,615.0,4080.0,12657.23296928123,54.319209711973336,104.0,54352.1328125
9,42,0.0,4020.0,10946.570328806687,25.019043084979767,17.0,58656.87890625
9,43,0.0,4020.0,10217.2290535916,29.582242323256366,37.0,56315.73046875
9,44,0.0,4020.0,10541.749555116847,27.493453939538206,32.0,57078.37890625
9,45,0.0,4020.0,11064.241735765689,26.575815282075695,22.0,57720.98046874999
9,46,0.0,4020.0,9972.890003931887,36.755534396572244,81.0,57063.9140625
9,47,0.0,4020.0,9736.096730765443,26.004522732682695,43.0,58017.55859375
9,48,0.0,4020.0,10305.32828235397,30.40347536300881,50.0,56129.67578125001
9,49,30.0,5460.0,10195.929945490348,36.26993572958819,99.0,56011.8203125
9,50,0.0,5460.0,10224.617256841488,36.19852416091407,77.0,56246.55859375
9,51,0.0,4020.0,9987.276555916691,37.612473220661755,91.0,55977.72265625
9,52,0.0,4020.0,10733.644075346587,29.36086646036658,26.0,57090.08593749999
9,53,0.0,4020.0,10061.47029421281,37.48036181861462,96.0,56143.03515625
9,54,0.0,4020.0,10578.749317514128,31.092597000714115,26.0,56576.5390625
9,55,0.0,4020.0,9669.270375450324,28.646750773625328,40.0,57740.0859375
9,56,630.0,4020.0,12286.043479738652,43.1718638419424,72.0,55754.93359375
9,57,0.0,4020.0,9834.703822379994,23.0409426327065,41.0,57436.3046875
9,58,615.0,4020.0,11644.141605871311,47.64222804094263,78.0,55245.625
9,59,0.0,4020.0,11417.625848484717,39.67983813377767,96.0,55200.21875000001
9,60,0.0,4020.0,11042.005264817715,25.536776957867175,25.0,58518.87109375
9,61,0.0,4020.0,10999.438842149855,39.154963104022855,71.0,55864.50390625
9,62,15.0,4020.0,10265.36825544152,44.06093787193525,79.0,55289.890625
9,63,705.0,4080.0,12754.501888014638,64.69531064032373,149.0,53339.08984374999
9,64,0.0,5460.0,9639.244631252142,39.07283980004761,114.0,55895.70703125
9,65,0.0,4080.0,10683.152276283825,25.61890026184242,21.0,59230.30078125
9,66,375.0,5520.0,12183.483392756272,28.236134253749107,20.0,57812.61328125
9,67,510.0,5460.0,11754.328068892628,41.75434420376101,75.0,54060.18359375
9,68,0.0,4020.0,10241.785027171503,25.697452987383954,31.0,59224.32421875001
9,69,135.0,5460.0,12214.96553346,36.219947631516305,84.0,55426.25390625001
9,70,0.0,5460.0,10281.979041579576,24.70840276124732,33.0,59491.8203125
9,71,0.0,4020.0,10148.256824597735,24.41561532968341,26.0,59570.28515625
9,72,120.0,5460.0,11291.276360755932,38.819328731254465,94.0,54319.01171875
9,73,0.0,4020.0,9893.665770217915,30.482028088550344,37.0,57702.94921875
9,74,480.0,5520.0,13177.384297272587,57.732682694596534,121.0,54027.01171875
9,75,0.0,4080.0,10618.753093852556,28.21114020471316,31.0,57835.2109375
9,76,120.0,6900.0,11559.584138844453,30.09640561771007,36.0,57031.06640625
9,77,630.0,4080.0,11722.023955319703,48.117114972625565,80.0,55143.203125
9,78,120.0,4020.0,11095.663646614656,25.665317781480596,31.0,57544.19140624999
9,79,0.0,4020.0,10838.70818880741,23.030230897405378,29.0,63096.10546875
9,80,0.0,4020.0,10207.813647071256,39.894072839800046,104.0,55474.6796875
9,81,0.0,5460.0,10444.024754167654,25.543918114734588,36.0,58670.90625000001
9,82,0.0,5460.0,10423.83698675617,28.10759343013568,34.0,59008.921875
9,83,0.0,4020.0,9967.902743335952,25.2082837419662,37.0,57307.85937499999
9,84,570.0,5580.0,12978.814108593862,36.88407522018567,56.0,55556.4140625
9,85,0.0,4020.0,10290.445677680149,26.747203046893596,48.0,56862.3203125
9,86,645.0,4080.0,12691.572899212493,49.89169245417758,77.0,54100.22656250001
9,87,0.0,4020.0,9717.695491524253,37.60890264222804,107.0,56621.109375
9,88,0.0,5460.0,9920.915168553143,36.937633896691274,102.0,56653.12890625
9,89,690.0,4140.0,12928.767220107879,61.553201618662214,159.0,53332.046875
9,90,0.0,4020.0,9695.463176700872,41.52582718400381,113.0,55950.2578125
9,91,165.0,4080.0,13100.92367583065,29.353725303499168,46.0,55694.57421875
9,92,0.0,5460.0,9676.019250889542,27.97548202808855,40.0,57756.3984375
9,93,540.0,5520.0,12864.22118278614,63.12782670792669,138.0,53676.70703125
9,94,120.0,4020.0,11381.035218794797,35.37729112116163,82.0,56017.08984375
9,95,0.0,4020.0,11061.941219258511,22.330397524398954,35.0,61507.59765625
9,96,0.0,4020.0,9214.376138167427,27.94334682218519,62.0,57425.12890625
9,97,540.0,4140.0,11128.840843191447,36.30207093549155,64.0,55272.47265625
9,98,630.0,5460.0,11910.245494741303,35.53796715067841,41.0,55766.65234375
9,99,0.0,4020.0,9835.414457421637,38.45870030945013,109.0,56596.59375
9,100,0.0,4080.0,10832.206123193566,23.73363484884551,30.0,57067.37109375001
9,101,0.0,4080.0,10699.456721370738,23.415853368245656,27.0,58521.5859375
9,102,120.0,4020.0,11566.0490464211,27.721970959295405,38.0,56668.6875
9,103,0.0,4020.0,10394.132485962902,28.793144489407283,28.0,57534.640625
9,104,570.0,4020.0,11578.370231372497,38.42656510354677,86.0,55450.4609375
9,105,645.0,4020.0,12484.049873815842,44.47155439181147,77.0,55696.55859375
9,106,615.0,5460.0,11581.580151255912,41.57224470364199,57.0,55703.6171875
9,107,60.0,4020.0,12042.853991259915,67.51249702451797,137.0,54331.32812500001
9,108,555.0,4080.0,12092.024410598988,37.166150916448466,43.0,55619.89062500001
9,109,0.0,5460.0,9785.621906808323,39.65127350630802,116.0,55891.17578125
9,110,120.0,4020.0,11715.602531537392,40.7260176148536,90.0,54472.14843750001
9,111,0.0,5460.0,10737.585370494548,38.85503451559153,113.0,55902.39843749999
9,112,0.0,4020.0,9811.236686910866,36.18067126874554,87.0,57321.21484375001
9,113,0.0,4080.0,11270.397267449713,23.39800047607713,33.0,60876.90625
9,114,0.0,4020.0,10925.114534166365,28.739585812901687,29.0,58414.71484375
9,115,0.0,4020.0,11019.27931335352,38.62294691740062,88.0,55781.23828124999
9,116,0.0,4020.0,10177.7852404861,31.74601285408236,35.0,57449.24609375
9,117,0.0,4020.0,9991.906432264554,41.24732206617472,106.0,54832.07031250001
9,118,120.0,4080.0,12823.061300053407,45.17852892168531,131.0,54367.20703124999
9,119,0.0,5460.0,10451.87553604088,32.7921923351583,70.0,56025.8828125
9,120,630.0,4080.0,11746.220672057658,48.463461080695076,81.0,55123.82421875
9,121,0.0,4020.0,10740.192023838204,32.688645560580824,34.0,56371.44921875
9,122,0.0,4080.0,10873.661725839946,23.64794096643656,22.0,57347.16015625
9,123,120.0,5460.0,11258.389301716223,40.190430849797664,100.0,54775.8671875
9,124,615.0,5460.0,12507.411019955867,49.738157581528206,89.0,53558.265625
9,125,645.0,4020.0,11827.584492291142,42.932635086884076,83.0,55792.796875
10,0,0.0,4020.0,10252.598470631674,21.737681504403714,26.0,61158.33203125
10,1,30.0,4020.0,10719.60234517881,24.5263032611283,13.0,58088.37499999999
10,2,0.0,4020.0,10376.22378824792,21.5591525827184,22.0,59461.1015625
10,3,0.0,5460.0,10881.316441845513,37.10545108307546,75.0,53867.47265625
10,4,0.0,4020.0,10894.054596558868,23.005236848369435,12.0,58883.90624999999
10,5,630.0,4080.0,11686.598674264511,46.19257319685789,67.0,53611.62109374999
10,6,0.0,4080.0,10364.180747983195,22.305403475363008,17.0,56480.55078125
10,7,60.0,4080.0,10217.471382353153,45.87479171625803,121.0,53278.72656249999
10,8,510.0,5460.0,11845.761826518017,42.98262318495596,73.0,54037.28125000001
10,9,0.0,4020.0,8830.414063652763,35.105927160199954,101.0,55451.015625
10,10,0.0,4080.0,9676.086338481993,37.366103308736015,79.0,54964.39453125
10,11,0.0,4020.0,9053.881124838092,22.38038562247084,33.0,56748.40234375
10,12,540.0,4140.0,11651.199781288564,41.83289692930255,62.0,53351.125
10,13,0.0,4020.0,10577.581108747978,24.190668888359916,16.0,57708.078125
10,14,180.0,4080.0,13327.58422444655,22.280409426327065,18.0,57152.25390625001
10,15,0.0,4020.0,9510.093803131549,30.13568198048084,48.0,55020.75390624999
10,16,0.0,4080.0,10252.952169438187,44.039514401333015,102.0,54021.56640625
10,17,0.0,4020.0,9992.000240812751,30.764103784813138,42.0,54723.72656249999
10,18,0.0,4020.0,10642.129319569205,29.957153058795527,62.0,54250.6484375
10,19,0.0,4020.0,9879.822551949379,29.178766960247557,48.0,54812.39843750001
10,20,690.0,4080.0,12653.808522286767,43.62532730302309,74.0,52818.36718749999
10,21,15.0,5460.0,10559.391425811351,37.66603189716734,88.0,52775.69531249999
10,22,0.0,5460.0,10218.469021867597,25.322542251844798,27.0,54762.81640624999
10,23,0.0,4020.0,9221.955590552065,23.462270887883836,22.0,55672.85937500001
10,24,120.0,4020.0,11656.205373019231,29.842894548916924,48.0,54377.57421875
10,25,0.0,4080.0,9577.531864935783,37.43751487741014,80.0,54847.93359375
10,26,120.0,4020.0,12825.803898174741,32.224470364199,40.0,55356.67578125
10,27,0.0,4020.0,10518.18109108484,47.7921923351583,140.0,52943.06640625
10,28,0.0,4080.0,10218.933427842552,29.278743156391336,54.0,54303.03515625
10,29,0.0,4020.0,10231.73314055445,22.576767436324683,30.0,58482.56640625001
10,30,120.0,4020.0,12231.319994324524,35.884313258747916,91.0,53667.8125
10,31,30.0,4020.0,10662.689908532084,48.67055462985004,120.0,53995.31250000001
10,32,0.0,4080.0,9898.728940060842,30.23565817662461,56.0,54037.71484374999
10,33,0.0,4020.0,10280.750838906257,44.346584146631756,117.0,54661.33984375
10,34,555.0,4140.0,11538.12060644366,31.160437990954534,30.0,54737.73046875
10,35,645.0,4080.0,12495.415646924761,45.16067602951678,76.0,52882.93359375
10,36,0.0,4020.0,9679.581021637994,28.03975243989526,38.0,55521.24609375
10,37,120.0,5460.0,10910.974102600634,30.528445608188527,38.0,55341.54296875
10,38,0.0,4020.0,9563.529202672831,25.218995477267317,29.0,58089.52734375001
10,39,165.0,4080.0,13100.465714051381,29.353725303499168,46.0,55683.84375
10,40,0.0,4020.0,9971.532874175984,24.112116162818374,23.0,59097.30468749999
10,41,0.0,4020.0,9819.048110073287,24.28350392763628,27.0,58640.84765625
10,42,0.0,4020.0,9846.489112702111,25.054748869316832,31.0,57252.04296875
10,43,0.0,4020.0,10575.011117408056,23.201618662223282,30.0,59380.609375
10,44,540.0,4080.0,11114.66598144902,31.71744822661271,34.0,55984.50781250001
10,45,0.0,4020.0,10069.511253386074,26.48298024279933,24.0,56065.97265624999
10,46,120.0,4020.0,12264.481551338427,31.913830040466557,40.0,55612.23046875
10,47,720.0,4020.0,13293.969176570132,64.45251130683172,159.0,54052.125
10,48,690.0,5460.0,12502.52674529257,35.77005474886933,31.0,54980.26953124999
10,49,120.0,5460.0,12810.941542948538,30.646274696500832,48.0,54521.19921875
10,50,120.0,4080.0,11481.663668559871,32.18519400142823,46.0,55733.1015625
10,51,15.0,4020.0,10267.740273620846,45.292787431563916,86.0,54726.80078125
10,52,0.0,4020.0,11064.241735765689,26.575815282075695,22.0,57720.98046874999
10,53,0.0,4020.0,9736.096730765443,26.004522732682695,43.0,58017.55859375
10,54,0.0,4020.0,9834.703822379994,23.0409426327065,41.0,57436.3046875
10,55,705.0,4080.0,12754.501888014638,64.69531064032373,149.0,53339.08984374999
10,56,375.0,5520.0,12183.483392756272,28.236134253749107,20.0,57812.61328125
10,57,510.0,5460.0,11754.328068892628,41.75434420376101,75.0,54060.18359375
10,58,480.0,5520.0,13177.384297272587,57.732682694596534,121.0,54027.01171875
10,59,0.0,4020.0,10838.70818880741,23.030230897405378,29.0,63096.10546875
10,60,690.0,4140.0,12928.767220107879,61.553201618662214,159.0,53332.046875
10,61,0.0,4020.0,9695.463176700872,41.52582718400381,113.0,55950.2578125
10,62,540.0,5520.0,12864.22118278614,63.12782670792669,138.0,53676.70703125
10,63,0.0,4020.0,11061.941219258511,22.330397524398954,35.0,61507.59765625
10,64,0.0,4020.0,9214.376138167427,27.94334682218519,62.0,57425.12890625
10,65,540.0,4140.0,11128.840843191447,36.30207093549155,64.0,55272.47265625
10,66,0.0,4080.0,10832.206123193566,23.73363484884551,30.0,57067.37109375001
10,67,0.0,4080.0,10699.456721370738,23.415853368245656,27.0,58521.5859375
10,68,60.0,4020.0,12042.853991259915,67.51249702451797,137.0,54331.32812500001
10,69,555.0,4080.0,12092.024410598988,37.166150916448466,43.0,55619.89062500001
10,70,120.0,4020.0,11715.602531537392,40.7260176148536,90.0,54472.14843750001
10,71,0.0,4020.0,9991.906432264554,41.24732206617472,106.0,54832.07031250001
10,72,120.0,4080.0,12823.061300053407,45.17852892168531,131.0,54367.20703124999
10,73,0.0,4080.0,10873.661725839946,23.64794096643656,22.0,57347.16015625
10,74,615.0,5460.0,12507.411019955867,49.738157581528206,89.0,53558.265625
10,75,0.0,4020.0,10456.6754272738,33.1920971197334,79.0,55556.82812500001
10,76,600.0,4080.0,11881.674941895155,60.00714115686742,154.0,54246.9921875
10,77,0.0,5460.0,10700.514324922802,32.82789811949536,62.0,54063.88671875001
10,78,630.0,4080.0,12564.286909636543,52.80885503451559,104.0,53897.6328125
10,79,0.0,4020.0,9920.294840829662,37.17686265174958,75.0,54847.02734375
10,80,600.0,4020.0,11192.875540797086,50.25232087598191,130.0,54421.97265625
10,81,0.0,4080.0,10301.685794681274,25.029754820280885,47.0,55742.140625
10,82,630.0,4020.0,11822.429938801295,52.698167103070695,161.0,54377.61328125
10,83,0.0,4020.0,10492.512430396095,23.962151868602714,31.0,56803.36328125
10,84,0.0,4020.0,9656.30102424879,26.943584860747443,33.0,56403.6328125
10,85,0.0,4020.0,10850.224097060596,55.41894786955487,125.0,54613.86328125001
10,86,0.0,4020.0,9643.373831511231,39.02285170197572,101.0,56478.50390625
10,87,0.0,4020.0,9768.239772514215,34.131159247798145,134.0,55251.39453124999
10,88,315.0,5520.0,11376.054146194718,28.960961675791474,35.0,55854.96875000001
10,89,0.0,5460.0,9549.623592851847,27.793382527969527,53.0,55752.8359375
10,90,630.0,4080.0,11426.870253687895,54.551297310164244,137.0,53437.14453125
10,91,0.0,4020.0,10616.483059260463,24.551297310164248,17.0,57895.25390625
10,92,570.0,4140.0,11645.036789129896,42.111402047131634,79.0,54255.57421875
10,93,630.0,4020.0,11890.896966320124,40.16900737919543,81.0,54529.30859375
10,94,615.0,4080.0,11990.077865618336,42.49702451797191,76.0,54082.82421875
10,95,0.0,5460.0,9632.858232221035,36.937633896691274,93.0,55384.26171875
10,96,0.0,4020.0,9747.161958045002,25.161866222328015,36.0,55820.37109375
10,97,0.0,5460.0,10078.909076369011,41.575815282075695,116.0,54805.45703125
10,98,0.0,4080.0,11525.495867629452,26.475839085931916,39.0,56041.69921875
10,99,0.0,5460.0,9877.472649594765,38.22304213282552,101.0,56539.26562499999
10,100,540.0,5520.0,11436.39876707672,47.199476315163054,127.0,54068.21875
10,101,0.0,5460.0,10444.024754167654,25.543918114734588,36.0,58670.90625000001
10,102,0.0,5460.0,9661.147846493837,29.86788859795287,47.0,56718.92187500001
10,103,0.0,5460.0,9785.621906808323,39.65127350630802,116.0,55891.17578125
10,104,0.0,4020.0,9669.270375450324,28.646750773625328,40.0,57740.0859375
10,105,120.0,6900.0,11559.584138844453,30.09640561771007,36.0,57031.06640625
10,106,0.0,5460.0,10423.83698675617,28.10759343013568,34.0,59008.921875
10,107,0.0,5460.0,9676.019250889542,27.97548202808855,40.0,57756.3984375
10,108,0.0,4020.0,10177.7852404861,31.74601285408236,35.0,57449.24609375
10,109,0.0,5460.0,9639.244631252142,39.07283980004761,114.0,55895.70703125
10,110,0.0,5460.0,10281.979041579576,24.70840276124732,33.0,59491.8203125
10,111,120.0,5460.0,11291.276360755932,38.819328731254465,94.0,54319.01171875
10,112,30.0,5460.0,10195.929945490348,36.26993572958819,99.0,56011.8203125
10,113,0.0,4020.0,10925.114534166365,28.739585812901687,29.0,58414.71484375
10,114,165.0,4080.0,13100.92367583065,29.353725303499168,46.0,55694.57421875
10,115,0.0,5460.0,9920.915168553143,36.937633896691274,102.0,56653.12890625
10,116,120.0,4020.0,11566.0490464211,27.721970959295405,38.0,56668.6875
10,117,0.0,4080.0,10618.753093852556,28.21114020471316,31.0,57835.2109375
10,118,0.0,4020.0,9835.414457421637,38.45870030945013,109.0,56596.59375
10,119,120.0,5460.0,11258.389301716223,40.190430849797664,100.0,54775.8671875
10,120,615.0,5460.0,11581.580151255912,41.57224470364199,57.0,55703.6171875
10,121,0.0,4020.0,10290.445677680149,26.747203046893596,48.0,56862.3203125
10,122,420.0,5520.0,12428.526325731662,35.19519162104261,59.0,55345.02734374999
10,123,0.0,4020.0,9893.665770217915,30.482028088550344,37.0,57702.94921875
10,124,135.0,5460.0,12214.96553346,36.219947631516305,84.0,55426.25390625001
10,125,0.0,4020.0,9717.695491524253,37.60890264222804,107.0,56621.109375
11,0,0.0,4020.0,10252.598470631674,21.737681504403714,26.0,61158.33203125
11,1,30.0,4020.0,10719.60234517881,24.5263032611283,13.0,58088.37499999999
11,2,0.0,4020.0,10376.22378824792,21.5591525827184,22.0,59461.1015625
11,3,0.0,4020.0,10894.054596558868,23.005236848369435,12.0,58883.90624999999
11,4,630.0,4080.0,11686.598674264511,46.19257319685789,67.0,53611.62109374999
11,5,0.0,4080.0,10364.180747983195,22.305403475363008,17.0,56480.55078125
11,6,60.0,4080.0,10217.471382353153,45.87479171625803,121.0,53278.72656249999
11,7,0.0,4020.0,8830.414063652763,35.105927160199954,101.0,55451.015625
11,8,0.0,4020.0,9053.881124838092,22.38038562247084,33.0,56748.40234375
11,9,540.0,4140.0,11651.199781288564,41.83289692930255,62.0,53351.125
11,10,0.0,4020.0,10577.581108747978,24.190668888359916,16.0,57708.078125
11,11,180.0,4080.0,13327.58422444655,22.280409426327065,18.0,57152.25390625001
11,12,0.0,4020.0,9510.093803131549,30.13568198048084,48.0,55020.75390624999
11,13,0.0,4020.0,9992.000240812751,30.764103784813138,42.0,54723.72656249999
11,14,0.0,4020.0,10642.129319569205,29.957153058795527,62.0,54250.6484375
11,15,0.0,4020.0,9879.822551949379,29.178766960247557,48.0,54812.39843750001
11,16,690.0,4080.0,12653.808522286767,43.62532730302309,74.0,52818.36718749999
11,17,15.0,5460.0,10559.391425811351,37.66603189716734,88.0,52775.69531249999
11,18,0.0,5460.0,10218.469021867597,25.322542251844798,27.0,54762.81640624999
11,19,0.0,4020.0,9221.955590552065,23.462270887883836,22.0,55672.85937500001
11,20,120.0,4020.0,11656.205373019231,29.842894548916924,48.0,54377.57421875
11,21,0.0,4020.0,10518.18109108484,47.7921923351583,140.0,52943.06640625
11,22,0.0,4080.0,10218.933427842552,29.278743156391336,54.0,54303.03515625
11,23,0.0,4020.0,10231.73314055445,22.576767436324683,30.0,58482.56640625001
11,24,0.0,4080.0,9898.728940060842,30.23565817662461,56.0,54037.71484374999
11,25,555.0,4140.0,11538.12060644366,31.160437990954534,30.0,54737.73046875
11,26,645.0,4080.0,12495.415646924761,45.16067602951678,76.0,52882.93359375
11,27,0.0,4020.0,9679.581021637994,28.03975243989526,38.0,55521.24609375
11,28,615.0,4020.0,12153.382454778239,49.41323494406094,91.0,53580.0078125
11,29,0.0,5460.0,9629.179870234668,24.401333015948584,30.0,54966.03515625001
11,30,0.0,4020.0,9159.199065267447,25.476077124494168,30.0,57574.4140625
11,31,0.0,4020.0,10171.738973883814,46.68531302070935,134.0,53357.015625
11,32,0.0,5460.0,10523.474804161247,31.003332539871465,54.0,54193.51171875
11,33,525.0,4200.0,15023.92829405054,54.6941204475125,119.0,53506.13281250001
11,34,0.0,4080.0,10650.479871531432,25.940252320875977,8.0,57868.53125000001
11,35,120.0,4020.0,12472.042719470242,55.29040704594144,156.0,52593.16015625
11,36,0.0,4020.0,11087.63414329298,28.6895977148298,32.0,54553.79296875
11,37,0.0,5460.0,10741.281865234818,32.917162580338015,62.0,54033.625
11,38,0.0,5460.0,9295.588000086977,25.929540585574863,30.0,55481.5703125
11,39,0.0,5460.0,9298.975641409754,27.761247322066176,52.0,54956.47265625
11,40,0.0,4020.0,9224.008305379688,35.72363722923114,73.0,53612.1171875
11,41,120.0,4080.0,11463.138222662514,27.750535586765054,28.0,55574.30078125001
11,42,585.0,4080.0,13248.290388063822,68.47298262318496,127.0,52606.50390624999
11,43,0.0,4080.0,10479.23926912847,57.67912401809093,133.0,53433.203125
11,44,0.0,4020.0,11003.94645693931,38.240895024994046,55.0,53678.52734375
11,45,0.0,4020.0,8848.657030324586,32.517257795762916,86.0,55446.41015625
11,46,615.0,4140.0,12439.136458430381,44.810759343013565,77.0,53233.09375
11,47,0.0,5460.0,9627.019809649286,33.663413472982626,74.0,53508.38281249999
11,48,0.0,4080.0,10837.63027449133,22.823137348250416,29.0,56172.42578125
11,49,0.0,5460.0,10881.316441845513,37.10545108307546,75.0,53867.47265625
11,50,510.0,5460.0,11845.761826518017,42.98262318495596,73.0,54037.28125000001
11,51,0.0,4080.0,9676.086338481993,37.366103308736015,79.0,54964.39453125
11,52,0.0,4080.0,9577.531864935783,37.43751487741014,80.0,54847.93359375
11,53,120.0,4020.0,12825.803898174741,32.224470364199,40.0,55356.67578125
11,54,120.0,4020.0,12231.319994324524,35.884313258747916,91.0,53667.8125
11,55,120.0,5460.0,10910.974102600634,30.528445608188527,38.0,55341.54296875
11,56,0.0,4020.0,9563.529202672831,25.218995477267317,29.0,58089.52734375001
11,57,165.0,4080.0,13100.465714051381,29.353725303499168,46.0,55683.84375
11,58,0.0,4020.0,9971.532874175984,24.112116162818374,23.0,59097.30468749999
11,59,0.0,4020.0,9819.048110073287,24.28350392763628,27.0,58640.84765625
11,60,0.0,4020.0,9846.489112702111,25.054748869316832,31.0,57252.04296875
11,61,0.0,4020.0,10575.011117408056,23.201618662223282,30.0,59380.609375
11,62,540.0,4080.0,11114.66598144902,31.71744822661271,34.0,55984.50781250001
11,63,0.0,4020.0,10069.511253386074,26.48298024279933,24.0,56065.97265624999
11,64,120.0,4020.0,12264.481551338427,31.913830040466557,40.0,55612.23046875
11,65,690.0,5460.0,12502.52674529257,35.77005474886933,31.0,54980.26953124999
11,66,120.0,5460.0,12810.941542948538,30.646274696500832,48.0,54521.19921875
11,67,120.0,4080.0,11481.663668559871,32.18519400142823,46.0,55733.1015625
11,68,15.0,4020.0,10267.740273620846,45.292787431563916,86.0,54726.80078125
11,69,0.0,4020.0,11064.241735765689,26.575815282075695,22.0,57720.98046874999
11,70,0.0,4020.0,9736.096730765443,26.004522732682695,43.0,58017.55859375
11,71,0.0,4020.0,9834.703822379994,23.0409426327065,41.0,57436.3046875
11,72,705.0,4080.0,12754.501888014638,64.69531064032373,149.0,53339.08984374999
11,73,375.0,5520.0,12183.483392756272,28.236134253749107,20.0,57812.61328125
11,74,0.0,4020.0,10838.70818880741,23.030230897405378,29.0,63096.10546875
11,75,690.0,4140.0,12928.767220107879,61.553201618662214,159.0,53332.046875
11,76,0.0,4020.0,9695.463176700872,41.52582718400381,113.0,55950.2578125
11,77,0.0,4020.0,11061.941219258511,22.330397524398954,35.0,61507.59765625
11,78,0.0,4020.0,9214.376138167427,27.94334682218519,62.0,57425.12890625
11,79,540.0,4140.0,11128.840843191447,36.30207093549155,64.0,55272.47265625
11,80,0.0,4080.0,10832.206123193566,23.73363484884551,30.0,57067.37109375001
11,81,0.0,4080.0,10699.456721370738,23.415853368245656,27.0,58521.5859375
11,82,555.0,4080.0,12092.024410598988,37.166150916448466,43.0,55619.89062500001
11,83,120.0,4020.0,11715.602531537392,40.7260176148536,90.0,54472.14843750001
11,84,0.0,4020.0,9991.906432264554,41.24732206617472,106.0,54832.07031250001
11,85,0.0,4080.0,10873.661725839946,23.64794096643656,22.0,57347.16015625
11,86,615.0,5460.0,12507.411019955867,49.738157581528206,89.0,53558.265625
11,87,0.0,4020.0,10456.6754272738,33.1920971197334,79.0,55556.82812500001
11,88,0.0,5460.0,10700.514324922802,32.82789811949536,62.0,54063.88671875001
11,89,0.0,4020.0,9920.294840829662,37.17686265174958,75.0,54847.02734375
11,90,0.0,4080.0,10301.685794681274,25.029754820280885,47.0,55742.140625
11,91,0.0,4020.0,10492.512430396095,23.962151868602714,31.0,56803.36328125
11,92,0.0,4020.0,9656.30102424879,26.943584860747443,33.0,56403.6328125
11,93,0.0,4020.0,9643.373831511231,39.02285170197572,101.0,56478.50390625
11,94,0.0,4020.0,9768.239772514215,34.131159247798145,134.0,55251.39453124999
11,95,315.0,5520.0,11376.054146194718,28.960961675791474,35.0,55854.96875000001
11,96,0.0,5460.0,9549.623592851847,27.793382527969527,53.0,55752.8359375
11,97,630.0,4080.0,11426.870253687895,54.551297310164244,137.0,53437.14453125
11,98,0.0,4020.0,10616.483059260463,24.551297310164248,17.0,57895.25390625
11,99,570.0,4140.0,11645.036789129896,42.111402047131634,79.0,54255.57421875
11,100,630.0,4020.0,11890.896966320124,40.16900737919543,81.0,54529.30859375
11,101,615.0,4080.0,11990.077865618336,42.49702451797191,76.0,54082.82421875
11,102,0.0,5460.0,9632.858232221035,36.937633896691274,93.0,55384.26171875
11,103,0.0,4020.0,9747.161958045002,25.161866222328015,36.0,55820.37109375
11,104,150.0,4080.0,12373.611808865862,32.103070697452985,32.0,56042.1015625
11,105,465.0,4140.0,11463.022440261691,41.50083313496786,79.0,54616.109375
11,106,0.0,5460.0,9778.139949101147,39.80123780052369,103.0,54199.6953125
11,107,120.0,5460.0,11325.616818169674,38.15163056415139,85.0,53855.79296875
11,108,0.0,5460.0,10369.868141567229,38.50511782908831,98.0,54556.0234375
11,109,0.0,4020.0,10106.047025417047,41.24375148774102,87.0,53853.50390625
11,110,615.0,4140.0,12716.870124820707,38.76934063318257,53.0,54795.03125
11,111,0.0,4020.0,9826.40849458296,38.45512973101643,95.0,54988.4921875
11,112,690.0,5460.0,12425.373851391756,34.40252320875982,32.0,55044.6953125
11,113,30.0,4020.0,10368.579270655297,25.765293977624374,26.0,58352.1015625
11,114,0.0,4020.0,9558.448970233534,44.49654844084742,129.0,54068.109375
11,115,450.0,5520.0,12165.18913029267,32.76362770768865,54.0,54210.84765625
11,116,0.0,4080.0,9659.87332656842,35.66293739585813,72.0,55258.94140624999
11,117,645.0,4080.0,11546.460502267735,54.44775053558677,139.0,53753.63671875
11,118,0.0,4020.0,9667.962820860965,37.15900975958105,102.0,56036.46875
11,119,0.0,4020.0,10549.003704413459,31.206855510592717,71.0,55329.125
11,120,120.0,5460.0,11303.765007751725,30.817662461318733,38.0,55190.38281250001
11,121,120.0,4080.0,11871.882032612419,37.33396810283266,82.0,53732.5625
11,122,690.0,5460.0,11811.06841553888,57.164960723637236,101.0,53275.4296875
11,123,615.0,4140.0,11933.088136250874,37.58033801475839,70.0,55254.55468749999
11,124,0.0,4020.0,10177.7852404861,31.74601285408236,35.0,57449.24609375
11,125,0.0,5460.0,10281.979041579576,24.70840276124732,33.0,59491.8203125
12,0,0.0,4020.0,10252.598470631674,21.737681504403714,26.0,61158.33203125
12,1,30.0,4020.0,10719.60234517881,24.5263032611283,13.0,58088.37499999999
12,2,0.0,4020.0,10376.22378824792,21.5591525827184,22.0,59461.1015625
12,3,0.0,4020.0,10894.054596558868,23.005236848369435,12.0,58883.90624999999
12,4,630.0,4080.0,11686.598674264511,46.19257319685789,67.0,53611.62109374999
12,5,0.0,4080.0,10364.180747983195,22.305403475363008,17.0,56480.55078125
12,6,60.0,4080.0,10217.471382353153,45.87479171625803,121.0,53278.72656249999
12,7,0.0,4020.0,8830.414063652763,35.105927160199954,101.0,55451.015625
12,8,0.0,4020.0,9053.881124838092,22.38038562247084,33.0,56748.40234375
12,9,540.0,4140.0,11651.199781288564,41.83289692930255,62.0,53351.125
12,10,0.0,4020.0,10577.581108747978,24.190668888359916,16.0,57708.078125
12,11,180.0,4080.0,13327.58422444655,22.280409426327065,18.0,57152.25390625001
12,12,0.0,4020.0,9510.093803131549,30.13568198048084,48.0,55020.75390624999
12,13,0.0,4020.0,9992.000240812751,30.764103784813138,42.0,54723.72656249999
12,14,0.0,4020.0,10642.129319569205,29.957153058795527,62.0,54250.6484375
12,15,0.0,4020.0,9879.822551949379,29.178766960247557,48.0,54812.39843750001
12,16,690.0,4080.0,12653.808522286767,43.62532730302309,74.0,52818.36718749999
12,17,15.0,5460.0,10559.391425811351,37.66603189716734,88.0,52775.69531249999
12,18,0.0,5460.0,10218.469021867597,25.322542251844798,27.0,54762.81640624999
12,19,0.0,4020.0,9221.955590552065,23.462270887883836,22.0,55672.85937500001
12,20,120.0,4020.0,11656.205373019231,29.842894548916924,48.0,54377.57421875
12,21,0.0,4020.0,10518.18109108484,47.7921923351583,140.0,52943.06640625
12,22,0.0,4020.0,10231.73314055445,22.576767436324683,30.0,58482.56640625001
12,23,0.0,4080.0,9898.728940060842,30.23565817662461,56.0,54037.71484374999
12,24,555.0,4140.0,11538.12060644366,31.160437990954534,30.0,54737.73046875
12,25,645.0,4080.0,12495.415646924761,45.16067602951678,76.0,52882.93359375
12,26,0.0,4020.0,9679.581021637994,28.03975243989526,38.0,55521.24609375
12,27,615.0,4020.0,12153.382454778239,49.41323494406094,91.0,53580.0078125
12,28,0.0,5460.0,9629.179870234668,24.401333015948584,30.0,54966.03515625001
12,29,0.0,4020.0,9159.199065267447,25.476077124494168,30.0,57574.4140625
12,30,0.0,4020.0,10171.738973883814,46.68531302070935,134.0,53357.015625
12,31,525.0,4200.0,15023.92829405054,54.6941204475125,119.0,53506.13281250001
12,32,0.0,4080.0,10650.479871531432,25.940252320875977,8.0,57868.53125000001
12,33,120.0,4020.0,12472.042719470242,55.29040704594144,156.0,52593.16015625
12,34,0.0,4020.0,11087.63414329298,28.6895977148298,32.0,54553.79296875
12,35,0.0,5460.0,9295.588000086977,25.929540585574863,30.0,55481.5703125
12,36,0.0,5460.0,9298.975641409754,27.761247322066176,52.0,54956.47265625
12,37,0.0,4020.0,9224.008305379688,35.72363722923114,73.0,53612.1171875
12,38,585.0,4080.0,13248.290388063822,68.47298262318496,127.0,52606.50390624999
12,39,0.0,4080.0,10479.23926912847,57.67912401809093,133.0,53433.203125
12,40,0.0,4020.0,11003.94645693931,38.240895024994046,55.0,53678.52734375
12,41,0.0,4020.0,8848.657030324586,32.517257795762916,86.0,55446.41015625
12,42,615.0,4140.0,12439.136458430381,44.810759343013565,77.0,53233.09375
12,43,0.0,5460.0,9627.019809649286,33.663413472982626,74.0,53508.38281249999
12,44,0.0,4080.0,10837.63027449133,22.823137348250416,29.0,56172.42578125
12,45,645.0,4020.0,12097.522301939334,48.1920971197334,81.0,53525.3359375
12,46,0.0,4080.0,10415.101066876643,34.05617710069031,83.0,53947.44531249999
12,47,525.0,4080.0,11830.32656702034,56.843608664603664,149.0,52810.2734375
12,48,555.0,4020.0,12313.169680936135,51.9019281123542,113.0,53606.546875
12,49,0.0,4020.0,9158.35107591614,34.88098071887646,99.0,54581.15625000001
12,50,0.0,4020.0,9254.213834923397,25.858129016900733,32.0,55626.40234375
12,51,0.0,5460.0,9451.286625382207,25.333253987145916,31.0,54161.02734375
12,52,570.0,4080.0,12372.862763669433,47.29231135443942,75.0,53543.04687499999
12,53,0.0,4020.0,9370.841951082512,33.306355629612,53.0,54012.1171875
12,54,195.0,6420.0,13063.82457246512,22.23756248512259,18.0,56957.87109375
12,55,0.0,4020.0,9602.88351708564,23.01951916210426,19.0,56415.36328125
12,56,0.0,4020.0,9509.494414496945,30.142823137348252,47.0,54998.3984375
12,57,555.0,5460.0,12586.980998041388,39.71197333968104,53.0,53372.3828125
12,58,615.0,5460.0,11621.036837101117,39.20852178052844,50.0,52612.25390625
12,59,615.0,4020.0,12273.49858715573,62.510116638895504,165.0,52910.48046875
12,60,0.0,4020.0,10129.818439304432,24.126398476553202,24.0,55530.96484375001
12,61,0.0,4080.0,10106.939896868535,24.372768388478935,36.0,54764.578125
12,62,0.0,4020.0,9842.863070911106,28.92168531302071,52.0,55363.85546875
12,63,570.0,5460.0,11493.880660297451,45.71411568674125,86.0,53017.61718749999
12,64,0.0,4020.0,10246.836301069721,23.108783622946916,28.0,54907.375
12,65,45.0,4020.0,10445.179255964827,23.74791716258034,15.0,56173.52343749999
12,66,0.0,4020.0,10913.070556493141,23.2123303975244,13.0,58812.03515625
12,67,15.0,5460.0,10552.027170147172,47.62794572720781,130.0,53442.18359375
12,68,600.0,5460.0,12341.591254638795,42.43632468459891,58.0,53077.421875
12,69,0.0,5460.0,9075.597898447515,31.963818138538443,59.0,53739.02343749999
12,70,0.0,4080.0,9327.612740864646,26.650797429183527,35.0,54194.7734375
12,71,540.0,4080.0,12529.985635783254,62.445846227088786,114.0,52788.08984374999
12,72,0.0,5460.0,9632.858232221035,36.937633896691274,93.0,55384.26171875
12,73,630.0,4020.0,11890.896966320124,40.16900737919543,81.0,54529.30859375
12,74,435.0,5520.0,12174.346795370515,31.899547726731726,47.0,54565.70703125
12,75,0.0,5460.0,10542.317769161287,24.904784575101168,17.0,60624.7890625
12,76,120.0,4020.0,12231.319994324524,35.884313258747916,91.0,53667.8125
12,77,690.0,5460.0,12425.373851391756,34.40252320875982,32.0,55044.6953125
12,78,120.0,5460.0,12810.941542948538,30.646274696500832,48.0,54521.19921875
12,79,0.0,5460.0,10523.474804161247,31.003332539871465,54.0,54193.51171875
12,80,0.0,4020.0,10069.511253386074,26.48298024279933,24.0,56065.97265624999
12,81,375.0,5520.0,12183.483392756272,28.236134253749107,20.0,57812.61328125
12,82,615.0,5460.0,11568.093314019512,45.08569388240895,89.0,53765.23046875
12,83,0.0,5460.0,10741.281865234818,32.917162580338015,62.0,54033.625
12,84,120.0,4020.0,11911.29444922414,29.49297786241371,29.0,55224.6328125
12,85,540.0,4080.0,11114.66598144902,31.71744822661271,34.0,55984.50781250001
12,86,690.0,5460.0,12502.52674529257,35.77005474886933,31.0,54980.26953124999
12,87,315.0,5520.0,10820.797512381505,26.450845036895977,38.0,55038.296875
12,88,120.0,5460.0,11325.616818169674,38.15163056415139,85.0,53855.79296875
12,89,120.0,5460.0,12604.5745722813,23.922875505831946,20.0,57955.66015625
12,90,690.0,5460.0,11811.06841553888,57.164960723637236,101.0,53275.4296875
12,91,0.0,5460.0,10700.514324922802,32.82789811949536,62.0,54063.88671875001
12,92,0.0,4020.0,9347.4005905718,28.75743870507022,35.0,56225.18749999999
12,93,0.0,5460.0,9681.676330029717,33.40990240418948,71.0,53865.54296874999
12,94,120.0,4080.0,11463.138222662514,27.750535586765054,28.0,55574.30078125001
12,95,615.0,4020.0,11496.17852683803,42.80766484170436,70.0,54256.63671875
12,96,315.0,5520.0,11376.054146194718,28.960961675791474,35.0,55854.96875000001
12,97,0.0,4020.0,9563.529202672831,25.218995477267317,29.0,58089.52734375001
12,98,0.0,5460.0,9549.623592851847,27.793382527969527,53.0,55752.8359375
12,99,615.0,4140.0,12716.870124820707,38.76934063318257,53.0,54795.03125
12,100,255.0,5520.0,11882.961409138465,30.339204951202092,44.0,54903.9296875
12,101,0.0,4020.0,9214.376138167427,27.94334682218519,62.0,57425.12890625
12,102,615.0,5460.0,12507.411019955867,49.738157581528206,89.0,53558.265625
12,103,540.0,5460.0,11546.635766088224,36.60914068079029,53.0,54482.71875
12,104,0.0,4020.0,10492.512430396095,23.962151868602714,31.0,56803.36328125
12,105,0.0,4020.0,9736.096730765443,26.004522732682695,43.0,58017.55859375
12,106,0.0,4080.0,10464.823609870069,39.44060937871935,98.0,54215.94921874999
12,107,0.0,4020.0,9991.906432264554,41.24732206617472,106.0,54832.07031250001
12,108,0.0,4080.0,10301.685794681274,25.029754820280885,47.0,55742.140625
12,109,0.0,4020.0,9695.463176700872,41.52582718400381,113.0,55950.2578125
12,110,0.0,4020.0,9656.30102424879,26.943584860747443,33.0,56403.6328125
12,111,0.0,4020.0,10106.047025417047,41.24375148774102,87.0,53853.50390625
12,112,0.0,4020.0,9667.962820860965,37.15900975958105,102.0,56036.46875
12,113,0.0,4020.0,9834.703822379994,23.0409426327065,41.0,57436.3046875
12,114,0.0,4020.0,9768.239772514215,34.131159247798145,134.0,55251.39453124999
12,115,0.0,4080.0,10832.206123193566,23.73363484884551,30.0,57067.37109375001
12,116,0.0,4080.0,9587.048827847131,37.05189240656986,78.0,54873.14453125001
12,117,0.0,4020.0,10616.901989656322,32.42442275648656,44.0,54797.01171875
12,118,0.0,4020.0,9747.161958045002,25.161866222328015,36.0,55820.37109375
12,119,0.0,4020.0,9846.489112702111,25.054748869316832,31.0,57252.04296875
12,120,0.0,4020.0,9920.294840829662,37.17686265174958,75.0,54847.02734375
12,121,0.0,4020.0,9558.448970233534,44.49654844084742,129.0,54068.109375
12,122,0.0,4020.0,10575.011117408056,23.201618662223282,30.0,59380.609375
12,123,30.0,4020.0,10368.579270655297,25.765293977624374,26.0,58352.1015625
12,124,0.0,4020.0,9826.40849458296,38.45512973101643,95.0,54988.4921875
12,125,0.0,4080.0,10236.499707964533,29.79647702927874,37.0,55066.96484375
13,0,0.0,4020.0,10252.598470631674,21.737681504403714,26.0,61158.33203125
13,1,30.0,4020.0,10719.60234517881,24.5263032611283,13.0,58088.37499999999
13,2,0.0,4020.0,10376.22378824792,21.5591525827184,22.0,59461.1015625
13,3,0.0,4020.0,10894.054596558868,23.005236848369435,12.0,58883.90624999999
13,4,630.0,4080.0,11686.598674264511,46.19257319685789,67.0,53611.62109374999
13,5,0.0,4080.0,10364.180747983195,22.305403475363008,17.0,56480.55078125
13,6,60.0,4080.0,10217.471382353153,45.87479171625803,121.0,53278.72656249999
13,7,0.0,4020.0,8830.414063652763,35.105927160199954,101.0,55451.015625
13,8,0.0,4020.0,9053.881124838092,22.38038562247084,33.0,56748.40234375
13,9,540.0,4140.0,11651.199781288564,41.83289692930255,62.0,53351.125
13,10,180.0,4080.0,13327.58422444655,22.280409426327065,18.0,57152.25390625001
13,11,0.0,4020.0,9992.000240812751,30.764103784813138,42.0,54723.72656249999
13,12,0.0,4020.0,10642.129319569205,29.957153058795527,62.0,54250.6484375
13,13,15.0,5460.0,10559.391425811351,37.66603189716734,88.0,52775.69531249999
13,14,0.0,5460.0,10218.469021867597,25.322542251844798,27.0,54762.81640624999
13,15,120.0,4020.0,11656.205373019231,29.842894548916924,48.0,54377.57421875
13,16,0.0,4020.0,10518.18109108484,47.7921923351583,140.0,52943.06640625
13,17,0.0,4020.0,10231.73314055445,22.576767436324683,30.0,58482.56640625001
13,18,0.0,4080.0,9898.728940060842,30.23565817662461,56.0,54037.71484374999
13,19,555.0,4140.0,11538.12060644366,31.160437990954534,30.0,54737.73046875
13,20,645.0,4080.0,12495.415646924761,45.16067602951678,76.0,52882.93359375
13,21,615.0,4020.0,12153.382454778239,49.41323494406094,91.0,53580.0078125
13,22,0.0,4020.0,10171.738973883814,46.68531302070935,134.0,53357.015625
13,23,525.0,4200.0,15023.92829405054,54.6941204475125,119.0,53506.13281250001
13,24,0.0,4080.0,10650.479871531432,25.940252320875977,8.0,57868.53125000001
13,25,120.0,4020.0,12472.042719470242,55.29040704594144,156.0,52593.16015625
13,26,0.0,4020.0,11087.63414329298,28.6895977148298,32.0,54553.79296875
13,27,0.0,4020.0,9224.008305379688,35.72363722923114,73.0,53612.1171875
13,28,0.0,4080.0,10479.23926912847,57.67912401809093,133.0,53433.203125
13,29,0.0,4020.0,11003.94645693931,38.240895024994046,55.0,53678.52734375
13,30,0.0,4020.0,8848.657030324586,32.517257795762916,86.0,55446.41015625
13,31,615.0,4140.0,12439.136458430381,44.810759343013565,77.0,53233.09375
13,32,0.0,5460.0,9627.019809649286,33.663413472982626,74.0,53508.38281249999
13,33,645.0,4020.0,12097.522301939334,48.1920971197334,81.0,53525.3359375
13,34,0.0,4080.0,10415.101066876643,34.05617710069031,83.0,53947.44531249999
13,35,525.0,4080.0,11830.32656702034,56.843608664603664,149.0,52810.2734375
13,36,555.0,4020.0,12313.169680936135,51.9019281123542,113.0,53606.546875
13,37,0.0,4020.0,9158.35107591614,34.88098071887646,99.0,54581.15625000001
13,38,0.0,5460.0,9451.286625382207,25.333253987145916,31.0,54161.02734375
13,39,570.0,4080.0,12372.862763669433,47.29231135443942,75.0,53543.04687499999
13,40,0.0,4020.0,9370.841951082512,33.306355629612,53.0,54012.1171875
13,41,195.0,6420.0,13063.82457246512,22.23756248512259,18.0,56957.87109375
13,42,555.0,5460.0,12586.980998041388,39.71197333968104,53.0,53372.3828125
13,43,615.0,5460.0,11621.036837101117,39.20852178052844,50.0,52612.25390625
13,44,0.0,4080.0,10106.939896868535,24.372768388478935,36.0,54764.578125
13,45,570.0,5460.0,11493.880660297451,45.71411568674125,86.0,53017.61718749999
13,46,0.0,4020.0,10246.836301069721,23.108783622946916,28.0,54907.375
13,47,0.0,4020.0,10913.070556493141,23.2123303975244,13.0,58812.03515625
13,48,600.0,5460.0,12341.591254638795,42.43632468459891,58.0,53077.421875
13,49,0.0,5460.0,9075.597898447515,31.963818138538443,59.0,53739.02343749999
13,50,0.0,4080.0,9327.612740864646,26.650797429183527,35.0,54194.7734375
13,51,540.0,4080.0,12529.985635783254,62.445846227088786,114.0,52788.08984374999
13,52,600.0,5460.0,12412.272027186442,43.47536300880743,78.0,52556.3828125
13,53,0.0,5460.0,10493.663985155177,42.57557724351345,120.0,53329.5625
13,54,0.0,4020.0,8982.720286406184,22.823137348250416,15.0,54942.71875
13,55,585.0,4080.0,12823.657828512878,64.42037610092835,109.0,52454.1953125
13,56,0.0,4020.0,9862.711896496196,22.62318495596287,19.0,59347.86328125001
13,57,630.0,4020.0,11792.100387798342,39.76910259462033,80.0,53596.9296875
13,58,420.0,5520.0,12852.905735132295,35.39514401333016,52.0,53324.22656249999
13,59,585.0,4080.0,11228.425001606123,42.586288978814565,79.0,53427.61328125
13,60,15.0,5460.0,9226.451079063787,31.47821947155439,57.0,53600.74609375
13,61,45.0,4020.0,10106.503809678274,59.49297786241371,128.0,52567.5234375
13,62,0.0,5460.0,10073.49466598102,43.800285646274695,106.0,52948.21875
13,63,0.0,4020.0,9352.304473741173,26.979290645084504,48.0,54936.32031250001
13,64,675.0,4020.0,11146.918246057638,49.04189478695549,114.0,53556.71875
13,65,0.0,4020.0,8751.321156973103,21.680552249464412,89.0,56070.734375
13,66,585.0,5460.0,12146.144896038248,44.49654844084742,76.0,53328.22265625
13,67,0.0,4020.0,9289.033666807896,27.30778386098548,48.0,54723.15625
13,68,0.0,4020.0,8853.723299114103,24.626279457272076,27.0,56297.62890625
13,69,600.0,4080.0,11559.087608175389,43.21471078314687,85.0,52402.91015625
13,70,690.0,5460.0,11460.19726625575,45.24636991192573,45.0,53287.23828125
13,71,600.0,4020.0,11501.771829591697,54.654844084741725,134.0,52374.04296875
13,72,675.0,4080.0,11881.126691108002,36.30207093549155,39.0,52702.88671874999
13,73,0.0,5460.0,10269.458684047539,46.72101880504642,127.0,52885.296875
13,74,120.0,4020.0,11911.29444922414,29.49297786241371,29.0,55224.6328125
13,75,0.0,5460.0,10523.474804161247,31.003332539871465,54.0,54193.51171875
13,76,435.0,5520.0,12174.346795370515,31.899547726731726,47.0,54565.70703125
13,77,0.0,5460.0,10542.317769161287,24.904784575101168,17.0,60624.7890625
13,78,120.0,5460.0,12810.941542948538,30.646274696500832,48.0,54521.19921875
13,79,240.0,5580.0,10734.612235770805,27.489883361104496,49.0,54253.3203125
13,80,45.0,4020.0,10445.179255964827,23.74791716258034,15.0,56173.52343749999
13,81,0.0,5460.0,10741.281865234818,32.917162580338015,62.0,54033.625
13,82,0.0,5460.0,9629.179870234668,24.401333015948584,30.0,54966.03515625001
13,83,615.0,5460.0,11568.093314019512,45.08569388240895,89.0,53765.23046875
13,84,0.0,4020.0,9254.213834923397,25.858129016900733,32.0,55626.40234375
13,85,615.0,4140.0,12716.870124820707,38.76934063318257,53.0,54795.03125
13,86,135.0,5460.0,11476.051252377296,26.15805760533206,32.0,54635.49609375
13,87,0.0,4020.0,10707.329688339967,63.04213282551773,147.0,53631.96093749999
13,88,0.0,4020.0,10129.818439304432,24.126398476553202,24.0,55530.96484375001
13,89,0.0,4020.0,9679.581021637994,28.03975243989526,38.0,55521.24609375
13,90,0.0,5460.0,10773.896954776752,44.53225422518448,122.0,53412.69140624999
13,91,705.0,4140.0,12428.169360328618,37.61604379909545,43.0,54755.79687500001
13,92,0.0,5460.0,9329.634084134643,27.36134253749107,50.0,54987.31640625
13,93,0.0,4020.0,9221.955590552065,23.462270887883836,22.0,55672.85937500001
13,94,690.0,5460.0,11811.06841553888,57.164960723637236,101.0,53275.4296875
13,95,0.0,4020.0,9159.199065267447,25.476077124494168,30.0,57574.4140625
13,96,120.0,5460.0,11325.616818169674,38.15163056415139,85.0,53855.79296875
13,97,0.0,4080.0,10837.63027449133,22.823137348250416,29.0,56172.42578125
13,98,15.0,5460.0,10552.027170147172,47.62794572720781,130.0,53442.18359375
13,99,0.0,5460.0,9295.588000086977,25.929540585574863,30.0,55481.5703125
13,100,0.0,4020.0,9214.376138167427,27.94334682218519,62.0,57425.12890625
13,101,675.0,4140.0,12383.530375779119,34.76315163056415,44.0,54455.73828125
13,102,0.0,5460.0,9681.676330029717,33.40990240418948,71.0,53865.54296874999
13,103,0.0,5460.0,9564.550365743886,26.42585098786003,40.0,54823.71875000001
13,104,0.0,5460.0,10700.514324922802,32.82789811949536,62.0,54063.88671875001
13,105,120.0,4020.0,12726.83015231015,54.66555582004285,154.0,53586.27734375
13,106,0.0,5460.0,9298.975641409754,27.761247322066176,52.0,54956.47265625
13,107,0.0,4020.0,9826.40849458296,38.45512973101643,95.0,54988.4921875
13,108,0.0,4020.0,9879.822551949379,29.178766960247557,48.0,54812.39843750001
13,109,120.0,4020.0,12231.319994324524,35.884313258747916,91.0,53667.8125
13,110,0.0,4020.0,10058.654600408445,40.68674125208284,83.0,53908.44921875
13,111,600.0,5460.0,12499.109878743137,47.52082837419662,85.0,53474.07421875
13,112,0.0,4020.0,9424.960595187698,32.3387288740776,73.0,55518.6171875
13,113,0.0,4080.0,10236.499707964533,29.79647702927874,37.0,55066.96484375
13,114,0.0,4020.0,10106.047025417047,41.24375148774102,87.0,53853.50390625
13,115,0.0,4080.0,9587.048827847131,37.05189240656986,78.0,54873.14453125001
13,116,540.0,5460.0,11546.635766088224,36.60914068079029,53.0,54482.71875
13,117,0.0,4020.0,10616.901989656322,32.42442275648656,44.0,54797.01171875
13,118,0.0,4080.0,10464.823609870069,39.44060937871935,98.0,54215.94921874999
13,119,0.0,4020.0,9509.494414496945,30.142823137348252,47.0,54998.3984375
13,120,0.0,4020.0,9558.448970233534,44.49654844084742,129.0,54068.109375
13,121,0.0,4020.0,9602.88351708564,23.01951916210426,19.0,56415.36328125
13,122,0.0,4020.0,10577.581108747978,24.190668888359916,16.0,57708.078125
13,123,0.0,4020.0,9842.863070911106,28.92168531302071,52.0,55363.85546875
13,124,15.0,4020.0,10105.550685320082,47.413711021185435,141.0,53678.703125
13,125,0.0,4020.0,10205.869415985668,32.37800523684837,44.0,55422.5625
14,0,0.0,4020.0,10252.598470631674,21.737681504403714,26.0,61158.33203125
14,1,0.0,4020.0,10376.22378824792,21.5591525827184,22.0,59461.1015625
14,2,630.0,4080.0,11686.598674264511,46.19257319685789,67.0,53611.62109374999
14,3,0.0,4080.0,10364.180747983195,22.305403475363008,17.0,56480.55078125
14,4,0.0,4020.0,8830.414063652763,35.105927160199954,101.0,55451.015625
14,5,0.0,4020.0,9053.881124838092,22.38038562247084,33.0,56748.40234375
14,6,540.0,4140.0,11651.199781288564,41.83289692930255,62.0,53351.125
14,7,180.0,4080.0,13327.58422444655,22.280409426327065,18.0,57152.25390625001
14,8,0.0,4020.0,9992.000240812751,30.764103784813138,42.0,54723.72656249999
14,9,0.0,4020.0,10642.129319569205,29.957153058795527,62.0,54250.6484375
14,10,15.0,5460.0,10559.391425811351,37.66603189716734,88.0,52775.69531249999
14,11,0.0,5460.0,10218.469021867597,25.322542251844798,27.0,54762.81640624999
14,12,120.0,4020.0,11656.205373019231,29.842894548916924,48.0,54377.57421875
14,13,0.0,4020.0,10231.73314055445,22.576767436324683,30.0,58482.56640625001
14,14,555.0,4140.0,11538.12060644366,31.160437990954534,30.0,54737.73046875
14,15,615.0,4020.0,12153.382454778239,49.41323494406094,91.0,53580.0078125
14,16,0.0,4080.0,10650.479871531432,25.940252320875977,8.0,57868.53125000001
14,17,120.0,4020.0,12472.042719470242,55.29040704594144,156.0,52593.16015625
14,18,0.0,4020.0,11087.63414329298,28.6895977148298,32.0,54553.79296875
14,19,0.0,4020.0,9224.008305379688,35.72363722923114,73.0,53612.1171875
14,20,0.0,4020.0,11003.94645693931,38.240895024994046,55.0,53678.52734375
14,21,0.0,4020.0,8848.657030324586,32.517257795762916,86.0,55446.41015625
14,22,615.0,4140.0,12439.136458430381,44.810759343013565,77.0,53233.09375
14,23,0.0,5460.0,9627.019809649286,33.663413472982626,74.0,53508.38281249999
14,24,645.0,4020.0,12097.522301939334,48.1920971197334,81.0,53525.3359375
14,25,0.0,4020.0,9158.35107591614,34.88098071887646,99.0,54581.15625000001
14,26,0.0,5460.0,9451.286625382207,25.333253987145916,31.0,54161.02734375
14,27,570.0,4080.0,12372.862763669433,47.29231135443942,75.0,53543.04687499999
14,28,0.0,4020.0,9370.841951082512,33.306355629612,53.0,54012.1171875
14,29,195.0,6420.0,13063.82457246512,22.23756248512259,18.0,56957.87109375
14,30,555.0,5460.0,12586.980998041388,39.71197333968104,53.0,53372.3828125
14,31,615.0,5460.0,11621.036837101117,39.20852178052844,50.0,52612.25390625
14,32,0.0,4080.0,10106.939896868535,24.372768388478935,36.0,54764.578125
14,33,570.0,5460.0,11493.880660297451,45.71411568674125,86.0,53017.61718749999
14,34,0.0,4020.0,10246.836301069721,23.108783622946916,28.0,54907.375
14,35,600.0,5460.0,12341.591254638795,42.43632468459891,58.0,53077.421875
14,36,0.0,5460.0,9075.597898447515,31.963818138538443,59.0,53739.02343749999
14,37,0.0,4080.0,9327.612740864646,26.650797429183527,35.0,54194.7734375
14,38,600.0,5460.0,12412.272027186442,43.47536300880743,78.0,52556.3828125
14,39,0.0,4020.0,8982.720286406184,22.823137348250416,15.0,54942.71875
14,40,585.0,4080.0,12823.657828512878,64.42037610092835,109.0,52454.1953125
14,41,0.0,4020.0,9862.711896496196,22.62318495596287,19.0,59347.86328125001
14,42,630.0,4020.0,11792.100387798342,39.76910259462033,80.0,53596.9296875
14,43,420.0,5520.0,12852.905735132295,35.39514401333016,52.0,53324.22656249999
14,44,585.0,4080.0,11228.425001606123,42.586288978814565,79.0,53427.61328125
14,45,15.0,5460.0,9226.451079063787,31.47821947155439,57.0,53600.74609375
14,46,45.0,4020.0,10106.503809678274,59.49297786241371,128.0,52567.5234375
14,47,0.0,4020.0,8751.321156973103,21.680552249464412,89.0,56070.734375
14,48,585.0,5460.0,12146.144896038248,44.49654844084742,76.0,53328.22265625
14,49,0.0,4020.0,9289.033666807896,27.30778386098548,48.0,54723.15625
14,50,0.0,4020.0,8853.723299114103,24.626279457272076,27.0,56297.62890625
14,51,600.0,4080.0,11559.087608175389,43.21471078314687,85.0,52402.91015625
14,52,690.0,5460.0,11460.19726625575,45.24636991192573,45.0,53287.23828125
14,53,600.0,4020.0,11501.771829591697,54.654844084741725,134.0,52374.04296875
14,54,675.0,4080.0,11881.126691108002,36.30207093549155,39.0,52702.88671874999
14,55,600.0,4080.0,11655.457560883893,44.04665555820043,85.0,52083.51171875
14,56,540.0,4140.0,12678.986619766689,49.69174006189002,107.0,51833.62890625
14,57,30.0,4020.0,9292.98350327622,31.906688883599138,59.0,54411.74609374999
14,58,210.0,4020.0,13596.500578292638,50.60223756248512,90.0,53154.37890625
14,59,0.0,4080.0,9749.999779691381,27.957629135920016,32.0,53801.33984375
14,60,0.0,4020.0,9840.480298119797,42.40418947869555,101.0,52646.25390625
14,61,0.0,4020.0,8976.974972850967,25.24398952630326,41.0,54909.7109375
14,62,180.0,4020.0,12129.46457568584,30.824803618186145,37.0,54501.21484375
14,63,810.0,4020.0,15434.113967112586,68.52654129969055,134.0,52328.125
14,64,645.0,4080.0,12433.380847034943,43.59319209711973,71.0,52686.34375
14,65,0.0,5460.0,9522.495944345832,27.175672458938344,43.0,53623.0625
14,66,450.0,5520.0,12136.787324998011,44.76791240180909,119.0,52568.83203125
14,67,0.0,4020.0,10250.043422054394,22.95524875029755,10.0,57830.671875
14,68,0.0,4020.0,10563.338660030433,34.75243989526303,73.0,53907.203125
14,69,0.0,4020.0,9637.923143201897,46.28183765770055,140.0,53093.23828125
14,70,120.0,4080.0,12047.31098803634,30.60342775529636,46.0,53646.62109375001
14,71,615.0,4140.0,12716.870124820707,38.76934063318257,53.0,54795.03125
14,72,240.0,5580.0,10734.612235770805,27.489883361104496,49.0,54253.3203125
14,73,120.0,5460.0,12810.941542948538,30.646274696500832,48.0,54521.19921875
14,74,0.0,5460.0,10523.474804161247,31.003332539871465,54.0,54193.51171875
14,75,120.0,4020.0,11911.29444922414,29.49297786241371,29.0,55224.6328125
14,76,0.0,5460.0,10542.317769161287,24.904784575101168,17.0,60624.7890625
14,77,0.0,5460.0,10269.458684047539,46.72101880504642,127.0,52885.296875
14,78,435.0,5520.0,12174.346795370515,31.899547726731726,47.0,54565.70703125
14,79,705.0,4140.0,12428.169360328618,37.61604379909545,43.0,54755.79687500001
14,80,690.0,5460.0,11845.589570039225,46.44251368721733,95.0,52768.3125
14,81,0.0,5460.0,10741.281865234818,32.917162580338015,62.0,54033.625
14,82,0.0,4080.0,10479.23926912847,57.67912401809093,133.0,53433.203125
14,83,675.0,4140.0,12383.530375779119,34.76315163056415,44.0,54455.73828125
14,84,0.0,5460.0,10493.663985155177,42.57557724351345,120.0,53329.5625
14,85,0.0,5460.0,10073.49466598102,43.800285646274695,106.0,52948.21875
14,86,135.0,5460.0,11476.051252377296,26.15805760533206,32.0,54635.49609375
14,87,0.0,4080.0,10837.63027449133,22.823137348250416,29.0,56172.42578125
14,88,0.0,5460.0,9564.550365743886,26.42585098786003,40.0,54823.71875000001
14,89,60.0,4080.0,10217.471382353153,45.87479171625803,121.0,53278.72656249999
14,90,0.0,4020.0,9159.199065267447,25.476077124494168,30.0,57574.4140625
14,91,690.0,5460.0,11811.06841553888,57.164960723637236,101.0,53275.4296875
14,92,120.0,4020.0,12231.319994324524,35.884313258747916,91.0,53667.8125
14,93,0.0,4020.0,9352.304473741173,26.979290645084504,48.0,54936.32031250001
14,94,0.0,4020.0,9221.955590552065,23.462270887883836,22.0,55672.85937500001
14,95,0.0,4020.0,10004.655534957154,25.2082837419662,53.0,55374.94921875001
14,96,615.0,5460.0,11568.093314019512,45.08569388240895,89.0,53765.23046875
14,97,0.0,5460.0,9681.676330029717,33.40990240418948,71.0,53865.54296874999
14,98,585.0,5460.0,12759.612167237228,43.000476077124496,78.0,53427.00390624999
14,99,0.0,5460.0,9472.92872738378,29.250178528921687,47.0,54991.25781249999
14,100,0.0,5460.0,9295.588000086977,25.929540585574863,30.0,55481.5703125
14,101,0.0,4020.0,9509.494414496945,30.142823137348252,47.0,54998.3984375
14,102,0.0,4020.0,9254.213834923397,25.858129016900733,32.0,55626.40234375
14,103,0.0,4020.0,10518.18109108484,47.7921923351583,140.0,52943.06640625
14,104,0.0,5460.0,10165.164996601638,35.05593906212806,79.0,53765.546875
14,105,390.0,5520.0,12517.157736617439,33.80623661033087,50.0,54024.8515625
14,106,0.0,4020.0,10326.101769211622,23.45512973101642,30.0,55027.50781249999
14,107,405.0,5520.0,11706.061059858377,31.85670078552726,50.0,54305.1328125
14,108,0.0,5460.0,9329.634084134643,27.36134253749107,50.0,54987.31640625
14,109,0.0,4020.0,9214.376138167427,27.94334682218519,62.0,57425.12890625
14,110,540.0,5460.0,11546.635766088224,36.60914068079029,53.0,54482.71875
14,111,0.0,4020.0,9882.016115406059,23.790764103784813,24.0,55436.84765625
14,112,15.0,4020.0,10105.550685320082,47.413711021185435,141.0,53678.703125
14,113,600.0,5460.0,12499.109878743137,47.52082837419662,85.0,53474.07421875
14,114,0.0,4020.0,10171.738973883814,46.68531302070935,134.0,53357.015625
14,115,0.0,5460.0,9298.975641409754,27.761247322066176,52.0,54956.47265625
14,116,0.0,4020.0,10106.047025417047,41.24375148774102,87.0,53853.50390625
14,117,0.0,4020.0,9679.581021637994,28.03975243989526,38.0,55521.24609375
14,118,30.0,4020.0,10719.60234517881,24.5263032611283,13.0,58088.37499999999
14,119,0.0,4020.0,10616.901989656322,32.42442275648656,44.0,54797.01171875
14,120,0.0,4020.0,10058.654600408445,40.68674125208284,83.0,53908.44921875
14,121,0.0,5460.0,9629.179870234668,24.401333015948584,30.0,54966.03515625001
14,122,0.0,4020.0,10071.342370427716,44.12520828374197,139.0,53769.64453125
14,123,0.0,4020.0,10894.054596558868,23.005236848369435,12.0,58883.90624999999
14,124,0.0,4020.0,10134.731750804578,31.428231373482504,36.0,55002.44921875
14,125,0.0,4080.0,9587.048827847131,37.05189240656986,78.0,54873.14453125001
15,0,0.0,4020.0,10252.598470631674,21.737681504403714,26.0,61158.33203125
15,1,0.0,4020.0,10376.22378824792,21.5591525827184,22.0,59461.1015625
15,2,0.0,4080.0,10364.180747983195,22.305403475363008,17.0,56480.55078125
15,3,0.0,4020.0,9053.881124838092,22.38038562247084,33.0,56748.40234375
15,4,180.0,4080.0,13327.58422444655,22.280409426327065,18.0,57152.25390625001
15,5,15.0,5460.0,10559.391425811351,37.66603189716734,88.0,52775.69531249999
15,6,0.0,5460.0,10218.469021867597,25.322542251844798,27.0,54762.81640624999
15,7,0.0,4020.0,10231.73314055445,22.576767436324683,30.0,58482.56640625001
15,8,555.0,4140.0,11538.12060644366,31.160437990954534,30.0,54737.73046875
15,9,0.0,4080.0,10650.479871531432,25.940252320875977,8.0,57868.53125000001
15,10,120.0,4020.0,12472.042719470242,55.29040704594144,156.0,52593.16015625
15,11,0.0,4020.0,11087.63414329298,28.6895977148298,32.0,54553.79296875
15,12,0.0,4020.0,9224.008305379688,35.72363722923114,73.0,53612.1171875
15,13,0.0,4020.0,9158.35107591614,34.88098071887646,99.0,54581.15625000001
15,14,0.0,5460.0,9451.286625382207,25.333253987145916,31.0,54161.02734375
15,15,0.0,4020.0,9370.841951082512,33.306355629612,53.0,54012.1171875
15,16,195.0,6420.0,13063.82457246512,22.23756248512259,18.0,56957.87109375
15,17,615.0,5460.0,11621.036837101117,39.20852178052844,50.0,52612.25390625
15,18,0.0,4080.0,10106.939896868535,24.372768388478935,36.0,54764.578125
15,19,570.0,5460.0,11493.880660297451,45.71411568674125,86.0,53017.61718749999
15,20,0.0,4020.0,10246.836301069721,23.108783622946916,28.0,54907.375
15,21,600.0,5460.0,12341.591254638795,42.43632468459891,58.0,53077.421875
15,22,0.0,5460.0,9075.597898447515,31.963818138538443,59.0,53739.02343749999
15,23,0.0,4080.0,9327.612740864646,26.650797429183527,35.0,54194.7734375
15,24,600.0,5460.0,12412.272027186442,43.47536300880743,78.0,52556.3828125
15,25,0.0,4020.0,8982.720286406184,22.823137348250416,15.0,54942.71875
15,26,585.0,4080.0,12823.657828512878,64.42037610092835,109.0,52454.1953125
15,27,0.0,4020.0,9862.711896496196,22.62318495596287,19.0,59347.86328125001
15,28,15.0,5460.0,9226.451079063787,31.47821947155439,57.0,53600.74609375
15,29,45.0,4020.0,10106.503809678274,59.49297786241371,128.0,52567.5234375
15,30,0.0,4020.0,8751.321156973103,21.680552249464412,89.0,56070.734375
15,31,0.0,4020.0,9289.033666807896,27.30778386098548,48.0,54723.15625
15,32,0.0,4020.0,8853.723299114103,24.626279457272076,27.0,56297.62890625
15,33,600.0,4080.0,11559.087608175389,43.21471078314687,85.0,52402.91015625
15,34,600.0,4020.0,11501.771829591697,54.654844084741725,134.0,52374.04296875
15,35,675.0,4080.0,11881.126691108002,36.30207093549155,39.0,52702.88671874999
15,36,600.0,4080.0,11655.457560883893,44.04665555820043,85.0,52083.51171875
15,37,540.0,4140.0,12678.986619766689,49.69174006189002,107.0,51833.62890625
15,38,30.0,4020.0,9292.98350327622,31.906688883599138,59.0,54411.74609374999
15,39,0.0,4080.0,9749.999779691381,27.957629135920016,32.0,53801.33984375
15,40,0.0,4020.0,9840.480298119797,42.40418947869555,101.0,52646.25390625
15,41,0.0,4020.0,8976.974972850967,25.24398952630326,41.0,54909.7109375
15,42,180.0,4020.0,12129.46457568584,30.824803618186145,37.0,54501.21484375
15,43,810.0,4020.0,15434.113967112586,68.52654129969055,134.0,52328.125
15,44,645.0,4080.0,12433.380847034943,43.59319209711973,71.0,52686.34375
15,45,0.0,4020.0,10250.043422054394,22.95524875029755,10.0,57830.671875
15,46,0.0,4020.0,9637.923143201897,46.28183765770055,140.0,53093.23828125
15,47,0.0,5460.0,9116.657785211348,22.72316115210664,27.0,54971.0546875
15,48,0.0,4080.0,9773.050669476223,28.139728636039038,33.0,53721.90625
15,49,585.0,4020.0,11558.329962473239,56.67222089978577,145.0,52342.92578124999
15,50,555.0,4140.0,11821.61876348035,31.360390383242084,27.0,54454.203125
15,51,555.0,5460.0,12412.286805320353,42.91835277314925,76.0,52876.77343750001
15,52,0.0,5460.0,9530.752363372107,40.265412996905496,127.0,52787.99999999999
15,53,0.0,4020.0,9317.317963017616,30.87479171625803,56.0,54156.66015625
15,54,630.0,5460.0,11533.2736195705,48.999047845751015,94.0,52403.16796875
15,55,525.0,4080.0,10940.669341102352,44.44656034277553,100.0,53079.26171875
15,56,0.0,5460.0,9367.662466053,26.615091644846466,36.0,53868.74218750001
15,57,0.0,4020.0,8593.032736777272,23.080218995477267,36.0,54959.06249999999
15,58,240.0,5520.0,10180.45784928474,24.294215662937397,28.0,52565.6640625
15,59,0.0,4080.0,10186.67382177991,24.10854558438467,14.0,55130.06640625
15,60,0.0,4020.0,9382.336198950303,26.068793144489405,38.0,53154.03515625
15,61,0.0,5460.0,9112.03879307643,26.647226850749817,48.0,54411.82421875001
15,62,0.0,4020.0,9026.365372287597,26.468697929064504,36.0,54929.07421875
15,63,0.0,5460.0,10542.317769161287,24.904784575101168,17.0,60624.7890625
15,64,120.0,4020.0,11911.29444922414,29.49297786241371,29.0,55224.6328125
15,65,120.0,4020.0,11656.205373019231,29.842894548916924,48.0,54377.57421875
15,66,285.0,5520.0,11082.682487699341,26.472268507498214,39.0,54783.90234375
15,67,540.0,4080.0,10829.089518919714,33.74196619852416,46.0,53785.0
15,68,0.0,5460.0,10493.663985155177,42.57557724351345,120.0,53329.5625
15,69,0.0,4080.0,10479.23926912847,57.67912401809093,133.0,53433.203125
15,70,120.0,4080.0,12047.31098803634,30.60342775529636,46.0,53646.62109375001
15,71,0.0,5460.0,9627.019809649286,33.663413472982626,74.0,53508.38281249999
15,72,450.0,5520.0,12136.787324998011,44.76791240180909,119.0,52568.83203125
15,73,0.0,4020.0,10071.342370427716,44.12520828374197,139.0,53769.64453125
15,74,645.0,5460.0,12654.955842065152,66.09140680790289,179.0,52866.19921875
15,75,0.0,4020.0,9254.213834923397,25.858129016900733,32.0,55626.40234375
15,76,570.0,4080.0,11136.984061927018,28.864556058081405,20.0,55161.51171875001
15,77,0.0,5460.0,10269.458684047539,46.72101880504642,127.0,52885.296875
15,78,135.0,5460.0,11476.051252377296,26.15805760533206,32.0,54635.49609375
15,79,525.0,5460.0,11841.701961243201,34.51321114020472,38.0,53974.76171875
15,80,0.0,5460.0,9629.179870234668,24.401333015948584,30.0,54966.03515625001
15,81,525.0,5460.0,11871.575479419116,42.59700071411569,72.0,53393.703125
15,82,0.0,4020.0,9867.929693448346,46.62818376577005,143.0,53403.1953125
15,83,420.0,5520.0,12852.905735132295,35.39514401333016,52.0,53324.22656249999
15,84,0.0,4020.0,9679.581021637994,28.03975243989526,38.0,55521.24609375
15,85,0.0,5460.0,10073.49466598102,43.800285646274695,106.0,52948.21875
15,86,0.0,4020.0,9214.376138167427,27.94334682218519,62.0,57425.12890625
15,87,675.0,4140.0,12383.530375779119,34.76315163056415,44.0,54455.73828125
15,88,690.0,5460.0,11845.589570039225,46.44251368721733,95.0,52768.3125
15,89,0.0,4020.0,9628.394112463251,23.194477505355866,36.0,57905.609375
15,90,0.0,4020.0,8830.414063652763,35.105927160199954,101.0,55451.015625
15,91,555.0,5460.0,11898.727041355905,42.97191144965485,72.0,53208.109375
15,92,690.0,5460.0,11811.06841553888,57.164960723637236,101.0,53275.4296875
15,93,0.0,5460.0,9472.92872738378,29.250178528921687,47.0,54991.25781249999
15,94,0.0,4020.0,10106.047025417047,41.24375148774102,87.0,53853.50390625
15,95,0.0,4020.0,9882.016115406059,23.790764103784813,24.0,55436.84765625
15,96,0.0,4020.0,9221.955590552065,23.462270887883836,22.0,55672.85937500001
15,97,0.0,4020.0,9352.304473741173,26.979290645084504,48.0,54936.32031250001
15,98,0.0,4020.0,9531.139531607761,44.59295405855749,129.0,53587.16796875
15,99,0.0,4020.0,10326.101769211622,23.45512973101642,30.0,55027.50781249999
15,100,0.0,4020.0,10171.738973883814,46.68531302070935,134.0,53357.015625
15,101,555.0,5460.0,12586.980998041388,39.71197333968104,53.0,53372.3828125
15,102,0.0,5460.0,9298.975641409754,27.761247322066176,52.0,54956.47265625
15,103,0.0,4020.0,9159.199065267447,25.476077124494168,30.0,57574.4140625
15,104,0.0,5460.0,9564.550365743886,26.42585098786003,40.0,54823.71875000001
15,105,60.0,4080.0,10217.471382353153,45.87479171625803,121.0,53278.72656249999
15,106,0.0,4080.0,9795.905629911365,38.73720542727922,86.0,53761.66406249999
15,107,0.0,4020.0,10004.655534957154,25.2082837419662,53.0,55374.94921875001
15,108,690.0,5460.0,11460.19726625575,45.24636991192573,45.0,53287.23828125
15,109,0.0,4020.0,10798.011796921102,32.13877648179005,47.0,53616.68359375
15,110,15.0,4080.0,10368.724732652056,36.59842894548917,82.0,53940.94921875001
15,111,0.0,4080.0,10837.63027449133,22.823137348250416,29.0,56172.42578125
15,112,0.0,5460.0,9329.634084134643,27.36134253749107,50.0,54987.31640625
15,113,0.0,4020.0,10518.18109108484,47.7921923351583,140.0,52943.06640625
15,114,0.0,4020.0,9019.853673702084,34.738157581528206,77.0,55004.72265625
15,115,0.0,4020.0,8848.657030324586,32.517257795762916,86.0,55446.41015625
15,116,0.0,4020.0,10563.338660030433,34.75243989526303,73.0,53907.203125
15,117,0.0,4080.0,10879.527296195,26.93287312544632,15.0,57466.515625
15,118,0.0,5460.0,9522.495944345832,27.175672458938344,43.0,53623.0625
15,119,30.0,4020.0,10719.60234517881,24.5263032611283,13.0,58088.37499999999
15,120,630.0,4020.0,11792.100387798342,39.76910259462033,80.0,53596.9296875
15,121,0.0,5460.0,9295.588000086977,25.929540585574863,30.0,55481.5703125
15,122,0.0,4020.0,10857.957930184399,30.489169245417756,49.0,53752.1953125
15,123,0.0,4020.0,10894.054596558868,23.005236848369435,12.0,58883.90624999999
15,124,0.0,4020.0,9992.000240812751,30.764103784813138,42.0,54723.72656249999
15,125,210.0,4020.0,13596.500578292638,50.60223756248512,90.0,53154.37890625
16,0,0.0,4020.0,10252.598470631674,21.737681504403714,26.0,61158.33203125
16,1,0.0,4020.0,10376.22378824792,21.5591525827184,22.0,59461.1015625
16,2,0.0,4080.0,10364.180747983195,22.305403475363008,17.0,56480.55078125
16,3,0.0,4020.0,9053.881124838092,22.38038562247084,33.0,56748.40234375
16,4,180.0,4080.0,13327.58422444655,22.280409426327065,18.0,57152.25390625001
16,5,15.0,5460.0,10559.391425811351,37.66603189716734,88.0,52775.69531249999
16,6,0.0,5460.0,10218.469021867597,25.322542251844798,27.0,54762.81640624999
16,7,0.0,4080.0,10650.479871531432,25.940252320875977,8.0,57868.53125000001
16,8,0.0,4020.0,11087.63414329298,28.6895977148298,32.0,54553.79296875
16,9,0.0,4020.0,9224.008305379688,35.72363722923114,73.0,53612.1171875
16,10,0.0,5460.0,9451.286625382207,25.333253987145916,31.0,54161.02734375
16,11,0.0,4020.0,9370.841951082512,33.306355629612,53.0,54012.1171875
16,12,195.0,6420.0,13063.82457246512,22.23756248512259,18.0,56957.87109375
16,13,615.0,5460.0,11621.036837101117,39.20852178052844,50.0,52612.25390625
16,14,0.0,4080.0,10106.939896868535,24.372768388478935,36.0,54764.578125
16,15,0.0,4020.0,10246.836301069721,23.108783622946916,28.0,54907.375
16,16,0.0,5460.0,9075.597898447515,31.963818138538443,59.0,53739.02343749999
16,17,0.0,4080.0,9327.612740864646,26.650797429183527,35.0,54194.7734375
16,18,0.0,4020.0,8982.720286406184,22.823137348250416,15.0,54942.71875
16,19,585.0,4080.0,12823.657828512878,64.42037610092835,109.0,52454.1953125
16,20,0.0,4020.0,9862.711896496196,22.62318495596287,19.0,59347.86328125001
16,21,15.0,5460.0,9226.451079063787,31.47821947155439,57.0,53600.74609375
16,22,0.0,4020.0,8751.321156973103,21.680552249464412,89.0,56070.734375
16,23,0.0,4020.0,8853.723299114103,24.626279457272076,27.0,56297.62890625
16,24,600.0,4080.0,11559.087608175389,43.21471078314687,85.0,52402.91015625
16,25,600.0,4020.0,11501.771829591697,54.654844084741725,134.0,52374.04296875
16,26,675.0,4080.0,11881.126691108002,36.30207093549155,39.0,52702.88671874999
16,27,600.0,4080.0,11655.457560883893,44.04665555820043,85.0,52083.51171875
16,28,540.0,4140.0,12678.986619766689,49.69174006189002,107.0,51833.62890625
16,29,0.0,4080.0,9749.999779691381,27.957629135920016,32.0,53801.33984375
16,30,0.0,4020.0,8976.974972850967,25.24398952630326,41.0,54909.7109375
16,31,810.0,4020.0,15434.113967112586,68.52654129969055,134.0,52328.125
16,32,645.0,4080.0,12433.380847034943,43.59319209711973,71.0,52686.34375
16,33,0.0,4020.0,10250.043422054394,22.95524875029755,10.0,57830.671875
16,34,0.0,5460.0,9116.657785211348,22.72316115210664,27.0,54971.0546875
16,35,0.0,4080.0,9773.050669476223,28.139728636039038,33.0,53721.90625
16,36,585.0,4020.0,11558.329962473239,56.67222089978577,145.0,52342.92578124999
16,37,0.0,4020.0,9317.317963017616,30.87479171625803,56.0,54156.66015625
16,38,630.0,5460.0,11533.2736195705,48.999047845751015,94.0,52403.16796875
16,39,0.0,5460.0,9367.662466053,26.615091644846466,36.0,53868.74218750001
16,40,0.0,4020.0,8593.032736777272,23.080218995477267,36.0,54959.06249999999
16,41,240.0,5520.0,10180.45784928474,24.294215662937397,28.0,52565.6640625
16,42,0.0,4080.0,10186.67382177991,24.10854558438467,14.0,55130.06640625
16,43,0.0,4020.0,9382.336198950303,26.068793144489405,38.0,53154.03515625
16,44,0.0,5460.0,9112.03879307643,26.647226850749817,48.0,54411.82421875001
16,45,0.0,4020.0,9026.365372287597,26.468697929064504,36.0,54929.07421875
16,46,690.0,4080.0,14630.075346285572,58.200428469412046,95.0,51138.42968750001
16,47,120.0,4020.0,11990.5033937634,22.66603189716734,18.0,59117.58984375
16,48,0.0,4020.0,10033.111002930935,21.955486788859794,22.0,56399.3359375
16,49,525.0,4080.0,10991.885390929248,36.67698167103071,54.0,52718.9296875
16,50,0.0,4020.0,10789.471288205139,29.364437038800283,34.0,53828.74609375
16,51,0.0,4020.0,9808.751654935808,33.602713639609625,93.0,52975.51953125
16,52,0.0,4080.0,10114.855565851594,32.84575101166389,75.0,52963.38671875
16,53,15.0,4020.0,9038.489190420853,22.269697691025947,23.0,54659.61718749999
16,54,0.0,4020.0,8973.183918597479,26.690073791954298,37.0,54717.98046875
16,55,0.0,4020.0,9092.94188454849,33.46703165912878,79.0,53530.609375
16,56,660.0,4080.0,12204.963590231262,39.51559152582719,49.0,52958.97265625
16,57,30.0,4020.0,9009.814603109047,28.65032135205903,45.0,53350.58984375001
16,58,0.0,4020.0,9951.749321440268,43.30754582242323,117.0,52450.12890624999
16,59,525.0,4080.0,10903.642089734167,26.211616281837657,22.0,54738.671875
16,60,120.0,4020.0,10884.648259402547,27.36848369435848,25.0,54324.52343750001
16,61,0.0,4020.0,9423.123444457986,40.24041894786956,72.0,52519.54296875
16,62,120.0,4080.0,12047.31098803634,30.60342775529636,46.0,53646.62109375001
16,63,285.0,5520.0,11082.682487699341,26.472268507498214,39.0,54783.90234375
16,64,0.0,4020.0,9439.878890199681,44.23232563675315,130.0,52745.62890625
16,65,495.0,5520.0,11687.947710455966,33.12068555105928,49.0,52817.10156250001
16,66,120.0,4020.0,11911.29444922414,29.49297786241371,29.0,55224.6328125
16,67,0.0,5460.0,10542.317769161287,24.904784575101168,17.0,60624.7890625
16,68,0.0,5460.0,9530.752363372107,40.265412996905496,127.0,52787.99999999999
16,69,0.0,5460.0,9627.019809649286,33.663413472982626,74.0,53508.38281249999
16,70,555.0,5460.0,12586.980998041388,39.71197333968104,53.0,53372.3828125
16,71,45.0,4020.0,10106.503809678274,59.49297786241371,128.0,52567.5234375
16,72,180.0,4020.0,12129.46457568584,30.824803618186145,37.0,54501.21484375
16,73,555.0,4140.0,11821.61876348035,31.360390383242084,27.0,54454.203125
16,74,525.0,5460.0,11841.701961243201,34.51321114020472,38.0,53974.76171875
16,75,420.0,5520.0,12852.905735132295,35.39514401333016,52.0,53324.22656249999
16,76,570.0,5460.0,11493.880660297451,45.71411568674125,86.0,53017.61718749999
16,77,600.0,5460.0,12341.591254638795,42.43632468459891,58.0,53077.421875
16,78,555.0,4140.0,11538.12060644366,31.160437990954534,30.0,54737.73046875
16,79,0.0,4020.0,10326.101769211622,23.45512973101642,30.0,55027.50781249999
16,80,0.0,4020.0,9840.480298119797,42.40418947869555,101.0,52646.25390625
16,81,690.0,5460.0,11845.589570039225,46.44251368721733,95.0,52768.3125
16,82,555.0,5460.0,12412.286805320353,42.91835277314925,76.0,52876.77343750001
16,83,135.0,5460.0,11476.051252377296,26.15805760533206,32.0,54635.49609375
16,84,120.0,4020.0,12472.042719470242,55.29040704594144,156.0,52593.16015625
16,85,0.0,4020.0,9679.581021637994,28.03975243989526,38.0,55521.24609375
16,86,570.0,4080.0,11136.984061927018,28.864556058081405,20.0,55161.51171875001
16,87,600.0,5460.0,12412.272027186442,43.47536300880743,78.0,52556.3828125
16,88,690.0,5460.0,11460.19726625575,45.24636991192573,45.0,53287.23828125
16,89,0.0,4020.0,9214.376138167427,27.94334682218519,62.0,57425.12890625
16,90,0.0,4020.0,9628.394112463251,23.194477505355866,36.0,57905.609375
16,91,0.0,4080.0,10837.63027449133,22.823137348250416,29.0,56172.42578125
16,92,525.0,5460.0,11871.575479419116,42.59700071411569,72.0,53393.703125
16,93,0.0,4020.0,9882.016115406059,23.790764103784813,24.0,55436.84765625
16,94,555.0,5460.0,11898.727041355905,42.97191144965485,72.0,53208.109375
16,95,0.0,4020.0,9210.850398075872,28.44679838133778,37.0,55787.70703125
16,96,0.0,4020.0,9159.199065267447,25.476077124494168,30.0,57574.4140625
16,97,0.0,4020.0,9019.853673702084,34.738157581528206,77.0,55004.72265625
16,98,0.0,4020.0,9221.955590552065,23.462270887883836,22.0,55672.85937500001
16,99,15.0,4020.0,9217.68139490634,29.21447274458462,56.0,54847.9609375
16,100,0.0,4020.0,8848.657030324586,32.517257795762916,86.0,55446.41015625
16,101,0.0,4020.0,10798.011796921102,32.13877648179005,47.0,53616.68359375
16,102,0.0,5460.0,9629.179870234668,24.401333015948584,30.0,54966.03515625001
16,103,0.0,4020.0,10004.655534957154,25.2082837419662,53.0,55374.94921875001
16,104,450.0,5520.0,12136.787324998011,44.76791240180909,119.0,52568.83203125
16,105,0.0,4020.0,8830.414063652763,35.105927160199954,101.0,55451.015625
16,106,0.0,4020.0,9254.213834923397,25.858129016900733,32.0,55626.40234375
16,107,0.0,5460.0,9472.92872738378,29.250178528921687,47.0,54991.25781249999
16,108,120.0,4020.0,11656.205373019231,29.842894548916924,48.0,54377.57421875
16,109,0.0,4020.0,9352.304473741173,26.979290645084504,48.0,54936.32031250001
16,110,0.0,4020.0,9289.033666807896,27.30778386098548,48.0,54723.15625
16,111,0.0,4080.0,9795.905629911365,38.73720542727922,86.0,53761.66406249999
16,112,0.0,5460.0,9564.550365743886,26.42585098786003,40.0,54823.71875000001
16,113,0.0,4020.0,10563.338660030433,34.75243989526303,73.0,53907.203125
16,114,0.0,4020.0,10231.73314055445,22.576767436324683,30.0,58482.56640625001
16,115,0.0,4080.0,9556.988777307011,29.86788859795287,42.0,53767.84765625
16,116,0.0,4020.0,9678.33544970052,38.273030230897405,96.0,53790.59375
16,117,0.0,5460.0,9522.495944345832,27.175672458938344,43.0,53623.0625
16,118,30.0,4020.0,10719.60234517881,24.5263032611283,13.0,58088.37499999999
16,119,0.0,4020.0,9992.000240812751,30.764103784813138,42.0,54723.72656249999
16,120,0.0,4080.0,10879.527296195,26.93287312544632,15.0,57466.515625
16,121,525.0,4080.0,10940.669341102352,44.44656034277553,100.0,53079.26171875
16,122,0.0,5460.0,9295.588000086977,25.929540585574863,30.0,55481.5703125
16,123,30.0,4020.0,9292.98350327622,31.906688883599138,59.0,54411.74609374999
16,124,0.0,4020.0,9158.35107591614,34.88098071887646,99.0,54581.15625000001
16,125,0.0,4020.0,10857.957930184399,30.489169245417756,49.0,53752.1953125
17,0,0.0,4080.0,10364.180747983195,22.305403475363008,17.0,56480.55078125
17,1,0.0,4020.0,9053.881124838092,22.38038562247084,33.0,56748.40234375
17,2,15.0,5460.0,10559.391425811351,37.66603189716734,88.0,52775.69531249999
17,3,0.0,4080.0,10650.479871531432,25.940252320875977,8.0,57868.53125000001
17,4,0.0,4020.0,9224.008305379688,35.72363722923114,73.0,53612.1171875
17,5,0.0,4020.0,9370.841951082512,33.306355629612,53.0,54012.1171875
17,6,0.0,4080.0,10106.939896868535,24.372768388478935,36.0,54764.578125
17,7,0.0,4020.0,10246.836301069721,23.108783622946916,28.0,54907.375
17,8,0.0,5460.0,9075.597898447515,31.963818138538443,59.0,53739.02343749999
17,9,0.0,4080.0,9327.612740864646,26.650797429183527,35.0,54194.7734375
17,10,0.0,4020.0,8982.720286406184,22.823137348250416,15.0,54942.71875
17,11,15.0,5460.0,9226.451079063787,31.47821947155439,57.0,53600.74609375
17,12,0.0,4020.0,8751.321156973103,21.680552249464412,89.0,56070.734375
17,13,0.0,4020.0,8853.723299114103,24.626279457272076,27.0,56297.62890625
17,14,600.0,4020.0,11501.771829591697,54.654844084741725,134.0,52374.04296875
17,15,675.0,4080.0,11881.126691108002,36.30207093549155,39.0,52702.88671874999
17,16,600.0,4080.0,11655.457560883893,44.04665555820043,85.0,52083.51171875
17,17,540.0,4140.0,12678.986619766689,49.69174006189002,107.0,51833.62890625
17,18,0.0,4080.0,9749.999779691381,27.957629135920016,32.0,53801.33984375
17,19,0.0,4020.0,8976.974972850967,25.24398952630326,41.0,54909.7109375
17,20,810.0,4020.0,15434.113967112586,68.52654129969055,134.0,52328.125
17,21,0.0,4020.0,10250.043422054394,22.95524875029755,10.0,57830.671875
17,22,0.0,5460.0,9116.657785211348,22.72316115210664,27.0,54971.0546875
17,23,0.0,4080.0,9773.050669476223,28.139728636039038,33.0,53721.90625
17,24,585.0,4020.0,11558.329962473239,56.67222089978577,145.0,52342.92578124999
17,25,0.0,4020.0,9317.317963017616,30.87479171625803,56.0,54156.66015625
17,26,0.0,4020.0,8593.032736777272,23.080218995477267,36.0,54959.06249999999
17,27,240.0,5520.0,10180.45784928474,24.294215662937397,28.0,52565.6640625
17,28,0.0,4080.0,10186.67382177991,24.10854558438467,14.0,55130.06640625
17,29,0.0,4020.0,9382.336198950303,26.068793144489405,38.0,53154.03515625
17,30,0.0,5460.0,9112.03879307643,26.647226850749817,48.0,54411.82421875001
17,31,0.0,4020.0,9026.365372287597,26.468697929064504,36.0,54929.07421875
17,32,690.0,4080.0,14630.075346285572,58.200428469412046,95.0,51138.42968750001
17,33,0.0,4020.0,10789.471288205139,29.364437038800283,34.0,53828.74609375
17,34,0.0,4020.0,9808.751654935808,33.602713639609625,93.0,52975.51953125
17,35,0.0,4080.0,10114.855565851594,32.84575101166389,75.0,52963.38671875
17,36,15.0,4020.0,9038.489190420853,22.269697691025947,23.0,54659.61718749999
17,37,0.0,4020.0,8973.183918597479,26.690073791954298,37.0,54717.98046875
17,38,0.0,4020.0,9092.94188454849,33.46703165912878,79.0,53530.609375
17,39,660.0,4080.0,12204.963590231262,39.51559152582719,49.0,52958.97265625
17,40,30.0,4020.0,9009.814603109047,28.65032135205903,45.0,53350.58984375001
17,41,0.0,4020.0,9951.749321440268,43.30754582242323,117.0,52450.12890624999
17,42,525.0,4080.0,10903.642089734167,26.211616281837657,22.0,54738.671875
17,43,120.0,4020.0,10884.648259402547,27.36848369435848,25.0,54324.52343750001
17,44,0.0,4020.0,9423.123444457986,40.24041894786956,72.0,52519.54296875
17,45,240.0,5520.0,10220.423619671521,24.744108545584385,30.0,52443.83593749999
17,46,0.0,4020.0,9813.963387148084,21.14139490597477,18.0,55790.33203124999
17,47,0.0,5460.0,9277.783214551153,24.397762437514878,25.0,53487.8046875
17,48,30.0,4080.0,9573.636100180342,31.11402047131635,50.0,52321.27734375
17,49,0.0,5460.0,9294.543560595368,27.407760057129252,51.0,53327.62109375
17,50,0.0,4020.0,10421.656605433433,22.469650083313496,26.0,54869.32421875
17,51,0.0,4020.0,9398.447357960911,28.032611283027848,36.0,54379.3828125
17,52,675.0,4020.0,11622.408345665262,51.898357533920496,83.0,52451.34375
17,53,0.0,4020.0,10053.25484843579,27.322066174720305,27.0,54352.90624999999
17,54,0.0,4020.0,9076.985600285003,38.676505593906214,114.0,53385.11328124999
17,55,180.0,4020.0,12129.46457568584,30.824803618186145,37.0,54501.21484375
17,56,615.0,4020.0,10813.538032632947,37.40895024994049,59.0,53337.64453124999
17,57,0.0,5460.0,9295.588000086977,25.929540585574863,30.0,55481.5703125
17,58,0.0,5460.0,10218.469021867597,25.322542251844798,27.0,54762.81640624999
17,59,345.0,5520.0,11067.697422377903,33.906212806474656,29.0,52714.75781250001
17,60,180.0,4080.0,13327.58422444655,22.280409426327065,18.0,57152.25390625001
17,61,630.0,5460.0,11533.2736195705,48.999047845751015,94.0,52403.16796875
17,62,600.0,5460.0,12412.272027186442,43.47536300880743,78.0,52556.3828125
17,63,120.0,4080.0,12047.31098803634,30.60342775529636,46.0,53646.62109375001
17,64,45.0,4020.0,10106.503809678274,59.49297786241371,128.0,52567.5234375
17,65,630.0,5460.0,11442.103284249348,41.82218519400143,71.0,52496.80859375
17,66,120.0,4020.0,12472.042719470242,55.29040704594144,156.0,52593.16015625
17,67,330.0,5460.0,11856.011924506616,30.217805284456077,28.0,54541.11718749999
17,68,615.0,5460.0,11621.036837101117,39.20852178052844,50.0,52612.25390625
17,69,120.0,4020.0,11911.29444922414,29.49297786241371,29.0,55224.6328125
17,70,0.0,4020.0,9221.955590552065,23.462270887883836,22.0,55672.85937500001
17,71,0.0,5460.0,9188.989888918637,24.772673173054034,38.0,55604.1640625
17,72,450.0,5520.0,12136.787324998011,44.76791240180909,119.0,52568.83203125
17,73,570.0,4080.0,11136.984061927018,28.864556058081405,20.0,55161.51171875001
17,74,0.0,4020.0,8848.657030324586,32.517257795762916,86.0,55446.41015625
17,75,0.0,5460.0,9530.752363372107,40.265412996905496,127.0,52787.99999999999
17,76,0.0,5460.0,9367.662466053,26.615091644846466,36.0,53868.74218750001
17,77,0.0,4020.0,9862.711896496196,22.62318495596287,19.0,59347.86328125001
17,78,555.0,4140.0,11538.12060644366,31.160437990954534,30.0,54737.73046875
17,79,0.0,5460.0,10542.317769161287,24.904784575101168,17.0,60624.7890625
17,80,195.0,6420.0,13063.82457246512,22.23756248512259,18.0,56957.87109375
17,81,495.0,5520.0,11687.947710455966,33.12068555105928,49.0,52817.10156250001
17,82,555.0,4140.0,11821.61876348035,31.360390383242084,27.0,54454.203125
17,83,0.0,5460.0,9451.286625382207,25.333253987145916,31.0,54161.02734375
17,84,0.0,4020.0,11806.127407523232,33.04213282551774,42.0,53858.34375000001
17,85,0.0,4020.0,10857.957930184399,30.489169245417756,49.0,53752.1953125
17,86,0.0,5460.0,9627.019809649286,33.663413472982626,74.0,53508.38281249999
17,87,0.0,5460.0,9629.179870234668,24.401333015948584,30.0,54966.03515625001
17,88,0.0,4020.0,9439.878890199681,44.23232563675315,130.0,52745.62890625
17,89,0.0,4020.0,10376.22378824792,21.5591525827184,22.0,59461.1015625
17,90,0.0,5460.0,9522.495944345832,27.175672458938344,43.0,53623.0625
17,91,0.0,4020.0,10798.011796921102,32.13877648179005,47.0,53616.68359375
17,92,0.0,4020.0,9019.853673702084,34.738157581528206,77.0,55004.72265625
17,93,0.0,4080.0,10746.663235502183,21.601999523922878,23.0,55974.23828125
17,94,0.0,4020.0,9352.304473741173,26.979290645084504,48.0,54936.32031250001
17,95,0.0,4080.0,9795.905629911365,38.73720542727922,86.0,53761.66406249999
17,96,120.0,4020.0,11656.205373019231,29.842894548916924,48.0,54377.57421875
17,97,0.0,4020.0,10252.598470631674,21.737681504403714,26.0,61158.33203125
17,98,0.0,4080.0,10349.728350190991,30.856938824089504,38.0,53274.26171875
17,99,0.0,4020.0,9634.695815469535,42.15424898833611,117.0,54296.48437500001
17,100,615.0,4080.0,11659.339720827073,50.11663889550107,109.0,52174.49609375
17,101,15.0,4020.0,9217.68139490634,29.21447274458462,56.0,54847.9609375
17,102,0.0,4020.0,11087.63414329298,28.6895977148298,32.0,54553.79296875
17,103,0.0,4020.0,9679.581021637994,28.03975243989526,38.0,55521.24609375
17,104,0.0,4020.0,9498.350937144914,37.03761009283504,75.0,54656.98828125
17,105,0.0,4020.0,10033.111002930935,21.955486788859794,22.0,56399.3359375
17,106,0.0,4020.0,9158.35107591614,34.88098071887646,99.0,54581.15625000001
17,107,0.0,4020.0,10563.338660030433,34.75243989526303,73.0,53907.203125
17,108,0.0,4020.0,10326.101769211622,23.45512973101642,30.0,55027.50781249999
17,109,675.0,4080.0,12187.705387780366,44.73934777433944,62.0,52523.0234375
17,110,0.0,4020.0,9254.213834923397,25.858129016900733,32.0,55626.40234375
17,111,0.0,4020.0,10004.655534957154,25.2082837419662,53.0,55374.94921875001
17,112,30.0,4020.0,9292.98350327622,31.906688883599138,59.0,54411.74609374999
17,113,600.0,4080.0,11559.087608175389,43.21471078314687,85.0,52402.91015625
17,114,0.0,4020.0,8830.414063652763,35.105927160199954,101.0,55451.015625
17,115,0.0,4020.0,9628.394112463251,23.194477505355866,36.0,57905.609375
17,116,120.0,4020.0,11990.5033937634,22.66603189716734,18.0,59117.58984375
17,117,585.0,4080.0,12823.657828512878,64.42037610092835,109.0,52454.1953125
17,118,0.0,4020.0,9289.033666807896,27.30778386098548,48.0,54723.15625
17,119,0.0,4020.0,9992.000240812751,30.764103784813138,42.0,54723.72656249999
17,120,0.0,4020.0,9964.245732848394,39.43346822185194,101.0,53427.76171875
17,121,0.0,4080.0,10879.527296195,26.93287312544632,15.0,57466.515625
17,122,0.0,4020.0,9210.850398075872,28.44679838133778,37.0,55787.70703125
17,123,0.0,4020.0,9159.199065267447,25.476077124494168,30.0,57574.4140625
17,124,0.0,4080.0,9556.988777307011,29.86788859795287,42.0,53767.84765625
17,125,30.0,4020.0,10719.60234517881,24.5263032611283,13.0,58088.37499999999
18,0,0.0,4080.0,10364.180747983195,22.305403475363008,17.0,56480.55078125
18,1,0.0,4020.0,9053.881124838092,22.38038562247084,33.0,56748.40234375
18,2,0.0,4080.0,10650.479871531432,25.940252320875977,8.0,57868.53125000001
18,3,0.0,4020.0,9224.008305379688,35.72363722923114,73.0,53612.1171875
18,4,0.0,4020.0,9370.841951082512,33.306355629612,53.0,54012.1171875
18,5,0.0,4020.0,10246.836301069721,23.108783622946916,28.0,54907.375
18,6,0.0,5460.0,9075.597898447515,31.963818138538443,59.0,53739.02343749999
18,7,0.0,4080.0,9327.612740864646,26.650797429183527,35.0,54194.7734375
18,8,0.0,4020.0,8982.720286406184,22.823137348250416,15.0,54942.71875
18,9,15.0,5460.0,9226.451079063787,31.47821947155439,57.0,53600.74609375
18,10,0.0,4020.0,8751.321156973103,21.680552249464412,89.0,56070.734375
18,11,0.0,4020.0,8853.723299114103,24.626279457272076,27.0,56297.62890625
18,12,600.0,4020.0,11501.771829591697,54.654844084741725,134.0,52374.04296875
18,13,600.0,4080.0,11655.457560883893,44.04665555820043,85.0,52083.51171875
18,14,540.0,4140.0,12678.986619766689,49.69174006189002,107.0,51833.62890625
18,15,0.0,4020.0,8976.974972850967,25.24398952630326,41.0,54909.7109375
18,16,810.0,4020.0,15434.113967112586,68.52654129969055,134.0,52328.125
18,17,0.0,4020.0,10250.043422054394,22.95524875029755,10.0,57830.671875
18,18,0.0,5460.0,9116.657785211348,22.72316115210664,27.0,54971.0546875
18,19,585.0,4020.0,11558.329962473239,56.67222089978577,145.0,52342.92578124999
18,20,0.0,4020.0,9317.317963017616,30.87479171625803,56.0,54156.66015625
18,21,0.0,4020.0,8593.032736777272,23.080218995477267,36.0,54959.06249999999
18,22,240.0,5520.0,10180.45784928474,24.294215662937397,28.0,52565.6640625
18,23,0.0,4080.0,10186.67382177991,24.10854558438467,14.0,55130.06640625
18,24,0.0,4020.0,9382.336198950303,26.068793144489405,38.0,53154.03515625
18,25,0.0,5460.0,9112.03879307643,26.647226850749817,48.0,54411.82421875001
18,26,0.0,4020.0,9026.365372287597,26.468697929064504,36.0,54929.07421875
18,27,690.0,4080.0,14630.075346285572,58.200428469412046,95.0,51138.42968750001
18,28,15.0,4020.0,9038.489190420853,22.269697691025947,23.0,54659.61718749999
18,29,0.0,4020.0,8973.183918597479,26.690073791954298,37.0,54717.98046875
18,30,0.0,4020.0,9092.94188454849,33.46703165912878,79.0,53530.609375
18,31,30.0,4020.0,9009.814603109047,28.65032135205903,45.0,53350.58984375001
18,32,0.0,4020.0,9951.749321440268,43.30754582242323,117.0,52450.12890624999
18,33,120.0,4020.0,10884.648259402547,27.36848369435848,25.0,54324.52343750001
18,34,0.0,4020.0,9423.123444457986,40.24041894786956,72.0,52519.54296875
18,35,240.0,5520.0,10220.423619671521,24.744108545584385,30.0,52443.83593749999
18,36,0.0,4020.0,9813.963387148084,21.14139490597477,18.0,55790.33203124999
18,37,0.0,5460.0,9277.783214551153,24.397762437514878,25.0,53487.8046875
18,38,30.0,4080.0,9573.636100180342,31.11402047131635,50.0,52321.27734375
18,39,0.0,5460.0,9294.543560595368,27.407760057129252,51.0,53327.62109375
18,40,0.0,4020.0,10421.656605433433,22.469650083313496,26.0,54869.32421875
18,41,0.0,4020.0,9398.447357960911,28.032611283027848,36.0,54379.3828125
18,42,675.0,4020.0,11622.408345665262,51.898357533920496,83.0,52451.34375
18,43,0.0,4020.0,10053.25484843579,27.322066174720305,27.0,54352.90624999999
18,44,0.0,4020.0,9076.985600285003,38.676505593906214,114.0,53385.11328124999
18,45,0.0,4020.0,9073.758082301345,27.354201380623657,40.0,54324.78125
18,46,0.0,4080.0,10086.61850068434,22.473220661747202,19.0,54126.62109375
18,47,0.0,5460.0,9239.852078871663,34.55962865984289,73.0,53692.23437500001
18,48,615.0,4080.0,11772.344342043842,47.59581052130445,101.0,51711.96484375
18,49,630.0,4020.0,11020.944429464827,43.196857890978336,71.0,52469.4140625
18,50,735.0,4020.0,15117.761960762655,68.69435848607475,148.0,50857.31640625
18,51,0.0,4020.0,9214.1167455826,27.02570816472268,50.0,54476.24609375
18,52,120.0,4020.0,11606.229527384425,29.96072363722923,22.0,53773.953125
18,53,0.0,4020.0,9628.545320889192,25.2082837419662,30.0,52599.91015625
18,54,675.0,4080.0,11881.126691108002,36.30207093549155,39.0,52702.88671874999
18,55,600.0,5460.0,12412.272027186442,43.47536300880743,78.0,52556.3828125
18,56,630.0,5460.0,11533.2736195705,48.999047845751015,94.0,52403.16796875
18,57,45.0,4020.0,10106.503809678274,59.49297786241371,128.0,52567.5234375
18,58,615.0,4020.0,10813.538032632947,37.40895024994049,59.0,53337.64453124999
18,59,0.0,5460.0,9295.588000086977,25.929540585574863,30.0,55481.5703125
18,60,345.0,5520.0,10584.362789609251,31.124732206617473,34.0,52638.02734375
18,61,15.0,5460.0,10559.391425811351,37.66603189716734,88.0,52775.69531249999
18,62,690.0,4020.0,10781.617841979136,39.98690787907641,58.0,54119.52734374999
18,63,0.0,5460.0,10218.469021867597,25.322542251844798,27.0,54762.81640624999
18,64,120.0,4020.0,12472.042719470242,55.29040704594144,156.0,52593.16015625
18,65,525.0,4080.0,10903.642089734167,26.211616281837657,22.0,54738.671875
18,66,600.0,4080.0,12367.155223175101,43.64318019519162,50.0,53115.80468749999
18,67,330.0,5460.0,11856.011924506616,30.217805284456077,28.0,54541.11718749999
18,68,630.0,5460.0,11442.103284249348,41.82218519400143,71.0,52496.80859375
18,69,0.0,4020.0,8830.414063652763,35.105927160199954,101.0,55451.015625
18,70,180.0,4080.0,13327.58422444655,22.280409426327065,18.0,57152.25390625001
18,71,0.0,5460.0,9188.989888918637,24.772673173054034,38.0,55604.1640625
18,72,555.0,4140.0,11821.61876348035,31.360390383242084,27.0,54454.203125
18,73,450.0,5520.0,12136.787324998011,44.76791240180909,119.0,52568.83203125
18,74,0.0,4080.0,10114.855565851594,32.84575101166389,75.0,52963.38671875
18,75,0.0,4020.0,9862.711896496196,22.62318495596287,19.0,59347.86328125001
18,76,345.0,5520.0,11067.697422377903,33.906212806474656,29.0,52714.75781250001
18,77,660.0,4080.0,12204.963590231262,39.51559152582719,49.0,52958.97265625
18,78,0.0,5460.0,9530.752363372107,40.265412996905496,127.0,52787.99999999999
18,79,0.0,5460.0,9629.179870234668,24.401333015948584,30.0,54966.03515625001
18,80,0.0,5460.0,10542.317769161287,24.904784575101168,17.0,60624.7890625
18,81,195.0,6420.0,13063.82457246512,22.23756248512259,18.0,56957.87109375
18,82,570.0,4080.0,11136.984061927018,28.864556058081405,20.0,55161.51171875001
18,83,0.0,4020.0,10857.957930184399,30.489169245417756,49.0,53752.1953125
18,84,0.0,4020.0,9221.955590552065,23.462270887883836,22.0,55672.85937500001
18,85,120.0,4020.0,11911.29444922414,29.49297786241371,29.0,55224.6328125
18,86,615.0,5460.0,11621.036837101117,39.20852178052844,50.0,52612.25390625
18,87,15.0,5460.0,10637.56708363831,37.794572720780764,88.0,52745.03125
18,88,0.0,5460.0,9451.286625382207,25.333253987145916,31.0,54161.02734375
18,89,120.0,4080.0,12047.31098803634,30.60342775529636,46.0,53646.62109375001
18,90,0.0,5460.0,9367.662466053,26.615091644846466,36.0,53868.74218750001
18,91,0.0,4020.0,10798.011796921102,32.13877648179005,47.0,53616.68359375
18,92,0.0,4020.0,10330.685234076707,32.29231135443942,64.0,53114.18359375
18,93,0.0,4020.0,10326.101769211622,23.45512973101642,30.0,55027.50781249999
18,94,0.0,4020.0,9439.878890199681,44.23232563675315,130.0,52745.62890625
18,95,0.0,5460.0,9850.25310542524,37.034039514401336,90.0,53328.03125
18,96,0.0,4020.0,9634.699096724587,42.13639609616758,116.0,54301.74609375
18,97,0.0,4080.0,10349.728350190991,30.856938824089504,38.0,53274.26171875
18,98,0.0,4080.0,9749.999779691381,27.957629135920016,32.0,53801.33984375
18,99,0.0,4020.0,10376.22378824792,21.5591525827184,22.0,59461.1015625
18,100,0.0,5460.0,9656.430864441729,33.956200904546535,73.0,53503.18359375
18,101,0.0,4080.0,10149.816863796517,24.176386574625088,35.0,55072.03125
18,102,120.0,4020.0,11990.5033937634,22.66603189716734,18.0,59117.58984375
18,103,30.0,4080.0,9625.082654138572,32.08164722685075,56.0,52587.13671875
18,104,0.0,4020.0,9679.581021637994,28.03975243989526,38.0,55521.24609375
18,105,0.0,4080.0,9651.958180795471,40.533206379433466,105.0,53698.27734375
18,106,0.0,4020.0,9498.350937144914,37.03761009283504,75.0,54656.98828125
18,107,0.0,5460.0,9522.495944345832,27.175672458938344,43.0,53623.0625
18,108,0.0,4020.0,9734.926082373931,38.444417995715305,102.0,54214.26171875001
18,109,0.0,4020.0,9210.850398075872,28.44679838133778,37.0,55787.70703125
18,110,0.0,5460.0,9627.019809649286,33.663413472982626,74.0,53508.38281249999
18,111,0.0,4020.0,8848.657030324586,32.517257795762916,86.0,55446.41015625
18,112,0.0,4020.0,10789.471288205139,29.364437038800283,34.0,53828.74609375
18,113,0.0,4080.0,10879.527296195,26.93287312544632,15.0,57466.515625
18,114,0.0,4020.0,9159.199065267447,25.476077124494168,30.0,57574.4140625
18,115,0.0,4020.0,10004.655534957154,25.2082837419662,53.0,55374.94921875001
18,116,0.0,5460.0,9418.3765421592,25.172577957629137,41.0,53733.95703125
18,117,0.0,4020.0,10252.598470631674,21.737681504403714,26.0,61158.33203125
18,118,0.0,4080.0,9466.706386676567,27.589859557248275,40.0,54213.01953124999
18,119,0.0,4020.0,9808.751654935808,33.602713639609625,93.0,52975.51953125
18,120,30.0,4020.0,10719.60234517881,24.5263032611283,13.0,58088.37499999999
18,121,0.0,4020.0,8961.36239036377,25.383242085217805,45.0,55105.6875
18,122,0.0,4080.0,9399.417123699677,29.16091406807903,42.0,54004.97265625
18,123,720.0,4140.0,12860.61380121683,54.58343251606761,101.0,52182.82421875
18,124,0.0,4020.0,9714.004163587932,42.147107831468695,114.0,53051.2109375
18,125,0.0,4020.0,9992.000240812751,30.764103784813138,42.0,54723.72656249999
19,0,0.0,4080.0,10650.479871531432,25.940252320875977,8.0,57868.53125000001
19,1,0.0,4020.0,8982.720286406184,22.823137348250416,15.0,54942.71875
19,2,0.0,4020.0,10250.043422054394,22.95524875029755,10.0,57830.671875
19,3,240.0,5520.0,10180.45784928474,24.294215662937397,28.0,52565.6640625
19,4,0.0,4080.0,10186.67382177991,24.10854558438467,14.0,55130.06640625
19,5,0.0,4020.0,9382.336198950303,26.068793144489405,38.0,53154.03515625
19,6,690.0,4080.0,14630.075346285572,58.200428469412046,95.0,51138.42968750001
19,7,0.0,4020.0,9092.94188454849,33.46703165912878,79.0,53530.609375
19,8,30.0,4020.0,9009.814603109047,28.65032135205903,45.0,53350.58984375001
19,9,120.0,4020.0,10884.648259402547,27.36848369435848,25.0,54324.52343750001
19,10,0.0,4020.0,9423.123444457986,40.24041894786956,72.0,52519.54296875
19,11,240.0,5520.0,10220.423619671521,24.744108545584385,30.0,52443.83593749999
19,12,0.0,4020.0,9813.963387148084,21.14139490597477,18.0,55790.33203124999
19,13,0.0,5460.0,9277.783214551153,24.397762437514878,25.0,53487.8046875
19,14,30.0,4080.0,9573.636100180342,31.11402047131635,50.0,52321.27734375
19,15,0.0,4020.0,10053.25484843579,27.322066174720305,27.0,54352.90624999999
19,16,0.0,4020.0,9076.985600285003,38.676505593906214,114.0,53385.11328124999
19,17,0.0,4080.0,10086.61850068434,22.473220661747202,19.0,54126.62109375
19,18,630.0,4020.0,11020.944429464827,43.196857890978336,71.0,52469.4140625
19,19,735.0,4020.0,15117.761960762655,68.69435848607475,148.0,50857.31640625
19,20,120.0,4020.0,11606.229527384425,29.96072363722923,22.0,53773.953125
19,21,0.0,4020.0,9628.545320889192,25.2082837419662,30.0,52599.91015625
19,22,0.0,4080.0,9478.342116395914,21.012854082361343,15.0,54729.03515624999
19,23,0.0,5460.0,8915.440186244174,23.465841466317542,17.0,53725.3984375
19,24,15.0,4020.0,10047.437714160991,23.469412044751248,29.0,54508.09765625
19,25,0.0,4020.0,9147.302517237145,25.297548202808855,35.0,53304.49609375
19,26,840.0,4020.0,16110.52665720582,82.80528445608188,203.0,50722.49218749999
19,27,0.0,5460.0,9062.930212000923,25.908117114972626,42.0,53526.96484375
19,28,45.0,4020.0,9049.2976959396,26.5222566055701,49.0,53348.1953125
19,29,645.0,4020.0,11582.921265574249,44.01809093073078,71.0,52323.40234375
19,30,810.0,4080.0,15255.655636343145,67.2375624851226,136.0,50718.5859375
19,31,0.0,4020.0,9394.510952187655,37.20899785765294,83.0,52162.1015625
19,32,0.0,4080.0,9023.289304429192,25.51535348726493,50.0,52415.921875
19,33,705.0,4020.0,11455.694811023335,49.19185908117115,46.0,52183.28515625
19,34,165.0,4020.0,13312.529858057358,51.20566531778148,96.0,51549.69531249999
19,35,0.0,4020.0,8734.114480366186,23.83361104498929,37.0,53586.2109375
19,36,600.0,4020.0,11965.267729674026,76.13187336348489,186.0,52049.13671875
19,37,15.0,4080.0,9744.422623203307,26.86860271363961,40.0,51461.35546875
19,38,0.0,4020.0,8280.675466528473,21.244941680552248,20.0,54555.953125
19,39,0.0,5460.0,11059.03259388651,39.60485598666984,97.0,52292.68359375
19,40,600.0,4020.0,11528.88257526041,78.00999761961438,247.0,52253.0
19,41,465.0,5520.0,12517.798585979948,34.18471792430374,47.0,52090.8046875
19,42,600.0,4080.0,12367.155223175101,43.64318019519162,50.0,53115.80468749999
19,43,0.0,5460.0,9116.657785211348,22.72316115210664,27.0,54971.0546875
19,44,630.0,5460.0,11533.2736195705,48.999047845751015,94.0,52403.16796875
19,45,0.0,5460.0,9530.752363372107,40.265412996905496,127.0,52787.99999999999
19,46,0.0,5460.0,10218.469021867597,25.322542251844798,27.0,54762.81640624999
19,47,525.0,4080.0,10903.642089734167,26.211616281837657,22.0,54738.671875
19,48,0.0,5460.0,9075.597898447515,31.963818138538443,59.0,53739.02343749999
19,49,570.0,4080.0,11136.984061927018,28.864556058081405,20.0,55161.51171875001
19,50,180.0,4080.0,13327.58422444655,22.280409426327065,18.0,57152.25390625001
19,51,240.0,5520.0,10642.235957695317,37.89454891692454,91.0,52323.5546875
19,52,630.0,5460.0,11442.103284249348,41.82218519400143,71.0,52496.80859375
19,53,0.0,5460.0,9112.03879307643,26.647226850749817,48.0,54411.82421875001
19,54,0.0,5460.0,9629.179870234668,24.401333015948584,30.0,54966.03515625001
19,55,195.0,6420.0,13063.82457246512,22.23756248512259,18.0,56957.87109375
19,56,0.0,4020.0,9073.758082301345,27.354201380623657,40.0,54324.78125
19,57,615.0,5460.0,11621.036837101117,39.20852178052844,50.0,52612.25390625
19,58,15.0,5460.0,10559.391425811351,37.66603189716734,88.0,52775.69531249999
19,59,555.0,4140.0,11821.61876348035,31.360390383242084,27.0,54454.203125
19,60,15.0,5460.0,9226.451079063787,31.47821947155439,57.0,53600.74609375
19,61,0.0,4020.0,9224.008305379688,35.72363722923114,73.0,53612.1171875
19,62,0.0,4020.0,9411.73100811393,36.30564151392526,93.0,53192.07421875
19,63,0.0,4020.0,8973.183918597479,26.690073791954298,37.0,54717.98046875
19,64,330.0,5460.0,11856.011924506616,30.217805284456077,28.0,54541.11718749999
19,65,0.0,4020.0,8853.723299114103,24.626279457272076,27.0,56297.62890625
19,66,0.0,4020.0,9053.881124838092,22.38038562247084,33.0,56748.40234375
19,67,345.0,5520.0,11067.697422377903,33.906212806474656,29.0,52714.75781250001
19,68,0.0,5460.0,9239.852078871663,34.55962865984289,73.0,53692.23437500001
19,69,15.0,5460.0,10637.56708363831,37.794572720780764,88.0,52745.03125
19,70,30.0,4080.0,9625.082654138572,32.08164722685075,56.0,52587.13671875
19,71,0.0,4020.0,9317.317963017616,30.87479171625803,56.0,54156.66015625
19,72,660.0,4140.0,12336.078452748596,38.608664603665794,47.0,52203.7265625
19,73,0.0,4020.0,9026.365372287597,26.468697929064504,36.0,54929.07421875
19,74,0.0,5460.0,9418.3765421592,25.172577957629137,41.0,53733.95703125
19,75,0.0,4020.0,9439.878890199681,44.23232563675315,130.0,52745.62890625
19,76,675.0,4080.0,11881.126691108002,36.30207093549155,39.0,52702.88671874999
19,77,0.0,5460.0,9367.662466053,26.615091644846466,36.0,53868.74218750001
19,78,600.0,5460.0,12412.272027186442,43.47536300880743,78.0,52556.3828125
19,79,0.0,4020.0,9951.749321440268,43.30754582242323,117.0,52450.12890624999
19,80,0.0,4020.0,8593.032736777272,23.080218995477267,36.0,54959.06249999999
19,81,0.0,4080.0,10349.728350190991,30.856938824089504,38.0,53274.26171875
19,82,660.0,4080.0,12204.963590231262,39.51559152582719,49.0,52958.97265625
19,83,0.0,4020.0,9250.693689254997,32.69935729588193,85.0,54046.45703125
19,84,0.0,4020.0,8751.321156973103,21.680552249464412,89.0,56070.734375
19,85,345.0,5520.0,10584.362789609251,31.124732206617473,34.0,52638.02734375
19,86,675.0,4020.0,11622.408345665262,51.898357533920496,83.0,52451.34375
19,87,0.0,4020.0,9322.393010920507,33.69554867888598,77.0,53963.74609375
19,88,0.0,4020.0,10516.09538361993,27.264936919781,33.0,53375.01171875
19,89,0.0,4020.0,9808.751654935808,33.602713639609625,93.0,52975.51953125
19,90,0.0,4020.0,9714.004163587932,42.147107831468695,114.0,53051.2109375
19,91,0.0,5460.0,9294.543560595368,27.407760057129252,51.0,53327.62109375
19,92,0.0,4020.0,9214.1167455826,27.02570816472268,50.0,54476.24609375
19,93,0.0,5460.0,9451.286625382207,25.333253987145916,31.0,54161.02734375
19,94,15.0,4020.0,8898.598294697797,35.380861699595336,88.0,53981.38671875
19,95,0.0,4080.0,10114.855565851594,32.84575101166389,75.0,52963.38671875
19,96,0.0,4080.0,9399.417123699677,29.16091406807903,42.0,54004.97265625
19,97,585.0,4020.0,11558.329962473239,56.67222089978577,145.0,52342.92578124999
19,98,810.0,4020.0,15434.113967112586,68.52654129969055,134.0,52328.125
19,99,0.0,4020.0,9398.447357960911,28.032611283027848,36.0,54379.3828125
19,100,0.0,4020.0,9370.841951082512,33.306355629612,53.0,54012.1171875
19,101,0.0,5460.0,9522.495944345832,27.175672458938344,43.0,53623.0625
19,102,45.0,4020.0,9651.010480467165,38.819328731254465,60.0,53495.23828125
19,103,0.0,4020.0,8976.974972850967,25.24398952630326,41.0,54909.7109375
19,104,0.0,4020.0,10212.676539378244,23.551535348726492,30.0,54718.45703124999
19,105,615.0,4080.0,11253.855038310761,43.346822185194,85.0,52580.203125
19,106,0.0,4020.0,9842.521288806915,28.496786479409664,43.0,53356.03906250001
19,107,0.0,4020.0,10330.685234076707,32.29231135443942,64.0,53114.18359375
19,108,0.0,4080.0,9327.612740864646,26.650797429183527,35.0,54194.7734375
19,109,0.0,4020.0,10246.836301069721,23.108783622946916,28.0,54907.375
19,110,540.0,4140.0,12678.986619766689,49.69174006189002,107.0,51833.62890625
19,111,0.0,4020.0,10421.656605433433,22.469650083313496,26.0,54869.32421875
19,112,600.0,4020.0,11501.771829591697,54.654844084741725,134.0,52374.04296875
19,113,0.0,4020.0,9830.679809849542,25.99024041894787,49.0,53879.8359375
19,114,630.0,4140.0,13300.813448626312,57.85051178290883,123.0,51577.91015625
19,115,0.0,4080.0,10149.816863796517,24.176386574625088,35.0,55072.03125
19,116,0.0,4080.0,9749.999779691381,27.957629135920016,32.0,53801.33984375
19,117,0.0,4020.0,10237.707094722376,21.898357533920496,24.0,59089.359375
19,118,465.0,4080.0,10852.235660782957,40.69388240895026,100.0,52225.11328125
19,119,0.0,4080.0,9487.821567876472,28.100452273268267,35.0,53889.03125
19,120,15.0,4020.0,9699.673799325315,26.383004046655557,46.0,53331.26171874999
19,121,0.0,4020.0,10376.22378824792,21.5591525827184,22.0,59461.1015625
19,122,600.0,4080.0,11655.457560883893,44.04665555820043,85.0,52083.51171875
19,123,15.0,4020.0,9038.489190420853,22.269697691025947,23.0,54659.61718749999
19,124,615.0,4080.0,11772.344342043842,47.59581052130445,101.0,51711.96484375
19,125,120.0,4020.0,11990.5033937634,22.66603189716734,18.0,59117.58984375
20,0,0.0,4080.0,10650.479871531432,25.940252320875977,8.0,57868.53125000001
20,1,0.0,4020.0,8982.720286406184,22.823137348250416,15.0,54942.71875
20,2,0.0,4020.0,10250.043422054394,22.95524875029755,10.0,57830.671875
20,3,240.0,5520.0,10180.45784928474,24.294215662937397,28.0,52565.6640625
20,4,0.0,4080.0,10186.67382177991,24.10854558438467,14.0,55130.06640625
20,5,0.0,4020.0,9382.336198950303,26.068793144489405,38.0,53154.03515625
20,6,690.0,4080.0,14630.075346285572,58.200428469412046,95.0,51138.42968750001
20,7,30.0,4020.0,9009.814603109047,28.65032135205903,45.0,53350.58984375001
20,8,240.0,5520.0,10220.423619671521,24.744108545584385,30.0,52443.83593749999
20,9,0.0,4020.0,9813.963387148084,21.14139490597477,18.0,55790.33203124999
20,10,0.0,5460.0,9277.783214551153,24.397762437514878,25.0,53487.8046875
20,11,0.0,4080.0,10086.61850068434,22.473220661747202,19.0,54126.62109375
20,12,735.0,4020.0,15117.761960762655,68.69435848607475,148.0,50857.31640625
20,13,0.0,4020.0,9628.545320889192,25.2082837419662,30.0,52599.91015625
20,14,0.0,4080.0,9478.342116395914,21.012854082361343,15.0,54729.03515624999
20,15,0.0,5460.0,8915.440186244174,23.465841466317542,17.0,53725.3984375
20,16,0.0,4020.0,9147.302517237145,25.297548202808855,35.0,53304.49609375
20,17,0.0,5460.0,9062.930212000923,25.908117114972626,42.0,53526.96484375
20,18,45.0,4020.0,9049.2976959396,26.5222566055701,49.0,53348.1953125
20,19,810.0,4080.0,15255.655636343145,67.2375624851226,136.0,50718.5859375
20,20,0.0,4020.0,9394.510952187655,37.20899785765294,83.0,52162.1015625
20,21,0.0,4080.0,9023.289304429192,25.51535348726493,50.0,52415.921875
20,22,0.0,4020.0,8734.114480366186,23.83361104498929,37.0,53586.2109375
20,23,15.0,4080.0,9744.422623203307,26.86860271363961,40.0,51461.35546875
20,24,0.0,4020.0,8280.675466528473,21.244941680552248,20.0,54555.953125
20,25,0.0,4020.0,8367.348510174892,20.216615091644847,21.0,53757.6171875
20,26,0.0,4080.0,10202.783541837347,24.104975005950966,14.0,55241.390625
20,27,0.0,4020.0,8990.160896758265,40.604617948107595,112.0,52535.66796875
20,28,0.0,4080.0,9663.455099488318,27.354201380623657,29.0,52805.74218749999
20,29,840.0,4020.0,16000.3540329616,82.3589621518686,202.0,50414.2578125
20,30,0.0,4020.0,9293.381712189374,26.475839085931916,25.0,52879.890625
20,31,0.0,4020.0,9073.906956702947,28.139728636039038,37.0,52275.2578125
20,32,0.0,4080.0,10186.674237854222,24.10854558438467,14.0,55123.23828124999
20,33,0.0,4020.0,9749.221529576647,26.447274458462267,20.0,51341.70703125
20,34,45.0,4020.0,13456.03958772614,74.99285884313258,189.0,51236.37109375
20,35,0.0,4080.0,9581.24533716105,40.25470126160438,104.0,52019.37109375
20,36,0.0,4020.0,9092.94188454849,33.46703165912878,79.0,53530.609375
20,37,0.0,4020.0,9423.123444457986,40.24041894786956,72.0,52519.54296875
20,38,30.0,4080.0,9573.636100180342,31.11402047131635,50.0,52321.27734375
20,39,0.0,4020.0,9076.985600285003,38.676505593906214,114.0,53385.11328124999
20,40,630.0,4020.0,11020.944429464827,43.196857890978336,71.0,52469.4140625
20,41,120.0,4020.0,11606.229527384425,29.96072363722923,22.0,53773.953125
20,42,15.0,4020.0,10047.437714160991,23.469412044751248,29.0,54508.09765625
20,43,840.0,4020.0,16110.52665720582,82.80528445608188,203.0,50722.49218749999
20,44,645.0,4020.0,11582.921265574249,44.01809093073078,71.0,52323.40234375
20,45,705.0,4020.0,11455.694811023335,49.19185908117115,46.0,52183.28515625
20,46,165.0,4020.0,13312.529858057358,51.20566531778148,96.0,51549.69531249999
20,47,600.0,4020.0,11965.267729674026,76.13187336348489,186.0,52049.13671875
20,48,0.0,5460.0,11059.03259388651,39.60485598666984,97.0,52292.68359375
20,49,600.0,4020.0,11528.88257526041,78.00999761961438,247.0,52253.0
20,50,465.0,5520.0,12517.798585979948,34.18471792430374,47.0,52090.8046875
20,51,0.0,5460.0,9116.657785211348,22.72316115210664,27.0,54971.0546875
20,52,525.0,4080.0,10903.642089734167,26.211616281837657,22.0,54738.671875
20,53,0.0,5460.0,9075.597898447515,31.963818138538443,59.0,53739.02343749999
20,54,0.0,5460.0,9629.179870234668,24.401333015948584,30.0,54966.03515625001
20,55,0.0,4020.0,9073.758082301345,27.354201380623657,40.0,54324.78125
20,56,15.0,5460.0,10559.391425811351,37.66603189716734,88.0,52775.69531249999
20,57,0.0,4020.0,8973.183918597479,26.690073791954298,37.0,54717.98046875
20,58,0.0,4020.0,8853.723299114103,24.626279457272076,27.0,56297.62890625
20,59,0.0,4020.0,9053.881124838092,22.38038562247084,33.0,56748.40234375
20,60,345.0,5520.0,11067.697422377903,33.906212806474656,29.0,52714.75781250001
20,61,15.0,5460.0,10637.56708363831,37.794572720780764,88.0,52745.03125
20,62,660.0,4140.0,12336.078452748596,38.608664603665794,47.0,52203.7265625
20,63,0.0,4020.0,9026.365372287597,26.468697929064504,36.0,54929.07421875
20,64,0.0,5460.0,9418.3765421592,25.172577957629137,41.0,53733.95703125
20,65,675.0,4080.0,11881.126691108002,36.30207093549155,39.0,52702.88671874999
20,66,0.0,4020.0,9951.749321440268,43.30754582242323,117.0,52450.12890624999
20,67,0.0,4020.0,8593.032736777272,23.080218995477267,36.0,54959.06249999999
20,68,0.0,4020.0,8751.321156973103,21.680552249464412,89.0,56070.734375
20,69,345.0,5520.0,10584.362789609251,31.124732206617473,34.0,52638.02734375
20,70,0.0,4020.0,10516.09538361993,27.264936919781,33.0,53375.01171875
20,71,0.0,5460.0,9294.543560595368,27.407760057129252,51.0,53327.62109375
20,72,15.0,4020.0,8898.598294697797,35.380861699595336,88.0,53981.38671875
20,73,585.0,4020.0,11558.329962473239,56.67222089978577,145.0,52342.92578124999
20,74,0.0,5460.0,9522.495944345832,27.175672458938344,43.0,53623.0625
20,75,0.0,4020.0,8976.974972850967,25.24398952630326,41.0,54909.7109375
20,76,0.0,4020.0,10212.676539378244,23.551535348726492,30.0,54718.45703124999
20,77,0.0,4020.0,9842.521288806915,28.496786479409664,43.0,53356.03906250001
20,78,0.0,4020.0,10246.836301069721,23.108783622946916,28.0,54907.375
20,79,540.0,4140.0,12678.986619766689,49.69174006189002,107.0,51833.62890625
20,80,0.0,4020.0,10421.656605433433,22.469650083313496,26.0,54869.32421875
20,81,600.0,4020.0,11501.771829591697,54.654844084741725,134.0,52374.04296875
20,82,630.0,4140.0,13300.813448626312,57.85051178290883,123.0,51577.91015625
20,83,0.0,4080.0,9749.999779691381,27.957629135920016,32.0,53801.33984375
20,84,465.0,4080.0,10852.235660782957,40.69388240895026,100.0,52225.11328125
20,85,15.0,4020.0,9699.673799325315,26.383004046655557,46.0,53331.26171874999
20,86,600.0,4080.0,11655.457560883893,44.04665555820043,85.0,52083.51171875
20,87,15.0,4020.0,9038.489190420853,22.269697691025947,23.0,54659.61718749999
20,88,615.0,4080.0,11772.344342043842,47.59581052130445,101.0,51711.96484375
20,89,120.0,4020.0,11990.5033937634,22.66603189716734,18.0,59117.58984375
20,90,120.0,4020.0,11638.8864841037,30.53558676505594,24.0,53560.94921875
20,91,660.0,4080.0,11818.85205731546,40.56534158533683,55.0,52190.7109375
20,92,705.0,4140.0,13003.016489273017,50.038086169959534,108.0,51453.734375
20,93,0.0,4020.0,10053.342486592981,21.43775291597239,20.0,55287.02734375
20,94,645.0,5460.0,11538.88383409008,53.5015472506546,130.0,51355.9921875
20,95,660.0,4020.0,11690.204024256487,60.31421090216616,141.0,52240.10546875
20,96,0.0,4080.0,9600.099927937626,37.15186860271364,102.0,52614.50000000001
20,97,555.0,4140.0,12496.091326647263,46.98167103070698,102.0,51668.5234375
20,98,630.0,4020.0,11759.861086335932,55.92954058557487,136.0,52367.5078125
20,99,30.0,4020.0,8868.685475991995,22.91597238752678,28.0,55113.87890625
20,100,525.0,5460.0,12190.05381349962,47.010235658176626,118.0,51989.90625
20,101,660.0,4020.0,11288.130545218653,67.77314925017853,166.0,52436.98046874999
20,102,675.0,5460.0,11568.79361639409,41.01880504641752,43.0,52469.60546875
20,103,0.0,4020.0,9078.722103444885,24.572720780766485,25.0,53824.3515625
20,104,0.0,4020.0,10229.480669370612,32.28874077600571,46.0,52858.765625
20,105,0.0,4020.0,9192.522639965893,28.65032135205903,38.0,52909.6484375
20,106,0.0,4020.0,8786.053196912504,22.29469174006189,34.0,55676.4375
20,107,135.0,4020.0,12158.675474900294,30.685551059271603,63.0,52793.5625
20,108,0.0,4080.0,9735.288513605206,21.537729112116164,16.0,54922.46875
20,109,600.0,4080.0,12367.155223175101,43.64318019519162,50.0,53115.80468749999
20,110,0.0,5460.0,9530.752363372107,40.265412996905496,127.0,52787.99999999999
20,111,120.0,4020.0,10884.648259402547,27.36848369435848,25.0,54324.52343750001
20,112,0.0,5460.0,10218.469021867597,25.322542251844798,27.0,54762.81640624999
20,113,630.0,5460.0,11533.2736195705,48.999047845751015,94.0,52403.16796875
20,114,195.0,6420.0,13063.82457246512,22.23756248512259,18.0,56957.87109375
20,115,240.0,5520.0,10642.235957695317,37.89454891692454,91.0,52323.5546875
20,116,660.0,4080.0,12204.963590231262,39.51559152582719,49.0,52958.97265625
20,117,180.0,4080.0,13327.58422444655,22.280409426327065,18.0,57152.25390625001
20,118,0.0,4080.0,10349.728350190991,30.856938824089504,38.0,53274.26171875
20,119,570.0,4080.0,11136.984061927018,28.864556058081405,20.0,55161.51171875001
20,120,120.0,4080.0,12360.865244865327,26.211616281837657,27.0,55471.9765625
20,121,15.0,5460.0,9226.451079063787,31.47821947155439,57.0,53600.74609375
20,122,630.0,5460.0,11442.103284249348,41.82218519400143,71.0,52496.80859375
20,123,0.0,5460.0,9112.03879307643,26.647226850749817,48.0,54411.82421875001
20,124,0.0,4080.0,9696.004334907655,31.139014520352305,40.0,53174.98828125
20,125,0.0,4020.0,10330.685234076707,32.29231135443942,64.0,53114.18359375
21,0,0.0,4080.0,10650.479871531432,25.940252320875977,8.0,57868.53125000001
21,1,0.0,4020.0,8982.720286406184,22.823137348250416,15.0,54942.71875
21,2,0.0,4020.0,10250.043422054394,22.95524875029755,10.0,57830.671875
21,3,240.0,5520.0,10180.45784928474,24.294215662937397,28.0,52565.6640625
21,4,0.0,4080.0,10186.67382177991,24.10854558438467,14.0,55130.06640625
21,5,0.0,4020.0,9382.336198950303,26.068793144489405,38.0,53154.03515625
21,6,690.0,4080.0,14630.075346285572,58.200428469412046,95.0,51138.42968750001
21,7,30.0,4020.0,9009.814603109047,28.65032135205903,45.0,53350.58984375001
21,8,240.0,5520.0,10220.423619671521,24.744108545584385,30.0,52443.83593749999
21,9,0.0,4020.0,9813.963387148084,21.14139490597477,18.0,55790.33203124999
21,10,0.0,5460.0,9277.783214551153,24.397762437514878,25.0,53487.8046875
21,11,0.0,4080.0,10086.61850068434,22.473220661747202,19.0,54126.62109375
21,12,735.0,4020.0,15117.761960762655,68.69435848607475,148.0,50857.31640625
21,13,0.0,4020.0,9628.545320889192,25.2082837419662,30.0,52599.91015625
21,14,0.0,4080.0,9478.342116395914,21.012854082361343,15.0,54729.03515624999
21,15,0.0,5460.0,8915.440186244174,23.465841466317542,17.0,53725.3984375
21,16,0.0,4020.0,9147.302517237145,25.297548202808855,35.0,53304.49609375
21,17,0.0,5460.0,9062.930212000923,25.908117114972626,42.0,53526.96484375
21,18,45.0,4020.0,9049.2976959396,26.5222566055701,49.0,53348.1953125
21,19,810.0,4080.0,15255.655636343145,67.2375624851226,136.0,50718.5859375
21,20,0.0,4020.0,9394.510952187655,37.20899785765294,83.0,52162.1015625
21,21,0.0,4080.0,9023.289304429192,25.51535348726493,50.0,52415.921875
21,22,0.0,4020.0,8734.114480366186,23.83361104498929,37.0,53586.2109375
21,23,15.0,4080.0,9744.422623203307,26.86860271363961,40.0,51461.35546875
21,24,0.0,4020.0,8280.675466528473,21.244941680552248,20.0,54555.953125
21,25,0.0,4020.0,8367.348510174892,20.216615091644847,21.0,53757.6171875
21,26,0.0,4080.0,10202.783541837347,24.104975005950966,14.0,55241.390625
21,27,0.0,4020.0,8990.160896758265,40.604617948107595,112.0,52535.66796875
21,28,0.0,4080.0,9663.455099488318,27.354201380623657,29.0,52805.74218749999
21,29,840.0,4020.0,16000.3540329616,82.3589621518686,202.0,50414.2578125
21,30,0.0,4020.0,9293.381712189374,26.475839085931916,25.0,52879.890625
21,31,0.0,4020.0,9073.906956702947,28.139728636039038,37.0,52275.2578125
21,32,0.0,4080.0,10186.674237854222,24.10854558438467,14.0,55123.23828124999
21,33,0.0,4020.0,9749.221529576647,26.447274458462267,20.0,51341.70703125
21,34,45.0,4020.0,13456.03958772614,74.99285884313258,189.0,51236.37109375
21,35,0.0,4080.0,9581.24533716105,40.25470126160438,104.0,52019.37109375
21,36,0.0,4020.0,9018.955957376827,33.63841942394668,74.0,52846.08984375
21,37,60.0,4020.0,9564.574381583225,26.097357771959054,31.0,53347.14843749999
21,38,0.0,5460.0,9286.984654126529,25.754582242323252,33.0,53279.5546875
21,39,0.0,4020.0,9177.90180080495,27.77195905736729,34.0,52888.4453125
21,40,0.0,4080.0,9692.077565434829,26.850749821471076,45.0,51834.80859375
21,41,0.0,4080.0,9413.991614819122,27.393477743394428,35.0,52435.72656249999
21,42,0.0,4020.0,8877.755399876478,24.2406569864318,38.0,53556.93359375
21,43,0.0,4020.0,9092.94188454849,33.46703165912878,79.0,53530.609375
21,44,0.0,4020.0,9423.123444457986,40.24041894786956,72.0,52519.54296875
21,45,30.0,4080.0,9573.636100180342,31.11402047131635,50.0,52321.27734375
21,46,0.0,4020.0,9076.985600285003,38.676505593906214,114.0,53385.11328124999
21,47,630.0,4020.0,11020.944429464827,43.196857890978336,71.0,52469.4140625
21,48,120.0,4020.0,11606.229527384425,29.96072363722923,22.0,53773.953125
21,49,15.0,4020.0,10047.437714160991,23.469412044751248,29.0,54508.09765625
21,50,840.0,4020.0,16110.52665720582,82.80528445608188,203.0,50722.49218749999
21,51,645.0,4020.0,11582.921265574249,44.01809093073078,71.0,52323.40234375
21,52,705.0,4020.0,11455.694811023335,49.19185908117115,46.0,52183.28515625
21,53,165.0,4020.0,13312.529858057358,51.20566531778148,96.0,51549.69531249999
21,54,0.0,5460.0,11059.03259388651,39.60485598666984,97.0,52292.68359375
21,55,465.0,5520.0,12517.798585979948,34.18471792430374,47.0,52090.8046875
21,56,0.0,5460.0,9116.657785211348,22.72316115210664,27.0,54971.0546875
21,57,525.0,4080.0,10903.642089734167,26.211616281837657,22.0,54738.671875
21,58,0.0,5460.0,9075.597898447515,31.963818138538443,59.0,53739.02343749999
21,59,0.0,4020.0,9073.758082301345,27.354201380623657,40.0,54324.78125
21,60,0.0,4020.0,8973.183918597479,26.690073791954298,37.0,54717.98046875
21,61,0.0,4020.0,8853.723299114103,24.626279457272076,27.0,56297.62890625
21,62,0.0,4020.0,9053.881124838092,22.38038562247084,33.0,56748.40234375
21,63,345.0,5520.0,11067.697422377903,33.906212806474656,29.0,52714.75781250001
21,64,660.0,4140.0,12336.078452748596,38.608664603665794,47.0,52203.7265625
21,65,0.0,4020.0,9026.365372287597,26.468697929064504,36.0,54929.07421875
21,66,0.0,5460.0,9418.3765421592,25.172577957629137,41.0,53733.95703125
21,67,675.0,4080.0,11881.126691108002,36.30207093549155,39.0,52702.88671874999
21,68,0.0,4020.0,9951.749321440268,43.30754582242323,117.0,52450.12890624999
21,69,0.0,4020.0,8593.032736777272,23.080218995477267,36.0,54959.06249999999
21,70,0.0,4020.0,8751.321156973103,21.680552249464412,89.0,56070.734375
21,71,345.0,5520.0,10584.362789609251,31.124732206617473,34.0,52638.02734375
21,72,0.0,4020.0,10516.09538361993,27.264936919781,33.0,53375.01171875
21,73,0.0,5460.0,9294.543560595368,27.407760057129252,51.0,53327.62109375
21,74,15.0,4020.0,8898.598294697797,35.380861699595336,88.0,53981.38671875
21,75,0.0,5460.0,9522.495944345832,27.175672458938344,43.0,53623.0625
21,76,0.0,4020.0,8976.974972850967,25.24398952630326,41.0,54909.7109375
21,77,0.0,4020.0,9842.521288806915,28.496786479409664,43.0,53356.03906250001
21,78,0.0,4020.0,10421.656605433433,22.469650083313496,26.0,54869.32421875
21,79,0.0,4080.0,9749.999779691381,27.957629135920016,32.0,53801.33984375
21,80,15.0,4020.0,9699.673799325315,26.383004046655557,46.0,53331.26171874999
21,81,600.0,4080.0,11655.457560883893,44.04665555820043,85.0,52083.51171875
21,82,15.0,4020.0,9038.489190420853,22.269697691025947,23.0,54659.61718749999
21,83,120.0,4020.0,11990.5033937634,22.66603189716734,18.0,59117.58984375
21,84,120.0,4020.0,11638.8864841037,30.53558676505594,24.0,53560.94921875
21,85,660.0,4080.0,11818.85205731546,40.56534158533683,55.0,52190.7109375
21,86,705.0,4140.0,13003.016489273017,50.038086169959534,108.0,51453.734375
21,87,0.0,4020.0,10053.342486592981,21.43775291597239,20.0,55287.02734375
21,88,645.0,5460.0,11538.88383409008,53.5015472506546,130.0,51355.9921875
21,89,0.0,4080.0,9600.099927937626,37.15186860271364,102.0,52614.50000000001
21,90,30.0,4020.0,8868.685475991995,22.91597238752678,28.0,55113.87890625
21,91,675.0,5460.0,11568.79361639409,41.01880504641752,43.0,52469.60546875
21,92,0.0,4020.0,9078.722103444885,24.572720780766485,25.0,53824.3515625
21,93,0.0,4020.0,10229.480669370612,32.28874077600571,46.0,52858.765625
21,94,0.0,4020.0,9192.522639965893,28.65032135205903,38.0,52909.6484375
21,95,0.0,4020.0,8786.053196912504,22.29469174006189,34.0,55676.4375
21,96,135.0,4020.0,12158.675474900294,30.685551059271603,63.0,52793.5625
21,97,0.0,4080.0,9735.288513605206,21.537729112116164,16.0,54922.46875
21,98,0.0,5460.0,8844.762919443117,23.319447750535588,23.0,54518.41015625
21,99,480.0,5520.0,11431.657296439233,27.214948821709115,25.0,53132.38671875
21,100,0.0,4020.0,9829.469995744545,50.09164484646513,132.0,51752.71484375
21,101,0.0,5460.0,11052.0223680749,38.06593668174244,87.0,52697.80078125
21,102,0.0,4020.0,10509.864801356267,39.922637467269695,91.0,51575.07421874999
21,103,165.0,4020.0,12482.427706746614,36.57700547488693,80.0,52435.33984375
21,104,0.0,4020.0,9522.991004895743,24.80480837895739,22.0,55159.1484375
21,105,0.0,4020.0,9060.994092907997,22.840990240418947,23.0,54646.34375
21,106,15.0,4080.0,10531.11748225979,27.618424184717924,46.0,52383.234375
21,107,0.0,4020.0,9424.607847769235,30.39633420614139,47.0,52853.10937500001
21,108,0.0,4020.0,10063.037698991913,24.329921447274458,17.0,56627.6640625
21,109,15.0,4080.0,9906.173773364866,27.554153772911206,52.0,52829.08984375
21,110,600.0,4080.0,12367.155223175101,43.64318019519162,50.0,53115.80468749999
21,111,120.0,4020.0,10884.648259402547,27.36848369435848,25.0,54324.52343750001
21,112,0.0,5460.0,9530.752363372107,40.265412996905496,127.0,52787.99999999999
21,113,120.0,5460.0,12094.1780072519,22.51606760295168,25.0,57885.63281250001
21,114,525.0,5460.0,12190.05381349962,47.010235658176626,118.0,51989.90625
21,115,0.0,5460.0,10218.469021867597,25.322542251844798,27.0,54762.81640624999
21,116,0.0,5460.0,10443.092626110112,60.39276362770769,149.0,52510.28125
21,117,0.0,5460.0,9150.657158130762,24.669126398476553,41.0,55615.9296875
21,118,195.0,6420.0,13063.82457246512,22.23756248512259,18.0,56957.87109375
21,119,630.0,5460.0,11533.2736195705,48.999047845751015,94.0,52403.16796875
21,120,15.0,5460.0,10559.391425811351,37.66603189716734,88.0,52775.69531249999
21,121,495.0,5460.0,12215.394514350151,47.21375862889788,124.0,52158.13671875
21,122,600.0,4080.0,12699.83041979677,47.11735301118781,69.0,52998.82421875
21,123,570.0,4080.0,11136.984061927018,28.864556058081405,20.0,55161.51171875001
21,124,15.0,5460.0,9226.451079063787,31.47821947155439,57.0,53600.74609375
21,125,240.0,5520.0,10642.235957695317,37.89454891692454,91.0,52323.5546875
22,0,0.0,4080.0,10650.479871531432,25.940252320875977,8.0,57868.53125000001
22,1,0.0,4020.0,8982.720286406184,22.823137348250416,15.0,54942.71875
22,2,0.0,4020.0,10250.043422054394,22.95524875029755,10.0,57830.671875
22,3,240.0,5520.0,10180.45784928474,24.294215662937397,28.0,52565.6640625
22,4,0.0,4080.0,10186.67382177991,24.10854558438467,14.0,55130.06640625
22,5,0.0,4020.0,9382.336198950303,26.068793144489405,38.0,53154.03515625
22,6,690.0,4080.0,14630.075346285572,58.200428469412046,95.0,51138.42968750001
22,7,30.0,4020.0,9009.814603109047,28.65032135205903,45.0,53350.58984375001
22,8,240.0,5520.0,10220.423619671521,24.744108545584385,30.0,52443.83593749999
22,9,0.0,4020.0,9813.963387148084,21.14139490597477,18.0,55790.33203124999
22,10,0.0,5460.0,9277.783214551153,24.397762437514878,25.0,53487.8046875
22,11,0.0,4080.0,10086.61850068434,22.473220661747202,19.0,54126.62109375
22,12,735.0,4020.0,15117.761960762655,68.69435848607475,148.0,50857.31640625
22,13,0.0,4020.0,9628.545320889192,25.2082837419662,30.0,52599.91015625
22,14,0.0,4080.0,9478.342116395914,21.012854082361343,15.0,54729.03515624999
22,15,0.0,5460.0,8915.440186244174,23.465841466317542,17.0,53725.3984375
22,16,0.0,4020.0,9147.302517237145,25.297548202808855,35.0,53304.49609375
22,17,0.0,5460.0,9062.930212000923,25.908117114972626,42.0,53526.96484375
22,18,45.0,4020.0,9049.2976959396,26.5222566055701,49.0,53348.1953125
22,19,810.0,4080.0,15255.655636343145,67.2375624851226,136.0,50718.5859375
22,20,0.0,4020.0,9394.510952187655,37.20899785765294,83.0,52162.1015625
22,21,0.0,4080.0,9023.289304429192,25.51535348726493,50.0,52415.921875
22,22,0.0,4020.0,8734.114480366186,23.83361104498929,37.0,53586.2109375
22,23,15.0,4080.0,9744.422623203307,26.86860271363961,40.0,51461.35546875
22,24,0.0,4020.0,8280.675466528473,21.244941680552248,20.0,54555.953125
22,25,0.0,4020.0,8367.348510174892,20.216615091644847,21.0,53757.6171875
22,26,0.0,4080.0,10202.783541837347,24.104975005950966,14.0,55241.390625
22,27,0.0,4020.0,8990.160896758265,40.604617948107595,112.0,52535.66796875
22,28,0.0,4080.0,9663.455099488318,27.354201380623657,29.0,52805.74218749999
22,29,840.0,4020.0,16000.3540329616,82.3589621518686,202.0,50414.2578125
22,30,0.0,4020.0,9293.381712189374,26.475839085931916,25.0,52879.890625
22,31,0.0,4020.0,9073.906956702947,28.139728636039038,37.0,52275.2578125
22,32,0.0,4080.0,10186.674237854222,24.10854558438467,14.0,55123.23828124999
22,33,0.0,4020.0,9749.221529576647,26.447274458462267,20.0,51341.70703125
22,34,45.0,4020.0,13456.03958772614,74.99285884313258,189.0,51236.37109375
22,35,0.0,4080.0,9581.24533716105,40.25470126160438,104.0,52019.37109375
22,36,60.0,4020.0,9564.574381583225,26.097357771959054,31.0,53347.14843749999
22,37,0.0,5460.0,9286.984654126529,25.754582242323252,33.0,53279.5546875
22,38,0.0,4020.0,9177.90180080495,27.77195905736729,34.0,52888.4453125
22,39,0.0,4080.0,9692.077565434829,26.850749821471076,45.0,51834.80859375
22,40,0.0,4080.0,9413.991614819122,27.393477743394428,35.0,52435.72656249999
22,41,0.0,4020.0,8877.755399876478,24.2406569864318,38.0,53556.93359375
22,42,0.0,4020.0,8989.37221906106,19.72387526779338,78.0,56996.703125
22,43,0.0,4020.0,8898.954877447079,27.557724351344916,47.0,52568.78515625
22,44,0.0,4020.0,9736.892298194467,43.21471078314687,101.0,52107.3515625
22,45,0.0,4020.0,9018.955957376827,33.63841942394668,74.0,52846.08984375
22,46,0.0,4020.0,9092.94188454849,33.46703165912878,79.0,53530.609375
22,47,0.0,4020.0,9423.123444457986,40.24041894786956,72.0,52519.54296875
22,48,30.0,4080.0,9573.636100180342,31.11402047131635,50.0,52321.27734375
22,49,630.0,4020.0,11020.944429464827,43.196857890978336,71.0,52469.4140625
22,50,120.0,4020.0,11606.229527384425,29.96072363722923,22.0,53773.953125
22,51,840.0,4020.0,16110.52665720582,82.80528445608188,203.0,50722.49218749999
22,52,645.0,4020.0,11582.921265574249,44.01809093073078,71.0,52323.40234375
22,53,705.0,4020.0,11455.694811023335,49.19185908117115,46.0,52183.28515625
22,54,165.0,4020.0,13312.529858057358,51.20566531778148,96.0,51549.69531249999
22,55,465.0,5520.0,12517.798585979948,34.18471792430374,47.0,52090.8046875
22,56,525.0,4080.0,10903.642089734167,26.211616281837657,22.0,54738.671875
22,57,0.0,5460.0,9075.597898447515,31.963818138538443,59.0,53739.02343749999
22,58,345.0,5520.0,11067.697422377903,33.906212806474656,29.0,52714.75781250001
22,59,0.0,5460.0,9418.3765421592,25.172577957629137,41.0,53733.95703125
22,60,675.0,4080.0,11881.126691108002,36.30207093549155,39.0,52702.88671874999
22,61,0.0,4020.0,9951.749321440268,43.30754582242323,117.0,52450.12890624999
22,62,345.0,5520.0,10584.362789609251,31.124732206617473,34.0,52638.02734375
22,63,0.0,4020.0,10516.09538361993,27.264936919781,33.0,53375.01171875
22,64,0.0,5460.0,9294.543560595368,27.407760057129252,51.0,53327.62109375
22,65,0.0,5460.0,9522.495944345832,27.175672458938344,43.0,53623.0625
22,66,0.0,4020.0,9842.521288806915,28.496786479409664,43.0,53356.03906250001
22,67,15.0,4020.0,9699.673799325315,26.383004046655557,46.0,53331.26171874999
22,68,600.0,4080.0,11655.457560883893,44.04665555820043,85.0,52083.51171875
22,69,120.0,4020.0,11990.5033937634,22.66603189716734,18.0,59117.58984375
22,70,120.0,4020.0,11638.8864841037,30.53558676505594,24.0,53560.94921875
22,71,660.0,4080.0,11818.85205731546,40.56534158533683,55.0,52190.7109375
22,72,705.0,4140.0,13003.016489273017,50.038086169959534,108.0,51453.734375
22,73,0.0,4020.0,10053.342486592981,21.43775291597239,20.0,55287.02734375
22,74,645.0,5460.0,11538.88383409008,53.5015472506546,130.0,51355.9921875
22,75,0.0,4080.0,9600.099927937626,37.15186860271364,102.0,52614.50000000001
22,76,675.0,5460.0,11568.79361639409,41.01880504641752,43.0,52469.60546875
22,77,0.0,4020.0,10229.480669370612,32.28874077600571,46.0,52858.765625
22,78,0.0,4020.0,9192.522639965893,28.65032135205903,38.0,52909.6484375
22,79,0.0,4080.0,9735.288513605206,21.537729112116164,16.0,54922.46875
22,80,480.0,5520.0,11431.657296439233,27.214948821709115,25.0,53132.38671875
22,81,0.0,4020.0,9829.469995744545,50.09164484646513,132.0,51752.71484375
22,82,0.0,4020.0,10509.864801356267,39.922637467269695,91.0,51575.07421874999
22,83,0.0,4020.0,9522.991004895743,24.80480837895739,22.0,55159.1484375
22,84,15.0,4080.0,10531.11748225979,27.618424184717924,46.0,52383.234375
22,85,0.0,4020.0,9424.607847769235,30.39633420614139,47.0,52853.10937500001
22,86,0.0,4020.0,10063.037698991913,24.329921447274458,17.0,56627.6640625
22,87,15.0,4080.0,9906.173773364866,27.554153772911206,52.0,52829.08984375
22,88,0.0,5460.0,9402.275834104083,26.968578909783382,89.0,52882.47656249999
22,89,660.0,4080.0,11982.069103267262,40.258271840038084,52.0,51592.2109375
22,90,840.0,4020.0,16083.433916859238,81.40204713163533,196.0,50949.89843750001
22,91,0.0,5460.0,9828.622499351652,36.80195191621043,82.0,52471.93359375
22,92,135.0,4020.0,11850.911054449421,28.843132587479168,47.0,52112.28125
22,93,150.0,4020.0,11901.332525510825,25.79028802666032,41.0,52750.953125
22,94,660.0,4080.0,11813.082352078676,40.3832420852178,54.0,52207.125
22,95,0.0,4080.0,9455.506378078233,27.518447988574145,31.0,52888.25390625
22,96,0.0,4020.0,10350.315930948425,41.25446322304213,107.0,51875.39062500001
22,97,600.0,4020.0,11300.041923534056,39.83694358486075,100.0,52654.82421875
22,98,0.0,4020.0,9003.497992031538,33.88478933587241,74.0,52668.1640625
22,99,120.0,4020.0,11704.94750173247,31.549631040228512,30.0,53524.3515625
22,100,825.0,4140.0,15825.236266099513,73.01475839085931,146.0,51049.3359375
22,101,0.0,4020.0,10455.868368011365,39.19423946679362,104.0,51634.9453125
22,102,30.0,4020.0,9456.188077734274,27.94334682218519,35.0,53319.640625
22,103,0.0,4020.0,8526.702530046226,20.677219709592954,23.0,53798.7265625
22,104,675.0,4140.0,11669.13688384727,33.895501071173534,32.0,52300.05078125001
22,105,15.0,4020.0,9596.23341399074,26.436562723161153,38.0,53212.078125
22,106,0.0,4080.0,9844.209204612289,36.248512258985954,85.0,52285.63281249999
22,107,345.0,5520.0,11072.01010074939,34.14544156153297,30.0,52653.32031249999
22,108,195.0,6420.0,13063.82457246512,22.23756248512259,18.0,56957.87109375
22,109,0.0,5460.0,9530.752363372107,40.265412996905496,127.0,52787.99999999999
22,110,0.0,5460.0,11059.03259388651,39.60485598666984,97.0,52292.68359375
22,111,0.0,5460.0,9116.657785211348,22.72316115210664,27.0,54971.0546875
22,112,525.0,5460.0,12190.05381349962,47.010235658176626,118.0,51989.90625
22,113,675.0,4020.0,11345.499203321055,40.468935967626756,77.0,52701.67578125
22,114,600.0,4080.0,12367.155223175101,43.64318019519162,50.0,53115.80468749999
22,115,630.0,5460.0,11533.2736195705,48.999047845751015,94.0,52403.16796875
22,116,165.0,4020.0,13662.25920971038,59.168055224946436,125.0,51767.60937499999
22,117,495.0,5460.0,12215.394514350151,47.21375862889788,124.0,52158.13671875
22,118,135.0,4020.0,12158.675474900294,30.685551059271603,63.0,52793.5625
22,119,240.0,5520.0,10642.235957695317,37.89454891692454,91.0,52323.5546875
22,120,570.0,4080.0,11612.988943457443,43.27898119495358,72.0,53099.71484375
22,121,540.0,5460.0,12286.399598651366,64.47750535586765,189.0,51835.26171875
22,122,0.0,5460.0,11052.0223680749,38.06593668174244,87.0,52697.80078125
22,123,570.0,4080.0,11136.984061927018,28.864556058081405,20.0,55161.51171875001
22,124,0.0,4020.0,8913.958038555396,21.280647464889313,23.0,55256.15234375
22,125,15.0,5460.0,9226.451079063787,31.47821947155439,57.0,53600.74609375
23,0,0.0,4080.0,10650.479871531432,25.940252320875977,8.0,57868.53125000001
23,1,0.0,4020.0,8982.720286406184,22.823137348250416,15.0,54942.71875
23,2,0.0,4020.0,10250.043422054394,22.95524875029755,10.0,57830.671875
23,3,240.0,5520.0,10180.45784928474,24.294215662937397,28.0,52565.6640625
23,4,0.0,4080.0,10186.67382177991,24.10854558438467,14.0,55130.06640625
23,5,690.0,4080.0,14630.075346285572,58.200428469412046,95.0,51138.42968750001
23,6,0.0,4020.0,9813.963387148084,21.14139490597477,18.0,55790.33203124999
23,7,0.0,5460.0,9277.783214551153,24.397762437514878,25.0,53487.8046875
23,8,0.0,4080.0,10086.61850068434,22.473220661747202,19.0,54126.62109375
23,9,735.0,4020.0,15117.761960762655,68.69435848607475,148.0,50857.31640625
23,10,0.0,4020.0,9628.545320889192,25.2082837419662,30.0,52599.91015625
23,11,0.0,4080.0,9478.342116395914,21.012854082361343,15.0,54729.03515624999
23,12,0.0,5460.0,8915.440186244174,23.465841466317542,17.0,53725.3984375
23,13,810.0,4080.0,15255.655636343145,67.2375624851226,136.0,50718.5859375
23,14,0.0,4020.0,9394.510952187655,37.20899785765294,83.0,52162.1015625
23,15,0.0,4080.0,9023.289304429192,25.51535348726493,50.0,52415.921875
23,16,0.0,4020.0,8734.114480366186,23.83361104498929,37.0,53586.2109375
23,17,15.0,4080.0,9744.422623203307,26.86860271363961,40.0,51461.35546875
23,18,0.0,4020.0,8280.675466528473,21.244941680552248,20.0,54555.953125
23,19,0.0,4020.0,8367.348510174892,20.216615091644847,21.0,53757.6171875
23,20,0.0,4080.0,10202.783541837347,24.104975005950966,14.0,55241.390625
23,21,0.0,4020.0,8990.160896758265,40.604617948107595,112.0,52535.66796875
23,22,840.0,4020.0,16000.3540329616,82.3589621518686,202.0,50414.2578125
23,23,0.0,4020.0,9293.381712189374,26.475839085931916,25.0,52879.890625
23,24,0.0,4020.0,9073.906956702947,28.139728636039038,37.0,52275.2578125
23,25,0.0,4080.0,10186.674237854222,24.10854558438467,14.0,55123.23828124999
23,26,0.0,4020.0,9749.221529576647,26.447274458462267,20.0,51341.70703125
23,27,45.0,4020.0,13456.03958772614,74.99285884313258,189.0,51236.37109375
23,28,0.0,4080.0,9581.24533716105,40.25470126160438,104.0,52019.37109375
23,29,0.0,4080.0,9692.077565434829,26.850749821471076,45.0,51834.80859375
23,30,0.0,4080.0,9413.991614819122,27.393477743394428,35.0,52435.72656249999
23,31,0.0,4020.0,8898.954877447079,27.557724351344916,47.0,52568.78515625
23,32,0.0,4020.0,9736.892298194467,43.21471078314687,101.0,52107.3515625
23,33,0.0,4020.0,9518.898047311635,54.590573672935015,118.0,52108.8515625
23,34,345.0,5520.0,10384.577004713552,24.89050226136634,22.0,52171.61328125001
23,35,0.0,4080.0,9413.915831092574,27.393477743394428,35.0,52441.85546875001
23,36,0.0,4020.0,8750.1608311448,23.487264936919782,27.0,52774.98046875001
23,37,0.0,4020.0,9282.926862094846,25.88312306593668,38.0,52664.6640625
23,38,645.0,4020.0,12218.84854866231,54.71197333968103,115.0,50956.96484375
23,39,15.0,4080.0,9267.281122204924,27.69697691025946,51.0,51868.84375
23,40,0.0,4020.0,9155.98588276068,20.78433706260414,11.0,56715.8671875
23,41,600.0,4020.0,11401.923923574519,40.258271840038084,103.0,51336.75781249999
23,42,0.0,4020.0,8892.228689354659,19.013330159485836,17.0,56704.03515625
23,43,30.0,4020.0,9331.391747436624,25.15829564389431,30.0,52767.90625000001
23,44,15.0,5460.0,9076.096544388842,24.447750535586763,27.0,52416.15624999999
23,45,0.0,4020.0,9736.958737020446,46.081885265413,118.0,51959.33203125
23,46,30.0,4020.0,9351.8525442032,26.79362056653178,36.0,52736.4609375
23,47,60.0,4020.0,9247.288753645022,25.558200428469412,25.0,52325.13281249999
23,48,0.0,4020.0,9514.7998118385,24.754820280885504,20.0,53878.87109374999
23,49,15.0,4020.0,8597.620563754965,23.808616995953344,41.0,52648.56249999999
23,50,0.0,4020.0,9382.336198950303,26.068793144489405,38.0,53154.03515625
23,51,30.0,4020.0,9009.814603109047,28.65032135205903,45.0,53350.58984375001
23,52,240.0,5520.0,10220.423619671521,24.744108545584385,30.0,52443.83593749999
23,53,0.0,4020.0,9147.302517237145,25.297548202808855,35.0,53304.49609375
23,54,0.0,5460.0,9062.930212000923,25.908117114972626,42.0,53526.96484375
23,55,45.0,4020.0,9049.2976959396,26.5222566055701,49.0,53348.1953125
23,56,0.0,4080.0,9663.455099488318,27.354201380623657,29.0,52805.74218749999
23,57,60.0,4020.0,9564.574381583225,26.097357771959054,31.0,53347.14843749999
23,58,0.0,5460.0,9286.984654126529,25.754582242323252,33.0,53279.5546875
23,59,0.0,4020.0,9177.90180080495,27.77195905736729,34.0,52888.4453125
23,60,0.0,4020.0,8877.755399876478,24.2406569864318,38.0,53556.93359375
23,61,0.0,4020.0,8989.37221906106,19.72387526779338,78.0,56996.703125
23,62,0.0,4020.0,9018.955957376827,33.63841942394668,74.0,52846.08984375
23,63,0.0,4020.0,9092.94188454849,33.46703165912878,79.0,53530.609375
23,64,0.0,4020.0,9423.123444457986,40.24041894786956,72.0,52519.54296875
23,65,30.0,4080.0,9573.636100180342,31.11402047131635,50.0,52321.27734375
23,66,120.0,4020.0,11606.229527384425,29.96072363722923,22.0,53773.953125
23,67,840.0,4020.0,16110.52665720582,82.80528445608188,203.0,50722.49218749999
23,68,705.0,4020.0,11455.694811023335,49.19185908117115,46.0,52183.28515625
23,69,165.0,4020.0,13312.529858057358,51.20566531778148,96.0,51549.69531249999
23,70,465.0,5520.0,12517.798585979948,34.18471792430374,47.0,52090.8046875
23,71,345.0,5520.0,11067.697422377903,33.906212806474656,29.0,52714.75781250001
23,72,675.0,4080.0,11881.126691108002,36.30207093549155,39.0,52702.88671874999
23,73,0.0,4020.0,9951.749321440268,43.30754582242323,117.0,52450.12890624999
23,74,0.0,4020.0,10516.09538361993,27.264936919781,33.0,53375.01171875
23,75,600.0,4080.0,11655.457560883893,44.04665555820043,85.0,52083.51171875
23,76,120.0,4020.0,11990.5033937634,22.66603189716734,18.0,59117.58984375
23,77,120.0,4020.0,11638.8864841037,30.53558676505594,24.0,53560.94921875
23,78,660.0,4080.0,11818.85205731546,40.56534158533683,55.0,52190.7109375
23,79,705.0,4140.0,13003.016489273017,50.038086169959534,108.0,51453.734375
23,80,0.0,4020.0,10053.342486592981,21.43775291597239,20.0,55287.02734375
23,81,645.0,5460.0,11538.88383409008,53.5015472506546,130.0,51355.9921875
23,82,0.0,4080.0,9600.099927937626,37.15186860271364,102.0,52614.50000000001
23,83,0.0,4020.0,10229.480669370612,32.28874077600571,46.0,52858.765625
23,84,0.0,4080.0,9735.288513605206,21.537729112116164,16.0,54922.46875
23,85,480.0,5520.0,11431.657296439233,27.214948821709115,25.0,53132.38671875
23,86,0.0,4020.0,9829.469995744545,50.09164484646513,132.0,51752.71484375
23,87,0.0,4020.0,10509.864801356267,39.922637467269695,91.0,51575.07421874999
23,88,0.0,4020.0,9522.991004895743,24.80480837895739,22.0,55159.1484375
23,89,15.0,4080.0,10531.11748225979,27.618424184717924,46.0,52383.234375
23,90,0.0,4020.0,9424.607847769235,30.39633420614139,47.0,52853.10937500001
23,91,0.0,4020.0,10063.037698991913,24.329921447274458,17.0,56627.6640625
23,92,0.0,5460.0,9402.275834104083,26.968578909783382,89.0,52882.47656249999
23,93,660.0,4080.0,11982.069103267262,40.258271840038084,52.0,51592.2109375
23,94,840.0,4020.0,16083.433916859238,81.40204713163533,196.0,50949.89843750001
23,95,0.0,5460.0,9828.622499351652,36.80195191621043,82.0,52471.93359375
23,96,135.0,4020.0,11850.911054449421,28.843132587479168,47.0,52112.28125
23,97,150.0,4020.0,11901.332525510825,25.79028802666032,41.0,52750.953125
23,98,0.0,4080.0,9455.506378078233,27.518447988574145,31.0,52888.25390625
23,99,0.0,4020.0,10350.315930948425,41.25446322304213,107.0,51875.39062500001
23,100,0.0,4020.0,9003.497992031538,33.88478933587241,74.0,52668.1640625
23,101,120.0,4020.0,11704.94750173247,31.549631040228512,30.0,53524.3515625
23,102,825.0,4140.0,15825.236266099513,73.01475839085931,146.0,51049.3359375
23,103,0.0,4020.0,10455.868368011365,39.19423946679362,104.0,51634.9453125
23,104,0.0,4020.0,8526.702530046226,20.677219709592954,23.0,53798.7265625
23,105,675.0,4140.0,11669.13688384727,33.895501071173534,32.0,52300.05078125001
23,106,0.0,4080.0,9844.209204612289,36.248512258985954,85.0,52285.63281249999
23,107,0.0,5460.0,9138.327822164672,23.86931682932635,42.0,53184.359375
23,108,120.0,5460.0,10526.76129844493,24.754820280885504,18.0,54253.69531249999
23,109,315.0,5520.0,11253.17684725147,32.18519400142823,65.0,51766.1484375
23,110,615.0,4020.0,11253.071562282868,43.600333253987145,87.0,52140.92578125001
23,111,615.0,4020.0,10917.629646458077,51.00214234706022,106.0,51474.79296875
23,112,570.0,4020.0,11395.664256899436,44.75720066650798,106.0,51563.06640625
23,113,495.0,5520.0,11723.090746125104,28.832420852178053,22.0,53505.234375
23,114,525.0,4080.0,11495.992908320452,36.76267555343966,41.0,52216.4765625
23,115,0.0,4020.0,10346.434263193343,53.83004046655559,131.0,51750.88671875
23,116,0.0,5460.0,10648.925146861231,38.1552011425851,99.0,51952.16015625
23,117,0.0,4020.0,10451.283936106895,32.55653415853368,46.0,52191.0078125
23,118,705.0,4080.0,11833.007020421406,38.715781956676985,28.0,53406.11328125
23,119,0.0,4080.0,10037.989563955947,23.023089740537962,22.0,54432.59765625001
23,120,0.0,5460.0,9116.657785211348,22.72316115210664,27.0,54971.0546875
23,121,645.0,5460.0,11939.75362193412,47.83503927636277,85.0,52135.03125
23,122,525.0,5460.0,12190.05381349962,47.010235658176626,118.0,51989.90625
23,123,675.0,4020.0,11345.499203321055,40.468935967626756,77.0,52701.67578125
23,124,0.0,5460.0,11052.0223680749,38.06593668174244,87.0,52697.80078125
23,125,630.0,5460.0,11533.2736195705,48.999047845751015,94.0,52403.16796875
24,0,0.0,4080.0,10650.479871531432,25.940252320875977,8.0,57868.53125000001
24,1,0.0,4020.0,8982.720286406184,22.823137348250416,15.0,54942.71875
24,2,0.0,4020.0,10250.043422054394,22.95524875029755,10.0,57830.671875
24,3,0.0,4080.0,10186.67382177991,24.10854558438467,14.0,55130.06640625
24,4,690.0,4080.0,14630.075346285572,58.200428469412046,95.0,51138.42968750001
24,5,0.0,4020.0,9813.963387148084,21.14139490597477,18.0,55790.33203124999
24,6,0.0,4080.0,10086.61850068434,22.473220661747202,19.0,54126.62109375
24,7,735.0,4020.0,15117.761960762655,68.69435848607475,148.0,50857.31640625
24,8,0.0,4080.0,9478.342116395914,21.012854082361343,15.0,54729.03515624999
24,9,0.0,5460.0,8915.440186244174,23.465841466317542,17.0,53725.3984375
24,10,810.0,4080.0,15255.655636343145,67.2375624851226,136.0,50718.5859375
24,11,0.0,4080.0,9023.289304429192,25.51535348726493,50.0,52415.921875
24,12,15.0,4080.0,9744.422623203307,26.86860271363961,40.0,51461.35546875
24,13,0.0,4020.0,8280.675466528473,21.244941680552248,20.0,54555.953125
24,14,0.0,4020.0,8367.348510174892,20.216615091644847,21.0,53757.6171875
24,15,0.0,4020.0,8990.160896758265,40.604617948107595,112.0,52535.66796875
24,16,840.0,4020.0,16000.3540329616,82.3589621518686,202.0,50414.2578125
24,17,0.0,4020.0,9073.906956702947,28.139728636039038,37.0,52275.2578125
24,18,0.0,4080.0,10186.674237854222,24.10854558438467,14.0,55123.23828124999
24,19,0.0,4020.0,9749.221529576647,26.447274458462267,20.0,51341.70703125
24,20,45.0,4020.0,13456.03958772614,74.99285884313258,189.0,51236.37109375
24,21,645.0,4020.0,12218.84854866231,54.71197333968103,115.0,50956.96484375
24,22,0.0,4020.0,9155.98588276068,20.78433706260414,11.0,56715.8671875
24,23,600.0,4020.0,11401.923923574519,40.258271840038084,103.0,51336.75781249999
24,24,0.0,4020.0,8892.228689354659,19.013330159485836,17.0,56704.03515625
24,25,15.0,5460.0,9076.096544388842,24.447750535586763,27.0,52416.15624999999
24,26,0.0,4020.0,9829.533802136146,41.36872173292073,96.0,51274.23046875
24,27,15.0,4080.0,9748.743937559226,21.594858367055462,14.0,55037.59375
24,28,780.0,4020.0,15361.404677894487,68.76577005474888,148.0,50756.28125
24,29,0.0,4020.0,8283.460964715536,21.99119257319686,27.0,52564.56640625
24,30,0.0,4020.0,9078.798654614195,22.29469174006189,20.0,51670.65234375001
24,31,165.0,4020.0,13100.633942834418,66.07355391573435,159.0,50712.109375
24,32,0.0,4080.0,10186.67576523154,24.090692692216138,14.0,55136.45312500001
24,33,240.0,5520.0,10180.45784928474,24.294215662937397,28.0,52565.6640625
24,34,0.0,5460.0,9277.783214551153,24.397762437514878,25.0,53487.8046875
24,35,0.0,4020.0,9628.545320889192,25.2082837419662,30.0,52599.91015625
24,36,0.0,4020.0,9394.510952187655,37.20899785765294,83.0,52162.1015625
24,37,0.0,4020.0,8734.114480366186,23.83361104498929,37.0,53586.2109375
24,38,0.0,4080.0,10202.783541837347,24.104975005950966,14.0,55241.390625
24,39,0.0,4020.0,9293.381712189374,26.475839085931916,25.0,52879.890625
24,40,0.0,4080.0,9692.077565434829,26.850749821471076,45.0,51834.80859375
24,41,0.0,4080.0,9413.991614819122,27.393477743394428,35.0,52435.72656249999
24,42,0.0,4020.0,8898.954877447079,27.557724351344916,47.0,52568.78515625
24,43,0.0,4020.0,9736.892298194467,43.21471078314687,101.0,52107.3515625
24,44,0.0,4020.0,9518.898047311635,54.590573672935015,118.0,52108.8515625
24,45,345.0,5520.0,10384.577004713552,24.89050226136634,22.0,52171.61328125001
24,46,0.0,4080.0,9413.915831092574,27.393477743394428,35.0,52441.85546875001
24,47,0.0,4020.0,8750.1608311448,23.487264936919782,27.0,52774.98046875001
24,48,0.0,4020.0,9282.926862094846,25.88312306593668,38.0,52664.6640625
24,49,30.0,4020.0,9331.391747436624,25.15829564389431,30.0,52767.90625000001
24,50,0.0,4020.0,9736.958737020446,46.081885265413,118.0,51959.33203125
24,51,30.0,4020.0,9351.8525442032,26.79362056653178,36.0,52736.4609375
24,52,60.0,4020.0,9247.288753645022,25.558200428469412,25.0,52325.13281249999
24,53,0.0,4020.0,9514.7998118385,24.754820280885504,20.0,53878.87109374999
24,54,15.0,4020.0,8597.620563754965,23.808616995953344,41.0,52648.56249999999
24,55,240.0,5520.0,10220.423619671521,24.744108545584385,30.0,52443.83593749999
24,56,0.0,4020.0,8989.37221906106,19.72387526779338,78.0,56996.703125
24,57,0.0,4020.0,9423.123444457986,40.24041894786956,72.0,52519.54296875
24,58,30.0,4080.0,9573.636100180342,31.11402047131635,50.0,52321.27734375
24,59,840.0,4020.0,16110.52665720582,82.80528445608188,203.0,50722.49218749999
24,60,705.0,4020.0,11455.694811023335,49.19185908117115,46.0,52183.28515625
24,61,165.0,4020.0,13312.529858057358,51.20566531778148,96.0,51549.69531249999
24,62,120.0,4020.0,11990.5033937634,22.66603189716734,18.0,59117.58984375
24,63,120.0,4020.0,11638.8864841037,30.53558676505594,24.0,53560.94921875
24,64,705.0,4140.0,13003.016489273017,50.038086169959534,108.0,51453.734375
24,65,0.0,4020.0,10053.342486592981,21.43775291597239,20.0,55287.02734375
24,66,645.0,5460.0,11538.88383409008,53.5015472506546,130.0,51355.9921875
24,67,0.0,4080.0,9735.288513605206,21.537729112116164,16.0,54922.46875
24,68,0.0,4020.0,9829.469995744545,50.09164484646513,132.0,51752.71484375
24,69,0.0,4020.0,10509.864801356267,39.922637467269695,91.0,51575.07421874999
24,70,0.0,4020.0,10063.037698991913,24.329921447274458,17.0,56627.6640625
24,71,660.0,4080.0,11982.069103267262,40.258271840038084,52.0,51592.2109375
24,72,840.0,4020.0,16083.433916859238,81.40204713163533,196.0,50949.89843750001
24,73,135.0,4020.0,11850.911054449421,28.843132587479168,47.0,52112.28125
24,74,0.0,4020.0,10350.315930948425,41.25446322304213,107.0,51875.39062500001
24,75,825.0,4140.0,15825.236266099513,73.01475839085931,146.0,51049.3359375
24,76,0.0,4020.0,10455.868368011365,39.19423946679362,104.0,51634.9453125
24,77,0.0,4020.0,8526.702530046226,20.677219709592954,23.0,53798.7265625
24,78,675.0,4140.0,11669.13688384727,33.895501071173534,32.0,52300.05078125001
24,79,120.0,5460.0,10526.76129844493,24.754820280885504,18.0,54253.69531249999
24,80,315.0,5520.0,11253.17684725147,32.18519400142823,65.0,51766.1484375
24,81,615.0,4020.0,10917.629646458077,51.00214234706022,106.0,51474.79296875
24,82,570.0,4020.0,11395.664256899436,44.75720066650798,106.0,51563.06640625
24,83,525.0,4080.0,11495.992908320452,36.76267555343966,41.0,52216.4765625
24,84,0.0,4020.0,10346.434263193343,53.83004046655559,131.0,51750.88671875
24,85,0.0,4020.0,10451.283936106895,32.55653415853368,46.0,52191.0078125
24,86,0.0,4080.0,10037.989563955947,23.023089740537962,22.0,54432.59765625001
24,87,195.0,4020.0,13215.064918828175,64.02761247322066,134.0,51536.8828125
24,88,0.0,4020.0,9462.697230544076,22.930254701261603,17.0,57234.49609375
24,89,0.0,4020.0,9185.999829128024,33.33492025708165,74.0,52499.6640625
24,90,0.0,4020.0,9593.593234702374,37.062604141870985,66.0,52109.7421875
24,91,675.0,4020.0,11498.661367076602,48.07069745298738,73.0,51543.828125
24,92,60.0,4080.0,9857.437138932371,25.665317781480596,24.0,53317.64453125
24,93,165.0,4020.0,13671.480207844495,64.64889312068557,148.0,51447.32421875
24,94,0.0,4080.0,9184.442449712973,25.611759104975008,51.0,51823.0546875
24,95,120.0,5460.0,10437.957869803737,24.522732682694595,17.0,54301.6328125
24,96,615.0,4080.0,11163.828237578186,36.46274696500833,33.0,52288.23046875001
24,97,0.0,5460.0,9709.93192680656,23.226612711259225,22.0,53876.30859375
24,98,660.0,4020.0,12297.135566999565,50.370149964294214,137.0,51366.32421875
24,99,0.0,4020.0,8525.963332684061,20.670078552725542,23.0,53800.94921875
24,100,795.0,4080.0,16170.348890625377,77.75291597238753,158.0,51053.78906249999
24,101,315.0,5520.0,11543.65438962837,30.928350392763626,38.0,52076.16406250001
24,102,0.0,4020.0,9545.555770440827,25.733158771721016,22.0,53665.85937500001
24,103,0.0,4020.0,8682.425241696643,26.92930254701261,44.0,53032.10546875
24,104,0.0,4020.0,10174.435817994148,45.00357057843371,84.0,52048.22265625
24,105,0.0,4020.0,9417.137829857227,50.170197572006664,99.0,52322.94531249999
24,106,0.0,5460.0,10648.925146861231,38.1552011425851,99.0,51952.16015625
24,107,150.0,4020.0,11901.332525510825,25.79028802666032,41.0,52750.953125
24,108,0.0,5460.0,9828.622499351652,36.80195191621043,82.0,52471.93359375
24,109,0.0,5460.0,9402.275834104083,26.968578909783382,89.0,52882.47656249999
24,110,120.0,4020.0,11606.229527384425,29.96072363722923,22.0,53773.953125
24,111,705.0,4080.0,11833.007020421406,38.715781956676985,28.0,53406.11328125
24,112,675.0,4080.0,11881.126691108002,36.30207093549155,39.0,52702.88671874999
24,113,390.0,5520.0,11795.568082942249,28.503927636277076,36.0,52691.44921875
24,114,660.0,4140.0,11678.997025386718,34.25255891454415,37.0,52800.390625
24,115,345.0,5520.0,11067.697422377903,33.906212806474656,29.0,52714.75781250001
24,116,0.0,5460.0,9138.327822164672,23.86931682932635,42.0,53184.359375
24,117,0.0,4080.0,9455.506378078233,27.518447988574145,31.0,52888.25390625
24,118,0.0,4020.0,9382.336198950303,26.068793144489405,38.0,53154.03515625
24,119,0.0,4020.0,10340.19165148239,27.450606998333726,30.0,53514.03906250001
24,120,0.0,4020.0,9428.423164908447,38.05522494644132,99.0,52573.10546874999
24,121,0.0,5460.0,9062.930212000923,25.908117114972626,42.0,53526.96484375
24,122,30.0,4020.0,9009.814603109047,28.65032135205903,45.0,53350.58984375001
24,123,480.0,5520.0,11431.657296439233,27.214948821709115,25.0,53132.38671875
24,124,0.0,4020.0,9567.965797216948,24.047845751011664,32.0,53482.359375
24,125,465.0,5520.0,12517.798585979948,34.18471792430374,47.0,52090.8046875
25,0,0.0,4080.0,10650.479871531432,25.940252320875977,8.0,57868.53125000001
25,1,0.0,4020.0,8982.720286406184,22.823137348250416,15.0,54942.71875
25,2,0.0,4020.0,10250.043422054394,22.95524875029755,10.0,57830.671875
25,3,0.0,4080.0,10186.67382177991,24.10854558438467,14.0,55130.06640625
25,4,0.0,4020.0,9813.963387148084,21.14139490597477,18.0,55790.33203124999
25,5,0.0,4080.0,10086.61850068434,22.473220661747202,19.0,54126.62109375
25,6,735.0,4020.0,15117.761960762655,68.69435848607475,148.0,50857.31640625
25,7,0.0,4080.0,9478.342116395914,21.012854082361343,15.0,54729.03515624999
25,8,0.0,5460.0,8915.440186244174,23.465841466317542,17.0,53725.3984375
25,9,810.0,4080.0,15255.655636343145,67.2375624851226,136.0,50718.5859375
25,10,0.0,4080.0,9023.289304429192,25.51535348726493,50.0,52415.921875
25,11,15.0,4080.0,9744.422623203307,26.86860271363961,40.0,51461.35546875
25,12,0.0,4020.0,8280.675466528473,21.244941680552248,20.0,54555.953125
25,13,0.0,4020.0,8367.348510174892,20.216615091644847,21.0,53757.6171875
25,14,0.0,4020.0,8990.160896758265,40.604617948107595,112.0,52535.66796875
25,15,840.0,4020.0,16000.3540329616,82.3589621518686,202.0,50414.2578125
25,16,0.0,4080.0,10186.674237854222,24.10854558438467,14.0,55123.23828124999
25,17,0.0,4020.0,9749.221529576647,26.447274458462267,20.0,51341.70703125
25,18,0.0,4020.0,9155.98588276068,20.78433706260414,11.0,56715.8671875
25,19,0.0,4020.0,8892.228689354659,19.013330159485836,17.0,56704.03515625
25,20,15.0,5460.0,9076.096544388842,24.447750535586763,27.0,52416.15624999999
25,21,780.0,4020.0,15361.404677894487,68.76577005474888,148.0,50756.28125
25,22,0.0,4020.0,8283.460964715536,21.99119257319686,27.0,52564.56640625
25,23,0.0,4020.0,9078.798654614195,22.29469174006189,20.0,51670.65234375001
25,24,165.0,4020.0,13100.633942834418,66.07355391573435,159.0,50712.109375
25,25,0.0,4080.0,10186.67576523154,24.090692692216138,14.0,55136.45312500001
25,26,375.0,5520.0,10898.555955442538,23.055224946441324,17.0,53170.96093749999
25,27,570.0,4080.0,11587.320794859348,61.04617948107594,155.0,50865.625
25,28,765.0,4080.0,16413.710309182978,75.02142347060224,161.0,49832.671875
25,29,30.0,4020.0,9463.97042256999,26.422280409426328,42.0,51551.0546875
25,30,0.0,4080.0,10044.660693078193,23.383718162342298,12.0,55643.1875
25,31,15.0,4080.0,9543.97904999735,21.2735063080219,14.0,55015.42578125
25,32,120.0,4020.0,10131.38701741827,20.873601523446798,18.0,52995.7734375
25,33,0.0,4020.0,9046.086544792837,27.49702451797191,34.0,50866.26171875
25,34,570.0,4020.0,12021.550395863007,60.66769816710307,152.0,50778.08593750001
25,35,720.0,4140.0,13609.43774017335,73.9752439895263,170.0,50574.60156250001
25,36,690.0,4080.0,14630.075346285572,58.200428469412046,95.0,51138.42968750001
25,37,0.0,4020.0,9073.906956702947,28.139728636039038,37.0,52275.2578125
25,38,45.0,4020.0,13456.03958772614,74.99285884313258,189.0,51236.37109375
25,39,645.0,4020.0,12218.84854866231,54.71197333968103,115.0,50956.96484375
25,40,15.0,4080.0,9748.743937559226,21.594858367055462,14.0,55037.59375
25,41,0.0,5460.0,9277.783214551153,24.397762437514878,25.0,53487.8046875
25,42,0.0,4020.0,8734.114480366186,23.83361104498929,37.0,53586.2109375
25,43,0.0,4080.0,10202.783541837347,24.104975005950966,14.0,55241.390625
25,44,0.0,4020.0,9293.381712189374,26.475839085931916,25.0,52879.890625
25,45,0.0,4080.0,9692.077565434829,26.850749821471076,45.0,51834.80859375
25,46,0.0,4020.0,8898.954877447079,27.557724351344916,47.0,52568.78515625
25,47,345.0,5520.0,10384.577004713552,24.89050226136634,22.0,52171.61328125001
25,48,0.0,4020.0,8750.1608311448,23.487264936919782,27.0,52774.98046875001
25,49,60.0,4020.0,9247.288753645022,25.558200428469412,25.0,52325.13281249999
25,50,0.0,4020.0,9514.7998118385,24.754820280885504,20.0,53878.87109374999
25,51,15.0,4020.0,8597.620563754965,23.808616995953344,41.0,52648.56249999999
25,52,0.0,4020.0,8989.37221906106,19.72387526779338,78.0,56996.703125
25,53,840.0,4020.0,16110.52665720582,82.80528445608188,203.0,50722.49218749999
25,54,120.0,4020.0,11990.5033937634,22.66603189716734,18.0,59117.58984375
25,55,120.0,4020.0,11638.8864841037,30.53558676505594,24.0,53560.94921875
25,56,0.0,4020.0,10053.342486592981,21.43775291597239,20.0,55287.02734375
25,57,0.0,4080.0,9735.288513605206,21.537729112116164,16.0,54922.46875
25,58,0.0,4020.0,10063.037698991913,24.329921447274458,17.0,56627.6640625
25,59,660.0,4080.0,11982.069103267262,40.258271840038084,52.0,51592.2109375
25,60,0.0,4020.0,8526.702530046226,20.677219709592954,23.0,53798.7265625
25,61,120.0,5460.0,10526.76129844493,24.754820280885504,18.0,54253.69531249999
25,62,315.0,5520.0,11253.17684725147,32.18519400142823,65.0,51766.1484375
25,63,0.0,4080.0,10037.989563955947,23.023089740537962,22.0,54432.59765625001
25,64,0.0,4020.0,9462.697230544076,22.930254701261603,17.0,57234.49609375
25,65,60.0,4080.0,9857.437138932371,25.665317781480596,24.0,53317.64453125
25,66,0.0,4080.0,9184.442449712973,25.611759104975008,51.0,51823.0546875
25,67,120.0,5460.0,10437.957869803737,24.522732682694595,17.0,54301.6328125
25,68,0.0,5460.0,9709.93192680656,23.226612711259225,22.0,53876.30859375
25,69,0.0,4020.0,8525.963332684061,20.670078552725542,23.0,53800.94921875
25,70,0.0,4020.0,9545.555770440827,25.733158771721016,22.0,53665.85937500001
25,71,0.0,4020.0,8682.425241696643,26.92930254701261,44.0,53032.10546875
25,72,0.0,4020.0,9112.049299807648,23.84432278029041,26.0,52016.87109375
25,73,30.0,4020.0,9327.635949250915,22.673173054034752,16.0,56833.359375
25,74,0.0,4020.0,9488.806120309295,33.65627231611521,56.0,51273.66796875
25,75,810.0,4080.0,15296.58368512302,66.42704118067127,128.0,50895.01953125
25,76,0.0,4080.0,9014.534718770534,24.512020947393477,31.0,52728.86718750001
25,77,570.0,4020.0,11786.900054585876,64.15972387526779,148.0,50926.45703125
25,78,0.0,4020.0,8404.689071486151,25.997381575815282,92.0,52607.01562499999
25,79,0.0,4020.0,8712.232996217059,28.164722685074977,39.0,53057.21484375
25,80,690.0,4020.0,11536.080743687256,48.75267793382528,130.0,50998.5625
25,81,30.0,4080.0,9886.690882967308,27.686265174958343,43.0,51849.25781250001
25,82,0.0,5460.0,10648.925146861231,38.1552011425851,99.0,51952.16015625
25,83,675.0,4140.0,11669.13688384727,33.895501071173534,32.0,52300.05078125001
25,84,525.0,4080.0,11495.992908320452,36.76267555343966,41.0,52216.4765625
25,85,135.0,4020.0,11850.911054449421,28.843132587479168,47.0,52112.28125
25,86,705.0,4080.0,11833.007020421406,38.715781956676985,28.0,53406.11328125
25,87,705.0,4020.0,11455.694811023335,49.19185908117115,46.0,52183.28515625
25,88,120.0,4020.0,11820.561706161523,28.907402999285885,55.0,52535.51171874999
25,89,315.0,5520.0,11543.65438962837,30.928350392763626,38.0,52076.16406250001
25,90,0.0,4020.0,9736.958737020446,46.081885265413,118.0,51959.33203125
25,91,0.0,4020.0,9518.898047311635,54.590573672935015,118.0,52108.8515625
25,92,0.0,4020.0,9829.533802136146,41.36872173292073,96.0,51274.23046875
25,93,480.0,5520.0,11431.657296439233,27.214948821709115,25.0,53132.38671875
25,94,615.0,4080.0,11163.828237578186,36.46274696500833,33.0,52288.23046875001
25,95,675.0,4020.0,11498.661367076602,48.07069745298738,73.0,51543.828125
25,96,240.0,5520.0,10220.423619671521,24.744108545584385,30.0,52443.83593749999
25,97,0.0,4020.0,9829.469995744545,50.09164484646513,132.0,51752.71484375
25,98,0.0,4080.0,9413.991614819122,27.393477743394428,35.0,52435.72656249999
25,99,0.0,5460.0,9062.930212000923,25.908117114972626,42.0,53526.96484375
25,100,240.0,5520.0,10180.45784928474,24.294215662937397,28.0,52565.6640625
25,101,0.0,4020.0,9185.999829128024,33.33492025708165,74.0,52499.6640625
25,102,0.0,4080.0,9241.611010592242,25.354677457748156,41.0,53024.84765625
25,103,45.0,4020.0,9201.125754380697,25.461794810759343,29.0,52920.5390625
25,104,0.0,4020.0,9970.185293268074,29.514401333015947,26.0,53671.109375
25,105,0.0,5460.0,9138.327822164672,23.86931682932635,42.0,53184.359375
25,106,0.0,4020.0,9394.510952187655,37.20899785765294,83.0,52162.1015625
25,107,30.0,4020.0,9351.8525442032,26.79362056653178,36.0,52736.4609375
25,108,0.0,4080.0,9455.506378078233,27.518447988574145,31.0,52888.25390625
25,109,30.0,4020.0,9009.814603109047,28.65032135205903,45.0,53350.58984375001
25,110,0.0,4020.0,9736.892298194467,43.21471078314687,101.0,52107.3515625
25,111,120.0,4020.0,11606.229527384425,29.96072363722923,22.0,53773.953125
25,112,0.0,4020.0,9124.757462934016,29.753630088074267,54.0,53394.4609375
25,113,30.0,4080.0,9573.636100180342,31.11402047131635,50.0,52321.27734375
25,114,0.0,4020.0,9628.545320889192,25.2082837419662,30.0,52599.91015625
25,115,30.0,4020.0,9331.391747436624,25.15829564389431,30.0,52767.90625000001
25,116,0.0,4020.0,9593.593234702374,37.062604141870985,66.0,52109.7421875
25,117,0.0,4080.0,9054.416403763418,29.01452035229707,61.0,52715.90625
25,118,0.0,4020.0,9567.965797216948,24.047845751011664,32.0,53482.359375
25,119,0.0,4020.0,10455.868368011365,39.19423946679362,104.0,51634.9453125
25,120,0.0,4080.0,9413.915831092574,27.393477743394428,35.0,52441.85546875001
25,121,0.0,4020.0,9423.123444457986,40.24041894786956,72.0,52519.54296875
25,122,0.0,4020.0,10509.864801356267,39.922637467269695,91.0,51575.07421874999
25,123,0.0,4020.0,9282.926862094846,25.88312306593668,38.0,52664.6640625
25,124,0.0,4020.0,9832.251098623216,35.609378719352534,68.0,51981.4765625
25,125,0.0,4020.0,10291.553329430946,38.39085931920971,79.0,51849.33203125
26,0,0.0,4080.0,10650.479871531432,25.940252320875977,8.0,57868.53125000001
26,1,0.0,4020.0,8982.720286406184,22.823137348250416,15.0,54942.71875
26,2,0.0,4020.0,10250.043422054394,22.95524875029755,10.0,57830.671875
26,3,0.0,4020.0,9813.963387148084,21.14139490597477,18.0,55790.33203124999
26,4,0.0,4080.0,10086.61850068434,22.473220661747202,19.0,54126.62109375
26,5,0.0,4080.0,9478.342116395914,21.012854082361343,15.0,54729.03515624999
26,6,0.0,5460.0,8915.440186244174,23.465841466317542,17.0,53725.3984375
26,7,15.0,4080.0,9744.422623203307,26.86860271363961,40.0,51461.35546875
26,8,0.0,4020.0,8280.675466528473,21.244941680552248,20.0,54555.953125
26,9,0.0,4020.0,8367.348510174892,20.216615091644847,21.0,53757.6171875
26,10,840.0,4020.0,16000.3540329616,82.3589621518686,202.0,50414.2578125
26,11,0.0,4020.0,9749.221529576647,26.447274458462267,20.0,51341.70703125
26,12,0.0,4020.0,9155.98588276068,20.78433706260414,11.0,56715.8671875
26,13,0.0,4020.0,8892.228689354659,19.013330159485836,17.0,56704.03515625
26,14,0.0,4020.0,9078.798654614195,22.29469174006189,20.0,51670.65234375001
26,15,165.0,4020.0,13100.633942834418,66.07355391573435,159.0,50712.109375
26,16,375.0,5520.0,10898.555955442538,23.055224946441324,17.0,53170.96093749999
26,17,570.0,4080.0,11587.320794859348,61.04617948107594,155.0,50865.625
26,18,765.0,4080.0,16413.710309182978,75.02142347060224,161.0,49832.671875
26,19,30.0,4020.0,9463.97042256999,26.422280409426328,42.0,51551.0546875
26,20,0.0,4080.0,10044.660693078193,23.383718162342298,12.0,55643.1875
26,21,120.0,4020.0,10131.38701741827,20.873601523446798,18.0,52995.7734375
26,22,0.0,4020.0,9046.086544792837,27.49702451797191,34.0,50866.26171875
26,23,720.0,4140.0,13609.43774017335,73.9752439895263,170.0,50574.60156250001
26,24,0.0,4020.0,8220.769137338837,21.98048083789574,27.0,52406.53515625
26,25,840.0,4020.0,15485.37654921231,77.02094739347774,177.0,50435.05859374999
26,26,0.0,4020.0,9142.346829224494,18.327779100214233,71.0,57195.8125
26,27,0.0,4080.0,9478.85908554103,20.809331111640084,14.0,54721.5703125
26,28,0.0,4020.0,8840.725440634287,24.30849797667222,38.0,51886.69921875
26,29,210.0,4020.0,12781.909694696173,49.834563199238275,91.0,50609.08984375
26,30,570.0,4020.0,11917.637350047738,52.88740776005713,132.0,50655.57421875
26,31,0.0,4080.0,10186.67382177991,24.10854558438467,14.0,55130.06640625
26,32,735.0,4020.0,15117.761960762655,68.69435848607475,148.0,50857.31640625
26,33,810.0,4080.0,15255.655636343145,67.2375624851226,136.0,50718.5859375
26,34,0.0,4080.0,9023.289304429192,25.51535348726493,50.0,52415.921875
26,35,0.0,4080.0,10186.674237854222,24.10854558438467,14.0,55123.23828124999
26,36,15.0,5460.0,9076.096544388842,24.447750535586763,27.0,52416.15624999999
26,37,780.0,4020.0,15361.404677894487,68.76577005474888,148.0,50756.28125
26,38,0.0,4020.0,8283.460964715536,21.99119257319686,27.0,52564.56640625
26,39,0.0,4080.0,10186.67576523154,24.090692692216138,14.0,55136.45312500001
26,40,15.0,4080.0,9543.97904999735,21.2735063080219,14.0,55015.42578125
26,41,570.0,4020.0,12021.550395863007,60.66769816710307,152.0,50778.08593750001
26,42,0.0,4020.0,9073.906956702947,28.139728636039038,37.0,52275.2578125
26,43,645.0,4020.0,12218.84854866231,54.71197333968103,115.0,50956.96484375
26,44,0.0,5460.0,9277.783214551153,24.397762437514878,25.0,53487.8046875
26,45,0.0,4020.0,9293.381712189374,26.475839085931916,25.0,52879.890625
26,46,0.0,4080.0,9692.077565434829,26.850749821471076,45.0,51834.80859375
26,47,345.0,5520.0,10384.577004713552,24.89050226136634,22.0,52171.61328125001
26,48,60.0,4020.0,9247.288753645022,25.558200428469412,25.0,52325.13281249999
26,49,0.0,4020.0,9514.7998118385,24.754820280885504,20.0,53878.87109374999
26,50,0.0,4020.0,8989.37221906106,19.72387526779338,78.0,56996.703125
26,51,840.0,4020.0,16110.52665720582,82.80528445608188,203.0,50722.49218749999
26,52,120.0,4020.0,11638.8864841037,30.53558676505594,24.0,53560.94921875
26,53,0.0,4020.0,10053.342486592981,21.43775291597239,20.0,55287.02734375
26,54,0.0,4080.0,9735.288513605206,21.537729112116164,16.0,54922.46875
26,55,0.0,4020.0,10063.037698991913,24.329921447274458,17.0,56627.6640625
26,56,0.0,4020.0,8526.702530046226,20.677219709592954,23.0,53798.7265625
26,57,120.0,5460.0,10526.76129844493,24.754820280885504,18.0,54253.69531249999
26,58,0.0,4080.0,10037.989563955947,23.023089740537962,22.0,54432.59765625001
26,59,60.0,4080.0,9857.437138932371,25.665317781480596,24.0,53317.64453125
26,60,0.0,4080.0,9184.442449712973,25.611759104975008,51.0,51823.0546875
26,61,120.0,5460.0,10437.957869803737,24.522732682694595,17.0,54301.6328125
26,62,0.0,5460.0,9709.93192680656,23.226612711259225,22.0,53876.30859375
26,63,0.0,4020.0,8525.963332684061,20.670078552725542,23.0,53800.94921875
26,64,0.0,4020.0,9545.555770440827,25.733158771721016,22.0,53665.85937500001
26,65,0.0,4020.0,9112.049299807648,23.84432278029041,26.0,52016.87109375
26,66,30.0,4020.0,9327.635949250915,22.673173054034752,16.0,56833.359375
26,67,0.0,4020.0,9488.806120309295,33.65627231611521,56.0,51273.66796875
26,68,810.0,4080.0,15296.58368512302,66.42704118067127,128.0,50895.01953125
26,69,570.0,4020.0,11786.900054585876,64.15972387526779,148.0,50926.45703125
26,70,690.0,4020.0,11536.080743687256,48.75267793382528,130.0,50998.5625
26,71,30.0,4080.0,9886.690882967308,27.686265174958343,43.0,51849.25781250001
26,72,0.0,4080.0,9724.452509449264,27.49702451797191,45.0,51823.01171875
26,73,375.0,5520.0,10906.642889496772,23.255177338728874,18.0,53147.30859374999
26,74,0.0,4020.0,8962.533069175748,33.80623661033087,82.0,52281.68359375
26,75,0.0,5460.0,9930.43294110971,27.57557724351345,37.0,51831.1796875
26,76,0.0,4020.0,9373.649993188428,47.09592954058557,101.0,51474.140625
26,77,0.0,4080.0,9834.014620698592,29.85360628421804,29.0,51470.91406249999
26,78,0.0,4020.0,9586.577060417894,24.190668888359916,25.0,52642.24218749999
26,79,0.0,4020.0,9186.594081809668,21.901928112354202,17.0,57117.765625
26,80,0.0,4020.0,9657.280372270357,36.930492739823855,58.0,51046.5078125
26,81,45.0,4020.0,9088.22057954234,25.929540585574863,31.0,51996.94531249999
26,82,570.0,5520.0,16371.225941197816,92.80647464889311,208.0,51061.04296875001
26,83,0.0,4020.0,8404.689071486151,25.997381575815282,92.0,52607.01562499999
26,84,315.0,5520.0,11543.65438962837,30.928350392763626,38.0,52076.16406250001
26,85,675.0,4140.0,11669.13688384727,33.895501071173534,32.0,52300.05078125001
26,86,660.0,4020.0,10903.847540862123,45.76410378481314,76.0,51975.54296875
26,87,135.0,4020.0,11850.911054449421,28.843132587479168,47.0,52112.28125
26,88,660.0,4080.0,11982.069103267262,40.258271840038084,52.0,51592.2109375
26,89,120.0,4020.0,11820.561706161523,28.907402999285885,55.0,52535.51171874999
26,90,45.0,4020.0,13456.03958772614,74.99285884313258,189.0,51236.37109375
26,91,615.0,4080.0,11163.828237578186,36.46274696500833,33.0,52288.23046875001
26,92,705.0,4020.0,11455.694811023335,49.19185908117115,46.0,52183.28515625
26,93,0.0,4020.0,9628.545320889192,25.2082837419662,30.0,52599.91015625
26,94,315.0,5520.0,11253.17684725147,32.18519400142823,65.0,51766.1484375
26,95,675.0,4020.0,11498.661367076602,48.07069745298738,73.0,51543.828125
26,96,0.0,4020.0,9829.533802136146,41.36872173292073,96.0,51274.23046875
26,97,0.0,4080.0,9014.534718770534,24.512020947393477,31.0,52728.86718750001
26,98,0.0,4020.0,9736.958737020446,46.081885265413,118.0,51959.33203125
26,99,630.0,4020.0,11418.412246385644,44.11092597000714,70.0,51980.07421874999
26,100,240.0,5520.0,10180.45784928474,24.294215662937397,28.0,52565.6640625
26,101,0.0,4020.0,8990.160896758265,40.604617948107595,112.0,52535.66796875
26,102,30.0,4020.0,9351.8525442032,26.79362056653178,36.0,52736.4609375
26,103,0.0,4020.0,8898.954877447079,27.557724351344916,47.0,52568.78515625
26,104,0.0,4020.0,8673.015590392999,24.869078790764107,43.0,54188.2890625
26,105,0.0,4020.0,9282.926862094846,25.88312306593668,38.0,52664.6640625
26,106,0.0,4020.0,9612.984407801876,48.54558438467031,122.0,51564.1328125
26,107,480.0,5520.0,11431.657296439233,27.214948821709115,25.0,53132.38671875
26,108,0.0,4020.0,8712.232996217059,28.164722685074977,39.0,53057.21484375
26,109,0.0,4080.0,9588.782340530655,26.422280409426328,35.0,52165.93359375001
26,110,240.0,5520.0,10220.423619671521,24.744108545584385,30.0,52443.83593749999
26,111,0.0,4020.0,9518.898047311635,54.590573672935015,118.0,52108.8515625
26,112,0.0,4020.0,8734.114480366186,23.83361104498929,37.0,53586.2109375
26,113,30.0,4020.0,9331.391747436624,25.15829564389431,30.0,52767.90625000001
26,114,45.0,4020.0,9547.832350875677,37.65889074029993,95.0,51504.93359375
26,115,0.0,4020.0,8750.1608311448,23.487264936919782,27.0,52774.98046875001
26,116,0.0,4020.0,8682.425241696643,26.92930254701261,44.0,53032.10546875
26,117,0.0,4080.0,9413.915831092574,27.393477743394428,35.0,52441.85546875001
26,118,15.0,4020.0,8597.620563754965,23.808616995953344,41.0,52648.56249999999
26,119,0.0,4020.0,9970.185293268074,29.514401333015947,26.0,53671.109375
26,120,0.0,4080.0,9413.991614819122,27.393477743394428,35.0,52435.72656249999
26,121,120.0,4020.0,11606.229527384425,29.96072363722923,22.0,53773.953125
26,122,0.0,4020.0,10291.553329430946,38.39085931920971,79.0,51849.33203125
26,123,0.0,4020.0,9593.593234702374,37.062604141870985,66.0,52109.7421875
26,124,0.0,4020.0,9774.819690845234,34.02047131635325,84.0,51887.07421875
26,125,0.0,4020.0,10509.864801356267,39.922637467269695,91.0,51575.07421874999
27,0,0.0,4080.0,10650.479871531432,25.940252320875977,8.0,57868.53125000001
27,1,0.0,4020.0,8982.720286406184,22.823137348250416,15.0,54942.71875
27,2,0.0,4020.0,10250.043422054394,22.95524875029755,10.0,57830.671875
27,3,0.0,4020.0,9813.963387148084,21.14139490597477,18.0,55790.33203124999
27,4,0.0,4080.0,10086.61850068434,22.473220661747202,19.0,54126.62109375
27,5,0.0,4080.0,9478.342116395914,21.012854082361343,15.0,54729.03515624999
27,6,0.0,5460.0,8915.440186244174,23.465841466317542,17.0,53725.3984375
27,7,15.0,4080.0,9744.422623203307,26.86860271363961,40.0,51461.35546875
27,8,0.0,4020.0,8280.675466528473,21.244941680552248,20.0,54555.953125
27,9,0.0,4020.0,8367.348510174892,20.216615091644847,21.0,53757.6171875
27,10,840.0,4020.0,16000.3540329616,82.3589621518686,202.0,50414.2578125
27,11,0.0,4020.0,9749.221529576647,26.447274458462267,20.0,51341.70703125
27,12,0.0,4020.0,9155.98588276068,20.78433706260414,11.0,56715.8671875
27,13,0.0,4020.0,8892.228689354659,19.013330159485836,17.0,56704.03515625
27,14,0.0,4020.0,9078.798654614195,22.29469174006189,20.0,51670.65234375001
27,15,165.0,4020.0,13100.633942834418,66.07355391573435,159.0,50712.109375
27,16,375.0,5520.0,10898.555955442538,23.055224946441324,17.0,53170.96093749999
27,17,765.0,4080.0,16413.710309182978,75.02142347060224,161.0,49832.671875
27,18,30.0,4020.0,9463.97042256999,26.422280409426328,42.0,51551.0546875
27,19,0.0,4080.0,10044.660693078193,23.383718162342298,12.0,55643.1875
27,20,120.0,4020.0,10131.38701741827,20.873601523446798,18.0,52995.7734375
27,21,0.0,4020.0,9046.086544792837,27.49702451797191,34.0,50866.26171875
27,22,720.0,4140.0,13609.43774017335,73.9752439895263,170.0,50574.60156250001
27,23,0.0,4020.0,8220.769137338837,21.98048083789574,27.0,52406.53515625
27,24,840.0,4020.0,15485.37654921231,77.02094739347774,177.0,50435.05859374999
27,25,0.0,4020.0,9142.346829224494,18.327779100214233,71.0,57195.8125
27,26,0.0,4080.0,9478.85908554103,20.809331111640084,14.0,54721.5703125
27,27,0.0,4020.0,8840.725440634287,24.30849797667222,38.0,51886.69921875
27,28,210.0,4020.0,12781.909694696173,49.834563199238275,91.0,50609.08984375
27,29,570.0,4020.0,11917.637350047738,52.88740776005713,132.0,50655.57421875
27,30,0.0,4020.0,9684.506531992243,27.325636753154008,30.0,50756.8203125
27,31,0.0,4080.0,9505.222351437023,25.097595810521305,19.0,52676.5390625
27,32,0.0,4020.0,8391.441573628188,21.56986431801952,23.0,52500.09375000001
27,33,0.0,4080.0,9756.735277050982,24.990478457510118,12.0,54579.27343749999
27,34,0.0,4020.0,9001.592688509696,27.657700547488695,34.0,50762.5
27,35,570.0,4080.0,11587.320794859348,61.04617948107594,155.0,50865.625
27,36,0.0,4080.0,10186.67382177991,24.10854558438467,14.0,55130.06640625
27,37,735.0,4020.0,15117.761960762655,68.69435848607475,148.0,50857.31640625
27,38,810.0,4080.0,15255.655636343145,67.2375624851226,136.0,50718.5859375
27,39,0.0,4080.0,9023.289304429192,25.51535348726493,50.0,52415.921875
27,40,0.0,4080.0,10186.674237854222,24.10854558438467,14.0,55123.23828124999
27,41,15.0,5460.0,9076.096544388842,24.447750535586763,27.0,52416.15624999999
27,42,780.0,4020.0,15361.404677894487,68.76577005474888,148.0,50756.28125
27,43,0.0,4020.0,8283.460964715536,21.99119257319686,27.0,52564.56640625
27,44,0.0,4080.0,10186.67576523154,24.090692692216138,14.0,55136.45312500001
27,45,15.0,4080.0,9543.97904999735,21.2735063080219,14.0,55015.42578125
27,46,570.0,4020.0,12021.550395863007,60.66769816710307,152.0,50778.08593750001
27,47,0.0,4020.0,9073.906956702947,28.139728636039038,37.0,52275.2578125
27,48,645.0,4020.0,12218.84854866231,54.71197333968103,115.0,50956.96484375
27,49,0.0,4080.0,9692.077565434829,26.850749821471076,45.0,51834.80859375
27,50,345.0,5520.0,10384.577004713552,24.89050226136634,22.0,52171.61328125001
27,51,0.0,4020.0,9514.7998118385,24.754820280885504,20.0,53878.87109374999
27,52,0.0,4020.0,8989.37221906106,19.72387526779338,78.0,56996.703125
27,53,840.0,4020.0,16110.52665720582,82.80528445608188,203.0,50722.49218749999
27,54,0.0,4020.0,10053.342486592981,21.43775291597239,20.0,55287.02734375
27,55,0.0,4080.0,9735.288513605206,21.537729112116164,16.0,54922.46875
27,56,0.0,4020.0,10063.037698991913,24.329921447274458,17.0,56627.6640625
27,57,0.0,4020.0,8526.702530046226,20.677219709592954,23.0,53798.7265625
27,58,120.0,5460.0,10526.76129844493,24.754820280885504,18.0,54253.69531249999
27,59,0.0,4080.0,10037.989563955947,23.023089740537962,22.0,54432.59765625001
27,60,0.0,4080.0,9184.442449712973,25.611759104975008,51.0,51823.0546875
27,61,120.0,5460.0,10437.957869803737,24.522732682694595,17.0,54301.6328125
27,62,0.0,5460.0,9709.93192680656,23.226612711259225,22.0,53876.30859375
27,63,0.0,4020.0,8525.963332684061,20.670078552725542,23.0,53800.94921875
27,64,0.0,4020.0,9545.555770440827,25.733158771721016,22.0,53665.85937500001
27,65,30.0,4020.0,9327.635949250915,22.673173054034752,16.0,56833.359375
27,66,0.0,4020.0,9488.806120309295,33.65627231611521,56.0,51273.66796875
27,67,810.0,4080.0,15296.58368512302,66.42704118067127,128.0,50895.01953125
27,68,570.0,4020.0,11786.900054585876,64.15972387526779,148.0,50926.45703125
27,69,690.0,4020.0,11536.080743687256,48.75267793382528,130.0,50998.5625
27,70,0.0,4080.0,9724.452509449264,27.49702451797191,45.0,51823.01171875
27,71,375.0,5520.0,10906.642889496772,23.255177338728874,18.0,53147.30859374999
27,72,0.0,4020.0,8962.533069175748,33.80623661033087,82.0,52281.68359375
27,73,0.0,5460.0,9930.43294110971,27.57557724351345,37.0,51831.1796875
27,74,0.0,4020.0,9373.649993188428,47.09592954058557,101.0,51474.140625
27,75,0.0,4080.0,9834.014620698592,29.85360628421804,29.0,51470.91406249999
27,76,0.0,4020.0,9186.594081809668,21.901928112354202,17.0,57117.765625
27,77,0.0,4020.0,9657.280372270357,36.930492739823855,58.0,51046.5078125
27,78,0.0,5460.0,9350.463452444808,25.98666984051416,20.0,52347.79296875
27,79,0.0,4020.0,9522.589321735188,32.5029754820281,71.0,51681.4375
27,80,30.0,4020.0,9278.913421996465,26.675791478219473,32.0,51758.0
27,81,0.0,4020.0,9240.30457102731,39.40847417281601,94.0,51488.33984375
27,82,585.0,4020.0,11915.855147461843,68.97643418233754,155.0,50759.03515625
27,83,0.0,4020.0,9081.30598953292,23.269459652463695,24.0,51985.9296875
27,84,495.0,5520.0,12783.04669337659,56.99714353725304,120.0,50837.9921875
27,85,585.0,4080.0,11516.385413638658,46.71744822661271,98.0,51008.15625
27,86,765.0,4080.0,15344.93798971131,60.81409188288503,109.0,50618.5234375
27,87,645.0,4080.0,11492.06397640381,35.42013806236611,57.0,51124.73046875001
27,88,0.0,5460.0,9277.783214551153,24.397762437514878,25.0,53487.8046875
27,89,0.0,4020.0,9293.381712189374,26.475839085931916,25.0,52879.890625
27,90,60.0,4020.0,9247.288753645022,25.558200428469412,25.0,52325.13281249999
27,91,0.0,4020.0,9112.049299807648,23.84432278029041,26.0,52016.87109375
27,92,30.0,4080.0,9886.690882967308,27.686265174958343,43.0,51849.25781250001
27,93,0.0,4020.0,9586.577060417894,24.190668888359916,25.0,52642.24218749999
27,94,45.0,4020.0,9088.22057954234,25.929540585574863,31.0,51996.94531249999
27,95,570.0,5520.0,16371.225941197816,92.80647464889311,208.0,51061.04296875001
27,96,0.0,4020.0,8404.689071486151,25.997381575815282,92.0,52607.01562499999
27,97,660.0,4080.0,11982.069103267262,40.258271840038084,52.0,51592.2109375
27,98,45.0,4020.0,13456.03958772614,74.99285884313258,189.0,51236.37109375
27,99,315.0,5520.0,11253.17684725147,32.18519400142823,65.0,51766.1484375
27,100,0.0,4020.0,9829.533802136146,41.36872173292073,96.0,51274.23046875
27,101,0.0,4080.0,9014.534718770534,24.512020947393477,31.0,52728.86718750001
27,102,0.0,4020.0,8990.160896758265,40.604617948107595,112.0,52535.66796875
27,103,0.0,4020.0,8898.954877447079,27.557724351344916,47.0,52568.78515625
27,104,0.0,4020.0,9612.984407801876,48.54558438467031,122.0,51564.1328125
27,105,0.0,4020.0,8712.232996217059,28.164722685074977,39.0,53057.21484375
27,106,45.0,4020.0,9547.832350875677,37.65889074029993,95.0,51504.93359375
27,107,0.0,4020.0,8750.1608311448,23.487264936919782,27.0,52774.98046875001
27,108,0.0,4020.0,8682.425241696643,26.92930254701261,44.0,53032.10546875
27,109,15.0,4020.0,8597.620563754965,23.808616995953344,41.0,52648.56249999999
27,110,120.0,4020.0,11606.229527384425,29.96072363722923,22.0,53773.953125
27,111,0.0,4020.0,10291.553329430946,38.39085931920971,79.0,51849.33203125
27,112,0.0,4020.0,9774.819690845234,34.02047131635325,84.0,51887.07421875
27,113,0.0,4020.0,10509.864801356267,39.922637467269695,91.0,51575.07421874999
27,114,0.0,4020.0,10284.240703590305,38.42656510354677,80.0,51879.50781249999
27,115,0.0,4020.0,8411.758675959412,22.466079504879794,31.0,53144.31640624999
27,116,45.0,4020.0,9376.22004768161,25.026184241847183,24.0,52833.484375
27,117,600.0,4020.0,10587.92381181303,38.46227088788384,55.0,51936.66015624999
27,118,30.0,4020.0,10281.565371409684,39.13711021185432,64.0,51439.64453125
27,119,255.0,5520.0,11256.368537411505,27.272078076648413,39.0,51953.05859374999
27,120,0.0,4020.0,9332.63488383383,40.00119019281124,100.0,51867.66796875
27,121,720.0,4140.0,15951.438061687139,78.61342537491073,210.0,50947.13671875
27,122,0.0,4080.0,10226.824751574892,24.894072839800046,17.0,55184.94921875
27,123,675.0,4020.0,12769.102853813263,61.435372530349916,190.0,51170.35546874999
27,124,135.0,4020.0,11850.911054449421,28.843132587479168,47.0,52112.28125
27,125,330.0,5520.0,12864.42943725024,27.57200666507974,21.0,59712.66015625
28,0,0.0,4080.0,10650.479871531432,25.940252320875977,8.0,57868.53125000001
28,1,0.0,4020.0,8982.720286406184,22.823137348250416,15.0,54942.71875
28,2,0.0,4020.0,10250.043422054394,22.95524875029755,10.0,57830.671875
28,3,0.0,4020.0,9813.963387148084,21.14139490597477,18.0,55790.33203124999
28,4,0.0,4080.0,10086.61850068434,22.473220661747202,19.0,54126.62109375
28,5,0.0,4080.0,9478.342116395914,21.012854082361343,15.0,54729.03515624999
28,6,0.0,5460.0,8915.440186244174,23.465841466317542,17.0,53725.3984375
28,7,15.0,4080.0,9744.422623203307,26.86860271363961,40.0,51461.35546875
28,8,0.0,4020.0,8280.675466528473,21.244941680552248,20.0,54555.953125
28,9,0.0,4020.0,8367.348510174892,20.216615091644847,21.0,53757.6171875
28,10,840.0,4020.0,16000.3540329616,82.3589621518686,202.0,50414.2578125
28,11,0.0,4020.0,9749.221529576647,26.447274458462267,20.0,51341.70703125
28,12,0.0,4020.0,9155.98588276068,20.78433706260414,11.0,56715.8671875
28,13,0.0,4020.0,8892.228689354659,19.013330159485836,17.0,56704.03515625
28,14,0.0,4020.0,9078.798654614195,22.29469174006189,20.0,51670.65234375001
28,15,375.0,5520.0,10898.555955442538,23.055224946441324,17.0,53170.96093749999
28,16,765.0,4080.0,16413.710309182978,75.02142347060224,161.0,49832.671875
28,17,30.0,4020.0,9463.97042256999,26.422280409426328,42.0,51551.0546875
28,18,0.0,4080.0,10044.660693078193,23.383718162342298,12.0,55643.1875
28,19,120.0,4020.0,10131.38701741827,20.873601523446798,18.0,52995.7734375
28,20,0.0,4020.0,9046.086544792837,27.49702451797191,34.0,50866.26171875
28,21,0.0,4020.0,8220.769137338837,21.98048083789574,27.0,52406.53515625
28,22,840.0,4020.0,15485.37654921231,77.02094739347774,177.0,50435.05859374999
28,23,0.0,4020.0,9142.346829224494,18.327779100214233,71.0,57195.8125
28,24,0.0,4080.0,9478.85908554103,20.809331111640084,14.0,54721.5703125
28,25,0.0,4020.0,8840.725440634287,24.30849797667222,38.0,51886.69921875
28,26,210.0,4020.0,12781.909694696173,49.834563199238275,91.0,50609.08984375
28,27,0.0,4020.0,9684.506531992243,27.325636753154008,30.0,50756.8203125
28,28,0.0,4080.0,9505.222351437023,25.097595810521305,19.0,52676.5390625
28,29,0.0,4020.0,8391.441573628188,21.56986431801952,23.0,52500.09375000001
28,30,0.0,4080.0,9756.735277050982,24.990478457510118,12.0,54579.27343749999
28,31,0.0,4020.0,9001.592688509696,27.657700547488695,34.0,50762.5
28,32,630.0,4020.0,11883.716396804997,43.828850273744344,65.0,50471.25390625
28,33,0.0,4080.0,9673.232110476405,29.471554391811473,28.0,51383.96875
28,34,0.0,4020.0,10871.945390363355,46.27112592239943,105.0,50587.83203125
28,35,210.0,4020.0,13118.079407183912,57.36491311592477,116.0,50541.00390625
28,36,600.0,4080.0,11949.712959618646,34.68102832658891,23.0,51111.31640625
28,37,615.0,4020.0,11521.370461521139,51.152106641275886,102.0,50742.21484375
28,38,165.0,4020.0,13100.633942834418,66.07355391573435,159.0,50712.109375
28,39,720.0,4140.0,13609.43774017335,73.9752439895263,170.0,50574.60156250001
28,40,570.0,4020.0,11917.637350047738,52.88740776005713,132.0,50655.57421875
28,41,570.0,4080.0,11587.320794859348,61.04617948107594,155.0,50865.625
28,42,0.0,4080.0,10186.67382177991,24.10854558438467,14.0,55130.06640625
28,43,0.0,4080.0,9023.289304429192,25.51535348726493,50.0,52415.921875
28,44,0.0,4080.0,10186.674237854222,24.10854558438467,14.0,55123.23828124999
28,45,15.0,5460.0,9076.096544388842,24.447750535586763,27.0,52416.15624999999
28,46,0.0,4020.0,8283.460964715536,21.99119257319686,27.0,52564.56640625
28,47,0.0,4080.0,10186.67576523154,24.090692692216138,14.0,55136.45312500001
28,48,15.0,4080.0,9543.97904999735,21.2735063080219,14.0,55015.42578125
28,49,0.0,4020.0,9073.906956702947,28.139728636039038,37.0,52275.2578125
28,50,0.0,4080.0,9692.077565434829,26.850749821471076,45.0,51834.80859375
28,51,345.0,5520.0,10384.577004713552,24.89050226136634,22.0,52171.61328125001
28,52,0.0,4020.0,9514.7998118385,24.754820280885504,20.0,53878.87109374999
28,53,0.0,4020.0,8989.37221906106,19.72387526779338,78.0,56996.703125
28,54,0.0,4020.0,10053.342486592981,21.43775291597239,20.0,55287.02734375
28,55,0.0,4080.0,9735.288513605206,21.537729112116164,16.0,54922.46875
28,56,0.0,4020.0,10063.037698991913,24.329921447274458,17.0,56627.6640625
28,57,0.0,4020.0,8526.702530046226,20.677219709592954,23.0,53798.7265625
28,58,120.0,5460.0,10526.76129844493,24.754820280885504,18.0,54253.69531249999
28,59,0.0,4080.0,10037.989563955947,23.023089740537962,22.0,54432.59765625001
28,60,0.0,4080.0,9184.442449712973,25.611759104975008,51.0,51823.0546875
28,61,120.0,5460.0,10437.957869803737,24.522732682694595,17.0,54301.6328125
28,62,0.0,5460.0,9709.93192680656,23.226612711259225,22.0,53876.30859375
28,63,0.0,4020.0,8525.963332684061,20.670078552725542,23.0,53800.94921875
28,64,0.0,4020.0,9545.555770440827,25.733158771721016,22.0,53665.85937500001
28,65,30.0,4020.0,9327.635949250915,22.673173054034752,16.0,56833.359375
28,66,0.0,4020.0,9488.806120309295,33.65627231611521,56.0,51273.66796875
28,67,0.0,4080.0,9724.452509449264,27.49702451797191,45.0,51823.01171875
28,68,375.0,5520.0,10906.642889496772,23.255177338728874,18.0,53147.30859374999
28,69,0.0,4020.0,8962.533069175748,33.80623661033087,82.0,52281.68359375
28,70,0.0,5460.0,9930.43294110971,27.57557724351345,37.0,51831.1796875
28,71,0.0,4020.0,9373.649993188428,47.09592954058557,101.0,51474.140625
28,72,0.0,4080.0,9834.014620698592,29.85360628421804,29.0,51470.91406249999
28,73,0.0,4020.0,9186.594081809668,21.901928112354202,17.0,57117.765625
28,74,0.0,4020.0,9657.280372270357,36.930492739823855,58.0,51046.5078125
28,75,0.0,5460.0,9350.463452444808,25.98666984051416,20.0,52347.79296875
28,76,0.0,4020.0,9522.589321735188,32.5029754820281,71.0,51681.4375
28,77,30.0,4020.0,9278.913421996465,26.675791478219473,32.0,51758.0
28,78,0.0,4020.0,9240.30457102731,39.40847417281601,94.0,51488.33984375
28,79,585.0,4020.0,11915.855147461843,68.97643418233754,155.0,50759.03515625
28,80,0.0,4020.0,9081.30598953292,23.269459652463695,24.0,51985.9296875
28,81,495.0,5520.0,12783.04669337659,56.99714353725304,120.0,50837.9921875
28,82,765.0,4080.0,15344.93798971131,60.81409188288503,109.0,50618.5234375
28,83,645.0,4080.0,11492.06397640381,35.42013806236611,57.0,51124.73046875001
28,84,210.0,4020.0,12759.623343191375,48.8205189240657,89.0,50871.93359374999
28,85,840.0,4020.0,16082.277742598588,81.3306355629612,196.0,50546.52343750001
28,86,570.0,4020.0,11868.586215199815,66.75910497500595,170.0,50848.35546875
28,87,0.0,4020.0,9535.650579222307,27.818376577005473,42.0,51610.26953125
28,88,450.0,5520.0,12923.014093285641,58.803856224708404,121.0,50603.53125
28,89,15.0,4020.0,9802.913153761117,33.49916686503214,68.0,50884.97265625
28,90,765.0,4020.0,15059.277809833493,64.41680552249464,128.0,50727.53515625
28,91,0.0,4020.0,8887.78335059647,47.781480599857176,146.0,52126.23046875
28,92,45.0,4020.0,9105.372006054633,24.76910259462033,23.0,52595.33984375
28,93,480.0,5520.0,11636.21797333915,30.46774577481552,47.0,51720.15234375
28,94,0.0,4020.0,8404.689071486151,25.997381575815282,92.0,52607.01562499999
28,95,465.0,4140.0,11561.623073511786,42.2078076648417,55.0,51809.0078125
28,96,0.0,4020.0,9112.049299807648,23.84432278029041,26.0,52016.87109375
28,97,315.0,5520.0,11253.17684725147,32.18519400142823,65.0,51766.1484375
28,98,0.0,4020.0,9829.533802136146,41.36872173292073,96.0,51274.23046875
28,99,0.0,4080.0,9014.534718770534,24.512020947393477,31.0,52728.86718750001
28,100,255.0,5520.0,11256.368537411505,27.272078076648413,39.0,51953.05859374999
28,101,45.0,4020.0,13456.03958772614,74.99285884313258,189.0,51236.37109375
28,102,0.0,4020.0,9586.577060417894,24.190668888359916,25.0,52642.24218749999
28,103,15.0,4020.0,8597.620563754965,23.808616995953344,41.0,52648.56249999999
28,104,0.0,4080.0,9106.379629040242,24.22280409426327,34.0,52294.71484374999
28,105,660.0,4080.0,11982.069103267262,40.258271840038084,52.0,51592.2109375
28,106,120.0,4020.0,11606.229527384425,29.96072363722923,22.0,53773.953125
28,107,0.0,4020.0,8682.425241696643,26.92930254701261,44.0,53032.10546875
28,108,45.0,4020.0,9547.832350875677,37.65889074029993,95.0,51504.93359375
28,109,600.0,4020.0,10587.92381181303,38.46227088788384,55.0,51936.66015624999
28,110,0.0,4020.0,8411.758675959412,22.466079504879794,31.0,53144.31640624999
28,111,0.0,4020.0,9293.381712189374,26.475839085931916,25.0,52879.890625
28,112,0.0,4020.0,8990.160896758265,40.604617948107595,112.0,52535.66796875
28,113,0.0,4020.0,8898.954877447079,27.557724351344916,47.0,52568.78515625
28,114,645.0,4080.0,12061.687925053218,50.437990954534634,59.0,51378.05078125001
28,115,0.0,5460.0,9277.783214551153,24.397762437514878,25.0,53487.8046875
28,116,45.0,4020.0,9376.22004768161,25.026184241847183,24.0,52833.484375
28,117,0.0,4020.0,9332.63488383383,40.00119019281124,100.0,51867.66796875
28,118,45.0,4020.0,9088.22057954234,25.929540585574863,31.0,51996.94531249999
28,119,0.0,4020.0,8750.1608311448,23.487264936919782,27.0,52774.98046875001
28,120,0.0,4020.0,9612.984407801876,48.54558438467031,122.0,51564.1328125
28,121,0.0,4020.0,8712.232996217059,28.164722685074977,39.0,53057.21484375
28,122,60.0,4020.0,9247.288753645022,25.558200428469412,25.0,52325.13281249999
28,123,630.0,4020.0,11903.474211166678,56.243751487741015,152.0,51058.5546875
28,124,735.0,4020.0,15117.761960762655,68.69435848607475,148.0,50857.31640625
28,125,0.0,4020.0,9774.819690845234,34.02047131635325,84.0,51887.07421875
29,0,0.0,4080.0,10650.479871531432,25.940252320875977,8.0,57868.53125000001
29,1,0.0,4020.0,8982.720286406184,22.823137348250416,15.0,54942.71875
29,2,0.0,4020.0,10250.043422054394,22.95524875029755,10.0,57830.671875
29,3,0.0,4020.0,9813.963387148084,21.14139490597477,18.0,55790.33203124999
29,4,0.0,4080.0,10086.61850068434,22.473220661747202,19.0,54126.62109375
29,5,0.0,4080.0,9478.342116395914,21.012854082361343,15.0,54729.03515624999
29,6,0.0,4020.0,8280.675466528473,21.244941680552248,20.0,54555.953125
29,7,0.0,4020.0,8367.348510174892,20.216615091644847,21.0,53757.6171875
29,8,840.0,4020.0,16000.3540329616,82.3589621518686,202.0,50414.2578125
29,9,0.0,4020.0,9749.221529576647,26.447274458462267,20.0,51341.70703125
29,10,0.0,4020.0,9155.98588276068,20.78433706260414,11.0,56715.8671875
29,11,0.0,4020.0,8892.228689354659,19.013330159485836,17.0,56704.03515625
29,12,0.0,4020.0,9078.798654614195,22.29469174006189,20.0,51670.65234375001
29,13,375.0,5520.0,10898.555955442538,23.055224946441324,17.0,53170.96093749999
29,14,765.0,4080.0,16413.710309182978,75.02142347060224,161.0,49832.671875
29,15,0.0,4080.0,10044.660693078193,23.383718162342298,12.0,55643.1875
29,16,120.0,4020.0,10131.38701741827,20.873601523446798,18.0,52995.7734375
29,17,0.0,4020.0,9046.086544792837,27.49702451797191,34.0,50866.26171875
29,18,0.0,4020.0,8220.769137338837,21.98048083789574,27.0,52406.53515625
29,19,840.0,4020.0,15485.37654921231,77.02094739347774,177.0,50435.05859374999
29,20,0.0,4020.0,9142.346829224494,18.327779100214233,71.0,57195.8125
29,21,0.0,4080.0,9478.85908554103,20.809331111640084,14.0,54721.5703125
29,22,0.0,4020.0,8840.725440634287,24.30849797667222,38.0,51886.69921875
29,23,210.0,4020.0,12781.909694696173,49.834563199238275,91.0,50609.08984375
29,24,0.0,4020.0,9684.506531992243,27.325636753154008,30.0,50756.8203125
29,25,0.0,4020.0,8391.441573628188,21.56986431801952,23.0,52500.09375000001
29,26,0.0,4080.0,9756.735277050982,24.990478457510118,12.0,54579.27343749999
29,27,0.0,4020.0,9001.592688509696,27.657700547488695,34.0,50762.5
29,28,630.0,4020.0,11883.716396804997,43.828850273744344,65.0,50471.25390625
29,29,600.0,4080.0,11949.712959618646,34.68102832658891,23.0,51111.31640625
29,30,0.0,4020.0,8800.82706170791,23.07664841704356,32.0,52349.98828125001
29,31,720.0,4140.0,15191.785345132444,60.13568198048084,110.0,50251.890625
29,32,0.0,4080.0,8765.814058440548,23.98357533920495,17.0,52079.98828125001
29,33,0.0,5460.0,8908.067501886722,23.44798857414901,17.0,53636.109375
29,34,0.0,4020.0,8991.188127757883,20.152344679838134,22.0,56540.48828125
29,35,0.0,4020.0,10376.789168216397,32.42799333492026,53.0,50753.84765625
29,36,630.0,4020.0,11792.206597758446,43.268269459652466,66.0,50517.20703125
29,37,0.0,4020.0,9887.498738147566,37.67317305403476,92.0,50448.69531250001
29,38,0.0,4020.0,9137.53131606898,23.262318495596286,25.0,51358.41015625
29,39,15.0,4020.0,9650.631801831125,26.15805760533206,19.0,51132.640625
29,40,0.0,4020.0,9198.066321472943,21.794810759343015,19.0,55938.47265625
29,41,0.0,4020.0,8977.281494580267,28.07188764579862,44.0,51223.484375
29,42,0.0,5460.0,8915.440186244174,23.465841466317542,17.0,53725.3984375
29,43,15.0,4080.0,9744.422623203307,26.86860271363961,40.0,51461.35546875
29,44,30.0,4020.0,9463.97042256999,26.422280409426328,42.0,51551.0546875
29,45,0.0,4080.0,9505.222351437023,25.097595810521305,19.0,52676.5390625
29,46,0.0,4080.0,9673.232110476405,29.471554391811473,28.0,51383.96875
29,47,0.0,4020.0,10871.945390363355,46.27112592239943,105.0,50587.83203125
29,48,210.0,4020.0,13118.079407183912,57.36491311592477,116.0,50541.00390625
29,49,615.0,4020.0,11521.370461521139,51.152106641275886,102.0,50742.21484375
29,50,0.0,4080.0,10186.67382177991,24.10854558438467,14.0,55130.06640625
29,51,0.0,4080.0,9023.289304429192,25.51535348726493,50.0,52415.921875
29,52,0.0,4080.0,10186.674237854222,24.10854558438467,14.0,55123.23828124999
29,53,15.0,5460.0,9076.096544388842,24.447750535586763,27.0,52416.15624999999
29,54,0.0,4020.0,8283.460964715536,21.99119257319686,27.0,52564.56640625
29,55,0.0,4080.0,10186.67576523154,24.090692692216138,14.0,55136.45312500001
29,56,15.0,4080.0,9543.97904999735,21.2735063080219,14.0,55015.42578125
29,57,0.0,4020.0,9073.906956702947,28.139728636039038,37.0,52275.2578125
29,58,0.0,4080.0,9692.077565434829,26.850749821471076,45.0,51834.80859375
29,59,345.0,5520.0,10384.577004713552,24.89050226136634,22.0,52171.61328125001
29,60,0.0,4020.0,9514.7998118385,24.754820280885504,20.0,53878.87109374999
29,61,0.0,4020.0,8989.37221906106,19.72387526779338,78.0,56996.703125
29,62,0.0,4020.0,10053.342486592981,21.43775291597239,20.0,55287.02734375
29,63,0.0,4080.0,9735.288513605206,21.537729112116164,16.0,54922.46875
29,64,0.0,4020.0,10063.037698991913,24.329921447274458,17.0,56627.6640625
29,65,0.0,4020.0,8526.702530046226,20.677219709592954,23.0,53798.7265625
29,66,0.0,4080.0,10037.989563955947,23.023089740537962,22.0,54432.59765625001
29,67,0.0,4080.0,9184.442449712973,25.611759104975008,51.0,51823.0546875
29,68,0.0,5460.0,9709.93192680656,23.226612711259225,22.0,53876.30859375
29,69,0.0,4020.0,8525.963332684061,20.670078552725542,23.0,53800.94921875
29,70,0.0,4020.0,9545.555770440827,25.733158771721016,22.0,53665.85937500001
29,71,30.0,4020.0,9327.635949250915,22.673173054034752,16.0,56833.359375
29,72,0.0,4020.0,9488.806120309295,33.65627231611521,56.0,51273.66796875
29,73,0.0,4080.0,9724.452509449264,27.49702451797191,45.0,51823.01171875
29,74,375.0,5520.0,10906.642889496772,23.255177338728874,18.0,53147.30859374999
29,75,0.0,4020.0,8962.533069175748,33.80623661033087,82.0,52281.68359375
29,76,0.0,5460.0,9930.43294110971,27.57557724351345,37.0,51831.1796875
29,77,0.0,4020.0,9186.594081809668,21.901928112354202,17.0,57117.765625
29,78,0.0,4020.0,9657.280372270357,36.930492739823855,58.0,51046.5078125
29,79,0.0,5460.0,9350.463452444808,25.98666984051416,20.0,52347.79296875
29,80,0.0,4020.0,9522.589321735188,32.5029754820281,71.0,51681.4375
29,81,30.0,4020.0,9278.913421996465,26.675791478219473,32.0,51758.0
29,82,0.0,4020.0,9240.30457102731,39.40847417281601,94.0,51488.33984375
29,83,0.0,4020.0,9081.30598953292,23.269459652463695,24.0,51985.9296875
29,84,645.0,4080.0,11492.06397640381,35.42013806236611,57.0,51124.73046875001
29,85,210.0,4020.0,12759.623343191375,48.8205189240657,89.0,50871.93359374999
29,86,0.0,4020.0,9535.650579222307,27.818376577005473,42.0,51610.26953125
29,87,15.0,4020.0,9802.913153761117,33.49916686503214,68.0,50884.97265625
29,88,0.0,4020.0,8887.78335059647,47.781480599857176,146.0,52126.23046875
29,89,45.0,4020.0,9105.372006054633,24.76910259462033,23.0,52595.33984375
29,90,0.0,4020.0,9019.00438204388,28.771721018805046,41.0,52088.43359375
29,91,240.0,5520.0,11121.926545796334,29.278743156391336,26.0,51396.84765625
29,92,0.0,4020.0,10110.587974615279,59.40014282313736,150.0,50645.02734375
29,93,0.0,4020.0,8822.41160467417,27.721970959295405,50.0,52542.359375
29,94,0.0,4020.0,9284.893866202463,38.508688407522015,93.0,50785.88671874999
29,95,0.0,4080.0,9630.439541721473,23.244465603427756,21.0,56094.74609375
29,96,0.0,5460.0,9259.315668083054,24.583432516067603,21.0,52617.41015625
29,97,0.0,4080.0,9302.905837616028,30.67840990240419,47.0,51791.57421875
29,98,0.0,4020.0,9346.658219259276,38.037372054272794,81.0,50973.02343749999
29,99,45.0,4020.0,9247.667200759839,24.029992858843134,29.0,51773.61328125
29,100,450.0,5520.0,12923.014093285641,58.803856224708404,121.0,50603.53125
29,101,495.0,5520.0,12783.04669337659,56.99714353725304,120.0,50837.9921875
29,102,120.0,5460.0,10526.76129844493,24.754820280885504,18.0,54253.69531249999
29,103,0.0,4020.0,8404.689071486151,25.997381575815282,92.0,52607.01562499999
29,104,255.0,5520.0,11256.368537411505,27.272078076648413,39.0,51953.05859374999
29,105,120.0,5460.0,10437.957869803737,24.522732682694595,17.0,54301.6328125
29,106,0.0,4020.0,9462.693612542938,44.52868364675077,127.0,50895.1953125
29,107,0.0,4020.0,9112.049299807648,23.84432278029041,26.0,52016.87109375
29,108,45.0,4020.0,9376.22004768161,25.026184241847183,24.0,52833.484375
29,109,0.0,4080.0,9014.534718770534,24.512020947393477,31.0,52728.86718750001
29,110,600.0,4020.0,10587.92381181303,38.46227088788384,55.0,51936.66015624999
29,111,0.0,4080.0,10032.11007261457,47.99214472744585,131.0,50804.81640625
29,112,0.0,4020.0,9435.377555903178,41.38657462508927,111.0,51675.3359375
29,113,0.0,4020.0,9293.381712189374,26.475839085931916,25.0,52879.890625
29,114,0.0,4020.0,8411.758675959412,22.466079504879794,31.0,53144.31640624999
29,115,0.0,4080.0,9605.689144432836,25.708164722685076,22.0,53014.19140625001
29,116,45.0,4020.0,9547.832350875677,37.65889074029993,95.0,51504.93359375
29,117,0.0,4080.0,9106.379629040242,24.22280409426327,34.0,52294.71484374999
29,118,645.0,4080.0,12061.687925053218,50.437990954534634,59.0,51378.05078125001
29,119,0.0,4020.0,10083.997781622478,47.52796953106403,123.0,51256.77734375
29,120,120.0,4020.0,11606.229527384425,29.96072363722923,22.0,53773.953125
29,121,675.0,4020.0,11021.64223793763,44.45727207807665,52.0,51679.85546875
29,122,0.0,4020.0,9332.63488383383,40.00119019281124,100.0,51867.66796875
29,123,0.0,4020.0,9829.533802136146,41.36872173292073,96.0,51274.23046875
29,124,15.0,4020.0,8597.620563754965,23.808616995953344,41.0,52648.56249999999
29,125,0.0,4020.0,8750.1608311448,23.487264936919782,27.0,52774.98046875001
30,0,0.0,4020.0,8982.720286406184,22.823137348250416,15.0,54942.71875
30,1,0.0,4020.0,9813.963387148084,21.14139490597477,18.0,55790.33203124999
30,2,0.0,4080.0,10086.61850068434,22.473220661747202,19.0,54126.62109375
30,3,0.0,4080.0,9478.342116395914,21.012854082361343,15.0,54729.03515624999
30,4,0.0,4020.0,8280.675466528473,21.244941680552248,20.0,54555.953125
30,5,0.0,4020.0,8367.348510174892,20.216615091644847,21.0,53757.6171875
30,6,0.0,4020.0,9749.221529576647,26.447274458462267,20.0,51341.70703125
30,7,0.0,4020.0,8892.228689354659,19.013330159485836,17.0,56704.03515625
30,8,0.0,4020.0,9078.798654614195,22.29469174006189,20.0,51670.65234375001
30,9,375.0,5520.0,10898.555955442538,23.055224946441324,17.0,53170.96093749999
30,10,0.0,4080.0,10044.660693078193,23.383718162342298,12.0,55643.1875
30,11,120.0,4020.0,10131.38701741827,20.873601523446798,18.0,52995.7734375
30,12,0.0,4020.0,9046.086544792837,27.49702451797191,34.0,50866.26171875
30,13,0.0,4020.0,8220.769137338837,21.98048083789574,27.0,52406.53515625
30,14,0.0,4080.0,9478.85908554103,20.809331111640084,14.0,54721.5703125
30,15,0.0,4020.0,8840.725440634287,24.30849797667222,38.0,51886.69921875
30,16,210.0,4020.0,12781.909694696173,49.834563199238275,91.0,50609.08984375
30,17,0.0,4020.0,9684.506531992243,27.325636753154008,30.0,50756.8203125
30,18,0.0,4020.0,8391.441573628188,21.56986431801952,23.0,52500.09375000001
30,19,0.0,4080.0,9756.735277050982,24.990478457510118,12.0,54579.27343749999
30,20,0.0,4020.0,9001.592688509696,27.657700547488695,34.0,50762.5
30,21,630.0,4020.0,11883.716396804997,43.828850273744344,65.0,50471.25390625
30,22,0.0,4020.0,8800.82706170791,23.07664841704356,32.0,52349.98828125001
30,23,720.0,4140.0,15191.785345132444,60.13568198048084,110.0,50251.890625
30,24,0.0,4080.0,8765.814058440548,23.98357533920495,17.0,52079.98828125001
30,25,0.0,5460.0,8908.067501886722,23.44798857414901,17.0,53636.109375
30,26,0.0,4020.0,10376.789168216397,32.42799333492026,53.0,50753.84765625
30,27,630.0,4020.0,11792.206597758446,43.268269459652466,66.0,50517.20703125
30,28,0.0,4020.0,9887.498738147566,37.67317305403476,92.0,50448.69531250001
30,29,0.0,4020.0,9137.53131606898,23.262318495596286,25.0,51358.41015625
30,30,15.0,4020.0,9650.631801831125,26.15805760533206,19.0,51132.640625
30,31,0.0,4020.0,8977.281494580267,28.07188764579862,44.0,51223.484375
30,32,0.0,4020.0,8998.521346614121,23.730064270411802,20.0,52210.4296875
30,33,0.0,4020.0,8991.087002526532,17.910021423470603,6.0,55792.6640625
30,34,0.0,4020.0,8801.16809954153,21.184241847179244,20.0,53374.78125
30,35,0.0,4020.0,13882.467942226274,63.24565579623899,186.0,50219.89453124999
30,36,0.0,4020.0,8746.272433146989,35.105927160199954,77.0,51281.16796874999
30,37,0.0,4080.0,9507.183460888838,23.787193525351107,17.0,52628.12890625
30,38,210.0,4020.0,12631.630151139867,48.09212092358962,72.0,50621.34375
30,39,570.0,4020.0,14533.988081250762,69.22280409426327,176.0,49710.90234374999
30,40,0.0,4020.0,9185.424090866658,22.11259223994287,21.0,50916.234375
30,41,675.0,4020.0,15328.141355928186,67.83384908355154,133.0,49688.26953125
30,42,0.0,4020.0,8965.076929689116,23.28731254463223,13.0,54618.0859375
30,43,135.0,4020.0,12831.075825559412,52.96238990716496,121.0,50307.73828125
30,44,0.0,4080.0,10650.479871531432,25.940252320875977,8.0,57868.53125000001
30,45,0.0,4020.0,10250.043422054394,22.95524875029755,10.0,57830.671875
30,46,840.0,4020.0,16000.3540329616,82.3589621518686,202.0,50414.2578125
30,47,0.0,4020.0,9155.98588276068,20.78433706260414,11.0,56715.8671875
30,48,765.0,4080.0,16413.710309182978,75.02142347060224,161.0,49832.671875
30,49,840.0,4020.0,15485.37654921231,77.02094739347774,177.0,50435.05859374999
30,50,0.0,4020.0,9142.346829224494,18.327779100214233,71.0,57195.8125
30,51,600.0,4080.0,11949.712959618646,34.68102832658891,23.0,51111.31640625
30,52,0.0,4020.0,8991.188127757883,20.152344679838134,22.0,56540.48828125
30,53,0.0,4020.0,9198.066321472943,21.794810759343015,19.0,55938.47265625
30,54,0.0,5460.0,8915.440186244174,23.465841466317542,17.0,53725.3984375
30,55,15.0,4080.0,9744.422623203307,26.86860271363961,40.0,51461.35546875
30,56,30.0,4020.0,9463.97042256999,26.422280409426328,42.0,51551.0546875
30,57,0.0,4080.0,9505.222351437023,25.097595810521305,19.0,52676.5390625
30,58,0.0,4080.0,9673.232110476405,29.471554391811473,28.0,51383.96875
30,59,0.0,4020.0,10871.945390363355,46.27112592239943,105.0,50587.83203125
30,60,210.0,4020.0,13118.079407183912,57.36491311592477,116.0,50541.00390625
30,61,0.0,4080.0,10186.67382177991,24.10854558438467,14.0,55130.06640625
30,62,0.0,4080.0,9023.289304429192,25.51535348726493,50.0,52415.921875
30,63,0.0,4080.0,10186.674237854222,24.10854558438467,14.0,55123.23828124999
30,64,15.0,5460.0,9076.096544388842,24.447750535586763,27.0,52416.15624999999
30,65,0.0,4020.0,8283.460964715536,21.99119257319686,27.0,52564.56640625
30,66,0.0,4080.0,10186.67576523154,24.090692692216138,14.0,55136.45312500001
30,67,15.0,4080.0,9543.97904999735,21.2735063080219,14.0,55015.42578125
30,68,0.0,4020.0,9073.906956702947,28.139728636039038,37.0,52275.2578125
30,69,0.0,4080.0,9692.077565434829,26.850749821471076,45.0,51834.80859375
30,70,345.0,5520.0,10384.577004713552,24.89050226136634,22.0,52171.61328125001
30,71,0.0,4020.0,9514.7998118385,24.754820280885504,20.0,53878.87109374999
30,72,0.0,4020.0,8989.37221906106,19.72387526779338,78.0,56996.703125
30,73,0.0,4020.0,10053.342486592981,21.43775291597239,20.0,55287.02734375
30,74,0.0,4080.0,9735.288513605206,21.537729112116164,16.0,54922.46875
30,75,0.0,4020.0,10063.037698991913,24.329921447274458,17.0,56627.6640625
30,76,0.0,4020.0,8526.702530046226,20.677219709592954,23.0,53798.7265625
30,77,0.0,4080.0,10037.989563955947,23.023089740537962,22.0,54432.59765625001
30,78,0.0,4080.0,9184.442449712973,25.611759104975008,51.0,51823.0546875
30,79,0.0,5460.0,9709.93192680656,23.226612711259225,22.0,53876.30859375
30,80,0.0,4020.0,8525.963332684061,20.670078552725542,23.0,53800.94921875
30,81,0.0,4020.0,9545.555770440827,25.733158771721016,22.0,53665.85937500001
30,82,0.0,4020.0,9488.806120309295,33.65627231611521,56.0,51273.66796875
30,83,0.0,4080.0,9724.452509449264,27.49702451797191,45.0,51823.01171875
30,84,375.0,5520.0,10906.642889496772,23.255177338728874,18.0,53147.30859374999
30,85,0.0,4020.0,8962.533069175748,33.80623661033087,82.0,52281.68359375
30,86,0.0,5460.0,9930.43294110971,27.57557724351345,37.0,51831.1796875
30,87,0.0,4020.0,9657.280372270357,36.930492739823855,58.0,51046.5078125
30,88,0.0,5460.0,9350.463452444808,25.98666984051416,20.0,52347.79296875
30,89,0.0,4020.0,9522.589321735188,32.5029754820281,71.0,51681.4375
30,90,30.0,4020.0,9278.913421996465,26.675791478219473,32.0,51758.0
30,91,0.0,4020.0,9240.30457102731,39.40847417281601,94.0,51488.33984375
30,92,0.0,4020.0,9081.30598953292,23.269459652463695,24.0,51985.9296875
30,93,645.0,4080.0,11492.06397640381,35.42013806236611,57.0,51124.73046875001
30,94,210.0,4020.0,12759.623343191375,48.8205189240657,89.0,50871.93359374999
30,95,0.0,4020.0,9535.650579222307,27.818376577005473,42.0,51610.26953125
30,96,15.0,4020.0,9802.913153761117,33.49916686503214,68.0,50884.97265625
30,97,45.0,4020.0,9105.372006054633,24.76910259462033,23.0,52595.33984375
30,98,0.0,4020.0,9019.00438204388,28.771721018805046,41.0,52088.43359375
30,99,240.0,5520.0,11121.926545796334,29.278743156391336,26.0,51396.84765625
30,100,0.0,4020.0,10110.587974615279,59.40014282313736,150.0,50645.02734375
30,101,0.0,4020.0,9284.893866202463,38.508688407522015,93.0,50785.88671874999
30,102,0.0,5460.0,9259.315668083054,24.583432516067603,21.0,52617.41015625
30,103,0.0,4080.0,9302.905837616028,30.67840990240419,47.0,51791.57421875
30,104,0.0,4020.0,9346.658219259276,38.037372054272794,81.0,50973.02343749999
30,105,45.0,4020.0,9247.667200759839,24.029992858843134,29.0,51773.61328125
30,106,0.0,4020.0,9889.621338559358,49.61318733634849,99.0,50674.171875
30,107,0.0,4020.0,8928.798957816693,23.580099976196145,22.0,54652.58984375
30,108,0.0,4020.0,8842.256825269069,46.803142109021664,141.0,51960.80859375
30,109,0.0,4020.0,9100.2207980362,22.019757200666508,18.0,56960.0546875
30,110,0.0,4020.0,8739.273533419215,25.929540585574863,48.0,52562.97656250001
30,111,0.0,4080.0,10112.34723893589,23.758628897881458,15.0,55160.234375
30,112,645.0,4020.0,12330.61625257086,48.888359914306115,78.0,50576.54296874999
30,113,0.0,4020.0,8653.542887813875,27.23637229231135,33.0,52417.58984375001
30,114,30.0,4020.0,9198.11270029694,24.811949535824805,27.0,51908.62109374999
30,115,0.0,4080.0,9957.18623613059,37.9838133777672,101.0,50910.62109375
30,116,450.0,5520.0,12923.014093285641,58.803856224708404,121.0,50603.53125
30,117,495.0,5520.0,12783.04669337659,56.99714353725304,120.0,50837.9921875
30,118,0.0,4020.0,8404.689071486151,25.997381575815282,92.0,52607.01562499999
30,119,255.0,5520.0,11256.368537411505,27.272078076648413,39.0,51953.05859374999
30,120,120.0,5460.0,10526.76129844493,24.754820280885504,18.0,54253.69531249999
30,121,0.0,4020.0,9462.693612542938,44.52868364675077,127.0,50895.1953125
30,122,120.0,5460.0,10437.957869803737,24.522732682694595,17.0,54301.6328125
30,123,0.0,4080.0,9106.379629040242,24.22280409426327,34.0,52294.71484374999
30,124,345.0,5520.0,11030.285854093312,27.322066174720305,24.0,52041.890625
30,125,0.0,4020.0,10083.997781622478,47.52796953106403,123.0,51256.77734375
31,0,0.0,4020.0,8982.720286406184,22.823137348250416,15.0,54942.71875
31,1,0.0,4020.0,9813.963387148084,21.14139490597477,18.0,55790.33203124999
31,2,0.0,4080.0,10086.61850068434,22.473220661747202,19.0,54126.62109375
31,3,0.0,4080.0,9478.342116395914,21.012854082361343,15.0,54729.03515624999
31,4,0.0,4020.0,8280.675466528473,21.244941680552248,20.0,54555.953125
31,5,0.0,4020.0,8367.348510174892,20.216615091644847,21.0,53757.6171875
31,6,0.0,4020.0,9749.221529576647,26.447274458462267,20.0,51341.70703125
31,7,0.0,4020.0,8892.228689354659,19.013330159485836,17.0,56704.03515625
31,8,0.0,4020.0,9078.798654614195,22.29469174006189,20.0,51670.65234375001
31,9,375.0,5520.0,10898.555955442538,23.055224946441324,17.0,53170.96093749999
31,10,0.0,4080.0,10044.660693078193,23.383718162342298,12.0,55643.1875
31,11,120.0,4020.0,10131.38701741827,20.873601523446798,18.0,52995.7734375
31,12,0.0,4020.0,9046.086544792837,27.49702451797191,34.0,50866.26171875
31,13,0.0,4020.0,8220.769137338837,21.98048083789574,27.0,52406.53515625
31,14,0.0,4080.0,9478.85908554103,20.809331111640084,14.0,54721.5703125
31,15,0.0,4020.0,8840.725440634287,24.30849797667222,38.0,51886.69921875
31,16,210.0,4020.0,12781.909694696173,49.834563199238275,91.0,50609.08984375
31,17,0.0,4020.0,9684.506531992243,27.325636753154008,30.0,50756.8203125
31,18,0.0,4020.0,8391.441573628188,21.56986431801952,23.0,52500.09375000001
31,19,0.0,4080.0,9756.735277050982,24.990478457510118,12.0,54579.27343749999
31,20,0.0,4020.0,9001.592688509696,27.657700547488695,34.0,50762.5
31,21,630.0,4020.0,11883.716396804997,43.828850273744344,65.0,50471.25390625
31,22,0.0,4020.0,8800.82706170791,23.07664841704356,32.0,52349.98828125001
31,23,0.0,4080.0,8765.814058440548,23.98357533920495,17.0,52079.98828125001
31,24,0.0,5460.0,8908.067501886722,23.44798857414901,17.0,53636.109375
31,25,0.0,4020.0,10376.789168216397,32.42799333492026,53.0,50753.84765625
31,26,630.0,4020.0,11792.206597758446,43.268269459652466,66.0,50517.20703125
31,27,0.0,4020.0,9887.498738147566,37.67317305403476,92.0,50448.69531250001
31,28,0.0,4020.0,9137.53131606898,23.262318495596286,25.0,51358.41015625
31,29,15.0,4020.0,9650.631801831125,26.15805760533206,19.0,51132.640625
31,30,0.0,4020.0,8977.281494580267,28.07188764579862,44.0,51223.484375
31,31,0.0,4020.0,8998.521346614121,23.730064270411802,20.0,52210.4296875
31,32,0.0,4020.0,8991.087002526532,17.910021423470603,6.0,55792.6640625
31,33,0.0,4020.0,8801.16809954153,21.184241847179244,20.0,53374.78125
31,34,0.0,4020.0,13882.467942226274,63.24565579623899,186.0,50219.89453124999
31,35,0.0,4020.0,8746.272433146989,35.105927160199954,77.0,51281.16796874999
31,36,0.0,4080.0,9507.183460888838,23.787193525351107,17.0,52628.12890625
31,37,210.0,4020.0,12631.630151139867,48.09212092358962,72.0,50621.34375
31,38,570.0,4020.0,14533.988081250762,69.22280409426327,176.0,49710.90234374999
31,39,0.0,4020.0,9185.424090866658,22.11259223994287,21.0,50916.234375
31,40,675.0,4020.0,15328.141355928186,67.83384908355154,133.0,49688.26953125
31,41,0.0,4020.0,8965.076929689116,23.28731254463223,13.0,54618.0859375
31,42,135.0,4020.0,12831.075825559412,52.96238990716496,121.0,50307.73828125
31,43,0.0,4020.0,8604.473886653728,20.602237562485122,21.0,53388.64453125001
31,44,615.0,5520.0,16007.578176255112,66.2770768864556,150.0,49825.328125
31,45,540.0,4140.0,11877.683912455133,62.445846227088786,146.0,50351.45703125
31,46,705.0,4020.0,11955.651046453859,43.396810283265886,64.0,50088.90234375
31,47,660.0,4020.0,11448.187458527063,44.56796000952154,44.0,50720.72265625
31,48,0.0,4080.0,9684.585930934398,21.552011425850985,17.0,54573.46875000001
31,49,0.0,4020.0,9013.207441334838,23.537253034991668,19.0,52105.140625
31,50,0.0,4020.0,9593.005163681082,43.81456796000952,129.0,50700.078125
31,51,630.0,4020.0,11031.84724455755,43.5753392049512,77.0,50081.58984375
31,52,0.0,4020.0,8531.830597531036,25.358248036181863,33.0,52080.9765625
31,53,0.0,4020.0,9059.305617029426,27.33277791002142,33.0,50946.14843749999
31,54,150.0,4020.0,13133.047432066141,50.55582004284694,112.0,50244.1640625
31,55,450.0,5520.0,12525.87479407448,57.50059509640561,121.0,50557.33203125001
31,56,240.0,5520.0,11121.926545796334,29.278743156391336,26.0,51396.84765625
31,57,0.0,4020.0,10871.326938601014,46.27112592239943,105.0,50589.27734375
31,58,0.0,4020.0,9418.16963915233,45.721256843608664,147.0,50783.96875000001
31,59,0.0,4020.0,9240.30457102731,39.40847417281601,94.0,51488.33984375
31,60,345.0,5520.0,10384.577004713552,24.89050226136634,22.0,52171.61328125001
31,61,0.0,5460.0,9482.184668635306,26.611521066412756,33.0,51817.13671874999
31,62,0.0,4020.0,8731.417343931384,22.55177338728874,21.0,53453.4375
31,63,45.0,4020.0,9247.667200759839,24.029992858843134,29.0,51773.61328125
31,64,0.0,4020.0,9889.621338559358,49.61318733634849,99.0,50674.171875
31,65,15.0,5460.0,9076.096544388842,24.447750535586763,27.0,52416.15624999999
31,66,375.0,5520.0,10906.642889496772,23.255177338728874,18.0,53147.30859374999
31,67,0.0,4020.0,8962.533069175748,33.80623661033087,82.0,52281.68359375
31,68,0.0,4020.0,10110.587974615279,59.40014282313736,150.0,50645.02734375
31,69,0.0,4020.0,9142.346829224494,18.327779100214233,71.0,57195.8125
31,70,0.0,4020.0,9047.916991985297,28.607474410854557,37.0,51914.484375
31,71,0.0,4020.0,8842.256825269069,46.803142109021664,141.0,51960.80859375
31,72,0.0,5460.0,8915.440186244174,23.465841466317542,17.0,53725.3984375
31,73,30.0,4020.0,9269.025892239126,43.296834087122114,114.0,50998.5625
31,74,0.0,4020.0,8989.37221906106,19.72387526779338,78.0,56996.703125
31,75,0.0,4020.0,10871.945390363355,46.27112592239943,105.0,50587.83203125
31,76,0.0,5460.0,9350.463452444808,25.98666984051416,20.0,52347.79296875
31,77,0.0,4020.0,9284.893866202463,38.508688407522015,93.0,50785.88671874999
31,78,0.0,4020.0,8283.460964715536,21.99119257319686,27.0,52564.56640625
31,79,600.0,4080.0,11949.712959618646,34.68102832658891,23.0,51111.31640625
31,80,0.0,4020.0,9485.63295249546,36.66626993572959,82.0,50903.421875
31,81,0.0,4080.0,9023.289304429192,25.51535348726493,50.0,52415.921875
31,82,0.0,4020.0,8739.273533419215,25.929540585574863,48.0,52562.97656250001
31,83,0.0,4080.0,9505.222351437023,25.097595810521305,19.0,52676.5390625
31,84,0.0,4020.0,9346.658219259276,38.037372054272794,81.0,50973.02343749999
31,85,0.0,5460.0,9259.315668083054,24.583432516067603,21.0,52617.41015625
31,86,30.0,4020.0,9198.11270029694,24.811949535824805,27.0,51908.62109374999
31,87,0.0,4020.0,9073.906956702947,28.139728636039038,37.0,52275.2578125
31,88,690.0,4020.0,12801.44358541679,71.7436324684599,159.0,50094.24609374999
31,89,0.0,4020.0,9019.00438204388,28.771721018805046,41.0,52088.43359375
31,90,0.0,4080.0,10186.674237854222,24.10854558438467,14.0,55123.23828124999
31,91,45.0,4020.0,9105.372006054633,24.76910259462033,23.0,52595.33984375
31,92,210.0,4020.0,13118.079407183912,57.36491311592477,116.0,50541.00390625
31,93,0.0,4020.0,9081.30598953292,23.269459652463695,24.0,51985.9296875
31,94,0.0,4020.0,8991.188127757883,20.152344679838134,22.0,56540.48828125
31,95,720.0,4140.0,15191.785345132444,60.13568198048084,110.0,50251.890625
31,96,0.0,4080.0,9673.232110476405,29.471554391811473,28.0,51383.96875
31,97,0.0,4080.0,10650.479871531432,25.940252320875977,8.0,57868.53125000001
31,98,0.0,4020.0,8779.864393551474,26.108069507260176,48.0,52545.56640624999
31,99,0.0,4020.0,8653.542887813875,27.23637229231135,33.0,52417.58984375001
31,100,765.0,4080.0,16413.710309182978,75.02142347060224,161.0,49832.671875
31,101,0.0,4020.0,8525.963332684061,20.670078552725542,23.0,53800.94921875
31,102,0.0,4080.0,9724.452509449264,27.49702451797191,45.0,51823.01171875
31,103,0.0,4080.0,9735.288513605206,21.537729112116164,16.0,54922.46875
31,104,0.0,4020.0,9100.2207980362,22.019757200666508,18.0,56960.0546875
31,105,30.0,4020.0,9463.97042256999,26.422280409426328,42.0,51551.0546875
31,106,645.0,4020.0,12330.61625257086,48.888359914306115,78.0,50576.54296874999
31,107,15.0,4080.0,9543.97904999735,21.2735063080219,14.0,55015.42578125
31,108,0.0,4080.0,10112.34723893589,23.758628897881458,15.0,55160.234375
31,109,210.0,4020.0,12759.623343191375,48.8205189240657,89.0,50871.93359374999
31,110,0.0,4020.0,9488.806120309295,33.65627231611521,56.0,51273.66796875
31,111,0.0,4020.0,8526.702530046226,20.677219709592954,23.0,53798.7265625
31,112,0.0,4080.0,10186.67576523154,24.090692692216138,14.0,55136.45312500001
31,113,0.0,4020.0,9198.066321472943,21.794810759343015,19.0,55938.47265625
31,114,615.0,4080.0,12446.200719433378,46.92097119733397,93.0,50593.87109375
31,115,30.0,4020.0,9278.913421996465,26.675791478219473,32.0,51758.0
31,116,15.0,4080.0,9732.407974598253,26.847179243037367,43.0,50959.54296875001
31,117,0.0,4020.0,9155.98588276068,20.78433706260414,11.0,56715.8671875
31,118,0.0,4080.0,9763.064484599618,24.686979290645084,19.0,54070.60546875
31,119,0.0,4020.0,9514.7998118385,24.754820280885504,20.0,53878.87109374999
31,120,15.0,4020.0,9802.913153761117,33.49916686503214,68.0,50884.97265625
31,121,0.0,4020.0,10053.342486592981,21.43775291597239,20.0,55287.02734375
31,122,15.0,4020.0,9336.512919791374,34.99880980718876,74.0,51485.609375
31,123,0.0,4020.0,10250.043422054394,22.95524875029755,10.0,57830.671875
31,124,0.0,4080.0,9692.077565434829,26.850749821471076,45.0,51834.80859375
31,125,0.0,4020.0,10063.037698991913,24.329921447274458,17.0,56627.6640625
32,0,0.0,4020.0,8982.720286406184,22.823137348250416,15.0,54942.71875
32,1,0.0,4020.0,9813.963387148084,21.14139490597477,18.0,55790.33203124999
32,2,0.0,4080.0,10086.61850068434,22.473220661747202,19.0,54126.62109375
32,3,0.0,4080.0,9478.342116395914,21.012854082361343,15.0,54729.03515624999
32,4,0.0,4020.0,8280.675466528473,21.244941680552248,20.0,54555.953125
32,5,0.0,4020.0,8367.348510174892,20.216615091644847,21.0,53757.6171875
32,6,0.0,4020.0,9749.221529576647,26.447274458462267,20.0,51341.70703125
32,7,0.0,4020.0,8892.228689354659,19.013330159485836,17.0,56704.03515625
32,8,0.0,4020.0,9078.798654614195,22.29469174006189,20.0,51670.65234375001
32,9,0.0,4080.0,10044.660693078193,23.383718162342298,12.0,55643.1875
32,10,120.0,4020.0,10131.38701741827,20.873601523446798,18.0,52995.7734375
32,11,0.0,4020.0,9046.086544792837,27.49702451797191,34.0,50866.26171875
32,12,0.0,4020.0,8220.769137338837,21.98048083789574,27.0,52406.53515625
32,13,0.0,4080.0,9478.85908554103,20.809331111640084,14.0,54721.5703125
32,14,0.0,4020.0,8840.725440634287,24.30849797667222,38.0,51886.69921875
32,15,0.0,4020.0,9684.506531992243,27.325636753154008,30.0,50756.8203125
32,16,0.0,4020.0,8391.441573628188,21.56986431801952,23.0,52500.09375000001
32,17,0.0,4080.0,9756.735277050982,24.990478457510118,12.0,54579.27343749999
32,18,0.0,4020.0,9001.592688509696,27.657700547488695,34.0,50762.5
32,19,630.0,4020.0,11883.716396804997,43.828850273744344,65.0,50471.25390625
32,20,0.0,4020.0,8800.82706170791,23.07664841704356,32.0,52349.98828125001
32,21,0.0,4080.0,8765.814058440548,23.98357533920495,17.0,52079.98828125001
32,22,0.0,5460.0,8908.067501886722,23.44798857414901,17.0,53636.109375
32,23,0.0,4020.0,9887.498738147566,37.67317305403476,92.0,50448.69531250001
32,24,0.0,4020.0,9137.53131606898,23.262318495596286,25.0,51358.41015625
32,25,15.0,4020.0,9650.631801831125,26.15805760533206,19.0,51132.640625
32,26,0.0,4020.0,8977.281494580267,28.07188764579862,44.0,51223.484375
32,27,0.0,4020.0,8998.521346614121,23.730064270411802,20.0,52210.4296875
32,28,0.0,4020.0,8991.087002526532,17.910021423470603,6.0,55792.6640625
32,29,0.0,4020.0,8801.16809954153,21.184241847179244,20.0,53374.78125
32,30,0.0,4020.0,13882.467942226274,63.24565579623899,186.0,50219.89453124999
32,31,0.0,4020.0,8746.272433146989,35.105927160199954,77.0,51281.16796874999
32,32,0.0,4080.0,9507.183460888838,23.787193525351107,17.0,52628.12890625
32,33,570.0,4020.0,14533.988081250762,69.22280409426327,176.0,49710.90234374999
32,34,0.0,4020.0,9185.424090866658,22.11259223994287,21.0,50916.234375
32,35,675.0,4020.0,15328.141355928186,67.83384908355154,133.0,49688.26953125
32,36,0.0,4020.0,8965.076929689116,23.28731254463223,13.0,54618.0859375
32,37,135.0,4020.0,12831.075825559412,52.96238990716496,121.0,50307.73828125
32,38,0.0,4020.0,8604.473886653728,20.602237562485122,21.0,53388.64453125001
32,39,540.0,4140.0,11877.683912455133,62.445846227088786,146.0,50351.45703125
32,40,705.0,4020.0,11955.651046453859,43.396810283265886,64.0,50088.90234375
32,41,0.0,4080.0,9684.585930934398,21.552011425850985,17.0,54573.46875000001
32,42,0.0,4020.0,9013.207441334838,23.537253034991668,19.0,52105.140625
32,43,0.0,4020.0,9593.005163681082,43.81456796000952,129.0,50700.078125
32,44,630.0,4020.0,11031.84724455755,43.5753392049512,77.0,50081.58984375
32,45,0.0,4020.0,8531.830597531036,25.358248036181863,33.0,52080.9765625
32,46,0.0,4020.0,9059.305617029426,27.33277791002142,33.0,50946.14843749999
32,47,150.0,4020.0,13133.047432066141,50.55582004284694,112.0,50244.1640625
32,48,210.0,4020.0,12994.549562030617,60.80338014758391,124.0,50167.7265625
32,49,690.0,4020.0,16161.243085533024,81.02713639609617,195.0,49334.85156250001
32,50,0.0,4020.0,8746.689193324093,24.697691025946202,38.0,51729.22265624999
32,51,0.0,4080.0,8724.716196754216,23.70149964294216,19.0,51597.94140625
32,52,0.0,4080.0,9944.745600339349,23.93001666269936,16.0,53293.42578125001
32,53,0.0,4020.0,8863.322305051744,26.200904546536535,39.0,51567.69140625
32,54,0.0,4080.0,9272.895797252171,21.71268745536777,15.0,54363.1796875
32,55,0.0,4020.0,8942.770570684897,19.227564865508214,18.0,56500.4296875
32,56,120.0,4020.0,10091.810545927707,20.587955248750298,17.0,53154.44921875
32,57,450.0,5520.0,15520.35062372186,66.18424184717924,142.0,49403.73828125
32,58,0.0,4020.0,8829.944179515001,22.02689835753392,25.0,52188.5
32,59,0.0,4020.0,9702.77855718125,27.829088312306595,28.0,50512.6875
32,60,585.0,4020.0,11522.010986973699,48.7633896691264,102.0,50111.4921875
32,61,0.0,5460.0,8915.440186244174,23.465841466317542,17.0,53725.3984375
32,62,450.0,5520.0,12525.87479407448,57.50059509640561,121.0,50557.33203125001
32,63,0.0,4020.0,9889.621338559358,49.61318733634849,99.0,50674.171875
32,64,615.0,5520.0,16007.578176255112,66.2770768864556,150.0,49825.328125
32,65,240.0,5520.0,11121.926545796334,29.278743156391336,26.0,51396.84765625
32,66,345.0,5520.0,10384.577004713552,24.89050226136634,22.0,52171.61328125001
32,67,0.0,4020.0,10110.587974615279,59.40014282313736,150.0,50645.02734375
32,68,375.0,5520.0,10906.642889496772,23.255177338728874,18.0,53147.30859374999
32,69,0.0,5460.0,9259.315668083054,24.583432516067603,21.0,52617.41015625
32,70,0.0,4020.0,10871.945390363355,46.27112592239943,105.0,50587.83203125
32,71,375.0,5520.0,10898.555955442538,23.055224946441324,17.0,53170.96093749999
32,72,630.0,4020.0,11792.206597758446,43.268269459652466,66.0,50517.20703125
32,73,0.0,5460.0,9084.837462314616,22.9838133777672,26.0,52711.6796875
32,74,0.0,4080.0,9505.222351437023,25.097595810521305,19.0,52676.5390625
32,75,0.0,4020.0,9418.16963915233,45.721256843608664,147.0,50783.96875000001
32,76,0.0,4020.0,9081.30598953292,23.269459652463695,24.0,51985.9296875
32,77,0.0,4020.0,9346.658219259276,38.037372054272794,81.0,50973.02343749999
32,78,45.0,4020.0,9247.667200759839,24.029992858843134,29.0,51773.61328125
32,79,0.0,5460.0,9482.184668635306,26.611521066412756,33.0,51817.13671874999
32,80,0.0,4020.0,10871.326938601014,46.27112592239943,105.0,50589.27734375
32,81,690.0,4020.0,11343.350346784224,42.682694596524634,46.0,50883.62109375
32,82,30.0,4020.0,9198.11270029694,24.811949535824805,27.0,51908.62109374999
32,83,600.0,4080.0,11949.712959618646,34.68102832658891,23.0,51111.31640625
32,84,30.0,4020.0,9269.025892239126,43.296834087122114,114.0,50998.5625
32,85,15.0,5460.0,9076.096544388842,24.447750535586763,27.0,52416.15624999999
32,86,0.0,4020.0,10296.951961704191,49.231135443941916,148.0,50538.43359375
32,87,0.0,4020.0,8283.460964715536,21.99119257319686,27.0,52564.56640625
32,88,30.0,4020.0,9278.913421996465,26.675791478219473,32.0,51758.0
32,89,0.0,5460.0,9350.463452444808,25.98666984051416,20.0,52347.79296875
32,90,0.0,4020.0,9046.684266653912,36.659128778862176,94.0,51675.671875
32,91,735.0,4020.0,11496.61826422474,39.43703880028565,42.0,51384.93359375
32,92,0.0,4080.0,9692.077565434829,26.850749821471076,45.0,51834.80859375
32,93,0.0,4020.0,10376.789168216397,32.42799333492026,53.0,50753.84765625
32,94,0.0,4020.0,9142.346829224494,18.327779100214233,71.0,57195.8125
32,95,0.0,4020.0,9453.13898734657,35.113068317067366,74.0,51534.125
32,96,0.0,4020.0,9240.30457102731,39.40847417281601,94.0,51488.33984375
32,97,660.0,4020.0,11448.187458527063,44.56796000952154,44.0,50720.72265625
32,98,0.0,4020.0,8989.37221906106,19.72387526779338,78.0,56996.703125
32,99,0.0,4020.0,9073.906956702947,28.139728636039038,37.0,52275.2578125
32,100,0.0,4020.0,9310.882098323156,38.30516543680076,83.0,51217.74609375
32,101,0.0,4080.0,9023.289304429192,25.51535348726493,50.0,52415.921875
32,102,0.0,4020.0,9550.351771047477,34.92025708164723,50.0,51023.62890625
32,103,0.0,4080.0,9673.232110476405,29.471554391811473,28.0,51383.96875
32,104,615.0,4080.0,12446.200719433378,46.92097119733397,93.0,50593.87109375
32,105,0.0,4020.0,9485.63295249546,36.66626993572959,82.0,50903.421875
32,106,0.0,4020.0,8653.542887813875,27.23637229231135,33.0,52417.58984375001
32,107,0.0,4020.0,8731.417343931384,22.55177338728874,21.0,53453.4375
32,108,0.0,4020.0,8962.533069175748,33.80623661033087,82.0,52281.68359375
32,109,0.0,4020.0,8739.273533419215,25.929540585574863,48.0,52562.97656250001
32,110,15.0,4020.0,9336.512919791374,34.99880980718876,74.0,51485.609375
32,111,690.0,4080.0,12267.621100334454,57.32563675315401,140.0,50219.71484375
32,112,0.0,4020.0,8991.188127757883,20.152344679838134,22.0,56540.48828125
32,113,0.0,4020.0,9047.916991985297,28.607474410854557,37.0,51914.484375
32,114,0.0,4020.0,8842.256825269069,46.803142109021664,141.0,51960.80859375
32,115,15.0,4020.0,9802.913153761117,33.49916686503214,68.0,50884.97265625
32,116,585.0,4020.0,14583.253696188873,67.41609140680792,181.0,50330.71484375
32,117,210.0,4020.0,12631.630151139867,48.09212092358962,72.0,50621.34375
32,118,0.0,4020.0,9488.806120309295,33.65627231611521,56.0,51273.66796875
32,119,0.0,4020.0,9284.893866202463,38.508688407522015,93.0,50785.88671874999
32,120,0.0,4020.0,9155.98588276068,20.78433706260414,11.0,56715.8671875
32,121,0.0,4020.0,8779.864393551474,26.108069507260176,48.0,52545.56640624999
32,122,765.0,4080.0,16413.710309182978,75.02142347060224,161.0,49832.671875
32,123,0.0,4020.0,9100.2207980362,22.019757200666508,18.0,56960.0546875
32,124,15.0,4080.0,9732.407974598253,26.847179243037367,43.0,50959.54296875001
32,125,0.0,4020.0,8853.897268071189,45.94977386336586,138.0,52107.22265625
33,0,0.0,4020.0,8982.720286406184,22.823137348250416,15.0,54942.71875
33,1,0.0,4080.0,10086.61850068434,22.473220661747202,19.0,54126.62109375
33,2,0.0,4080.0,9478.342116395914,21.012854082361343,15.0,54729.03515624999
33,3,0.0,4020.0,8280.675466528473,21.244941680552248,20.0,54555.953125
33,4,0.0,4020.0,8367.348510174892,20.216615091644847,21.0,53757.6171875
33,5,0.0,4020.0,9749.221529576647,26.447274458462267,20.0,51341.70703125
33,6,0.0,4020.0,8892.228689354659,19.013330159485836,17.0,56704.03515625
33,7,0.0,4020.0,9078.798654614195,22.29469174006189,20.0,51670.65234375001
33,8,0.0,4080.0,10044.660693078193,23.383718162342298,12.0,55643.1875
33,9,120.0,4020.0,10131.38701741827,20.873601523446798,18.0,52995.7734375
33,10,0.0,4020.0,9046.086544792837,27.49702451797191,34.0,50866.26171875
33,11,0.0,4020.0,8220.769137338837,21.98048083789574,27.0,52406.53515625
33,12,0.0,4080.0,9478.85908554103,20.809331111640084,14.0,54721.5703125
33,13,0.0,4020.0,8840.725440634287,24.30849797667222,38.0,51886.69921875
33,14,0.0,4020.0,9684.506531992243,27.325636753154008,30.0,50756.8203125
33,15,0.0,4020.0,8391.441573628188,21.56986431801952,23.0,52500.09375000001
33,16,0.0,4080.0,9756.735277050982,24.990478457510118,12.0,54579.27343749999
33,17,0.0,4020.0,9001.592688509696,27.657700547488695,34.0,50762.5
33,18,0.0,4020.0,8800.82706170791,23.07664841704356,32.0,52349.98828125001
33,19,0.0,4080.0,8765.814058440548,23.98357533920495,17.0,52079.98828125001
33,20,0.0,5460.0,8908.067501886722,23.44798857414901,17.0,53636.109375
33,21,0.0,4020.0,9137.53131606898,23.262318495596286,25.0,51358.41015625
33,22,15.0,4020.0,9650.631801831125,26.15805760533206,19.0,51132.640625
33,23,0.0,4020.0,8977.281494580267,28.07188764579862,44.0,51223.484375
33,24,0.0,4020.0,8998.521346614121,23.730064270411802,20.0,52210.4296875
33,25,0.0,4020.0,8991.087002526532,17.910021423470603,6.0,55792.6640625
33,26,0.0,4020.0,8801.16809954153,21.184241847179244,20.0,53374.78125
33,27,0.0,4020.0,8746.272433146989,35.105927160199954,77.0,51281.16796874999
33,28,0.0,4080.0,9507.183460888838,23.787193525351107,17.0,52628.12890625
33,29,570.0,4020.0,14533.988081250762,69.22280409426327,176.0,49710.90234374999
33,30,0.0,4020.0,9185.424090866658,22.11259223994287,21.0,50916.234375
33,31,675.0,4020.0,15328.141355928186,67.83384908355154,133.0,49688.26953125
33,32,0.0,4020.0,8965.076929689116,23.28731254463223,13.0,54618.0859375
33,33,0.0,4020.0,8604.473886653728,20.602237562485122,21.0,53388.64453125001
33,34,705.0,4020.0,11955.651046453859,43.396810283265886,64.0,50088.90234375
33,35,0.0,4080.0,9684.585930934398,21.552011425850985,17.0,54573.46875000001
33,36,0.0,4020.0,9013.207441334838,23.537253034991668,19.0,52105.140625
33,37,630.0,4020.0,11031.84724455755,43.5753392049512,77.0,50081.58984375
33,38,0.0,4020.0,8531.830597531036,25.358248036181863,33.0,52080.9765625
33,39,0.0,4020.0,9059.305617029426,27.33277791002142,33.0,50946.14843749999
33,40,690.0,4020.0,16161.243085533024,81.02713639609617,195.0,49334.85156250001
33,41,0.0,4020.0,8746.689193324093,24.697691025946202,38.0,51729.22265624999
33,42,0.0,4080.0,8724.716196754216,23.70149964294216,19.0,51597.94140625
33,43,0.0,4080.0,9944.745600339349,23.93001666269936,16.0,53293.42578125001
33,44,0.0,4020.0,8863.322305051744,26.200904546536535,39.0,51567.69140625
33,45,0.0,4080.0,9272.895797252171,21.71268745536777,15.0,54363.1796875
33,46,0.0,4020.0,8942.770570684897,19.227564865508214,18.0,56500.4296875
33,47,120.0,4020.0,10091.810545927707,20.587955248750298,17.0,53154.44921875
33,48,450.0,5520.0,15520.35062372186,66.18424184717924,142.0,49403.73828125
33,49,0.0,4020.0,8829.944179515001,22.02689835753392,25.0,52188.5
33,50,0.0,4020.0,9702.77855718125,27.829088312306595,28.0,50512.6875
33,51,585.0,4020.0,11522.010986973699,48.7633896691264,102.0,50111.4921875
33,52,15.0,4020.0,8937.13717505994,32.56367531540109,59.0,51412.40624999999
33,53,30.0,4020.0,8835.266145036596,24.87979052606522,34.0,51931.61328125
33,54,0.0,4020.0,9242.707586015415,30.317781480599855,47.0,50427.37890625
33,55,0.0,4020.0,8291.1493412128,22.273268269459653,33.0,52232.90625
33,56,660.0,4020.0,10891.0963752684,42.682694596524634,68.0,50269.60156249999
33,57,0.0,4020.0,9347.55607682103,42.0899785765294,108.0,50052.43359375
33,58,240.0,5520.0,15990.69628387045,83.24803618186147,224.0,49880.16796875
33,59,690.0,4020.0,16149.417654892164,81.51630564151392,194.0,49298.11328124999
33,60,720.0,4080.0,15560.665195762685,59.87145917638658,105.0,49489.10546875
33,61,0.0,4020.0,9022.947073940435,18.938348012378004,11.0,55784.7890625
33,62,0.0,4020.0,8883.690146617824,45.59271601999524,141.0,50714.80859375
33,63,0.0,4020.0,9813.963387148084,21.14139490597477,18.0,55790.33203124999
33,64,630.0,4020.0,11883.716396804997,43.828850273744344,65.0,50471.25390625
33,65,0.0,4020.0,9887.498738147566,37.67317305403476,92.0,50448.69531250001
33,66,135.0,4020.0,12831.075825559412,52.96238990716496,121.0,50307.73828125
33,67,0.0,4020.0,9593.005163681082,43.81456796000952,129.0,50700.078125
33,68,150.0,4020.0,13133.047432066141,50.55582004284694,112.0,50244.1640625
33,69,210.0,4020.0,12994.549562030617,60.80338014758391,124.0,50167.7265625
33,70,0.0,5460.0,8915.440186244174,23.465841466317542,17.0,53725.3984375
33,71,615.0,5520.0,16007.578176255112,66.2770768864556,150.0,49825.328125
33,72,240.0,5520.0,11121.926545796334,29.278743156391336,26.0,51396.84765625
33,73,345.0,5520.0,10384.577004713552,24.89050226136634,22.0,52171.61328125001
33,74,375.0,5520.0,10906.642889496772,23.255177338728874,18.0,53147.30859374999
33,75,0.0,5460.0,9259.315668083054,24.583432516067603,21.0,52617.41015625
33,76,375.0,5520.0,10898.555955442538,23.055224946441324,17.0,53170.96093749999
33,77,630.0,4020.0,11792.206597758446,43.268269459652466,66.0,50517.20703125
33,78,0.0,5460.0,9084.837462314616,22.9838133777672,26.0,52711.6796875
33,79,0.0,4080.0,9505.222351437023,25.097595810521305,19.0,52676.5390625
33,80,0.0,4020.0,9418.16963915233,45.721256843608664,147.0,50783.96875000001
33,81,0.0,4020.0,9081.30598953292,23.269459652463695,24.0,51985.9296875
33,82,45.0,4020.0,9247.667200759839,24.029992858843134,29.0,51773.61328125
33,83,0.0,5460.0,9482.184668635306,26.611521066412756,33.0,51817.13671874999
33,84,690.0,4020.0,11343.350346784224,42.682694596524634,46.0,50883.62109375
33,85,30.0,4020.0,9198.11270029694,24.811949535824805,27.0,51908.62109374999
33,86,600.0,4080.0,11949.712959618646,34.68102832658891,23.0,51111.31640625
33,87,15.0,5460.0,9076.096544388842,24.447750535586763,27.0,52416.15624999999
33,88,0.0,4020.0,8283.460964715536,21.99119257319686,27.0,52564.56640625
33,89,30.0,4020.0,9278.913421996465,26.675791478219473,32.0,51758.0
33,90,0.0,5460.0,9350.463452444808,25.98666984051416,20.0,52347.79296875
33,91,0.0,4020.0,9046.684266653912,36.659128778862176,94.0,51675.671875
33,92,0.0,4080.0,9692.077565434829,26.850749821471076,45.0,51834.80859375
33,93,0.0,4020.0,10376.789168216397,32.42799333492026,53.0,50753.84765625
33,94,0.0,4020.0,9142.346829224494,18.327779100214233,71.0,57195.8125
33,95,660.0,4020.0,11448.187458527063,44.56796000952154,44.0,50720.72265625
33,96,0.0,4020.0,8989.37221906106,19.72387526779338,78.0,56996.703125
33,97,0.0,4020.0,9073.906956702947,28.139728636039038,37.0,52275.2578125
33,98,0.0,4020.0,9550.351771047477,34.92025708164723,50.0,51023.62890625
33,99,0.0,4080.0,9673.232110476405,29.471554391811473,28.0,51383.96875
33,100,0.0,4020.0,8653.542887813875,27.23637229231135,33.0,52417.58984375001
33,101,0.0,4020.0,8731.417343931384,22.55177338728874,21.0,53453.4375
33,102,0.0,4020.0,8739.273533419215,25.929540585574863,48.0,52562.97656250001
33,103,0.0,4020.0,8991.188127757883,20.152344679838134,22.0,56540.48828125
33,104,0.0,4020.0,9047.916991985297,28.607474410854557,37.0,51914.484375
33,105,0.0,4020.0,8842.256825269069,46.803142109021664,141.0,51960.80859375
33,106,210.0,4020.0,12631.630151139867,48.09212092358962,72.0,50621.34375
33,107,0.0,4020.0,9284.893866202463,38.508688407522015,93.0,50785.88671874999
33,108,0.0,4020.0,9155.98588276068,20.78433706260414,11.0,56715.8671875
33,109,0.0,4020.0,8779.864393551474,26.108069507260176,48.0,52545.56640624999
33,110,765.0,4080.0,16413.710309182978,75.02142347060224,161.0,49832.671875
33,111,0.0,4020.0,9100.2207980362,22.019757200666508,18.0,56960.0546875
33,112,15.0,4080.0,9732.407974598253,26.847179243037367,43.0,50959.54296875001
33,113,0.0,4020.0,9338.896562943584,57.70768864556058,150.0,50489.10546875
33,114,0.0,4020.0,9133.96960784512,29.582242323256366,52.0,50837.13671875
33,115,0.0,4080.0,9222.286363644547,22.051892406569863,20.0,54542.81640625
33,116,0.0,4020.0,9965.94636111071,25.297548202808855,20.0,54832.33984375001
33,117,75.0,4020.0,9372.912188970859,23.251606760295168,40.0,52006.0
33,118,0.0,4020.0,10305.480562815537,47.36372292311354,137.0,50133.7109375
33,119,0.0,4080.0,8844.658400069751,24.55843846703166,34.0,52333.4765625
33,120,0.0,4080.0,9483.404335467098,24.594144251368725,20.0,54010.36718749999
33,121,0.0,4020.0,9421.375143448979,33.06712687455368,42.0,51146.5078125
33,122,0.0,4020.0,8761.47433865729,26.565103546774573,48.0,52272.0
33,123,0.0,4020.0,8782.88841136268,28.25041656748393,51.0,51988.54296875001
33,124,270.0,5520.0,10871.511374356884,33.87050702213759,44.0,50934.9296875
33,125,0.0,4020.0,8930.116088151211,29.068079028802664,44.0,52213.46875
34,0,0.0,4020.0,8982.720286406184,22.823137348250416,15.0,54942.71875
34,1,0.0,4080.0,9478.342116395914,21.012854082361343,15.0,54729.03515624999
34,2,0.0,4020.0,8280.675466528473,21.244941680552248,20.0,54555.953125
34,3,0.0,4020.0,8367.348510174892,20.216615091644847,21.0,53757.6171875
34,4,0.0,4020.0,8892.228689354659,19.013330159485836,17.0,56704.03515625
34,5,0.0,4080.0,10044.660693078193,23.383718162342298,12.0,55643.1875
34,6,0.0,4020.0,9046.086544792837,27.49702451797191,34.0,50866.26171875
34,7,0.0,4020.0,8220.769137338837,21.98048083789574,27.0,52406.53515625
34,8,0.0,4080.0,9478.85908554103,20.809331111640084,14.0,54721.5703125
34,9,0.0,4020.0,9684.506531992243,27.325636753154008,30.0,50756.8203125
34,10,0.0,4020.0,8391.441573628188,21.56986431801952,23.0,52500.09375000001
34,11,0.0,4080.0,9756.735277050982,24.990478457510118,12.0,54579.27343749999
34,12,0.0,4020.0,9001.592688509696,27.657700547488695,34.0,50762.5
34,13,0.0,4080.0,8765.814058440548,23.98357533920495,17.0,52079.98828125001
34,14,0.0,4020.0,8991.087002526532,17.910021423470603,6.0,55792.6640625
34,15,0.0,4020.0,8801.16809954153,21.184241847179244,20.0,53374.78125
34,16,0.0,4020.0,8746.272433146989,35.105927160199954,77.0,51281.16796874999
34,17,570.0,4020.0,14533.988081250762,69.22280409426327,176.0,49710.90234374999
34,18,0.0,4020.0,9185.424090866658,22.11259223994287,21.0,50916.234375
34,19,0.0,4020.0,8965.076929689116,23.28731254463223,13.0,54618.0859375
34,20,0.0,4020.0,8604.473886653728,20.602237562485122,21.0,53388.64453125001
34,21,0.0,4080.0,9684.585930934398,21.552011425850985,17.0,54573.46875000001
34,22,0.0,4020.0,9059.305617029426,27.33277791002142,33.0,50946.14843749999
34,23,690.0,4020.0,16161.243085533024,81.02713639609617,195.0,49334.85156250001
34,24,0.0,4080.0,8724.716196754216,23.70149964294216,19.0,51597.94140625
34,25,0.0,4080.0,9272.895797252171,21.71268745536777,15.0,54363.1796875
34,26,0.0,4020.0,8942.770570684897,19.227564865508214,18.0,56500.4296875
34,27,120.0,4020.0,10091.810545927707,20.587955248750298,17.0,53154.44921875
34,28,450.0,5520.0,15520.35062372186,66.18424184717924,142.0,49403.73828125
34,29,0.0,4020.0,8829.944179515001,22.02689835753392,25.0,52188.5
34,30,0.0,4020.0,9702.77855718125,27.829088312306595,28.0,50512.6875
34,31,0.0,4020.0,9242.707586015415,30.317781480599855,47.0,50427.37890625
34,32,0.0,4020.0,8291.1493412128,22.273268269459653,33.0,52232.90625
34,33,240.0,5520.0,15990.69628387045,83.24803618186147,224.0,49880.16796875
34,34,690.0,4020.0,16149.417654892164,81.51630564151392,194.0,49298.11328124999
34,35,720.0,4080.0,15560.665195762685,59.87145917638658,105.0,49489.10546875
34,36,0.0,4020.0,9022.947073940435,18.938348012378004,11.0,55784.7890625
34,37,0.0,4020.0,8883.690146617824,45.59271601999524,141.0,50714.80859375
34,38,30.0,4020.0,9207.841039996947,20.741490121399668,9.0,52720.8125
34,39,0.0,4080.0,10026.86098950393,22.562485122589855,8.0,55659.17187500001
34,40,0.0,4020.0,8718.828701452945,36.14853606284218,101.0,51126.296875
34,41,0.0,4020.0,8760.831001531807,23.719352535110687,35.0,51769.47656249999
34,42,240.0,5520.0,16059.769368020705,83.52297072125684,223.0,49968.2734375
34,43,0.0,4020.0,8551.669983003598,23.840752201856702,38.0,51364.421875
34,44,600.0,4020.0,11294.998927747049,51.04141870983099,128.0,49421.41015625001
34,45,0.0,4020.0,9557.302326924299,26.347298262318496,22.0,50786.484375
34,46,0.0,4020.0,9212.645536217398,30.721256843608664,51.0,50488.8828125
34,47,0.0,4020.0,10020.87157491739,28.796715067840985,37.0,50017.78125000001
34,48,0.0,4020.0,9784.843249012534,37.398238514639374,86.0,50073.19140624999
34,49,0.0,4020.0,8426.360823938805,22.566055701023565,21.0,51895.73046875
34,50,0.0,4020.0,8782.910861671031,22.291121161628183,16.0,51027.09765625
34,51,0.0,4020.0,9347.512756004056,42.07212568436087,106.0,50029.6328125
34,52,0.0,4080.0,10086.61850068434,22.473220661747202,19.0,54126.62109375
34,53,0.0,4020.0,9749.221529576647,26.447274458462267,20.0,51341.70703125
34,54,0.0,4020.0,9078.798654614195,22.29469174006189,20.0,51670.65234375001
34,55,120.0,4020.0,10131.38701741827,20.873601523446798,18.0,52995.7734375
34,56,0.0,4020.0,8840.725440634287,24.30849797667222,38.0,51886.69921875
34,57,0.0,4020.0,8800.82706170791,23.07664841704356,32.0,52349.98828125001
34,58,0.0,5460.0,8908.067501886722,23.44798857414901,17.0,53636.109375
34,59,0.0,4020.0,9137.53131606898,23.262318495596286,25.0,51358.41015625
34,60,15.0,4020.0,9650.631801831125,26.15805760533206,19.0,51132.640625
34,61,0.0,4020.0,8977.281494580267,28.07188764579862,44.0,51223.484375
34,62,0.0,4020.0,8998.521346614121,23.730064270411802,20.0,52210.4296875
34,63,0.0,4080.0,9507.183460888838,23.787193525351107,17.0,52628.12890625
34,64,675.0,4020.0,15328.141355928186,67.83384908355154,133.0,49688.26953125
34,65,705.0,4020.0,11955.651046453859,43.396810283265886,64.0,50088.90234375
34,66,0.0,4020.0,9013.207441334838,23.537253034991668,19.0,52105.140625
34,67,630.0,4020.0,11031.84724455755,43.5753392049512,77.0,50081.58984375
34,68,0.0,4020.0,8531.830597531036,25.358248036181863,33.0,52080.9765625
34,69,0.0,4020.0,8746.689193324093,24.697691025946202,38.0,51729.22265624999
34,70,0.0,4080.0,9944.745600339349,23.93001666269936,16.0,53293.42578125001
34,71,0.0,4020.0,8863.322305051744,26.200904546536535,39.0,51567.69140625
34,72,585.0,4020.0,11522.010986973699,48.7633896691264,102.0,50111.4921875
34,73,15.0,4020.0,8937.13717505994,32.56367531540109,59.0,51412.40624999999
34,74,30.0,4020.0,8835.266145036596,24.87979052606522,34.0,51931.61328125
34,75,660.0,4020.0,10891.0963752684,42.682694596524634,68.0,50269.60156249999
34,76,0.0,4020.0,9347.55607682103,42.0899785765294,108.0,50052.43359375
34,77,0.0,4020.0,9813.963387148084,21.14139490597477,18.0,55790.33203124999
34,78,630.0,4020.0,11883.716396804997,43.828850273744344,65.0,50471.25390625
34,79,0.0,4020.0,9887.498738147566,37.67317305403476,92.0,50448.69531250001
34,80,615.0,5520.0,16007.578176255112,66.2770768864556,150.0,49825.328125
34,81,375.0,5520.0,10898.555955442538,23.055224946441324,17.0,53170.96093749999
34,82,630.0,4020.0,11792.206597758446,43.268269459652466,66.0,50517.20703125
34,83,690.0,4020.0,11343.350346784224,42.682694596524634,46.0,50883.62109375
34,84,600.0,4080.0,11949.712959618646,34.68102832658891,23.0,51111.31640625
34,85,0.0,4020.0,8283.460964715536,21.99119257319686,27.0,52564.56640625
34,86,0.0,4020.0,10376.789168216397,32.42799333492026,53.0,50753.84765625
34,87,0.0,4020.0,9142.346829224494,18.327779100214233,71.0,57195.8125
34,88,660.0,4020.0,11448.187458527063,44.56796000952154,44.0,50720.72265625
34,89,0.0,4020.0,8989.37221906106,19.72387526779338,78.0,56996.703125
34,90,0.0,4020.0,9550.351771047477,34.92025708164723,50.0,51023.62890625
34,91,0.0,4020.0,8731.417343931384,22.55177338728874,21.0,53453.4375
34,92,0.0,4020.0,8991.188127757883,20.152344679838134,22.0,56540.48828125
34,93,0.0,4020.0,9047.916991985297,28.607474410854557,37.0,51914.484375
34,94,210.0,4020.0,12631.630151139867,48.09212092358962,72.0,50621.34375
34,95,0.0,4020.0,9284.893866202463,38.508688407522015,93.0,50785.88671874999
34,96,0.0,4020.0,9155.98588276068,20.78433706260414,11.0,56715.8671875
34,97,0.0,4020.0,9100.2207980362,22.019757200666508,18.0,56960.0546875
34,98,15.0,4080.0,9732.407974598253,26.847179243037367,43.0,50959.54296875001
34,99,0.0,4020.0,9338.896562943584,57.70768864556058,150.0,50489.10546875
34,100,0.0,4020.0,9133.96960784512,29.582242323256366,52.0,50837.13671875
34,101,0.0,4080.0,9222.286363644547,22.051892406569863,20.0,54542.81640625
34,102,0.0,4080.0,8844.658400069751,24.55843846703166,34.0,52333.4765625
34,103,0.0,4020.0,9421.375143448979,33.06712687455368,42.0,51146.5078125
34,104,270.0,5520.0,10871.511374356884,33.87050702213759,44.0,50934.9296875
34,105,0.0,4020.0,8655.960112566834,27.279219233515825,48.0,51882.5859375
34,106,0.0,4020.0,9550.699682201583,27.05784337062604,20.0,51577.65625
34,107,675.0,4020.0,16114.318190041155,90.29992858843133,207.0,49581.10546875
34,108,0.0,4080.0,8985.140740302468,23.97643418233754,23.0,52273.18749999999
34,109,0.0,4020.0,8972.770749627383,24.78695548678886,18.0,52187.57421874999
34,110,0.0,5460.0,9233.306143235899,22.537491073553916,18.0,52947.53125
34,111,0.0,4020.0,10024.329529924555,36.66626993572959,58.0,50711.03124999999
34,112,0.0,4020.0,9130.68521804965,48.39919066888836,134.0,51090.171875
34,113,330.0,5520.0,10684.113210439387,23.023089740537962,16.0,53236.20703125
34,114,0.0,4020.0,9104.98206231655,40.07260176148536,119.0,51146.11718750001
34,115,0.0,4020.0,8440.988745870773,26.847179243037367,27.0,52104.21875
34,116,645.0,4020.0,15488.123096102827,77.69578671744823,172.0,49695.85546875
34,117,0.0,4020.0,8389.045009356973,21.751963818138538,24.0,54810.44921875
34,118,120.0,4020.0,10130.40522152614,20.87003094501309,18.0,53203.54296875
34,119,600.0,4020.0,11414.098207474617,64.52392287550583,142.0,49974.11328125
34,120,615.0,4080.0,12001.694802544764,34.438228993096885,21.0,52063.14062499999
34,121,0.0,5460.0,8915.440186244174,23.465841466317542,17.0,53725.3984375
34,122,150.0,4020.0,13133.047432066141,50.55582004284694,112.0,50244.1640625
34,123,240.0,5520.0,11121.926545796334,29.278743156391336,26.0,51396.84765625
34,124,45.0,4020.0,9247.667200759839,24.029992858843134,29.0,51773.61328125
34,125,0.0,4020.0,10305.480562815537,47.36372292311354,137.0,50133.7109375
35,0,0.0,4020.0,8982.720286406184,22.823137348250416,15.0,54942.71875
35,1,0.0,4080.0,9478.342116395914,21.012854082361343,15.0,54729.03515624999
35,2,0.0,4020.0,8280.675466528473,21.244941680552248,20.0,54555.953125
35,3,0.0,4020.0,8367.348510174892,20.216615091644847,21.0,53757.6171875
35,4,0.0,4020.0,8892.228689354659,19.013330159485836,17.0,56704.03515625
35,5,0.0,4080.0,10044.660693078193,23.383718162342298,12.0,55643.1875
35,6,0.0,4020.0,9046.086544792837,27.49702451797191,34.0,50866.26171875
35,7,0.0,4020.0,8220.769137338837,21.98048083789574,27.0,52406.53515625
35,8,0.0,4080.0,9478.85908554103,20.809331111640084,14.0,54721.5703125
35,9,0.0,4020.0,9684.506531992243,27.325636753154008,30.0,50756.8203125
35,10,0.0,4020.0,8391.441573628188,21.56986431801952,23.0,52500.09375000001
35,11,0.0,4080.0,9756.735277050982,24.990478457510118,12.0,54579.27343749999
35,12,0.0,4020.0,9001.592688509696,27.657700547488695,34.0,50762.5
35,13,0.0,4080.0,8765.814058440548,23.98357533920495,17.0,52079.98828125001
35,14,0.0,4020.0,8991.087002526532,17.910021423470603,6.0,55792.6640625
35,15,0.0,4020.0,8801.16809954153,21.184241847179244,20.0,53374.78125
35,16,0.0,4020.0,8746.272433146989,35.105927160199954,77.0,51281.16796874999
35,17,570.0,4020.0,14533.988081250762,69.22280409426327,176.0,49710.90234374999
35,18,0.0,4020.0,9185.424090866658,22.11259223994287,21.0,50916.234375
35,19,0.0,4020.0,8965.076929689116,23.28731254463223,13.0,54618.0859375
35,20,0.0,4020.0,8604.473886653728,20.602237562485122,21.0,53388.64453125001
35,21,0.0,4080.0,9684.585930934398,21.552011425850985,17.0,54573.46875000001
35,22,0.0,4020.0,9059.305617029426,27.33277791002142,33.0,50946.14843749999
35,23,690.0,4020.0,16161.243085533024,81.02713639609617,195.0,49334.85156250001
35,24,0.0,4080.0,8724.716196754216,23.70149964294216,19.0,51597.94140625
35,25,0.0,4080.0,9272.895797252171,21.71268745536777,15.0,54363.1796875
35,26,0.0,4020.0,8942.770570684897,19.227564865508214,18.0,56500.4296875
35,27,120.0,4020.0,10091.810545927707,20.587955248750298,17.0,53154.44921875
35,28,450.0,5520.0,15520.35062372186,66.18424184717924,142.0,49403.73828125
35,29,0.0,4020.0,8829.944179515001,22.02689835753392,25.0,52188.5
35,30,0.0,4020.0,9702.77855718125,27.829088312306595,28.0,50512.6875
35,31,0.0,4020.0,9242.707586015415,30.317781480599855,47.0,50427.37890625
35,32,0.0,4020.0,8291.1493412128,22.273268269459653,33.0,52232.90625
35,33,690.0,4020.0,16149.417654892164,81.51630564151392,194.0,49298.11328124999
35,34,720.0,4080.0,15560.665195762685,59.87145917638658,105.0,49489.10546875
35,35,0.0,4020.0,9022.947073940435,18.938348012378004,11.0,55784.7890625
35,36,0.0,4020.0,8883.690146617824,45.59271601999524,141.0,50714.80859375
35,37,30.0,4020.0,9207.841039996947,20.741490121399668,9.0,52720.8125
35,38,0.0,4080.0,10026.86098950393,22.562485122589855,8.0,55659.17187500001
35,39,0.0,4020.0,8718.828701452945,36.14853606284218,101.0,51126.296875
35,40,0.0,4020.0,8760.831001531807,23.719352535110687,35.0,51769.47656249999
35,41,0.0,4020.0,8551.669983003598,23.840752201856702,38.0,51364.421875
35,42,600.0,4020.0,11294.998927747049,51.04141870983099,128.0,49421.41015625001
35,43,0.0,4020.0,9557.302326924299,26.347298262318496,22.0,50786.484375
35,44,0.0,4020.0,9212.645536217398,30.721256843608664,51.0,50488.8828125
35,45,0.0,4020.0,10020.87157491739,28.796715067840985,37.0,50017.78125000001
35,46,0.0,4020.0,9784.843249012534,37.398238514639374,86.0,50073.19140624999
35,47,0.0,4020.0,8426.360823938805,22.566055701023565,21.0,51895.73046875
35,48,0.0,4020.0,8782.910861671031,22.291121161628183,16.0,51027.09765625
35,49,0.0,4020.0,9347.512756004056,42.07212568436087,106.0,50029.6328125
35,50,15.0,4020.0,10155.35293768952,30.864079980956916,46.0,49714.15625
35,51,585.0,4020.0,11913.900969861188,50.912877886217565,126.0,49630.36328125
35,52,0.0,4020.0,9835.794318215329,28.95024994049036,44.0,50436.36328124999
35,53,0.0,4020.0,9689.566607594934,38.169483456319924,83.0,50316.46875
35,54,0.0,4020.0,8152.926345777811,25.297548202808855,34.0,51607.265625
35,55,615.0,5520.0,16007.578176255112,66.2770768864556,150.0,49825.328125
35,56,660.0,4020.0,11448.187458527063,44.56796000952154,44.0,50720.72265625
35,57,0.0,4020.0,9338.896562943584,57.70768864556058,150.0,50489.10546875
35,58,0.0,5460.0,9233.306143235899,22.537491073553916,18.0,52947.53125
35,59,270.0,5520.0,10871.511374356884,33.87050702213759,44.0,50934.9296875
35,60,330.0,5520.0,10684.113210439387,23.023089740537962,16.0,53236.20703125
35,61,630.0,4020.0,11031.84724455755,43.5753392049512,77.0,50081.58984375
35,62,0.0,5460.0,8908.067501886722,23.44798857414901,17.0,53636.109375
35,63,345.0,5520.0,10839.054310783773,22.91597238752678,15.0,53412.54296875
35,64,570.0,5580.0,16541.735642507974,79.92739823851464,201.0,49774.42578125001
35,65,0.0,4020.0,8972.770749627383,24.78695548678886,18.0,52187.57421874999
35,66,660.0,4020.0,10801.865516522092,41.53296834087122,50.0,50377.09765625
35,67,120.0,4020.0,10131.38701741827,20.873601523446798,18.0,52995.7734375
35,68,0.0,4020.0,9137.53131606898,23.262318495596286,25.0,51358.41015625
35,69,375.0,5520.0,10898.555955442538,23.055224946441324,17.0,53170.96093749999
35,70,240.0,5520.0,16059.769368020705,83.52297072125684,223.0,49968.2734375
35,71,0.0,4020.0,9550.699682201583,27.05784337062604,20.0,51577.65625
35,72,600.0,4080.0,11949.712959618646,34.68102832658891,23.0,51111.31640625
35,73,120.0,4020.0,10130.40522152614,20.87003094501309,18.0,53203.54296875
35,74,240.0,5520.0,15990.69628387045,83.24803618186147,224.0,49880.16796875
35,75,0.0,4020.0,9284.893866202463,38.508688407522015,93.0,50785.88671874999
35,76,0.0,4020.0,9887.498738147566,37.67317305403476,92.0,50448.69531250001
35,77,690.0,4020.0,11343.350346784224,42.682694596524634,46.0,50883.62109375
35,78,15.0,4020.0,9650.631801831125,26.15805760533206,19.0,51132.640625
35,79,0.0,4020.0,8531.830597531036,25.358248036181863,33.0,52080.9765625
35,80,0.0,4020.0,9047.916991985297,28.607474410854557,37.0,51914.484375
35,81,630.0,4020.0,11883.716396804997,43.828850273744344,65.0,50471.25390625
35,82,0.0,4020.0,9347.55607682103,42.0899785765294,108.0,50052.43359375
35,83,0.0,4020.0,9749.221529576647,26.447274458462267,20.0,51341.70703125
35,84,0.0,4020.0,8800.82706170791,23.07664841704356,32.0,52349.98828125001
35,85,30.0,4020.0,9668.056133186747,26.247322066174718,12.0,53003.20312500001
35,86,0.0,4020.0,8840.725440634287,24.30849797667222,38.0,51886.69921875
35,87,705.0,4020.0,11955.651046453859,43.396810283265886,64.0,50088.90234375
35,88,0.0,4020.0,8989.37221906106,19.72387526779338,78.0,56996.703125
35,89,660.0,4020.0,10891.0963752684,42.682694596524634,68.0,50269.60156249999
35,90,645.0,4020.0,15488.123096102827,77.69578671744823,172.0,49695.85546875
35,91,0.0,4080.0,8844.658400069751,24.55843846703166,34.0,52333.4765625
35,92,630.0,4020.0,11792.206597758446,43.268269459652466,66.0,50517.20703125
35,93,0.0,4020.0,8655.960112566834,27.279219233515825,48.0,51882.5859375
35,94,0.0,4020.0,9142.346829224494,18.327779100214233,71.0,57195.8125
35,95,600.0,4020.0,11414.098207474617,64.52392287550583,142.0,49974.11328125
35,96,0.0,4020.0,8708.741400836137,29.028802666031893,49.0,51481.640625
35,97,330.0,4020.0,15265.567178295853,50.27017376815044,102.0,50253.40234375
35,98,0.0,4020.0,8283.460964715536,21.99119257319686,27.0,52564.56640625
35,99,0.0,4080.0,9222.286363644547,22.051892406569863,20.0,54542.81640625
35,100,675.0,4020.0,16114.318190041155,90.29992858843133,207.0,49581.10546875
35,101,0.0,4080.0,10086.61850068434,22.473220661747202,19.0,54126.62109375
35,102,0.0,4020.0,8746.689193324093,24.697691025946202,38.0,51729.22265624999
35,103,0.0,4080.0,9944.745600339349,23.93001666269936,16.0,53293.42578125001
35,104,585.0,4020.0,11522.010986973699,48.7633896691264,102.0,50111.4921875
35,105,0.0,4020.0,8389.045009356973,21.751963818138538,24.0,54810.44921875
35,106,0.0,4020.0,8863.322305051744,26.200904546536535,39.0,51567.69140625
35,107,0.0,4020.0,10024.329529924555,36.66626993572959,58.0,50711.03124999999
35,108,0.0,4080.0,8985.140740302468,23.97643418233754,23.0,52273.18749999999
35,109,30.0,4020.0,8835.266145036596,24.87979052606522,34.0,51931.61328125
35,110,210.0,4020.0,12631.630151139867,48.09212092358962,72.0,50621.34375
35,111,0.0,4020.0,9019.295492002599,28.503927636277076,56.0,50970.44140625001
35,112,0.0,4020.0,8991.188127757883,20.152344679838134,22.0,56540.48828125
35,113,0.0,4020.0,8440.988745870773,26.847179243037367,27.0,52104.21875
35,114,675.0,4020.0,15328.141355928186,67.83384908355154,133.0,49688.26953125
35,115,0.0,4020.0,9421.375143448979,33.06712687455368,42.0,51146.5078125
35,116,0.0,4080.0,9507.183460888838,23.787193525351107,17.0,52628.12890625
35,117,0.0,4020.0,9100.2207980362,22.019757200666508,18.0,56960.0546875
35,118,0.0,4020.0,8731.417343931384,22.55177338728874,21.0,53453.4375
35,119,0.0,4020.0,9013.207441334838,23.537253034991668,19.0,52105.140625
35,120,0.0,4020.0,10376.789168216397,32.42799333492026,53.0,50753.84765625
35,121,690.0,4020.0,15689.692004274875,67.45893834801238,137.0,49830.34765624999
35,122,0.0,4020.0,8998.521346614121,23.730064270411802,20.0,52210.4296875
35,123,705.0,4020.0,15723.943274856829,76.03189716734111,172.0,49645.9140625
35,124,15.0,4020.0,8937.13717505994,32.56367531540109,59.0,51412.40624999999
35,125,0.0,4020.0,9155.98588276068,20.78433706260414,11.0,56715.8671875
36,0,0.0,4020.0,8982.720286406184,22.823137348250416,15.0,54942.71875
36,1,0.0,4080.0,9478.342116395914,21.012854082361343,15.0,54729.03515624999
36,2,0.0,4020.0,8280.675466528473,21.244941680552248,20.0,54555.953125
36,3,0.0,4020.0,8367.348510174892,20.216615091644847,21.0,53757.6171875
36,4,0.0,4020.0,8892.228689354659,19.013330159485836,17.0,56704.03515625
36,5,0.0,4080.0,10044.660693078193,23.383718162342298,12.0,55643.1875
36,6,0.0,4020.0,8220.769137338837,21.98048083789574,27.0,52406.53515625
36,7,0.0,4080.0,9478.85908554103,20.809331111640084,14.0,54721.5703125
36,8,0.0,4020.0,8391.441573628188,21.56986431801952,23.0,52500.09375000001
36,9,0.0,4080.0,9756.735277050982,24.990478457510118,12.0,54579.27343749999
36,10,0.0,4080.0,8765.814058440548,23.98357533920495,17.0,52079.98828125001
36,11,0.0,4020.0,8991.087002526532,17.910021423470603,6.0,55792.6640625
36,12,0.0,4020.0,8801.16809954153,21.184241847179244,20.0,53374.78125
36,13,570.0,4020.0,14533.988081250762,69.22280409426327,176.0,49710.90234374999
36,14,0.0,4020.0,9185.424090866658,22.11259223994287,21.0,50916.234375
36,15,0.0,4020.0,8965.076929689116,23.28731254463223,13.0,54618.0859375
36,16,0.0,4020.0,8604.473886653728,20.602237562485122,21.0,53388.64453125001
36,17,0.0,4080.0,9684.585930934398,21.552011425850985,17.0,54573.46875000001
36,18,690.0,4020.0,16161.243085533024,81.02713639609617,195.0,49334.85156250001
36,19,0.0,4080.0,8724.716196754216,23.70149964294216,19.0,51597.94140625
36,20,0.0,4080.0,9272.895797252171,21.71268745536777,15.0,54363.1796875
36,21,0.0,4020.0,8942.770570684897,19.227564865508214,18.0,56500.4296875
36,22,120.0,4020.0,10091.810545927707,20.587955248750298,17.0,53154.44921875
36,23,450.0,5520.0,15520.35062372186,66.18424184717924,142.0,49403.73828125
36,24,0.0,4020.0,9702.77855718125,27.829088312306595,28.0,50512.6875
36,25,0.0,4020.0,9242.707586015415,30.317781480599855,47.0,50427.37890625
36,26,0.0,4020.0,8291.1493412128,22.273268269459653,33.0,52232.90625
36,27,690.0,4020.0,16149.417654892164,81.51630564151392,194.0,49298.11328124999
36,28,720.0,4080.0,15560.665195762685,59.87145917638658,105.0,49489.10546875
36,29,0.0,4020.0,9022.947073940435,18.938348012378004,11.0,55784.7890625
36,30,0.0,4020.0,8883.690146617824,45.59271601999524,141.0,50714.80859375
36,31,30.0,4020.0,9207.841039996947,20.741490121399668,9.0,52720.8125
36,32,0.0,4080.0,10026.86098950393,22.562485122589855,8.0,55659.17187500001
36,33,0.0,4020.0,8718.828701452945,36.14853606284218,101.0,51126.296875
36,34,600.0,4020.0,11294.998927747049,51.04141870983099,128.0,49421.41015625001
36,35,0.0,4020.0,9212.645536217398,30.721256843608664,51.0,50488.8828125
36,36,0.0,4020.0,10020.87157491739,28.796715067840985,37.0,50017.78125000001
36,37,0.0,4020.0,9784.843249012534,37.398238514639374,86.0,50073.19140624999
36,38,0.0,4020.0,8426.360823938805,22.566055701023565,21.0,51895.73046875
36,39,0.0,4020.0,8782.910861671031,22.291121161628183,16.0,51027.09765625
36,40,0.0,4020.0,9347.512756004056,42.07212568436087,106.0,50029.6328125
36,41,15.0,4020.0,10155.35293768952,30.864079980956916,46.0,49714.15625
36,42,585.0,4020.0,11913.900969861188,50.912877886217565,126.0,49630.36328125
36,43,0.0,4020.0,9835.794318215329,28.95024994049036,44.0,50436.36328124999
36,44,0.0,4020.0,9689.566607594934,38.169483456319924,83.0,50316.46875
36,45,0.0,4020.0,8152.926345777811,25.297548202808855,34.0,51607.265625
36,46,810.0,4020.0,15945.852338998018,81.4520352297072,189.0,49370.3828125
36,47,0.0,4020.0,8335.380735937091,21.5020233277791,25.0,51184.2265625
36,48,0.0,4020.0,8606.329014343482,21.919781004522733,20.0,53530.61328125
36,49,0.0,4020.0,8684.653556743195,27.90764103784813,32.0,51150.20703125
36,50,30.0,4020.0,9729.04248094774,25.41537729112116,11.0,50969.25390625
36,51,0.0,4020.0,8955.413005594844,23.351582956438943,20.0,50751.48828125
36,52,0.0,4020.0,9597.099581649316,24.886931682932634,16.0,50965.59375000001
36,53,0.0,4020.0,9046.086544792837,27.49702451797191,34.0,50866.26171875
36,54,0.0,4020.0,9684.506531992243,27.325636753154008,30.0,50756.8203125
36,55,0.0,4020.0,9001.592688509696,27.657700547488695,34.0,50762.5
36,56,0.0,4020.0,8746.272433146989,35.105927160199954,77.0,51281.16796874999
36,57,0.0,4020.0,9059.305617029426,27.33277791002142,33.0,50946.14843749999
36,58,0.0,4020.0,8829.944179515001,22.02689835753392,25.0,52188.5
36,59,0.0,4020.0,8760.831001531807,23.719352535110687,35.0,51769.47656249999
36,60,0.0,4020.0,8551.669983003598,23.840752201856702,38.0,51364.421875
36,61,0.0,4020.0,9557.302326924299,26.347298262318496,22.0,50786.484375
36,62,615.0,5520.0,16007.578176255112,66.2770768864556,150.0,49825.328125
36,63,660.0,4020.0,11448.187458527063,44.56796000952154,44.0,50720.72265625
36,64,0.0,4020.0,9338.896562943584,57.70768864556058,150.0,50489.10546875
36,65,0.0,5460.0,9233.306143235899,22.537491073553916,18.0,52947.53125
36,66,330.0,5520.0,10684.113210439387,23.023089740537962,16.0,53236.20703125
36,67,630.0,4020.0,11031.84724455755,43.5753392049512,77.0,50081.58984375
36,68,0.0,5460.0,8908.067501886722,23.44798857414901,17.0,53636.109375
36,69,345.0,5520.0,10839.054310783773,22.91597238752678,15.0,53412.54296875
36,70,570.0,5580.0,16541.735642507974,79.92739823851464,201.0,49774.42578125001
36,71,660.0,4020.0,10801.865516522092,41.53296834087122,50.0,50377.09765625
36,72,120.0,4020.0,10131.38701741827,20.873601523446798,18.0,52995.7734375
36,73,0.0,4020.0,9137.53131606898,23.262318495596286,25.0,51358.41015625
36,74,375.0,5520.0,10898.555955442538,23.055224946441324,17.0,53170.96093749999
36,75,240.0,5520.0,16059.769368020705,83.52297072125684,223.0,49968.2734375
36,76,0.0,4020.0,9550.699682201583,27.05784337062604,20.0,51577.65625
36,77,120.0,4020.0,10130.40522152614,20.87003094501309,18.0,53203.54296875
36,78,240.0,5520.0,15990.69628387045,83.24803618186147,224.0,49880.16796875
36,79,0.0,4020.0,9887.498738147566,37.67317305403476,92.0,50448.69531250001
36,80,15.0,4020.0,9650.631801831125,26.15805760533206,19.0,51132.640625
36,81,0.0,4020.0,8531.830597531036,25.358248036181863,33.0,52080.9765625
36,82,630.0,4020.0,11883.716396804997,43.828850273744344,65.0,50471.25390625
36,83,0.0,4020.0,9347.55607682103,42.0899785765294,108.0,50052.43359375
36,84,0.0,4020.0,9749.221529576647,26.447274458462267,20.0,51341.70703125
36,85,0.0,4020.0,8800.82706170791,23.07664841704356,32.0,52349.98828125001
36,86,30.0,4020.0,9668.056133186747,26.247322066174718,12.0,53003.20312500001
36,87,705.0,4020.0,11955.651046453859,43.396810283265886,64.0,50088.90234375
36,88,0.0,4020.0,8989.37221906106,19.72387526779338,78.0,56996.703125
36,89,660.0,4020.0,10891.0963752684,42.682694596524634,68.0,50269.60156249999
36,90,645.0,4020.0,15488.123096102827,77.69578671744823,172.0,49695.85546875
36,91,630.0,4020.0,11792.206597758446,43.268269459652466,66.0,50517.20703125
36,92,0.0,4020.0,9142.346829224494,18.327779100214233,71.0,57195.8125
36,93,600.0,4020.0,11414.098207474617,64.52392287550583,142.0,49974.11328125
36,94,330.0,4020.0,15265.567178295853,50.27017376815044,102.0,50253.40234375
36,95,0.0,4020.0,8283.460964715536,21.99119257319686,27.0,52564.56640625
36,96,0.0,4080.0,9222.286363644547,22.051892406569863,20.0,54542.81640625
36,97,675.0,4020.0,16114.318190041155,90.29992858843133,207.0,49581.10546875
36,98,0.0,4080.0,10086.61850068434,22.473220661747202,19.0,54126.62109375
36,99,0.0,4080.0,9944.745600339349,23.93001666269936,16.0,53293.42578125001
36,100,585.0,4020.0,11522.010986973699,48.7633896691264,102.0,50111.4921875
36,101,0.0,4020.0,8389.045009356973,21.751963818138538,24.0,54810.44921875
36,102,0.0,4020.0,10024.329529924555,36.66626993572959,58.0,50711.03124999999
36,103,0.0,4080.0,8985.140740302468,23.97643418233754,23.0,52273.18749999999
36,104,30.0,4020.0,8835.266145036596,24.87979052606522,34.0,51931.61328125
36,105,210.0,4020.0,12631.630151139867,48.09212092358962,72.0,50621.34375
36,106,0.0,4020.0,8991.188127757883,20.152344679838134,22.0,56540.48828125
36,107,0.0,4020.0,8440.988745870773,26.847179243037367,27.0,52104.21875
36,108,675.0,4020.0,15328.141355928186,67.83384908355154,133.0,49688.26953125
36,109,0.0,4080.0,9507.183460888838,23.787193525351107,17.0,52628.12890625
36,110,0.0,4020.0,9100.2207980362,22.019757200666508,18.0,56960.0546875
36,111,0.0,4020.0,8731.417343931384,22.55177338728874,21.0,53453.4375
36,112,0.0,4020.0,9013.207441334838,23.537253034991668,19.0,52105.140625
36,113,0.0,4020.0,10376.789168216397,32.42799333492026,53.0,50753.84765625
36,114,690.0,4020.0,15689.692004274875,67.45893834801238,137.0,49830.34765624999
36,115,0.0,4020.0,8998.521346614121,23.730064270411802,20.0,52210.4296875
36,116,705.0,4020.0,15723.943274856829,76.03189716734111,172.0,49645.9140625
36,117,0.0,4020.0,9155.98588276068,20.78433706260414,11.0,56715.8671875
36,118,705.0,4020.0,15723.948959739464,76.0283265889074,172.0,49646.05078124999
36,119,0.0,4020.0,8989.690435750224,33.97762437514877,80.0,51151.55078125
36,120,615.0,4020.0,11001.35084186268,48.12782670792669,96.0,50389.4765625
36,121,0.0,4020.0,9749.221529576647,26.447274458462267,20.0,51341.70703125
36,122,0.0,4020.0,8960.753275778174,24.579861937633897,17.0,52092.94140625
36,123,630.0,4140.0,12067.433391184932,44.73577719590574,61.0,50569.09765625
36,124,0.0,4020.0,9177.759831506366,20.05236848369436,10.0,57038.7734375
36,125,270.0,5520.0,10871.511374356884,33.87050702213759,44.0,50934.9296875
37,0,0.0,4020.0,8280.675466528473,21.244941680552248,20.0,54555.953125
37,1,0.0,4020.0,8367.348510174892,20.216615091644847,21.0,53757.6171875
37,2,0.0,4020.0,8892.228689354659,19.013330159485836,17.0,56704.03515625
37,3,0.0,4020.0,8220.769137338837,21.98048083789574,27.0,52406.53515625
37,4,0.0,4020.0,8391.441573628188,21.56986431801952,23.0,52500.09375000001
37,5,0.0,4020.0,8991.087002526532,17.910021423470603,6.0,55792.6640625
37,6,0.0,4020.0,9185.424090866658,22.11259223994287,21.0,50916.234375
37,7,0.0,4020.0,8604.473886653728,20.602237562485122,21.0,53388.64453125001
37,8,0.0,4080.0,8724.716196754216,23.70149964294216,19.0,51597.94140625
37,9,0.0,4020.0,8942.770570684897,19.227564865508214,18.0,56500.4296875
37,10,120.0,4020.0,10091.810545927707,20.587955248750298,17.0,53154.44921875
37,11,450.0,5520.0,15520.35062372186,66.18424184717924,142.0,49403.73828125
37,12,0.0,4020.0,9702.77855718125,27.829088312306595,28.0,50512.6875
37,13,0.0,4020.0,9242.707586015415,30.317781480599855,47.0,50427.37890625
37,14,0.0,4020.0,8291.1493412128,22.273268269459653,33.0,52232.90625
37,15,720.0,4080.0,15560.665195762685,59.87145917638658,105.0,49489.10546875
37,16,0.0,4020.0,9022.947073940435,18.938348012378004,11.0,55784.7890625
37,17,0.0,4020.0,8883.690146617824,45.59271601999524,141.0,50714.80859375
37,18,30.0,4020.0,9207.841039996947,20.741490121399668,9.0,52720.8125
37,19,0.0,4080.0,10026.86098950393,22.562485122589855,8.0,55659.17187500001
37,20,600.0,4020.0,11294.998927747049,51.04141870983099,128.0,49421.41015625001
37,21,0.0,4020.0,9212.645536217398,30.721256843608664,51.0,50488.8828125
37,22,0.0,4020.0,10020.87157491739,28.796715067840985,37.0,50017.78125000001
37,23,0.0,4020.0,9784.843249012534,37.398238514639374,86.0,50073.19140624999
37,24,0.0,4020.0,8426.360823938805,22.566055701023565,21.0,51895.73046875
37,25,0.0,4020.0,8782.910861671031,22.291121161628183,16.0,51027.09765625
37,26,0.0,4020.0,9347.512756004056,42.07212568436087,106.0,50029.6328125
37,27,15.0,4020.0,10155.35293768952,30.864079980956916,46.0,49714.15625
37,28,585.0,4020.0,11913.900969861188,50.912877886217565,126.0,49630.36328125
37,29,0.0,4020.0,9835.794318215329,28.95024994049036,44.0,50436.36328124999
37,30,0.0,4020.0,9689.566607594934,38.169483456319924,83.0,50316.46875
37,31,0.0,4020.0,8152.926345777811,25.297548202808855,34.0,51607.265625
37,32,0.0,4020.0,8335.380735937091,21.5020233277791,25.0,51184.2265625
37,33,0.0,4020.0,8606.329014343482,21.919781004522733,20.0,53530.61328125
37,34,30.0,4020.0,9729.04248094774,25.41537729112116,11.0,50969.25390625
37,35,0.0,4020.0,8955.413005594844,23.351582956438943,20.0,50751.48828125
37,36,0.0,4020.0,9597.099581649316,24.886931682932634,16.0,50965.59375000001
37,37,0.0,4020.0,8969.141057684315,19.166865032135206,17.0,56561.5859375
37,38,0.0,4020.0,8317.243855882592,27.597000714115687,30.0,52294.13671875
37,39,0.0,4020.0,13912.853764882217,64.34182337538681,156.0,49067.48828125
37,40,0.0,4020.0,8480.515242418222,26.272316115210664,24.0,51111.5390625
37,41,0.0,4020.0,8641.26796489949,21.237800523684836,11.0,52039.38671874999
37,42,450.0,5520.0,15474.704213349469,66.91621042608902,148.0,49690.81640625
37,43,630.0,5520.0,15495.725373568344,50.9878600333254,78.0,49452.95312500001
37,44,0.0,4020.0,8768.077157918346,20.60580814091883,10.0,53119.81640625
37,45,0.0,4020.0,8382.603148364899,20.055939062128065,22.0,53675.99609375
37,46,0.0,4020.0,8197.11140910288,22.4160914068079,88.0,52061.34765625
37,47,0.0,4020.0,8616.845290807843,35.83789573910973,80.0,50811.15625
37,48,0.0,5460.0,9233.306143235899,22.537491073553916,18.0,52947.53125
37,49,0.0,5460.0,8908.067501886722,23.44798857414901,17.0,53636.109375
37,50,330.0,5520.0,10684.113210439387,23.023089740537962,16.0,53236.20703125
37,51,660.0,4020.0,10891.0963752684,42.682694596524634,68.0,50269.60156249999
37,52,660.0,4020.0,11448.187458527063,44.56796000952154,44.0,50720.72265625
37,53,0.0,4020.0,9443.784175419227,51.316353249226374,165.0,50037.984375
37,54,0.0,4020.0,9137.53131606898,23.262318495596286,25.0,51358.41015625
37,55,120.0,4020.0,10130.40522152614,20.87003094501309,18.0,53203.54296875
37,56,0.0,4080.0,8765.814058440548,23.98357533920495,17.0,52079.98828125001
37,57,345.0,5520.0,10839.054310783773,22.91597238752678,15.0,53412.54296875
37,58,660.0,4020.0,10801.865516522092,41.53296834087122,50.0,50377.09765625
37,59,375.0,5520.0,10898.555955442538,23.055224946441324,17.0,53170.96093749999
37,60,705.0,4020.0,11955.651046453859,43.396810283265886,64.0,50088.90234375
37,61,0.0,4020.0,9192.040916167669,23.23018328969293,27.0,51198.64453125
37,62,120.0,4020.0,10131.38701741827,20.873601523446798,18.0,52995.7734375
37,63,570.0,5580.0,16265.565487281336,68.58009997619614,203.0,49895.9609375
37,64,0.0,4020.0,9347.55607682103,42.0899785765294,108.0,50052.43359375
37,65,0.0,4020.0,8718.828701452945,36.14853606284218,101.0,51126.296875
37,66,0.0,4080.0,9478.342116395914,21.012854082361343,15.0,54729.03515624999
37,67,240.0,5520.0,16059.769368020705,83.52297072125684,223.0,49968.2734375
37,68,0.0,4080.0,10044.660693078193,23.383718162342298,12.0,55643.1875
37,69,675.0,4020.0,15306.816753883097,68.95144013330159,134.0,49510.12109375
37,70,0.0,4020.0,9887.498738147566,37.67317305403476,92.0,50448.69531250001
37,71,0.0,4020.0,9338.896562943584,57.70768864556058,150.0,50489.10546875
37,72,0.0,4020.0,9903.789129397162,37.53392049512021,88.0,50493.93749999999
37,73,240.0,5520.0,15990.69628387045,83.24803618186147,224.0,49880.16796875
37,74,630.0,4020.0,11883.716396804997,43.828850273744344,65.0,50471.25390625
37,75,0.0,4080.0,9272.895797252171,21.71268745536777,15.0,54363.1796875
37,76,0.0,4020.0,9749.221529576647,26.447274458462267,20.0,51341.70703125
37,77,0.0,4080.0,9684.585930934398,21.552011425850985,17.0,54573.46875000001
37,78,615.0,4020.0,11001.35084186268,48.12782670792669,96.0,50389.4765625
37,79,0.0,4080.0,9507.183460888838,23.787193525351107,17.0,52628.12890625
37,80,30.0,4020.0,8835.266145036596,24.87979052606522,34.0,51931.61328125
37,81,0.0,4020.0,9643.677556443425,41.108069507260176,97.0,50543.53125000001
37,82,0.0,4020.0,8760.831001531807,23.719352535110687,35.0,51769.47656249999
37,83,0.0,4080.0,10086.61850068434,22.473220661747202,19.0,54126.62109375
37,84,810.0,4020.0,15945.852338998018,81.4520352297072,189.0,49370.3828125
37,85,0.0,4020.0,9550.699682201583,27.05784337062604,20.0,51577.65625
37,86,0.0,4020.0,9001.592688509696,27.657700547488695,34.0,50762.5
37,87,0.0,4020.0,8731.417343931384,22.55177338728874,21.0,53453.4375
37,88,630.0,4020.0,11792.206597758446,43.268269459652466,66.0,50517.20703125
37,89,0.0,4020.0,9749.221529576647,26.447274458462267,20.0,51341.70703125
37,90,0.0,4080.0,9944.745600339349,23.93001666269936,16.0,53293.42578125001
37,91,0.0,4020.0,9684.506531992243,27.325636753154008,30.0,50756.8203125
37,92,0.0,4020.0,8800.82706170791,23.07664841704356,32.0,52349.98828125001
37,93,0.0,4020.0,9013.207441334838,23.537253034991668,19.0,52105.140625
37,94,690.0,4020.0,16008.05659560741,78.14210902166151,182.0,49350.01953124999
37,95,0.0,4020.0,8989.37221906106,19.72387526779338,78.0,56996.703125
37,96,0.0,4020.0,9024.160047949164,28.100452273268267,32.0,50837.43359375
37,97,0.0,4020.0,9177.759831506366,20.05236848369436,10.0,57038.7734375
37,98,0.0,4020.0,9283.802057531862,21.416329445370152,18.0,56196.74609375
37,99,0.0,4020.0,8633.133959809353,26.48298024279933,26.0,51650.5234375
37,100,0.0,4020.0,9142.346829224494,18.327779100214233,71.0,57195.8125
37,101,690.0,4020.0,16161.243085533024,81.02713639609617,195.0,49334.85156250001
37,102,0.0,4080.0,9756.735277050982,24.990478457510118,12.0,54579.27343749999
37,103,0.0,4020.0,8965.076929689116,23.28731254463223,13.0,54618.0859375
37,104,0.0,4020.0,8756.699332112641,26.200904546536535,35.0,51725.01562500001
37,105,0.0,4020.0,8998.521346614121,23.730064270411802,20.0,52210.4296875
37,106,0.0,4020.0,9557.302326924299,26.347298262318496,22.0,50786.484375
37,107,0.0,4020.0,10024.329529924555,36.66626993572959,58.0,50711.03124999999
37,108,0.0,4020.0,8684.653556743195,27.90764103784813,32.0,51150.20703125
37,109,0.0,4020.0,8957.294384649758,23.119495358248034,19.0,52412.5078125
37,110,0.0,4020.0,9100.2207980362,22.019757200666508,18.0,56960.0546875
37,111,30.0,4020.0,9668.056133186747,26.247322066174718,12.0,53003.20312500001
37,112,0.0,4020.0,8671.87679638519,22.062604141870985,21.0,53471.453125
37,113,330.0,4020.0,15265.567178295853,50.27017376815044,102.0,50253.40234375
37,114,0.0,4020.0,8531.830597531036,25.358248036181863,33.0,52080.9765625
37,115,720.0,4080.0,15751.254558889057,61.771006903118305,117.0,49716.7265625
37,116,0.0,4080.0,9478.85908554103,20.809331111640084,14.0,54721.5703125
37,117,0.0,4020.0,9155.98588276068,20.78433706260414,11.0,56715.8671875
37,118,15.0,4020.0,9650.631801831125,26.15805760533206,19.0,51132.640625
37,119,0.0,4020.0,8283.460964715536,21.99119257319686,27.0,52564.56640625
37,120,0.0,4020.0,10376.789168216397,32.42799333492026,53.0,50753.84765625
37,121,675.0,4020.0,15328.141355928186,67.83384908355154,133.0,49688.26953125
37,122,0.0,4020.0,8440.988745870773,26.847179243037367,27.0,52104.21875
37,123,0.0,4020.0,8960.753275778174,24.579861937633897,17.0,52092.94140625
37,124,0.0,4020.0,8829.944179515001,22.02689835753392,25.0,52188.5
37,125,0.0,4020.0,8982.720286406184,22.823137348250416,15.0,54942.71875
38,0,0.0,4020.0,8280.675466528473,21.244941680552248,20.0,54555.953125
38,1,0.0,4020.0,8367.348510174892,20.216615091644847,21.0,53757.6171875
38,2,0.0,4020.0,8892.228689354659,19.013330159485836,17.0,56704.03515625
38,3,0.0,4020.0,8220.769137338837,21.98048083789574,27.0,52406.53515625
38,4,0.0,4020.0,8391.441573628188,21.56986431801952,23.0,52500.09375000001
38,5,0.0,4020.0,8991.087002526532,17.910021423470603,6.0,55792.6640625
38,6,0.0,4020.0,9185.424090866658,22.11259223994287,21.0,50916.234375
38,7,0.0,4020.0,8604.473886653728,20.602237562485122,21.0,53388.64453125001
38,8,0.0,4080.0,8724.716196754216,23.70149964294216,19.0,51597.94140625
38,9,0.0,4020.0,8942.770570684897,19.227564865508214,18.0,56500.4296875
38,10,120.0,4020.0,10091.810545927707,20.587955248750298,17.0,53154.44921875
38,11,450.0,5520.0,15520.35062372186,66.18424184717924,142.0,49403.73828125
38,12,0.0,4020.0,9702.77855718125,27.829088312306595,28.0,50512.6875
38,13,0.0,4020.0,9242.707586015415,30.317781480599855,47.0,50427.37890625
38,14,0.0,4020.0,8291.1493412128,22.273268269459653,33.0,52232.90625
38,15,720.0,4080.0,15560.665195762685,59.87145917638658,105.0,49489.10546875
38,16,0.0,4020.0,9022.947073940435,18.938348012378004,11.0,55784.7890625
38,17,0.0,4020.0,8883.690146617824,45.59271601999524,141.0,50714.80859375
38,18,30.0,4020.0,9207.841039996947,20.741490121399668,9.0,52720.8125
38,19,0.0,4080.0,10026.86098950393,22.562485122589855,8.0,55659.17187500001
38,20,600.0,4020.0,11294.998927747049,51.04141870983099,128.0,49421.41015625001
38,21,0.0,4020.0,9212.645536217398,30.721256843608664,51.0,50488.8828125
38,22,0.0,4020.0,10020.87157491739,28.796715067840985,37.0,50017.78125000001
38,23,0.0,4020.0,9784.843249012534,37.398238514639374,86.0,50073.19140624999
38,24,0.0,4020.0,8426.360823938805,22.566055701023565,21.0,51895.73046875
38,25,0.0,4020.0,8782.910861671031,22.291121161628183,16.0,51027.09765625
38,26,0.0,4020.0,9347.512756004056,42.07212568436087,106.0,50029.6328125
38,27,15.0,4020.0,10155.35293768952,30.864079980956916,46.0,49714.15625
38,28,0.0,4020.0,9835.794318215329,28.95024994049036,44.0,50436.36328124999
38,29,0.0,4020.0,9689.566607594934,38.169483456319924,83.0,50316.46875
38,30,0.0,4020.0,8152.926345777811,25.297548202808855,34.0,51607.265625
38,31,0.0,4020.0,8335.380735937091,21.5020233277791,25.0,51184.2265625
38,32,0.0,4020.0,8606.329014343482,21.919781004522733,20.0,53530.61328125
38,33,30.0,4020.0,9729.04248094774,25.41537729112116,11.0,50969.25390625
38,34,0.0,4020.0,8955.413005594844,23.351582956438943,20.0,50751.48828125
38,35,0.0,4020.0,9597.099581649316,24.886931682932634,16.0,50965.59375000001
38,36,0.0,4020.0,8969.141057684315,19.166865032135206,17.0,56561.5859375
38,37,0.0,4020.0,8317.243855882592,27.597000714115687,30.0,52294.13671875
38,38,0.0,4020.0,13912.853764882217,64.34182337538681,156.0,49067.48828125
38,39,0.0,4020.0,8480.515242418222,26.272316115210664,24.0,51111.5390625
38,40,0.0,4020.0,8641.26796489949,21.237800523684836,11.0,52039.38671874999
38,41,630.0,5520.0,15495.725373568344,50.9878600333254,78.0,49452.95312500001
38,42,0.0,4020.0,8768.077157918346,20.60580814091883,10.0,53119.81640625
38,43,0.0,4020.0,8382.603148364899,20.055939062128065,22.0,53675.99609375
38,44,0.0,4020.0,8197.11140910288,22.4160914068079,88.0,52061.34765625
38,45,0.0,4020.0,8616.845290807843,35.83789573910973,80.0,50811.15625
38,46,60.0,4020.0,9580.009917791107,25.590335634372764,17.0,50311.4765625
38,47,0.0,4020.0,9589.241935701211,42.118543203999046,88.0,49767.95312500001
38,48,30.0,4020.0,10018.831528457657,41.340157105451084,101.0,49529.859375
38,49,0.0,4020.0,9978.691090635744,28.01118781242561,33.0,50149.35156249999
38,50,15.0,4020.0,8460.39111279398,22.948107593430137,17.0,52550.04296874999
38,51,0.0,4020.0,9285.182777219507,58.296834087122114,151.0,50395.140625
38,52,0.0,4080.0,9630.8340974809,20.084503689597714,11.0,55521.390625
38,53,0.0,4020.0,13788.932268177068,64.7310164246608,155.0,49558.4140625
38,54,0.0,5460.0,8908.067501886722,23.44798857414901,17.0,53636.109375
38,55,660.0,4020.0,10914.510440733899,43.48607474410854,72.0,50183.09765625
38,56,0.0,5460.0,9233.306143235899,22.537491073553916,18.0,52947.53125
38,57,705.0,4020.0,11181.812353719459,42.46131873363485,44.0,50416.32031250001
38,58,330.0,5520.0,10684.113210439387,23.023089740537962,16.0,53236.20703125
38,59,480.0,5520.0,12225.101220223467,32.48155201142585,37.0,50704.77734374999
38,60,0.0,4020.0,9137.53131606898,23.262318495596286,25.0,51358.41015625
38,61,660.0,4020.0,10891.0963752684,42.682694596524634,68.0,50269.60156249999
38,62,660.0,4020.0,11448.187458527063,44.56796000952154,44.0,50720.72265625
38,63,120.0,4020.0,10130.40522152614,20.87003094501309,18.0,53203.54296875
38,64,375.0,5520.0,12217.706523392379,33.756248512258985,45.0,50300.33984374999
38,65,375.0,5520.0,10898.555955442538,23.055224946441324,17.0,53170.96093749999
38,66,450.0,5520.0,15474.704213349469,66.91621042608902,148.0,49690.81640625
38,67,660.0,4020.0,10801.865516522092,41.53296834087122,50.0,50377.09765625
38,68,120.0,4020.0,10131.38701741827,20.873601523446798,18.0,52995.7734375
38,69,345.0,5520.0,10839.054310783773,22.91597238752678,15.0,53412.54296875
38,70,240.0,5520.0,16059.769368020705,83.52297072125684,223.0,49968.2734375
38,71,0.0,4020.0,9192.040916167669,23.23018328969293,27.0,51198.64453125
38,72,0.0,4080.0,8765.814058440548,23.98357533920495,17.0,52079.98828125001
38,73,585.0,4020.0,11913.900969861188,50.912877886217565,126.0,49630.36328125
38,74,0.0,4020.0,8718.828701452945,36.14853606284218,101.0,51126.296875
38,75,0.0,4020.0,8957.294384649758,23.119495358248034,19.0,52412.5078125
38,76,240.0,5520.0,15990.69628387045,83.24803618186147,224.0,49880.16796875
38,77,705.0,4020.0,11955.651046453859,43.396810283265886,64.0,50088.90234375
38,78,0.0,4020.0,9347.55607682103,42.0899785765294,108.0,50052.43359375
38,79,765.0,4020.0,16383.1341671156,82.2946917400619,177.0,49329.76171875
38,80,0.0,4020.0,9338.896562943584,57.70768864556058,150.0,50489.10546875
38,81,0.0,4020.0,9749.221529576647,26.447274458462267,20.0,51341.70703125
38,82,0.0,4080.0,9684.585930934398,21.552011425850985,17.0,54573.46875000001
38,83,630.0,4020.0,11844.982965940813,43.86455605808141,69.0,50279.16796875
38,84,0.0,4020.0,9443.784175419227,51.316353249226374,165.0,50037.984375
38,85,690.0,4020.0,16008.05659560741,78.14210902166151,182.0,49350.01953124999
38,86,0.0,4020.0,8998.521346614121,23.730064270411802,20.0,52210.4296875
38,87,0.0,4020.0,8633.133959809353,26.48298024279933,26.0,51650.5234375
38,88,0.0,4080.0,9478.85908554103,20.809331111640084,14.0,54721.5703125
38,89,0.0,4020.0,10261.478733856286,40.069031183051656,103.0,50392.62109375
38,90,615.0,4020.0,11001.35084186268,48.12782670792669,96.0,50389.4765625
38,91,0.0,4020.0,9903.789129397162,37.53392049512021,88.0,50493.93749999999
38,92,0.0,4020.0,8960.753275778174,24.579861937633897,17.0,52092.94140625
38,93,0.0,4020.0,9283.802057531862,21.416329445370152,18.0,56196.74609375
38,94,0.0,4020.0,8531.830597531036,25.358248036181863,33.0,52080.9765625
38,95,0.0,4020.0,8684.653556743195,27.90764103784813,32.0,51150.20703125
38,96,0.0,4020.0,8283.460964715536,21.99119257319686,27.0,52564.56640625
38,97,720.0,4080.0,15751.254558889057,61.771006903118305,117.0,49716.7265625
38,98,15.0,4020.0,10120.917408693596,35.313020709354916,48.0,50421.31640625
38,99,0.0,4020.0,9392.286726696708,20.555820042846943,18.0,56307.88671875
38,100,0.0,4020.0,9013.207441334838,23.537253034991668,19.0,52105.140625
38,101,0.0,4020.0,9887.498738147566,37.67317305403476,92.0,50448.69531250001
38,102,0.0,4020.0,8731.417343931384,22.55177338728874,21.0,53453.4375
38,103,0.0,4020.0,9024.160047949164,28.100452273268267,32.0,50837.43359375
38,104,0.0,4080.0,9478.342116395914,21.012854082361343,15.0,54729.03515624999
38,105,0.0,4020.0,8626.456950400741,23.690787907641038,35.0,51532.22265624999
38,106,0.0,4020.0,8908.04428604036,22.308974053796717,20.0,54766.5234375
38,107,690.0,4020.0,16161.243085533024,81.02713639609617,195.0,49334.85156250001
38,108,0.0,4020.0,9323.87654142829,22.52320875981909,20.0,51786.89843749999
38,109,0.0,4020.0,9643.677556443425,41.108069507260176,97.0,50543.53125000001
38,110,0.0,4020.0,9557.302326924299,26.347298262318496,22.0,50786.484375
38,111,0.0,4020.0,9142.346829224494,18.327779100214233,71.0,57195.8125
38,112,15.0,4020.0,9650.631801831125,26.15805760533206,19.0,51132.640625
38,113,180.0,4020.0,12297.26866750962,32.877886217567244,49.0,50139.54296875
38,114,0.0,4020.0,8800.82706170791,23.07664841704356,32.0,52349.98828125001
38,115,0.0,4080.0,9272.895797252171,21.71268745536777,15.0,54363.1796875
38,116,0.0,4020.0,8965.076929689116,23.28731254463223,13.0,54618.0859375
38,117,0.0,4020.0,8440.988745870773,26.847179243037367,27.0,52104.21875
38,118,675.0,4020.0,16227.759864808322,81.25565341585337,185.0,49211.05078125
38,119,0.0,4020.0,8982.720286406184,22.823137348250416,15.0,54942.71875
38,120,0.0,4020.0,8671.87679638519,22.062604141870985,21.0,53471.453125
38,121,0.0,4080.0,9944.745600339349,23.93001666269936,16.0,53293.42578125001
38,122,0.0,4020.0,10376.789168216397,32.42799333492026,53.0,50753.84765625
38,123,0.0,4080.0,10086.61850068434,22.473220661747202,19.0,54126.62109375
38,124,30.0,4020.0,8835.266145036596,24.87979052606522,34.0,51931.61328125
38,125,810.0,4020.0,15945.852338998018,81.4520352297072,189.0,49370.3828125
39,0,0.0,4020.0,8220.769137338837,21.98048083789574,27.0,52406.53515625
39,1,0.0,4020.0,8991.087002526532,17.910021423470603,6.0,55792.6640625
39,2,0.0,4020.0,9185.424090866658,22.11259223994287,21.0,50916.234375
39,3,0.0,4080.0,8724.716196754216,23.70149964294216,19.0,51597.94140625
39,4,450.0,5520.0,15520.35062372186,66.18424184717924,142.0,49403.73828125
39,5,0.0,4020.0,9702.77855718125,27.829088312306595,28.0,50512.6875
39,6,0.0,4020.0,9242.707586015415,30.317781480599855,47.0,50427.37890625
39,7,0.0,4020.0,8291.1493412128,22.273268269459653,33.0,52232.90625
39,8,720.0,4080.0,15560.665195762685,59.87145917638658,105.0,49489.10546875
39,9,30.0,4020.0,9207.841039996947,20.741490121399668,9.0,52720.8125
39,10,0.0,4080.0,10026.86098950393,22.562485122589855,8.0,55659.17187500001
39,11,600.0,4020.0,11294.998927747049,51.04141870983099,128.0,49421.41015625001
39,12,0.0,4020.0,9212.645536217398,30.721256843608664,51.0,50488.8828125
39,13,0.0,4020.0,10020.87157491739,28.796715067840985,37.0,50017.78125000001
39,14,0.0,4020.0,9784.843249012534,37.398238514639374,86.0,50073.19140624999
39,15,0.0,4020.0,8426.360823938805,22.566055701023565,21.0,51895.73046875
39,16,0.0,4020.0,8782.910861671031,22.291121161628183,16.0,51027.09765625
39,17,0.0,4020.0,9347.512756004056,42.07212568436087,106.0,50029.6328125
39,18,15.0,4020.0,10155.35293768952,30.864079980956916,46.0,49714.15625
39,19,0.0,4020.0,9835.794318215329,28.95024994049036,44.0,50436.36328124999
39,20,0.0,4020.0,9689.566607594934,38.169483456319924,83.0,50316.46875
39,21,0.0,4020.0,8152.926345777811,25.297548202808855,34.0,51607.265625
39,22,30.0,4020.0,9729.04248094774,25.41537729112116,11.0,50969.25390625
39,23,0.0,4020.0,8955.413005594844,23.351582956438943,20.0,50751.48828125
39,24,0.0,4020.0,9597.099581649316,24.886931682932634,16.0,50965.59375000001
39,25,0.0,4020.0,8317.243855882592,27.597000714115687,30.0,52294.13671875
39,26,0.0,4020.0,13912.853764882217,64.34182337538681,156.0,49067.48828125
39,27,0.0,4020.0,8480.515242418222,26.272316115210664,24.0,51111.5390625
39,28,0.0,4020.0,8641.26796489949,21.237800523684836,11.0,52039.38671874999
39,29,630.0,5520.0,15495.725373568344,50.9878600333254,78.0,49452.95312500001
39,30,0.0,4020.0,8197.11140910288,22.4160914068079,88.0,52061.34765625
39,31,60.0,4020.0,9580.009917791107,25.590335634372764,17.0,50311.4765625
39,32,0.0,4020.0,9589.241935701211,42.118543203999046,88.0,49767.95312500001
39,33,30.0,4020.0,10018.831528457657,41.340157105451084,101.0,49529.859375
39,34,0.0,4020.0,9978.691090635744,28.01118781242561,33.0,50149.35156249999
39,35,0.0,4020.0,9285.182777219507,58.296834087122114,151.0,50395.140625
39,36,0.0,4020.0,13788.932268177068,64.7310164246608,155.0,49558.4140625
39,37,0.0,4020.0,8982.212604142507,17.938586050940252,6.0,55708.3125
39,38,0.0,4020.0,8343.156953536338,27.87550583194477,43.0,50595.67968749999
39,39,0.0,4020.0,13892.420046848853,61.24613187336349,172.0,49497.45703125
39,40,0.0,5460.0,8746.849331694655,21.316353249226374,8.0,51542.03125
39,41,555.0,4020.0,10262.431856533789,38.22661271125922,43.0,49860.40625
39,42,495.0,4140.0,12419.080451494527,65.60580814091882,134.0,48968.69921875001
39,43,0.0,4020.0,9977.768006805818,27.80766484170435,32.0,50157.28515625
39,44,0.0,4020.0,9004.409088598135,28.475363008807427,56.0,50451.84375
39,45,15.0,4020.0,9760.935678790134,28.839562009045466,24.0,50280.4453125
39,46,0.0,4020.0,10017.920966503156,36.14853606284218,81.0,50079.12109375
39,47,0.0,4020.0,9646.755038073868,24.790526065222565,12.0,50953.84765625
39,48,450.0,4080.0,11406.922230657536,33.6491311592478,24.0,50170.65625
39,49,0.0,4020.0,7932.1389090364355,18.891930492739824,12.0,52420.4453125
39,50,0.0,4020.0,8204.55718891217,18.549154963104023,10.0,53040.89843749999
39,51,0.0,4020.0,8876.902730133508,17.788621756724588,16.0,55080.40234375001
39,52,0.0,4020.0,8332.824473215125,21.469888121875744,25.0,51155.25390625
39,53,0.0,4020.0,8559.776076635224,35.22732682694596,77.0,50795.63281249999
39,54,375.0,5520.0,12217.706523392379,33.756248512258985,45.0,50300.33984374999
39,55,120.0,4020.0,10131.38701741827,20.873601523446798,18.0,52995.7734375
39,56,180.0,4020.0,12297.26866750962,32.877886217567244,49.0,50139.54296875
39,57,480.0,5520.0,12225.101220223467,32.48155201142585,37.0,50704.77734374999
39,58,0.0,5460.0,9233.306143235899,22.537491073553916,18.0,52947.53125
39,59,15.0,4020.0,8507.35123476238,23.969293025470126,22.0,52534.81640625
39,60,0.0,4020.0,9097.469461369623,23.50868840752202,28.0,50997.37890624999
39,61,120.0,4020.0,10199.297809932083,20.959295405855748,19.0,52967.23828125
39,62,450.0,5520.0,15474.704213349469,66.91621042608902,148.0,49690.81640625
39,63,0.0,4020.0,8883.690146617824,45.59271601999524,141.0,50714.80859375
39,64,240.0,5520.0,15990.922338788034,83.24803618186147,224.0,49876.61328124999
39,65,660.0,4020.0,10801.865516522092,41.53296834087122,50.0,50377.09765625
39,66,15.0,4020.0,8460.39111279398,22.948107593430137,17.0,52550.04296874999
39,67,120.0,4020.0,10091.810545927707,20.587955248750298,17.0,53154.44921875
39,68,0.0,4080.0,8765.814058440548,23.98357533920495,17.0,52079.98828125001
39,69,660.0,4020.0,11448.187458527063,44.56796000952154,44.0,50720.72265625
39,70,0.0,4080.0,9797.939674386405,23.319447750535588,14.0,52869.9453125
39,71,585.0,4020.0,11913.900969861188,50.912877886217565,126.0,49630.36328125
39,72,0.0,4020.0,9142.346829224494,18.327779100214233,71.0,57195.8125
39,73,0.0,4020.0,9443.784175419227,51.316353249226374,165.0,50037.984375
39,74,240.0,5520.0,15990.69628387045,83.24803618186147,224.0,49880.16796875
39,75,0.0,4020.0,9347.55607682103,42.0899785765294,108.0,50052.43359375
39,76,0.0,4020.0,8957.294384649758,23.119495358248034,19.0,52412.5078125
39,77,0.0,4020.0,10261.478733856286,40.069031183051656,103.0,50392.62109375
39,78,0.0,4020.0,8283.460964715536,21.99119257319686,27.0,52564.56640625
39,79,240.0,5520.0,16059.769368020705,83.52297072125684,223.0,49968.2734375
39,80,570.0,4080.0,11696.16258148267,35.759343013568206,25.0,50425.0078125
39,81,0.0,4020.0,8684.653556743195,27.90764103784813,32.0,51150.20703125
39,82,690.0,4020.0,16161.243085533024,81.02713639609617,195.0,49334.85156250001
39,83,615.0,4020.0,11001.35084186268,48.12782670792669,96.0,50389.4765625
39,84,660.0,4020.0,10867.577024618957,42.59700071411569,55.0,50061.23828125
39,85,0.0,4020.0,8969.141057684315,19.166865032135206,17.0,56561.5859375
39,86,0.0,4020.0,8391.441573628188,21.56986431801952,23.0,52500.09375000001
39,87,0.0,4020.0,8768.077157918346,20.60580814091883,10.0,53119.81640625
39,88,0.0,4020.0,9338.896562943584,57.70768864556058,150.0,50489.10546875
39,89,0.0,4020.0,8645.605627637715,29.143061175910496,50.0,51135.515625
39,90,0.0,4020.0,9730.221448113844,41.82218519400143,98.0,50408.546875
39,91,15.0,4020.0,9650.631801831125,26.15805760533206,19.0,51132.640625
39,92,0.0,4020.0,8335.380735937091,21.5020233277791,25.0,51184.2265625
39,93,705.0,4020.0,11181.812353719459,42.46131873363485,44.0,50416.32031250001
39,94,0.0,4020.0,8892.228689354659,19.013330159485836,17.0,56704.03515625
39,95,0.0,4020.0,8701.915532667514,22.116162818376576,19.0,52496.0859375
39,96,690.0,4080.0,15629.312201121968,60.90692692216139,116.0,49730.13671875
39,97,675.0,4020.0,16227.759864808322,81.25565341585337,185.0,49211.05078125
39,98,0.0,4020.0,8836.14318952426,27.089978576529397,19.0,51869.45312499999
39,99,0.0,4020.0,8606.329014343482,21.919781004522733,20.0,53530.61328125
39,100,0.0,4080.0,9630.8340974809,20.084503689597714,11.0,55521.390625
39,101,15.0,4020.0,9024.39128505082,23.45512973101642,20.0,51631.99609374999
39,102,810.0,4020.0,15945.852338998018,81.4520352297072,189.0,49370.3828125
39,103,0.0,4020.0,8280.675466528473,21.244941680552248,20.0,54555.953125
39,104,720.0,4080.0,15751.254558889057,61.771006903118305,117.0,49716.7265625
39,105,0.0,4020.0,8367.348510174892,20.216615091644847,21.0,53757.6171875
39,106,0.0,4020.0,9013.207441334838,23.537253034991668,19.0,52105.140625
39,107,690.0,4020.0,16008.05659560741,78.14210902166151,182.0,49350.01953124999
39,108,0.0,4020.0,9749.221529576647,26.447274458462267,20.0,51341.70703125
39,109,0.0,4020.0,8604.473886653728,20.602237562485122,21.0,53388.64453125001
39,110,0.0,4020.0,8382.603148364899,20.055939062128065,22.0,53675.99609375
39,111,0.0,4020.0,9887.498738147566,37.67317305403476,92.0,50448.69531250001
39,112,765.0,4020.0,16383.1341671156,82.2946917400619,177.0,49329.76171875
39,113,0.0,4020.0,9323.87654142829,22.52320875981909,20.0,51786.89843749999
39,114,645.0,4020.0,11768.156319981248,45.68198048083789,85.0,49760.6015625
39,115,0.0,4020.0,8942.770570684897,19.227564865508214,18.0,56500.4296875
39,116,0.0,4020.0,9903.789129397162,37.53392049512021,88.0,50493.93749999999
39,117,0.0,4020.0,9766.434863996732,26.32230421328255,20.0,51286.28125
39,118,630.0,4020.0,11844.982965940813,43.86455605808141,69.0,50279.16796875
39,119,0.0,4020.0,10376.789168216397,32.42799333492026,53.0,50753.84765625
39,120,0.0,4020.0,9557.302326924299,26.347298262318496,22.0,50786.484375
39,121,0.0,4020.0,9022.947073940435,18.938348012378004,11.0,55784.7890625
39,122,15.0,4020.0,10120.917408693596,35.313020709354916,48.0,50421.31640625
39,123,0.0,4020.0,8960.753275778174,24.579861937633897,17.0,52092.94140625
39,124,0.0,4020.0,9643.677556443425,41.108069507260176,97.0,50543.53125000001
39,125,0.0,4020.0,8998.521346614121,23.730064270411802,20.0,52210.4296875
40,0,0.0,4020.0,8991.087002526532,17.910021423470603,6.0,55792.6640625
40,1,0.0,4020.0,9185.424090866658,22.11259223994287,21.0,50916.234375
40,2,0.0,4080.0,8724.716196754216,23.70149964294216,19.0,51597.94140625
40,3,450.0,5520.0,15520.35062372186,66.18424184717924,142.0,49403.73828125
40,4,0.0,4020.0,9702.77855718125,27.829088312306595,28.0,50512.6875
40,5,0.0,4020.0,9242.707586015415,30.317781480599855,47.0,50427.37890625
40,6,0.0,4080.0,10026.86098950393,22.562485122589855,8.0,55659.17187500001
40,7,600.0,4020.0,11294.998927747049,51.04141870983099,128.0,49421.41015625001
40,8,0.0,4020.0,9212.645536217398,30.721256843608664,51.0,50488.8828125
40,9,0.0,4020.0,10020.87157491739,28.796715067840985,37.0,50017.78125000001
40,10,0.0,4020.0,9784.843249012534,37.398238514639374,86.0,50073.19140624999
40,11,0.0,4020.0,8782.910861671031,22.291121161628183,16.0,51027.09765625
40,12,0.0,4020.0,9347.512756004056,42.07212568436087,106.0,50029.6328125
40,13,15.0,4020.0,10155.35293768952,30.864079980956916,46.0,49714.15625
40,14,0.0,4020.0,9835.794318215329,28.95024994049036,44.0,50436.36328124999
40,15,0.0,4020.0,8152.926345777811,25.297548202808855,34.0,51607.265625
40,16,30.0,4020.0,9729.04248094774,25.41537729112116,11.0,50969.25390625
40,17,0.0,4020.0,8955.413005594844,23.351582956438943,20.0,50751.48828125
40,18,0.0,4020.0,9597.099581649316,24.886931682932634,16.0,50965.59375000001
40,19,0.0,4020.0,13912.853764882217,64.34182337538681,156.0,49067.48828125
40,20,0.0,4020.0,8480.515242418222,26.272316115210664,24.0,51111.5390625
40,21,630.0,5520.0,15495.725373568344,50.9878600333254,78.0,49452.95312500001
40,22,60.0,4020.0,9580.009917791107,25.590335634372764,17.0,50311.4765625
40,23,0.0,4020.0,9589.241935701211,42.118543203999046,88.0,49767.95312500001
40,24,30.0,4020.0,10018.831528457657,41.340157105451084,101.0,49529.859375
40,25,0.0,4020.0,9978.691090635744,28.01118781242561,33.0,50149.35156249999
40,26,0.0,4020.0,8982.212604142507,17.938586050940252,6.0,55708.3125
40,27,0.0,4020.0,8343.156953536338,27.87550583194477,43.0,50595.67968749999
40,28,0.0,5460.0,8746.849331694655,21.316353249226374,8.0,51542.03125
40,29,555.0,4020.0,10262.431856533789,38.22661271125922,43.0,49860.40625
40,30,495.0,4140.0,12419.080451494527,65.60580814091882,134.0,48968.69921875001
40,31,0.0,4020.0,9977.768006805818,27.80766484170435,32.0,50157.28515625
40,32,0.0,4020.0,9004.409088598135,28.475363008807427,56.0,50451.84375
40,33,15.0,4020.0,9760.935678790134,28.839562009045466,24.0,50280.4453125
40,34,0.0,4020.0,10017.920966503156,36.14853606284218,81.0,50079.12109375
40,35,0.0,4020.0,9646.755038073868,24.790526065222565,12.0,50953.84765625
40,36,450.0,4080.0,11406.922230657536,33.6491311592478,24.0,50170.65625
40,37,0.0,4020.0,8876.902730133508,17.788621756724588,16.0,55080.40234375001
40,38,0.0,4020.0,8332.824473215125,21.469888121875744,25.0,51155.25390625
40,39,0.0,4020.0,9345.301401019216,17.76719828612235,66.0,57625.92968750001
40,40,0.0,4020.0,8984.78575397567,46.938824089502496,135.0,50563.25390624999
40,41,0.0,4020.0,8386.640173424927,24.908355153534878,33.0,51111.5625
40,42,585.0,4020.0,12659.114384249926,56.43656272316116,157.0,49015.96875
40,43,0.0,4020.0,7778.494544279365,17.86360390383242,9.0,51655.4765625
40,44,0.0,4020.0,10074.96924261903,39.554867888597954,94.0,49473.7734375
40,45,0.0,4020.0,9264.537122450034,42.147107831468695,92.0,49868.14453125
40,46,0.0,4020.0,9270.698372079692,30.549869078790763,54.0,50222.31249999999
40,47,600.0,4020.0,15390.463284434049,85.08688407522018,229.0,48774.015625
40,48,540.0,4080.0,11400.33622433111,34.873839562009046,35.0,50032.1171875
40,49,0.0,4020.0,8220.769137338837,21.98048083789574,27.0,52406.53515625
40,50,0.0,4020.0,8291.1493412128,22.273268269459653,33.0,52232.90625
40,51,720.0,4080.0,15560.665195762685,59.87145917638658,105.0,49489.10546875
40,52,30.0,4020.0,9207.841039996947,20.741490121399668,9.0,52720.8125
40,53,0.0,4020.0,8426.360823938805,22.566055701023565,21.0,51895.73046875
40,54,0.0,4020.0,9689.566607594934,38.169483456319924,83.0,50316.46875
40,55,0.0,4020.0,8317.243855882592,27.597000714115687,30.0,52294.13671875
40,56,0.0,4020.0,8641.26796489949,21.237800523684836,11.0,52039.38671874999
40,57,0.0,4020.0,8197.11140910288,22.4160914068079,88.0,52061.34765625
40,58,0.0,4020.0,9285.182777219507,58.296834087122114,151.0,50395.140625
40,59,0.0,4020.0,13788.932268177068,64.7310164246608,155.0,49558.4140625
40,60,0.0,4020.0,13892.420046848853,61.24613187336349,172.0,49497.45703125
40,61,0.0,4020.0,7932.1389090364355,18.891930492739824,12.0,52420.4453125
40,62,0.0,4020.0,8204.55718891217,18.549154963104023,10.0,53040.89843749999
40,63,0.0,4020.0,8559.776076635224,35.22732682694596,77.0,50795.63281249999
40,64,180.0,4020.0,12297.26866750962,32.877886217567244,49.0,50139.54296875
40,65,0.0,4020.0,9097.469461369623,23.50868840752202,28.0,50997.37890624999
40,66,450.0,5520.0,15474.704213349469,66.91621042608902,148.0,49690.81640625
40,67,585.0,4020.0,11913.900969861188,50.912877886217565,126.0,49630.36328125
40,68,0.0,4020.0,9142.346829224494,18.327779100214233,71.0,57195.8125
40,69,0.0,4020.0,9443.784175419227,51.316353249226374,165.0,50037.984375
40,70,0.0,4020.0,9347.55607682103,42.0899785765294,108.0,50052.43359375
40,71,570.0,4080.0,11696.16258148267,35.759343013568206,25.0,50425.0078125
40,72,0.0,4020.0,8684.653556743195,27.90764103784813,32.0,51150.20703125
40,73,690.0,4020.0,16161.243085533024,81.02713639609617,195.0,49334.85156250001
40,74,660.0,4020.0,10867.577024618957,42.59700071411569,55.0,50061.23828125
40,75,0.0,4020.0,9338.896562943584,57.70768864556058,150.0,50489.10546875
40,76,0.0,4020.0,8645.605627637715,29.143061175910496,50.0,51135.515625
40,77,15.0,4020.0,9650.631801831125,26.15805760533206,19.0,51132.640625
40,78,0.0,4020.0,8335.380735937091,21.5020233277791,25.0,51184.2265625
40,79,675.0,4020.0,16227.759864808322,81.25565341585337,185.0,49211.05078125
40,80,0.0,4020.0,8836.14318952426,27.089978576529397,19.0,51869.45312499999
40,81,15.0,4020.0,9024.39128505082,23.45512973101642,20.0,51631.99609374999
40,82,810.0,4020.0,15945.852338998018,81.4520352297072,189.0,49370.3828125
40,83,690.0,4020.0,16008.05659560741,78.14210902166151,182.0,49350.01953124999
40,84,0.0,4020.0,9749.221529576647,26.447274458462267,20.0,51341.70703125
40,85,0.0,4020.0,9887.498738147566,37.67317305403476,92.0,50448.69531250001
40,86,765.0,4020.0,16383.1341671156,82.2946917400619,177.0,49329.76171875
40,87,0.0,4020.0,9323.87654142829,22.52320875981909,20.0,51786.89843749999
40,88,645.0,4020.0,11768.156319981248,45.68198048083789,85.0,49760.6015625
40,89,0.0,4020.0,9903.789129397162,37.53392049512021,88.0,50493.93749999999
40,90,0.0,4020.0,9766.434863996732,26.32230421328255,20.0,51286.28125
40,91,0.0,4020.0,9557.302326924299,26.347298262318496,22.0,50786.484375
40,92,0.0,4020.0,9643.677556443425,41.108069507260176,97.0,50543.53125000001
40,93,0.0,4020.0,8819.973242499695,26.554391811473458,20.0,51974.76953125
40,94,600.0,4020.0,15311.507704042273,73.00047607712449,186.0,49495.08984375
40,95,0.0,4020.0,10153.313954246732,41.55439181147346,96.0,49692.22656249999
40,96,0.0,4020.0,9407.9480306222,26.79719114496548,27.0,50948.7578125
40,97,600.0,4020.0,11424.838495944761,51.00571292549393,127.0,49587.421875
40,98,0.0,4020.0,9609.970271102717,41.19019281123542,93.0,50596.25390625
40,99,660.0,4140.0,16133.25253223117,75.02856462746965,228.0,49160.71484375
40,100,0.0,4020.0,8308.085489812964,23.255177338728874,35.0,52000.3515625
40,101,0.0,4020.0,9578.27707866241,25.833134967864794,19.0,51439.0859375
40,102,0.0,4020.0,9726.932523161653,27.832658890740298,28.0,50654.4921875
40,103,480.0,4140.0,12033.022267034466,60.48916924541776,114.0,49560.44140625
40,104,615.0,4020.0,11767.117327980304,56.340157105451084,166.0,49548.15234375
40,105,0.0,4020.0,8743.441782999067,44.33230183289693,140.0,50636.0078125
40,106,120.0,4020.0,10277.421513900892,20.616519876219947,17.0,52118.828125
40,107,0.0,4020.0,10036.757659132592,28.37538681266365,33.0,50161.3984375
40,108,165.0,4020.0,12338.88097535961,31.531778148059985,41.0,51107.25781250001
40,109,15.0,5460.0,9519.593571761783,39.91906688883599,90.0,50997.96484375
40,110,360.0,5520.0,11950.198551085843,31.842418471792428,37.0,50566.046875
40,111,120.0,4020.0,10131.38701741827,20.873601523446798,18.0,52995.7734375
40,112,0.0,5460.0,9233.306143235899,22.537491073553916,18.0,52947.53125
40,113,375.0,5520.0,12217.706523392379,33.756248512258985,45.0,50300.33984374999
40,114,120.0,4020.0,10091.810545927707,20.587955248750298,17.0,53154.44921875
40,115,0.0,4020.0,8883.690146617824,45.59271601999524,141.0,50714.80859375
40,116,0.0,4020.0,8458.404591196602,24.579861937633897,32.0,51541.20312499999
40,117,0.0,4020.0,8892.228689354659,19.013330159485836,17.0,56704.03515625
40,118,0.0,4020.0,8554.95637088105,23.744346584146633,36.0,52039.83203125
40,119,120.0,4020.0,10199.297809932083,20.959295405855748,19.0,52967.23828125
40,120,0.0,4020.0,8382.603148364899,20.055939062128065,22.0,53675.99609375
40,121,165.0,4020.0,14145.168100305516,66.34134729826232,155.0,49671.4140625
40,122,0.0,4020.0,10103.037639669823,27.721970959295405,25.0,51176.9921875
40,123,0.0,4020.0,8367.348510174892,20.216615091644847,21.0,53757.6171875
40,124,0.0,4020.0,8283.460964715536,21.99119257319686,27.0,52564.56640625
40,125,0.0,4020.0,8280.675466528473,21.244941680552248,20.0,54555.953125
41,0,0.0,4020.0,8991.087002526532,17.910021423470603,6.0,55792.6640625
41,1,0.0,4020.0,9185.424090866658,22.11259223994287,21.0,50916.234375
41,2,0.0,4080.0,8724.716196754216,23.70149964294216,19.0,51597.94140625
41,3,450.0,5520.0,15520.35062372186,66.18424184717924,142.0,49403.73828125
41,4,0.0,4020.0,9242.707586015415,30.317781480599855,47.0,50427.37890625
41,5,0.0,4080.0,10026.86098950393,22.562485122589855,8.0,55659.17187500001
41,6,600.0,4020.0,11294.998927747049,51.04141870983099,128.0,49421.41015625001
41,7,0.0,4020.0,10020.87157491739,28.796715067840985,37.0,50017.78125000001
41,8,0.0,4020.0,8782.910861671031,22.291121161628183,16.0,51027.09765625
41,9,0.0,4020.0,9347.512756004056,42.07212568436087,106.0,50029.6328125
41,10,15.0,4020.0,10155.35293768952,30.864079980956916,46.0,49714.15625
41,11,0.0,4020.0,8152.926345777811,25.297548202808855,34.0,51607.265625
41,12,30.0,4020.0,9729.04248094774,25.41537729112116,11.0,50969.25390625
41,13,0.0,4020.0,8955.413005594844,23.351582956438943,20.0,50751.48828125
41,14,0.0,4020.0,9597.099581649316,24.886931682932634,16.0,50965.59375000001
41,15,0.0,4020.0,13912.853764882217,64.34182337538681,156.0,49067.48828125
41,16,0.0,4020.0,8480.515242418222,26.272316115210664,24.0,51111.5390625
41,17,630.0,5520.0,15495.725373568344,50.9878600333254,78.0,49452.95312500001
41,18,60.0,4020.0,9580.009917791107,25.590335634372764,17.0,50311.4765625
41,19,0.0,4020.0,9589.241935701211,42.118543203999046,88.0,49767.95312500001
41,20,30.0,4020.0,10018.831528457657,41.340157105451084,101.0,49529.859375
41,21,0.0,4020.0,9978.691090635744,28.01118781242561,33.0,50149.35156249999
41,22,0.0,4020.0,8982.212604142507,17.938586050940252,6.0,55708.3125
41,23,0.0,4020.0,8343.156953536338,27.87550583194477,43.0,50595.67968749999
41,24,0.0,5460.0,8746.849331694655,21.316353249226374,8.0,51542.03125
41,25,555.0,4020.0,10262.431856533789,38.22661271125922,43.0,49860.40625
41,26,495.0,4140.0,12419.080451494527,65.60580814091882,134.0,48968.69921875001
41,27,0.0,4020.0,9977.768006805818,27.80766484170435,32.0,50157.28515625
41,28,0.0,4020.0,9004.409088598135,28.475363008807427,56.0,50451.84375
41,29,15.0,4020.0,9760.935678790134,28.839562009045466,24.0,50280.4453125
41,30,0.0,4020.0,9646.755038073868,24.790526065222565,12.0,50953.84765625
41,31,450.0,4080.0,11406.922230657536,33.6491311592478,24.0,50170.65625
41,32,0.0,4020.0,8876.902730133508,17.788621756724588,16.0,55080.40234375001
41,33,0.0,4020.0,8332.824473215125,21.469888121875744,25.0,51155.25390625
41,34,0.0,4020.0,9345.301401019216,17.76719828612235,66.0,57625.92968750001
41,35,0.0,4020.0,8386.640173424927,24.908355153534878,33.0,51111.5625
41,36,585.0,4020.0,12659.114384249926,56.43656272316116,157.0,49015.96875
41,37,0.0,4020.0,7778.494544279365,17.86360390383242,9.0,51655.4765625
41,38,0.0,4020.0,10074.96924261903,39.554867888597954,94.0,49473.7734375
41,39,0.0,4020.0,9264.537122450034,42.147107831468695,92.0,49868.14453125
41,40,0.0,4020.0,9270.698372079692,30.549869078790763,54.0,50222.31249999999
41,41,600.0,4020.0,15390.463284434049,85.08688407522018,229.0,48774.015625
41,42,540.0,4080.0,11400.33622433111,34.873839562009046,35.0,50032.1171875
41,43,0.0,4020.0,8509.208189721498,26.947155439181145,43.0,51031.42578125
41,44,15.0,4020.0,9003.116306811273,47.29945251130683,131.0,50353.5703125
41,45,0.0,4020.0,8265.08083160055,29.2608902642228,64.0,51443.91015625
41,46,0.0,4020.0,9462.538769793926,26.607950487979053,34.0,50064.02734375
41,47,0.0,4020.0,9874.610552575956,31.51749583432516,51.0,49954.26171875
41,48,0.0,4020.0,9236.34453460265,37.01975720066651,96.0,50351.83984375001
41,49,0.0,4020.0,8988.09024769607,46.78528921685313,152.0,50271.92968749999
41,50,0.0,4020.0,9169.395408615652,41.111640085693885,97.0,50343.3359375
41,51,615.0,4020.0,11767.287114726343,56.54368007617234,167.0,49394.43359375001
41,52,0.0,4020.0,8897.953980774233,26.890026184241847,21.0,50479.12499999999
41,53,495.0,4140.0,12397.155043167237,65.75220185670078,134.0,49129.8515625
41,54,0.0,4020.0,9702.77855718125,27.829088312306595,28.0,50512.6875
41,55,0.0,4020.0,9212.645536217398,30.721256843608664,51.0,50488.8828125
41,56,0.0,4020.0,9784.843249012534,37.398238514639374,86.0,50073.19140624999
41,57,0.0,4020.0,9835.794318215329,28.95024994049036,44.0,50436.36328124999
41,58,0.0,4020.0,10017.920966503156,36.14853606284218,81.0,50079.12109375
41,59,0.0,4020.0,8984.78575397567,46.938824089502496,135.0,50563.25390624999
41,60,720.0,4080.0,15560.665195762685,59.87145917638658,105.0,49489.10546875
41,61,30.0,4020.0,9207.841039996947,20.741490121399668,9.0,52720.8125
41,62,0.0,4020.0,9689.566607594934,38.169483456319924,83.0,50316.46875
41,63,0.0,4020.0,8641.26796489949,21.237800523684836,11.0,52039.38671874999
41,64,0.0,4020.0,9285.182777219507,58.296834087122114,151.0,50395.140625
41,65,0.0,4020.0,13788.932268177068,64.7310164246608,155.0,49558.4140625
41,66,0.0,4020.0,13892.420046848853,61.24613187336349,172.0,49497.45703125
41,67,0.0,4020.0,7932.1389090364355,18.891930492739824,12.0,52420.4453125
41,68,0.0,4020.0,8204.55718891217,18.549154963104023,10.0,53040.89843749999
41,69,0.0,4020.0,8559.776076635224,35.22732682694596,77.0,50795.63281249999
41,70,180.0,4020.0,12297.26866750962,32.877886217567244,49.0,50139.54296875
41,71,0.0,4020.0,9097.469461369623,23.50868840752202,28.0,50997.37890624999
41,72,450.0,5520.0,15474.704213349469,66.91621042608902,148.0,49690.81640625
41,73,585.0,4020.0,11913.900969861188,50.912877886217565,126.0,49630.36328125
41,74,0.0,4020.0,9142.346829224494,18.327779100214233,71.0,57195.8125
41,75,0.0,4020.0,9443.784175419227,51.316353249226374,165.0,50037.984375
41,76,0.0,4020.0,9347.55607682103,42.0899785765294,108.0,50052.43359375
41,77,570.0,4080.0,11696.16258148267,35.759343013568206,25.0,50425.0078125
41,78,0.0,4020.0,8684.653556743195,27.90764103784813,32.0,51150.20703125
41,79,690.0,4020.0,16161.243085533024,81.02713639609617,195.0,49334.85156250001
41,80,660.0,4020.0,10867.577024618957,42.59700071411569,55.0,50061.23828125
41,81,0.0,4020.0,8645.605627637715,29.143061175910496,50.0,51135.515625
41,82,15.0,4020.0,9650.631801831125,26.15805760533206,19.0,51132.640625
41,83,0.0,4020.0,8335.380735937091,21.5020233277791,25.0,51184.2265625
41,84,675.0,4020.0,16227.759864808322,81.25565341585337,185.0,49211.05078125
41,85,15.0,4020.0,9024.39128505082,23.45512973101642,20.0,51631.99609374999
41,86,690.0,4020.0,16008.05659560741,78.14210902166151,182.0,49350.01953124999
41,87,0.0,4020.0,9749.221529576647,26.447274458462267,20.0,51341.70703125
41,88,765.0,4020.0,16383.1341671156,82.2946917400619,177.0,49329.76171875
41,89,0.0,4020.0,9323.87654142829,22.52320875981909,20.0,51786.89843749999
41,90,645.0,4020.0,11768.156319981248,45.68198048083789,85.0,49760.6015625
41,91,0.0,4020.0,9766.434863996732,26.32230421328255,20.0,51286.28125
41,92,0.0,4020.0,9557.302326924299,26.347298262318496,22.0,50786.484375
41,93,0.0,4020.0,10153.313954246732,41.55439181147346,96.0,49692.22656249999
41,94,0.0,4020.0,9407.9480306222,26.79719114496548,27.0,50948.7578125
41,95,600.0,4020.0,11424.838495944761,51.00571292549393,127.0,49587.421875
41,96,660.0,4140.0,16133.25253223117,75.02856462746965,228.0,49160.71484375
41,97,0.0,4020.0,9578.27707866241,25.833134967864794,19.0,51439.0859375
41,98,480.0,4140.0,12033.022267034466,60.48916924541776,114.0,49560.44140625
41,99,615.0,4020.0,11767.117327980304,56.340157105451084,166.0,49548.15234375
41,100,0.0,4020.0,8743.441782999067,44.33230183289693,140.0,50636.0078125
41,101,0.0,4020.0,10036.757659132592,28.37538681266365,33.0,50161.3984375
41,102,630.0,4020.0,15719.237934145665,85.79385860509403,211.0,49174.125
41,103,195.0,4020.0,14114.78943373972,67.45179719114496,164.0,49365.37890625
41,104,0.0,4020.0,8470.488031869649,18.899071649607237,12.0,52401.94921875
41,105,555.0,4020.0,10384.328166321735,39.658414663175435,50.0,50112.515625
41,106,0.0,4020.0,10269.98451393786,52.0733158771721,151.0,49664.28515625
41,107,585.0,4020.0,10865.648715332638,43.20399904784575,70.0,50066.11718749999
41,108,0.0,4020.0,8772.785613278149,28.843132587479168,52.0,50651.0859375
41,109,0.0,4020.0,8146.8088223257055,19.684598905022614,16.0,51820.3125
41,110,360.0,5520.0,11950.198551085843,31.842418471792428,37.0,50566.046875
41,111,120.0,4020.0,10091.810545927707,20.587955248750298,17.0,53154.44921875
41,112,0.0,4020.0,8197.11140910288,22.4160914068079,88.0,52061.34765625
41,113,0.0,4020.0,10121.850373801703,51.766246131873366,97.0,50107.03515625
41,114,120.0,4020.0,10199.297809932083,20.959295405855748,19.0,52967.23828125
41,115,0.0,4020.0,9338.896562943584,57.70768864556058,150.0,50489.10546875
41,116,0.0,4020.0,8605.537663333931,23.808616995953344,93.0,51846.22265625
41,117,0.0,5460.0,9233.306143235899,22.537491073553916,18.0,52947.53125
41,118,375.0,5520.0,12217.706523392379,33.756248512258985,45.0,50300.33984374999
41,119,120.0,4020.0,10277.421513900892,20.616519876219947,17.0,52118.828125
41,120,0.0,4020.0,8308.085489812964,23.255177338728874,35.0,52000.3515625
41,121,120.0,4020.0,10131.38701741827,20.873601523446798,18.0,52995.7734375
41,122,0.0,4020.0,8570.775633572375,23.922875505831946,27.0,51560.30859375
41,123,0.0,4020.0,8291.1493412128,22.273268269459653,33.0,52232.90625
41,124,555.0,5520.0,15266.007813337052,53.5586765055939,101.0,49947.0859375
41,125,165.0,4020.0,14189.31984760482,66.64841704356105,160.0,49619.26953125
42,0,0.0,4020.0,8991.087002526532,17.910021423470603,6.0,55792.6640625
42,1,0.0,4020.0,9185.424090866658,22.11259223994287,21.0,50916.234375
42,2,0.0,4080.0,8724.716196754216,23.70149964294216,19.0,51597.94140625
42,3,450.0,5520.0,15520.35062372186,66.18424184717924,142.0,49403.73828125
42,4,0.0,4020.0,9242.707586015415,30.317781480599855,47.0,50427.37890625
42,5,0.0,4080.0,10026.86098950393,22.562485122589855,8.0,55659.17187500001
42,6,600.0,4020.0,11294.998927747049,51.04141870983099,128.0,49421.41015625001
42,7,0.0,4020.0,10020.87157491739,28.796715067840985,37.0,50017.78125000001
42,8,0.0,4020.0,8782.910861671031,22.291121161628183,16.0,51027.09765625
42,9,0.0,4020.0,9347.512756004056,42.07212568436087,106.0,50029.6328125
42,10,15.0,4020.0,10155.35293768952,30.864079980956916,46.0,49714.15625
42,11,30.0,4020.0,9729.04248094774,25.41537729112116,11.0,50969.25390625
42,12,0.0,4020.0,8955.413005594844,23.351582956438943,20.0,50751.48828125
42,13,0.0,4020.0,9597.099581649316,24.886931682932634,16.0,50965.59375000001
42,14,0.0,4020.0,13912.853764882217,64.34182337538681,156.0,49067.48828125
42,15,0.0,4020.0,8480.515242418222,26.272316115210664,24.0,51111.5390625
42,16,630.0,5520.0,15495.725373568344,50.9878600333254,78.0,49452.95312500001
42,17,60.0,4020.0,9580.009917791107,25.590335634372764,17.0,50311.4765625
42,18,30.0,4020.0,10018.831528457657,41.340157105451084,101.0,49529.859375
42,19,0.0,4020.0,9978.691090635744,28.01118781242561,33.0,50149.35156249999
42,20,0.0,4020.0,8982.212604142507,17.938586050940252,6.0,55708.3125
42,21,0.0,4020.0,8343.156953536338,27.87550583194477,43.0,50595.67968749999
42,22,0.0,5460.0,8746.849331694655,21.316353249226374,8.0,51542.03125
42,23,555.0,4020.0,10262.431856533789,38.22661271125922,43.0,49860.40625
42,24,495.0,4140.0,12419.080451494527,65.60580814091882,134.0,48968.69921875001
42,25,0.0,4020.0,9977.768006805818,27.80766484170435,32.0,50157.28515625
42,26,0.0,4020.0,9004.409088598135,28.475363008807427,56.0,50451.84375
42,27,15.0,4020.0,9760.935678790134,28.839562009045466,24.0,50280.4453125
42,28,0.0,4020.0,9646.755038073868,24.790526065222565,12.0,50953.84765625
42,29,450.0,4080.0,11406.922230657536,33.6491311592478,24.0,50170.65625
42,30,0.0,4020.0,8876.902730133508,17.788621756724588,16.0,55080.40234375001
42,31,0.0,4020.0,9345.301401019216,17.76719828612235,66.0,57625.92968750001
42,32,585.0,4020.0,12659.114384249926,56.43656272316116,157.0,49015.96875
42,33,0.0,4020.0,7778.494544279365,17.86360390383242,9.0,51655.4765625
42,34,0.0,4020.0,10074.96924261903,39.554867888597954,94.0,49473.7734375
42,35,0.0,4020.0,9264.537122450034,42.147107831468695,92.0,49868.14453125
42,36,0.0,4020.0,9270.698372079692,30.549869078790763,54.0,50222.31249999999
42,37,600.0,4020.0,15390.463284434049,85.08688407522018,229.0,48774.015625
42,38,540.0,4080.0,11400.33622433111,34.873839562009046,35.0,50032.1171875
42,39,15.0,4020.0,9003.116306811273,47.29945251130683,131.0,50353.5703125
42,40,0.0,4020.0,9462.538769793926,26.607950487979053,34.0,50064.02734375
42,41,0.0,4020.0,9874.610552575956,31.51749583432516,51.0,49954.26171875
42,42,0.0,4020.0,8988.09024769607,46.78528921685313,152.0,50271.92968749999
42,43,615.0,4020.0,11767.287114726343,56.54368007617234,167.0,49394.43359375001
42,44,0.0,4020.0,8897.953980774233,26.890026184241847,21.0,50479.12499999999
42,45,495.0,4140.0,12397.155043167237,65.75220185670078,134.0,49129.8515625
42,46,0.0,4020.0,7900.371601969419,21.244941680552248,25.0,50772.84375
42,47,0.0,4020.0,10069.215428094241,29.028802666031893,38.0,50001.43359375001
42,48,660.0,4020.0,15597.376184658959,84.6941204475125,216.0,49005.66015625
42,49,0.0,4020.0,9953.631698566078,26.618662223280168,33.0,50335.6796875
42,50,0.0,4020.0,8664.733291301134,25.25470126160438,13.0,50676.4765625
42,51,0.0,4020.0,9523.478536202314,41.76505593906213,106.0,49695.37500000001
42,52,0.0,4020.0,9993.501799226971,28.129016900737916,32.0,50157.16015625
42,53,0.0,4020.0,10072.400483625519,56.283027850511786,120.0,49502.18750000001
42,54,0.0,4020.0,9053.301210892507,29.0859319209712,59.0,50321.55078125
42,55,0.0,4020.0,13550.48506369847,62.69578671744823,145.0,49330.04296875
42,56,645.0,4020.0,11741.572704239952,47.78862175672459,71.0,49550.4296875
42,57,585.0,4020.0,12453.880781286894,54.751249702451794,142.0,49087.3203125
42,58,0.0,4020.0,9532.550059275152,35.35586765055939,76.0,49599.96484375001
42,59,585.0,4020.0,11674.245694755231,41.84003808616996,86.0,49432.70703125
42,60,0.0,4020.0,9101.631402262945,47.48155201142585,139.0,49404.70703125
42,61,180.0,4020.0,12297.26866750962,32.877886217567244,49.0,50139.54296875
42,62,0.0,4020.0,8265.08083160055,29.2608902642228,64.0,51443.91015625
42,63,0.0,4020.0,8204.55718891217,18.549154963104023,10.0,53040.89843749999
42,64,0.0,4020.0,9097.469461369623,23.50868840752202,28.0,50997.37890624999
42,65,0.0,4020.0,8332.824473215125,21.469888121875744,25.0,51155.25390625
42,66,0.0,4020.0,8743.441782999067,44.33230183289693,140.0,50636.0078125
42,67,0.0,4020.0,8146.8088223257055,19.684598905022614,16.0,51820.3125
42,68,450.0,5520.0,15474.704213349469,66.91621042608902,148.0,49690.81640625
42,69,0.0,4020.0,8386.640173424927,24.908355153534878,33.0,51111.5625
42,70,0.0,4020.0,9142.346829224494,18.327779100214233,71.0,57195.8125
42,71,0.0,4020.0,13892.420046848853,61.24613187336349,172.0,49497.45703125
42,72,0.0,4020.0,8984.78575397567,46.938824089502496,135.0,50563.25390624999
42,73,0.0,4020.0,7932.1389090364355,18.891930492739824,12.0,52420.4453125
42,74,0.0,4020.0,8509.208189721498,26.947155439181145,43.0,51031.42578125
42,75,30.0,4020.0,9207.841039996947,20.741490121399668,9.0,52720.8125
42,76,0.0,4020.0,13788.932268177068,64.7310164246608,155.0,49558.4140625
42,77,0.0,4020.0,8559.776076635224,35.22732682694596,77.0,50795.63281249999
42,78,555.0,4020.0,10384.328166321735,39.658414663175435,50.0,50112.515625
42,79,0.0,4020.0,8684.653556743195,27.90764103784813,32.0,51150.20703125
42,80,660.0,4020.0,10867.577024618957,42.59700071411569,55.0,50061.23828125
42,81,0.0,4020.0,10036.757659132592,28.37538681266365,33.0,50161.3984375
42,82,0.0,4020.0,8620.076644962413,38.9550107117353,98.0,50736.97265624999
42,83,0.0,4020.0,8152.926345777811,25.297548202808855,34.0,51607.265625
42,84,0.0,4020.0,8641.26796489949,21.237800523684836,11.0,52039.38671874999
42,85,0.0,4020.0,8470.488031869649,18.899071649607237,12.0,52401.94921875
42,86,585.0,4020.0,10865.648715332638,43.20399904784575,70.0,50066.11718749999
42,87,0.0,4020.0,9557.302326924299,26.347298262318496,22.0,50786.484375
42,88,645.0,4020.0,11768.156319981248,45.68198048083789,85.0,49760.6015625
42,89,0.0,4020.0,9589.241935701211,42.118543203999046,88.0,49767.95312500001
42,90,0.0,4020.0,9578.27707866241,25.833134967864794,19.0,51439.0859375
42,91,0.0,4020.0,9443.784175419227,51.316353249226374,165.0,50037.984375
42,92,585.0,4020.0,11913.900969861188,50.912877886217565,126.0,49630.36328125
42,93,570.0,4080.0,11696.16258148267,35.759343013568206,25.0,50425.0078125
42,94,0.0,4020.0,9766.434863996732,26.32230421328255,20.0,51286.28125
42,95,15.0,4020.0,9650.631801831125,26.15805760533206,19.0,51132.640625
42,96,0.0,4020.0,9035.979989032607,25.551059271602,32.0,51096.0703125
42,97,0.0,4020.0,10269.98451393786,52.0733158771721,151.0,49664.28515625
42,98,675.0,4020.0,16227.759864808322,81.25565341585337,185.0,49211.05078125
42,99,0.0,4020.0,9236.34453460265,37.01975720066651,96.0,50351.83984375001
42,100,0.0,4020.0,10153.313954246732,41.55439181147346,96.0,49692.22656249999
42,101,0.0,4020.0,9749.221529576647,26.447274458462267,20.0,51341.70703125
42,102,585.0,4020.0,12180.254344681194,61.34610806950726,154.0,49417.16406250001
42,103,495.0,4140.0,12428.916555509353,66.47702927874316,137.0,49164.80859375
42,104,15.0,4020.0,9024.39128505082,23.45512973101642,20.0,51631.99609374999
42,105,0.0,4020.0,9843.726307376342,27.554153772911206,33.0,50543.83593749999
42,106,0.0,4020.0,9347.55607682103,42.0899785765294,108.0,50052.43359375
42,107,0.0,4020.0,9702.77855718125,27.829088312306595,28.0,50512.6875
42,108,630.0,4020.0,15719.237934145665,85.79385860509403,211.0,49174.125
42,109,0.0,4020.0,9323.87654142829,22.52320875981909,20.0,51786.89843749999
42,110,690.0,4020.0,16008.05659560741,78.14210902166151,182.0,49350.01953124999
42,111,0.0,4020.0,9835.794318215329,28.95024994049036,44.0,50436.36328124999
42,112,0.0,4020.0,9689.566607594934,38.169483456319924,83.0,50316.46875
42,113,480.0,4140.0,12033.022267034466,60.48916924541776,114.0,49560.44140625
42,114,765.0,4020.0,16295.245535464474,84.16210426089026,203.0,49184.6953125
42,115,0.0,4020.0,9407.9480306222,26.79719114496548,27.0,50948.7578125
42,116,570.0,4020.0,12094.382388637587,53.29088312306594,119.0,49566.40625
42,117,0.0,4020.0,9784.843249012534,37.398238514639374,86.0,50073.19140624999
42,118,0.0,4020.0,9212.645536217398,30.721256843608664,51.0,50488.8828125
42,119,690.0,4020.0,16161.243085533024,81.02713639609617,195.0,49334.85156250001
42,120,0.0,4020.0,9210.963943166913,27.050702213758626,40.0,50916.890625
42,121,615.0,4020.0,11767.117327980304,56.340157105451084,166.0,49548.15234375
42,122,195.0,4020.0,14114.78943373972,67.45179719114496,164.0,49365.37890625
42,123,0.0,4020.0,8819.685132465715,26.447274458462267,50.0,51001.3671875
42,124,660.0,4140.0,16016.047440664592,74.62151868602713,227.0,49027.74609375
42,125,0.0,4020.0,9169.395408615652,41.111640085693885,97.0,50343.3359375
43,0,0.0,4020.0,8991.087002526532,17.910021423470603,6.0,55792.6640625
43,1,0.0,4020.0,9185.424090866658,22.11259223994287,21.0,50916.234375
43,2,0.0,4080.0,8724.716196754216,23.70149964294216,19.0,51597.94140625
43,3,0.0,4080.0,10026.86098950393,22.562485122589855,8.0,55659.17187500001
43,4,0.0,4020.0,10020.87157491739,28.796715067840985,37.0,50017.78125000001
43,5,0.0,4020.0,8782.910861671031,22.291121161628183,16.0,51027.09765625
43,6,0.0,4020.0,9347.512756004056,42.07212568436087,106.0,50029.6328125
43,7,15.0,4020.0,10155.35293768952,30.864079980956916,46.0,49714.15625
43,8,0.0,4020.0,8955.413005594844,23.351582956438943,20.0,50751.48828125
43,9,0.0,4020.0,13912.853764882217,64.34182337538681,156.0,49067.48828125
43,10,0.0,4020.0,8480.515242418222,26.272316115210664,24.0,51111.5390625
43,11,60.0,4020.0,9580.009917791107,25.590335634372764,17.0,50311.4765625
43,12,0.0,4020.0,9978.691090635744,28.01118781242561,33.0,50149.35156249999
43,13,0.0,4020.0,8982.212604142507,17.938586050940252,6.0,55708.3125
43,14,0.0,4020.0,8343.156953536338,27.87550583194477,43.0,50595.67968749999
43,15,0.0,5460.0,8746.849331694655,21.316353249226374,8.0,51542.03125
43,16,555.0,4020.0,10262.431856533789,38.22661271125922,43.0,49860.40625
43,17,495.0,4140.0,12419.080451494527,65.60580814091882,134.0,48968.69921875001
43,18,0.0,4020.0,9977.768006805818,27.80766484170435,32.0,50157.28515625
43,19,0.0,4020.0,9004.409088598135,28.475363008807427,56.0,50451.84375
43,20,15.0,4020.0,9760.935678790134,28.839562009045466,24.0,50280.4453125
43,21,450.0,4080.0,11406.922230657536,33.6491311592478,24.0,50170.65625
43,22,0.0,4020.0,8876.902730133508,17.788621756724588,16.0,55080.40234375001
43,23,0.0,4020.0,9345.301401019216,17.76719828612235,66.0,57625.92968750001
43,24,585.0,4020.0,12659.114384249926,56.43656272316116,157.0,49015.96875
43,25,0.0,4020.0,7778.494544279365,17.86360390383242,9.0,51655.4765625
43,26,0.0,4020.0,9264.537122450034,42.147107831468695,92.0,49868.14453125
43,27,0.0,4020.0,9270.698372079692,30.549869078790763,54.0,50222.31249999999
43,28,600.0,4020.0,15390.463284434049,85.08688407522018,229.0,48774.015625
43,29,540.0,4080.0,11400.33622433111,34.873839562009046,35.0,50032.1171875
43,30,0.0,4020.0,9462.538769793926,26.607950487979053,34.0,50064.02734375
43,31,0.0,4020.0,9874.610552575956,31.51749583432516,51.0,49954.26171875
43,32,0.0,4020.0,8988.09024769607,46.78528921685313,152.0,50271.92968749999
43,33,0.0,4020.0,8897.953980774233,26.890026184241847,21.0,50479.12499999999
43,34,495.0,4140.0,12397.155043167237,65.75220185670078,134.0,49129.8515625
43,35,0.0,4020.0,7900.371601969419,21.244941680552248,25.0,50772.84375
43,36,0.0,4020.0,10069.215428094241,29.028802666031893,38.0,50001.43359375001
43,37,660.0,4020.0,15597.376184658959,84.6941204475125,216.0,49005.66015625
43,38,0.0,4020.0,9953.631698566078,26.618662223280168,33.0,50335.6796875
43,39,0.0,4020.0,8664.733291301134,25.25470126160438,13.0,50676.4765625
43,40,0.0,4020.0,9523.478536202314,41.76505593906213,106.0,49695.37500000001
43,41,0.0,4020.0,9993.501799226971,28.129016900737916,32.0,50157.16015625
43,42,585.0,4020.0,12453.880781286894,54.751249702451794,142.0,49087.3203125
43,43,0.0,4020.0,9532.550059275152,35.35586765055939,76.0,49599.96484375001
43,44,0.0,4020.0,9101.631402262945,47.48155201142585,139.0,49404.70703125
43,45,0.0,4020.0,9151.747559902029,39.10140442751726,87.0,50200.67578125
43,46,0.0,4020.0,10094.591224046511,27.67555343965722,31.0,50197.890625
43,47,0.0,4020.0,9530.903811727421,33.517019757200664,67.0,49945.48437500001
43,48,0.0,4020.0,9145.986116523902,40.52249464413235,99.0,50273.6484375
43,49,0.0,4020.0,9893.071866477232,23.997857652939775,18.0,50709.20703125
43,50,0.0,4020.0,9788.441550229894,38.3837181623423,69.0,49201.77734375
43,51,0.0,4020.0,8548.4176776274,23.619376338966912,27.0,50715.62500000001
43,52,0.0,4020.0,8634.652632559402,21.77695786717448,24.0,50998.125
43,53,0.0,4020.0,8340.653837626902,28.703880028564626,47.0,50312.33984375001
43,54,0.0,4020.0,8648.790825907154,26.432992144727443,26.0,50739.17187499999
43,55,0.0,4020.0,9501.035625189674,23.558676505593905,9.0,50781.0078125
43,56,585.0,4020.0,11674.245694755231,41.84003808616996,86.0,49432.70703125
43,57,180.0,4020.0,12297.26866750962,32.877886217567244,49.0,50139.54296875
43,58,630.0,5520.0,15495.725373568344,50.9878600333254,78.0,49452.95312500001
43,59,0.0,4020.0,10072.400483625519,56.283027850511786,120.0,49502.18750000001
43,60,30.0,4020.0,9729.04248094774,25.41537729112116,11.0,50969.25390625
43,61,0.0,4020.0,8265.08083160055,29.2608902642228,64.0,51443.91015625
43,62,0.0,4020.0,8960.84389661465,46.92097119733397,135.0,50640.796875
43,63,0.0,4020.0,8204.55718891217,18.549154963104023,10.0,53040.89843749999
43,64,0.0,4020.0,9646.755038073868,24.790526065222565,12.0,50953.84765625
43,65,0.0,4020.0,8146.8088223257055,19.684598905022614,16.0,51820.3125
43,66,0.0,4020.0,13550.48506369847,62.69578671744823,145.0,49330.04296875
43,67,0.0,4020.0,8326.033225261202,21.94834563199238,27.0,51341.3984375
43,68,0.0,4020.0,8743.441782999067,44.33230183289693,140.0,50636.0078125
43,69,0.0,4020.0,8386.640173424927,24.908355153534878,33.0,51111.5625
43,70,0.0,4020.0,7932.1389090364355,18.891930492739824,12.0,52420.4453125
43,71,0.0,4020.0,8152.926345777811,25.297548202808855,34.0,51607.265625
43,72,0.0,4020.0,9228.574625102992,22.890978338490836,23.0,51018.30468749999
43,73,0.0,4020.0,9142.346829224494,18.327779100214233,71.0,57195.8125
43,74,120.0,4020.0,12236.2092672801,53.18376577005475,104.0,49401.24609375
43,75,660.0,4020.0,10867.577024618957,42.59700071411569,55.0,50061.23828125
43,76,0.0,4020.0,8847.742267592464,43.54677457748155,117.0,50671.73828125001
43,77,0.0,4020.0,8332.824473215125,21.469888121875744,25.0,51155.25390625
43,78,0.0,4020.0,8684.653556743195,27.90764103784813,32.0,51150.20703125
43,79,0.0,4020.0,8984.78575397567,46.938824089502496,135.0,50563.25390624999
43,80,645.0,4020.0,11741.572704239952,47.78862175672459,71.0,49550.4296875
43,81,0.0,4020.0,8641.26796489949,21.237800523684836,11.0,52039.38671874999
43,82,0.0,4020.0,8509.208189721498,26.947155439181145,43.0,51031.42578125
43,83,0.0,4020.0,9097.469461369623,23.50868840752202,28.0,50997.37890624999
43,84,450.0,4080.0,11406.924800157234,33.6491311592478,24.0,50172.15234375
43,85,30.0,4020.0,9207.841039996947,20.741490121399668,9.0,52720.8125
43,86,15.0,4020.0,9003.116306811273,47.29945251130683,131.0,50353.5703125
43,87,645.0,4020.0,11768.156319981248,45.68198048083789,85.0,49760.6015625
43,88,615.0,4020.0,11767.287114726343,56.54368007617234,167.0,49394.43359375001
43,89,0.0,4020.0,8470.488031869649,18.899071649607237,12.0,52401.94921875
43,90,0.0,4020.0,8620.076644962413,38.9550107117353,98.0,50736.97265624999
43,91,30.0,4020.0,10018.831528457657,41.340157105451084,101.0,49529.859375
43,92,555.0,4020.0,10384.328166321735,39.658414663175435,50.0,50112.515625
43,93,0.0,4020.0,9392.183953679018,39.861937633896694,102.0,50208.62890625
43,94,0.0,4020.0,8706.45583167745,43.42180433230183,122.0,50696.8671875
43,95,600.0,4020.0,11294.998927747049,51.04141870983099,128.0,49421.41015625001
43,96,0.0,4020.0,10036.757659132592,28.37538681266365,33.0,50161.3984375
43,97,15.0,4020.0,9024.39128505082,23.45512973101642,20.0,51631.99609374999
43,98,0.0,4020.0,9557.302326924299,26.347298262318496,22.0,50786.484375
43,99,660.0,4140.0,16016.047440664592,74.62151868602713,227.0,49027.74609375
43,100,585.0,4020.0,10766.57907587773,44.003808616995954,74.0,50020.796875
43,101,0.0,4020.0,9589.241935701211,42.118543203999046,88.0,49767.95312500001
43,102,0.0,4020.0,8559.776076635224,35.22732682694596,77.0,50795.63281249999
43,103,0.0,4020.0,9323.87654142829,22.52320875981909,20.0,51786.89843749999
43,104,0.0,4020.0,10074.96924261903,39.554867888597954,94.0,49473.7734375
43,105,495.0,4140.0,12428.916555509353,66.47702927874316,137.0,49164.80859375
43,106,585.0,4020.0,10865.648715332638,43.20399904784575,70.0,50066.11718749999
43,107,0.0,4020.0,9597.099581649316,24.886931682932634,16.0,50965.59375000001
43,108,0.0,4020.0,9035.979989032607,25.551059271602,32.0,51096.0703125
43,109,660.0,4020.0,15457.675434883222,91.4282313734825,243.0,48972.54296875
43,110,0.0,4020.0,9578.27707866241,25.833134967864794,19.0,51439.0859375
43,111,0.0,4020.0,9443.784175419227,51.316353249226374,165.0,50037.984375
43,112,0.0,4020.0,9784.843249012534,37.398238514639374,86.0,50073.19140624999
43,113,630.0,4020.0,11971.61825696253,63.96334206141394,180.0,49370.328125
43,114,0.0,4020.0,9347.55607682103,42.0899785765294,108.0,50052.43359375
43,115,0.0,4020.0,9053.301210892507,29.0859319209712,59.0,50321.55078125
43,116,765.0,4020.0,16295.245535464474,84.16210426089026,203.0,49184.6953125
43,117,0.0,4020.0,9549.501627802623,28.964532254225183,40.0,50878.63671874999
43,118,585.0,4020.0,12180.254344681194,61.34610806950726,154.0,49417.16406250001
43,119,0.0,4020.0,10297.784724442561,37.537491073553916,81.0,50123.66015625
43,120,630.0,4020.0,15719.237934145665,85.79385860509403,211.0,49174.125
43,121,675.0,4020.0,16227.759864808322,81.25565341585337,185.0,49211.05078125
43,122,0.0,4020.0,9242.707586015415,30.317781480599855,47.0,50427.37890625
43,123,0.0,4020.0,9407.9480306222,26.79719114496548,27.0,50948.7578125
43,124,0.0,4020.0,9702.77855718125,27.829088312306595,28.0,50512.6875
43,125,0.0,4020.0,9835.794318215329,28.95024994049036,44.0,50436.36328124999
44,0,0.0,4020.0,8991.087002526532,17.910021423470603,6.0,55792.6640625
44,1,0.0,4020.0,9185.424090866658,22.11259223994287,21.0,50916.234375
44,2,0.0,4080.0,8724.716196754216,23.70149964294216,19.0,51597.94140625
44,3,0.0,4080.0,10026.86098950393,22.562485122589855,8.0,55659.17187500001
44,4,0.0,4020.0,8782.910861671031,22.291121161628183,16.0,51027.09765625
44,5,0.0,4020.0,9347.512756004056,42.07212568436087,106.0,50029.6328125
44,6,15.0,4020.0,10155.35293768952,30.864079980956916,46.0,49714.15625
44,7,0.0,4020.0,8955.413005594844,23.351582956438943,20.0,50751.48828125
44,8,0.0,4020.0,13912.853764882217,64.34182337538681,156.0,49067.48828125
44,9,0.0,4020.0,8480.515242418222,26.272316115210664,24.0,51111.5390625
44,10,60.0,4020.0,9580.009917791107,25.590335634372764,17.0,50311.4765625
44,11,0.0,4020.0,8982.212604142507,17.938586050940252,6.0,55708.3125
44,12,0.0,4020.0,8343.156953536338,27.87550583194477,43.0,50595.67968749999
44,13,0.0,5460.0,8746.849331694655,21.316353249226374,8.0,51542.03125
44,14,495.0,4140.0,12419.080451494527,65.60580814091882,134.0,48968.69921875001
44,15,15.0,4020.0,9760.935678790134,28.839562009045466,24.0,50280.4453125
44,16,450.0,4080.0,11406.922230657536,33.6491311592478,24.0,50170.65625
44,17,0.0,4020.0,8876.902730133508,17.788621756724588,16.0,55080.40234375001
44,18,0.0,4020.0,9345.301401019216,17.76719828612235,66.0,57625.92968750001
44,19,585.0,4020.0,12659.114384249926,56.43656272316116,157.0,49015.96875
44,20,0.0,4020.0,7778.494544279365,17.86360390383242,9.0,51655.4765625
44,21,0.0,4020.0,9264.537122450034,42.147107831468695,92.0,49868.14453125
44,22,0.0,4020.0,9270.698372079692,30.549869078790763,54.0,50222.31249999999
44,23,600.0,4020.0,15390.463284434049,85.08688407522018,229.0,48774.015625
44,24,0.0,4020.0,9462.538769793926,26.607950487979053,34.0,50064.02734375
44,25,0.0,4020.0,8988.09024769607,46.78528921685313,152.0,50271.92968749999
44,26,0.0,4020.0,8897.953980774233,26.890026184241847,21.0,50479.12499999999
44,27,495.0,4140.0,12397.155043167237,65.75220185670078,134.0,49129.8515625
44,28,0.0,4020.0,7900.371601969419,21.244941680552248,25.0,50772.84375
44,29,660.0,4020.0,15597.376184658959,84.6941204475125,216.0,49005.66015625
44,30,0.0,4020.0,8664.733291301134,25.25470126160438,13.0,50676.4765625
44,31,0.0,4020.0,9523.478536202314,41.76505593906213,106.0,49695.37500000001
44,32,585.0,4020.0,12453.880781286894,54.751249702451794,142.0,49087.3203125
44,33,0.0,4020.0,9532.550059275152,35.35586765055939,76.0,49599.96484375001
44,34,0.0,4020.0,9101.631402262945,47.48155201142585,139.0,49404.70703125
44,35,0.0,4020.0,9151.747559902029,39.10140442751726,87.0,50200.67578125
44,36,0.0,4020.0,9530.903811727421,33.517019757200664,67.0,49945.48437500001
44,37,0.0,4020.0,9145.986116523902,40.52249464413235,99.0,50273.6484375
44,38,0.0,4020.0,9893.071866477232,23.997857652939775,18.0,50709.20703125
44,39,0.0,4020.0,9788.441550229894,38.3837181623423,69.0,49201.77734375
44,40,0.0,4020.0,8548.4176776274,23.619376338966912,27.0,50715.62500000001
44,41,0.0,4020.0,8634.652632559402,21.77695786717448,24.0,50998.125
44,42,0.0,4020.0,8340.653837626902,28.703880028564626,47.0,50312.33984375001
44,43,0.0,4020.0,8648.790825907154,26.432992144727443,26.0,50739.17187499999
44,44,0.0,4020.0,9501.035625189674,23.558676505593905,9.0,50781.0078125
44,45,0.0,4020.0,8284.164316059843,27.279219233515825,47.0,50317.5625
44,46,165.0,4020.0,13127.667384485165,50.15591525827184,94.0,49157.09765625
44,47,600.0,4020.0,10719.50784427072,40.40823613425375,49.0,49419.8515625
44,48,0.0,4020.0,8301.010036679989,24.483456319923828,43.0,50617.06640624999
44,49,0.0,4020.0,9910.220443464139,25.090454653653893,27.0,50211.859375
44,50,0.0,4020.0,8537.602646894324,21.027136396096168,25.0,51307.3203125
44,51,0.0,4020.0,8709.553415524475,30.546298500357054,45.0,50350.04296875
44,52,0.0,4020.0,9716.193094048645,26.643656272316115,27.0,49853.69921875
44,53,0.0,4020.0,9248.178536346612,47.13877648179005,137.0,49627.75781249999
44,54,0.0,4020.0,8785.67810189124,27.072125684360863,25.0,50585.3984375
44,55,0.0,4020.0,9500.87736494865,58.54677457748155,154.0,49989.96875
44,56,585.0,4020.0,11674.245694755231,41.84003808616996,86.0,49432.70703125
44,57,630.0,5520.0,15495.725373568344,50.9878600333254,78.0,49452.95312500001
44,58,405.0,5520.0,12220.47718396017,46.18900261842418,114.0,49471.39453125
44,59,0.0,4020.0,8204.55718891217,18.549154963104023,10.0,53040.89843749999
44,60,0.0,4020.0,8743.441782999067,44.33230183289693,140.0,50636.0078125
44,61,0.0,4020.0,10072.400483625519,56.283027850511786,120.0,49502.18750000001
44,62,30.0,4020.0,9729.04248094774,25.41537729112116,11.0,50969.25390625
44,63,0.0,4020.0,9142.346829224494,18.327779100214233,71.0,57195.8125
44,64,0.0,4020.0,7932.1389090364355,18.891930492739824,12.0,52420.4453125
44,65,0.0,4020.0,8152.926345777811,25.297548202808855,34.0,51607.265625
44,66,0.0,4020.0,9646.755038073868,24.790526065222565,12.0,50953.84765625
44,67,450.0,4080.0,11406.924800157234,33.6491311592478,24.0,50172.15234375
44,68,0.0,4020.0,8847.742267592464,43.54677457748155,117.0,50671.73828125001
44,69,0.0,4020.0,13550.48506369847,62.69578671744823,145.0,49330.04296875
44,70,0.0,4020.0,8684.653556743195,27.90764103784813,32.0,51150.20703125
44,71,0.0,4020.0,8146.8088223257055,19.684598905022614,16.0,51820.3125
44,72,15.0,4020.0,9003.116306811273,47.29945251130683,131.0,50353.5703125
44,73,0.0,4020.0,8326.033225261202,21.94834563199238,27.0,51341.3984375
44,74,540.0,4080.0,11400.33622433111,34.873839562009046,35.0,50032.1171875
44,75,0.0,4020.0,9097.469461369623,23.50868840752202,28.0,50997.37890624999
44,76,0.0,4020.0,8641.26796489949,21.237800523684836,11.0,52039.38671874999
44,77,0.0,4020.0,8173.855724841971,26.16162818376577,40.0,51023.83203125001
44,78,645.0,4020.0,11741.572704239952,47.78862175672459,71.0,49550.4296875
44,79,0.0,4020.0,8706.45583167745,43.42180433230183,122.0,50696.8671875
44,80,120.0,4020.0,12236.2092672801,53.18376577005475,104.0,49401.24609375
44,81,0.0,4020.0,8332.824473215125,21.469888121875744,25.0,51155.25390625
44,82,30.0,4020.0,9207.739711756029,20.741490121399668,9.0,52720.84375
44,83,0.0,4020.0,8386.640173424927,24.908355153534878,33.0,51111.5625
44,84,0.0,4020.0,8960.84389661465,46.92097119733397,135.0,50640.796875
44,85,0.0,4020.0,9993.501799226971,28.129016900737916,32.0,50157.16015625
44,86,555.0,4020.0,10262.431856533789,38.22661271125922,43.0,49860.40625
44,87,0.0,4020.0,9228.574625102992,22.890978338490836,23.0,51018.30468749999
44,88,30.0,4020.0,9207.841039996947,20.741490121399668,9.0,52720.8125
44,89,0.0,4020.0,9557.302326924299,26.347298262318496,22.0,50786.484375
44,90,600.0,4020.0,11294.998927747049,51.04141870983099,128.0,49421.41015625001
44,91,0.0,4020.0,8984.78575397567,46.938824089502496,135.0,50563.25390624999
44,92,0.0,4020.0,10094.591224046511,27.67555343965722,31.0,50197.890625
44,93,0.0,4020.0,8998.216256836808,26.11878124256129,27.0,50814.96484375
44,94,0.0,4020.0,8620.076644962413,38.9550107117353,98.0,50736.97265624999
44,95,660.0,4020.0,15457.675434883222,91.4282313734825,243.0,48972.54296875
44,96,0.0,4020.0,8431.943385369917,20.86646036657939,19.0,51814.890625
44,97,0.0,4020.0,9347.55607682103,42.0899785765294,108.0,50052.43359375
44,98,0.0,4020.0,8470.488031869649,18.899071649607237,12.0,52401.94921875
44,99,0.0,4020.0,9597.099581649316,24.886931682932634,16.0,50965.59375000001
44,100,0.0,4020.0,8882.885995835368,31.574625089264458,54.0,50765.4375
44,101,0.0,4020.0,9977.768006805818,27.80766484170435,32.0,50157.28515625
44,102,675.0,4020.0,16227.759864808322,81.25565341585337,185.0,49211.05078125
44,103,0.0,4020.0,8559.776076635224,35.22732682694596,77.0,50795.63281249999
44,104,30.0,4020.0,10018.831528457657,41.340157105451084,101.0,49529.859375
44,105,0.0,4020.0,9578.27707866241,25.833134967864794,19.0,51439.0859375
44,106,495.0,4140.0,12428.916555509353,66.47702927874316,137.0,49164.80859375
44,107,0.0,4020.0,9443.784175419227,51.316353249226374,165.0,50037.984375
44,108,0.0,4020.0,8596.808238904345,34.60247560104737,75.0,51007.640625
44,109,0.0,4020.0,9981.693003385644,26.383004046655557,31.0,50524.41015625
44,110,615.0,4020.0,11767.287114726343,56.54368007617234,167.0,49394.43359375001
44,111,0.0,4020.0,9035.979989032607,25.551059271602,32.0,51096.0703125
44,112,0.0,4020.0,9978.691090635744,28.01118781242561,33.0,50149.35156249999
44,113,0.0,4020.0,9323.87654142829,22.52320875981909,20.0,51786.89843749999
44,114,0.0,4020.0,9392.183953679018,39.861937633896694,102.0,50208.62890625
44,115,15.0,4020.0,9024.39128505082,23.45512973101642,20.0,51631.99609374999
44,116,75.0,4020.0,10144.969607954361,40.98666984051417,81.0,49739.84765625
44,117,15.0,4020.0,9670.521775524936,32.581528207569626,43.0,50132.375
44,118,0.0,4020.0,10027.099853217107,46.9959533444418,133.0,49549.71484375
44,119,0.0,4020.0,9953.631698566078,26.618662223280168,33.0,50335.6796875
44,120,0.0,4020.0,9589.241935701211,42.118543203999046,88.0,49767.95312500001
44,121,585.0,4020.0,12180.254344681194,61.34610806950726,154.0,49417.16406250001
44,122,0.0,4020.0,10074.96924261903,39.554867888597954,94.0,49473.7734375
44,123,630.0,4020.0,11971.61825696253,63.96334206141394,180.0,49370.328125
44,124,0.0,4020.0,9874.610552575956,31.51749583432516,51.0,49954.26171875
44,125,765.0,4020.0,16295.245535464474,84.16210426089026,203.0,49184.6953125
45,0,0.0,4020.0,8991.087002526532,17.910021423470603,6.0,55792.6640625
45,1,0.0,4080.0,8724.716196754216,23.70149964294216,19.0,51597.94140625
45,2,0.0,4020.0,8782.910861671031,22.291121161628183,16.0,51027.09765625
45,3,15.0,4020.0,10155.35293768952,30.864079980956916,46.0,49714.15625
45,4,0.0,4020.0,8955.413005594844,23.351582956438943,20.0,50751.48828125
45,5,0.0,4020.0,13912.853764882217,64.34182337538681,156.0,49067.48828125
45,6,0.0,4020.0,8480.515242418222,26.272316115210664,24.0,51111.5390625
45,7,60.0,4020.0,9580.009917791107,25.590335634372764,17.0,50311.4765625
45,8,0.0,4020.0,8982.212604142507,17.938586050940252,6.0,55708.3125
45,9,0.0,4020.0,8343.156953536338,27.87550583194477,43.0,50595.67968749999
45,10,0.0,5460.0,8746.849331694655,21.316353249226374,8.0,51542.03125
45,11,495.0,4140.0,12419.080451494527,65.60580814091882,134.0,48968.69921875001
45,12,15.0,4020.0,9760.935678790134,28.839562009045466,24.0,50280.4453125
45,13,450.0,4080.0,11406.922230657536,33.6491311592478,24.0,50170.65625
45,14,0.0,4020.0,8876.902730133508,17.788621756724588,16.0,55080.40234375001
45,15,0.0,4020.0,9345.301401019216,17.76719828612235,66.0,57625.92968750001
45,16,585.0,4020.0,12659.114384249926,56.43656272316116,157.0,49015.96875
45,17,0.0,4020.0,7778.494544279365,17.86360390383242,9.0,51655.4765625
45,18,0.0,4020.0,9264.537122450034,42.147107831468695,92.0,49868.14453125
45,19,0.0,4020.0,9270.698372079692,30.549869078790763,54.0,50222.31249999999
45,20,600.0,4020.0,15390.463284434049,85.08688407522018,229.0,48774.015625
45,21,0.0,4020.0,9462.538769793926,26.607950487979053,34.0,50064.02734375
45,22,0.0,4020.0,8897.953980774233,26.890026184241847,21.0,50479.12499999999
45,23,495.0,4140.0,12397.155043167237,65.75220185670078,134.0,49129.8515625
45,24,0.0,4020.0,7900.371601969419,21.244941680552248,25.0,50772.84375
45,25,660.0,4020.0,15597.376184658959,84.6941204475125,216.0,49005.66015625
45,26,0.0,4020.0,8664.733291301134,25.25470126160438,13.0,50676.4765625
45,27,585.0,4020.0,12453.880781286894,54.751249702451794,142.0,49087.3203125
45,28,0.0,4020.0,9532.550059275152,35.35586765055939,76.0,49599.96484375001
45,29,0.0,4020.0,9101.631402262945,47.48155201142585,139.0,49404.70703125
45,30,0.0,4020.0,9151.747559902029,39.10140442751726,87.0,50200.67578125
45,31,0.0,4020.0,9145.986116523902,40.52249464413235,99.0,50273.6484375
45,32,0.0,4020.0,9788.441550229894,38.3837181623423,69.0,49201.77734375
45,33,0.0,4020.0,8548.4176776274,23.619376338966912,27.0,50715.62500000001
45,34,0.0,4020.0,8634.652632559402,21.77695786717448,24.0,50998.125
45,35,0.0,4020.0,8340.653837626902,28.703880028564626,47.0,50312.33984375001
45,36,0.0,4020.0,8648.790825907154,26.432992144727443,26.0,50739.17187499999
45,37,0.0,4020.0,8284.164316059843,27.279219233515825,47.0,50317.5625
45,38,165.0,4020.0,13127.667384485165,50.15591525827184,94.0,49157.09765625
45,39,600.0,4020.0,10719.50784427072,40.40823613425375,49.0,49419.8515625
45,40,0.0,4020.0,8301.010036679989,24.483456319923828,43.0,50617.06640624999
45,41,0.0,4020.0,9910.220443464139,25.090454653653893,27.0,50211.859375
45,42,0.0,4020.0,8537.602646894324,21.027136396096168,25.0,51307.3203125
45,43,0.0,4020.0,8709.553415524475,30.546298500357054,45.0,50350.04296875
45,44,0.0,4020.0,9716.193094048645,26.643656272316115,27.0,49853.69921875
45,45,0.0,4020.0,9248.178536346612,47.13877648179005,137.0,49627.75781249999
45,46,0.0,4020.0,8785.67810189124,27.072125684360863,25.0,50585.3984375
45,47,0.0,4020.0,8948.929607175218,45.51059271601999,139.0,49500.6875
45,48,615.0,4020.0,15342.70471046683,83.91573434896453,261.0,48953.63671875
45,49,0.0,4020.0,9271.636099032785,29.075220185670076,50.0,49619.05859375
45,50,705.0,4020.0,15103.938346637588,73.67174482266127,195.0,48722.9921875
45,51,600.0,4020.0,10945.00099378985,41.87217329207331,71.0,49140.20703125
45,52,0.0,4020.0,13920.003690972368,64.05260652225661,155.0,49046.984375
45,53,0.0,4020.0,9079.520835401672,22.09473934777434,8.0,50414.125
45,54,630.0,2640.0,11799.613883354526,58.98595572482742,152.0,50527.89453125
45,55,405.0,5520.0,12220.47718396017,46.18900261842418,114.0,49471.39453125
45,56,600.0,4020.0,11294.998927747049,51.04141870983099,128.0,49421.41015625001
45,57,0.0,4020.0,8405.493102855638,36.823375386812664,90.0,50673.80859374999
45,58,0.0,4020.0,9142.346829224494,18.327779100214233,71.0,57195.8125
45,59,0.0,4020.0,8988.09024769607,46.78528921685313,152.0,50271.92968749999
45,60,0.0,4020.0,8559.776076635224,35.22732682694596,77.0,50795.63281249999
45,61,0.0,4080.0,10026.86098950393,22.562485122589855,8.0,55659.17187500001
45,62,0.0,4020.0,8443.397932919817,33.863365865270175,88.0,50377.640625
45,63,0.0,4020.0,8173.855724841971,26.16162818376577,40.0,51023.83203125001
45,64,555.0,4020.0,10262.431856533789,38.22661271125922,43.0,49860.40625
45,65,30.0,4020.0,9207.841039996947,20.741490121399668,9.0,52720.8125
45,66,0.0,4020.0,8431.943385369917,20.86646036657939,19.0,51814.890625
45,67,0.0,4020.0,8433.566508698905,25.340395144013335,35.0,51111.21484375
45,68,0.0,4020.0,8332.824473215125,21.469888121875744,25.0,51155.25390625
45,69,585.0,4020.0,11674.245694755231,41.84003808616996,86.0,49432.70703125
45,70,540.0,4080.0,11400.33622433111,34.873839562009046,35.0,50032.1171875
45,71,0.0,4020.0,8855.35684133833,33.97762437514877,92.0,50336.23437500001
45,72,15.0,4020.0,9670.521775524936,32.581528207569626,43.0,50132.375
45,73,0.0,4020.0,8887.779913148472,31.317543442037618,57.0,50494.23828125
45,74,0.0,4020.0,8326.033225261202,21.94834563199238,27.0,51341.3984375
45,75,630.0,5520.0,15495.725373568344,50.9878600333254,78.0,49452.95312500001
45,76,0.0,4020.0,8524.162248652767,27.56486550821233,50.0,50796.24609375
45,77,30.0,4020.0,9207.739711756029,20.741490121399668,9.0,52720.84375
45,78,0.0,4020.0,9874.610552575956,31.51749583432516,51.0,49954.26171875
45,79,450.0,4080.0,11406.924800157234,33.6491311592478,24.0,50172.15234375
45,80,0.0,4020.0,8562.504903241172,25.022613663413473,34.0,51009.73828125
45,81,0.0,4020.0,8470.488031869649,18.899071649607237,12.0,52401.94921875
45,82,0.0,4020.0,8146.8088223257055,19.684598905022614,16.0,51820.3125
45,83,0.0,4020.0,8882.885995835368,31.574625089264458,54.0,50765.4375
45,84,570.0,4020.0,12099.320917400695,51.07355391573435,112.0,49419.86328125
45,85,0.0,4020.0,8572.800762001929,33.00642704118067,54.0,50482.75781249999
45,86,645.0,4020.0,11741.572704239952,47.78862175672459,71.0,49550.4296875
45,87,0.0,4020.0,8641.26796489949,21.237800523684836,11.0,52039.38671874999
45,88,660.0,4020.0,15457.675434883222,91.4282313734825,243.0,48972.54296875
45,89,585.0,4020.0,11806.846351368778,58.92882646988812,157.0,49330.93750000001
45,90,0.0,4020.0,9589.241935701211,42.118543203999046,88.0,49767.95312500001
45,91,0.0,4020.0,8684.653556743195,27.90764103784813,32.0,51150.20703125
45,92,0.0,4020.0,8204.55718891217,18.549154963104023,10.0,53040.89843749999
45,93,495.0,4140.0,12318.140816758922,64.87383956200904,127.0,49347.7109375
45,94,585.0,4020.0,12180.254344681194,61.34610806950726,154.0,49417.16406250001
45,95,0.0,4020.0,8663.061767462881,31.592477981432992,43.0,50761.36328125
45,96,0.0,4020.0,7932.1389090364355,18.891930492739824,12.0,52420.4453125
45,97,495.0,4140.0,12428.916555509353,66.47702927874316,137.0,49164.80859375
45,98,75.0,4020.0,10144.970037811116,40.98666984051417,81.0,49736.52734375
45,99,0.0,4020.0,9392.183953679018,39.861937633896694,102.0,50208.62890625
45,100,0.0,4020.0,8152.926345777811,25.297548202808855,34.0,51607.265625
45,101,675.0,4020.0,16227.759864808322,81.25565341585337,185.0,49211.05078125
45,102,615.0,4020.0,11767.287114726343,56.54368007617234,167.0,49394.43359375001
45,103,0.0,4020.0,8386.640173424927,24.908355153534878,33.0,51111.5625
45,104,75.0,4020.0,10144.969607954361,40.98666984051417,81.0,49739.84765625
45,105,0.0,4020.0,9035.979989032607,25.551059271602,32.0,51096.0703125
45,106,0.0,4020.0,9500.87736494865,58.54677457748155,154.0,49989.96875
45,107,765.0,4020.0,16295.245535464474,84.16210426089026,203.0,49184.6953125
45,108,0.0,4020.0,9433.271078094385,41.74006189002618,112.0,50208.26171875
45,109,0.0,4020.0,10094.591224046511,27.67555343965722,31.0,50197.890625
45,110,0.0,4020.0,9981.693003385644,26.383004046655557,31.0,50524.41015625
45,111,0.0,4020.0,9530.903811727421,33.517019757200664,67.0,49945.48437500001
45,112,0.0,4020.0,10027.099853217107,46.9959533444418,133.0,49549.71484375
45,113,0.0,4020.0,9893.071866477232,23.997857652939775,18.0,50709.20703125
45,114,0.0,4020.0,9501.035625189674,23.558676505593905,9.0,50781.0078125
45,115,30.0,4020.0,10018.831528457657,41.340157105451084,101.0,49529.859375
45,116,0.0,4020.0,9993.501799226971,28.129016900737916,32.0,50157.16015625
45,117,0.0,4020.0,9347.512756004056,42.07212568436087,106.0,50029.6328125
45,118,0.0,4020.0,10072.400483625519,56.283027850511786,120.0,49502.18750000001
45,119,0.0,4020.0,9978.691090635744,28.01118781242561,33.0,50149.35156249999
45,120,0.0,4020.0,13550.48506369847,62.69578671744823,145.0,49330.04296875
45,121,0.0,4020.0,8998.216256836808,26.11878124256129,27.0,50814.96484375
45,122,120.0,4020.0,12236.2092672801,53.18376577005475,104.0,49401.24609375
45,123,0.0,4020.0,9097.469461369623,23.50868840752202,28.0,50997.37890624999
45,124,0.0,4020.0,9523.478536202314,41.76505593906213,106.0,49695.37500000001
45,125,0.0,4020.0,9185.424090866658,22.11259223994287,21.0,50916.234375
46,0,0.0,4020.0,8991.087002526532,17.910021423470603,6.0,55792.6640625
46,1,0.0,4080.0,8724.716196754216,23.70149964294216,19.0,51597.94140625
46,2,0.0,4020.0,8782.910861671031,22.291121161628183,16.0,51027.09765625
46,3,15.0,4020.0,10155.35293768952,30.864079980956916,46.0,49714.15625
46,4,0.0,4020.0,8480.515242418222,26.272316115210664,24.0,51111.5390625
46,5,60.0,4020.0,9580.009917791107,25.590335634372764,17.0,50311.4765625
46,6,0.0,4020.0,8982.212604142507,17.938586050940252,6.0,55708.3125
46,7,0.0,4020.0,8343.156953536338,27.87550583194477,43.0,50595.67968749999
46,8,0.0,5460.0,8746.849331694655,21.316353249226374,8.0,51542.03125
46,9,15.0,4020.0,9760.935678790134,28.839562009045466,24.0,50280.4453125
46,10,450.0,4080.0,11406.922230657536,33.6491311592478,24.0,50170.65625
46,11,0.0,4020.0,8876.902730133508,17.788621756724588,16.0,55080.40234375001
46,12,0.0,4020.0,9345.301401019216,17.76719828612235,66.0,57625.92968750001
46,13,0.0,4020.0,7778.494544279365,17.86360390383242,9.0,51655.4765625
46,14,0.0,4020.0,9264.537122450034,42.147107831468695,92.0,49868.14453125
46,15,0.0,4020.0,9270.698372079692,30.549869078790763,54.0,50222.31249999999
46,16,0.0,4020.0,9462.538769793926,26.607950487979053,34.0,50064.02734375
46,17,0.0,4020.0,8897.953980774233,26.890026184241847,21.0,50479.12499999999
46,18,0.0,4020.0,7900.371601969419,21.244941680552248,25.0,50772.84375
46,19,0.0,4020.0,8664.733291301134,25.25470126160438,13.0,50676.4765625
46,20,0.0,4020.0,9532.550059275152,35.35586765055939,76.0,49599.96484375001
46,21,0.0,4020.0,9101.631402262945,47.48155201142585,139.0,49404.70703125
46,22,0.0,4020.0,9151.747559902029,39.10140442751726,87.0,50200.67578125
46,23,0.0,4020.0,9145.986116523902,40.52249464413235,99.0,50273.6484375
46,24,0.0,4020.0,9788.441550229894,38.3837181623423,69.0,49201.77734375
46,25,0.0,4020.0,8548.4176776274,23.619376338966912,27.0,50715.62500000001
46,26,0.0,4020.0,8634.652632559402,21.77695786717448,24.0,50998.125
46,27,0.0,4020.0,8340.653837626902,28.703880028564626,47.0,50312.33984375001
46,28,0.0,4020.0,8648.790825907154,26.432992144727443,26.0,50739.17187499999
46,29,0.0,4020.0,8284.164316059843,27.279219233515825,47.0,50317.5625
46,30,165.0,4020.0,13127.667384485165,50.15591525827184,94.0,49157.09765625
46,31,600.0,4020.0,10719.50784427072,40.40823613425375,49.0,49419.8515625
46,32,0.0,4020.0,8301.010036679989,24.483456319923828,43.0,50617.06640624999
46,33,0.0,4020.0,9910.220443464139,25.090454653653893,27.0,50211.859375
46,34,0.0,4020.0,8537.602646894324,21.027136396096168,25.0,51307.3203125
46,35,0.0,4020.0,8709.553415524475,30.546298500357054,45.0,50350.04296875
46,36,0.0,4020.0,9716.193094048645,26.643656272316115,27.0,49853.69921875
46,37,0.0,4020.0,9248.178536346612,47.13877648179005,137.0,49627.75781249999
46,38,0.0,4020.0,8785.67810189124,27.072125684360863,25.0,50585.3984375
46,39,0.0,4020.0,8948.929607175218,45.51059271601999,139.0,49500.6875
46,40,0.0,4020.0,9271.636099032785,29.075220185670076,50.0,49619.05859375
46,41,705.0,4020.0,15103.938346637588,73.67174482266127,195.0,48722.9921875
46,42,600.0,4020.0,10945.00099378985,41.87217329207331,71.0,49140.20703125
46,43,0.0,4020.0,9079.520835401672,22.09473934777434,8.0,50414.125
46,44,630.0,2640.0,11799.613883354526,58.98595572482742,152.0,50527.89453125
46,45,0.0,4020.0,10060.340983329377,54.254939300166626,116.0,48788.9140625
46,46,0.0,4020.0,9198.98426964919,36.523446798381336,86.0,50140.67968750001
46,47,0.0,4020.0,8054.318353863629,35.02380385622472,95.0,50398.76953124999
46,48,675.0,2700.0,12240.108346698977,69.18709830992621,135.0,50835.984375
46,49,0.0,4020.0,9565.477624582352,44.8857414901214,113.0,49292.2578125
46,50,0.0,4020.0,9179.945896836216,45.42846941204475,138.0,49398.34765625001
46,51,585.0,4020.0,15384.200198005212,84.22637467269698,228.0,48680.42578125
46,52,0.0,4020.0,8892.60014806729,23.330159485836706,20.0,50716.03125
46,53,690.0,4020.0,15768.142672208876,73.07902880266603,158.0,47926.87109375
46,54,0.0,4020.0,8637.73395784725,25.465365389193046,41.0,50703.37890625
46,55,0.0,4020.0,9225.995920014015,37.78386098547965,97.0,49763.75781250001
46,56,570.0,4140.0,11317.27446561526,50.66650797429183,126.0,49467.97265625
46,57,405.0,5520.0,12220.47718396017,46.18900261842418,114.0,49471.39453125
46,58,630.0,5520.0,15495.725373568344,50.9878600333254,78.0,49452.95312500001
46,59,0.0,4020.0,9142.346829224494,18.327779100214233,71.0,57195.8125
46,60,600.0,4020.0,11294.998927747049,51.04141870983099,128.0,49421.41015625001
46,61,0.0,4080.0,10026.86098950393,22.562485122589855,8.0,55659.17187500001
46,62,450.0,4080.0,11406.924800157234,33.6491311592478,24.0,50172.15234375
46,63,540.0,4080.0,11400.33622433111,34.873839562009046,35.0,50032.1171875
46,64,585.0,4020.0,11674.245694755231,41.84003808616996,86.0,49432.70703125
46,65,555.0,4020.0,10262.431856533789,38.22661271125922,43.0,49860.40625
46,66,645.0,4020.0,11741.572704239952,47.78862175672459,71.0,49550.4296875
46,67,0.0,4020.0,8204.55718891217,18.549154963104023,10.0,53040.89843749999
46,68,0.0,4020.0,8988.09024769607,46.78528921685313,152.0,50271.92968749999
46,69,600.0,4020.0,11200.149421863738,42.71125922399429,76.0,49754.62890625
46,70,585.0,4020.0,11806.846351368778,58.92882646988812,157.0,49330.93750000001
46,71,0.0,4020.0,8471.298646613985,26.475839085931916,25.0,51112.65234375
46,72,30.0,4020.0,9207.841039996947,20.741490121399668,9.0,52720.8125
46,73,0.0,4020.0,9500.87736494865,58.54677457748155,154.0,49989.96875
46,74,75.0,4020.0,10947.471082061777,58.932397048321825,152.0,49460.40234375
46,75,0.0,4020.0,8433.566508698905,25.340395144013335,35.0,51111.21484375
46,76,0.0,4020.0,9336.569844174974,51.955486788859794,160.0,50187.0078125
46,77,525.0,4020.0,11450.90902851,48.56700785527256,104.0,49335.7109375
46,78,0.0,4020.0,8641.26796489949,21.237800523684836,11.0,52039.38671874999
46,79,495.0,4140.0,12415.008317392472,66.08783622946918,133.0,49271.92968750001
46,80,0.0,4020.0,8572.800762001929,33.00642704118067,54.0,50482.75781249999
46,81,75.0,4020.0,10144.970037811116,40.98666984051417,81.0,49736.52734375
46,82,0.0,4020.0,9347.512756004056,42.07212568436087,106.0,50029.6328125
46,83,585.0,4020.0,12659.114384249926,56.43656272316116,157.0,49015.96875
46,84,0.0,4020.0,9479.652093493783,34.463223042132825,69.0,50478.2109375
46,85,0.0,4020.0,13920.003690972368,64.05260652225661,155.0,49046.984375
46,86,0.0,4020.0,8326.033225261202,21.94834563199238,27.0,51341.3984375
46,87,0.0,4020.0,8663.061767462881,31.592477981432992,43.0,50761.36328125
46,88,0.0,4020.0,8562.504903241172,25.022613663413473,34.0,51009.73828125
46,89,495.0,4140.0,12318.140816758922,64.87383956200904,127.0,49347.7109375
46,90,0.0,4020.0,9392.183953679018,39.861937633896694,102.0,50208.62890625
46,91,120.0,4020.0,12236.2092672801,53.18376577005475,104.0,49401.24609375
46,92,0.0,4020.0,8173.855724841971,26.16162818376577,40.0,51023.83203125001
46,93,0.0,4020.0,8431.943385369917,20.86646036657939,19.0,51814.890625
46,94,600.0,4020.0,15390.463284434049,85.08688407522018,229.0,48774.015625
46,95,0.0,4020.0,8152.926345777811,25.297548202808855,34.0,51607.265625
46,96,0.0,4020.0,8887.779913148472,31.317543442037618,57.0,50494.23828125
46,97,0.0,4020.0,8631.017199216685,36.80552249464413,103.0,50346.9453125
46,98,0.0,4020.0,9530.903811727421,33.517019757200664,67.0,49945.48437500001
46,99,0.0,4020.0,7932.1389090364355,18.891930492739824,12.0,52420.4453125
46,100,75.0,4020.0,10144.969607954361,40.98666984051417,81.0,49739.84765625
46,101,0.0,4020.0,9066.188666354017,39.565579623899076,85.0,50461.14062499999
46,102,0.0,4020.0,8524.162248652767,27.56486550821233,50.0,50796.24609375
46,103,495.0,4140.0,12397.155043167237,65.75220185670078,134.0,49129.8515625
46,104,0.0,4020.0,8746.296843987624,28.489645322542252,48.0,50586.0390625
46,105,0.0,4020.0,9589.241935701211,42.118543203999046,88.0,49767.95312500001
46,106,30.0,4020.0,9207.739711756029,20.741490121399668,9.0,52720.84375
46,107,0.0,4020.0,8443.397932919817,33.863365865270175,88.0,50377.640625
46,108,495.0,4140.0,12419.080451494527,65.60580814091882,134.0,48968.69921875001
46,109,15.0,4020.0,10215.692227487118,30.710545108307542,46.0,49882.6875
46,110,0.0,4020.0,8386.640173424927,24.908355153534878,33.0,51111.5625
46,111,0.0,4020.0,8855.35684133833,33.97762437514877,92.0,50336.23437500001
46,112,0.0,4020.0,8955.413005594844,23.351582956438943,20.0,50751.48828125
46,113,0.0,4020.0,8470.488031869649,18.899071649607237,12.0,52401.94921875
46,114,585.0,4020.0,12453.880781286894,54.751249702451794,142.0,49087.3203125
46,115,0.0,4020.0,9523.478536202314,41.76505593906213,106.0,49695.37500000001
46,116,0.0,4020.0,10072.400483625519,56.283027850511786,120.0,49502.18750000001
46,117,0.0,4020.0,8332.824473215125,21.469888121875744,25.0,51155.25390625
46,118,60.0,4020.0,9155.505439707547,43.56819804808379,107.0,50277.75390625
46,119,585.0,4020.0,12460.420073243044,53.42299452511306,127.0,49263.37890625
46,120,0.0,4020.0,9993.501799226971,28.129016900737916,32.0,50157.16015625
46,121,0.0,4020.0,8146.8088223257055,19.684598905022614,16.0,51820.3125
46,122,15.0,4020.0,9544.913754965262,25.211854320399908,17.0,50496.09765625
46,123,30.0,4020.0,10018.831528457657,41.340157105451084,101.0,49529.859375
46,124,600.0,4020.0,12602.476756180251,59.835753392049504,150.0,48878.28515625
46,125,0.0,4020.0,8405.493102855638,36.823375386812664,90.0,50673.80859374999
47,0,0.0,4020.0,8991.087002526532,17.910021423470603,6.0,55792.6640625
47,1,0.0,4080.0,8724.716196754216,23.70149964294216,19.0,51597.94140625
47,2,0.0,4020.0,8782.910861671031,22.291121161628183,16.0,51027.09765625
47,3,0.0,4020.0,8480.515242418222,26.272316115210664,24.0,51111.5390625
47,4,60.0,4020.0,9580.009917791107,25.590335634372764,17.0,50311.4765625
47,5,0.0,4020.0,8982.212604142507,17.938586050940252,6.0,55708.3125
47,6,0.0,4020.0,8343.156953536338,27.87550583194477,43.0,50595.67968749999
47,7,0.0,5460.0,8746.849331694655,21.316353249226374,8.0,51542.03125
47,8,15.0,4020.0,9760.935678790134,28.839562009045466,24.0,50280.4453125
47,9,450.0,4080.0,11406.922230657536,33.6491311592478,24.0,50170.65625
47,10,0.0,4020.0,8876.902730133508,17.788621756724588,16.0,55080.40234375001
47,11,0.0,4020.0,9345.301401019216,17.76719828612235,66.0,57625.92968750001
47,12,0.0,4020.0,7778.494544279365,17.86360390383242,9.0,51655.4765625
47,13,0.0,4020.0,8897.953980774233,26.890026184241847,21.0,50479.12499999999
47,14,0.0,4020.0,7900.371601969419,21.244941680552248,25.0,50772.84375
47,15,0.0,4020.0,8664.733291301134,25.25470126160438,13.0,50676.4765625
47,16,0.0,4020.0,9101.631402262945,47.48155201142585,139.0,49404.70703125
47,17,0.0,4020.0,9788.441550229894,38.3837181623423,69.0,49201.77734375
47,18,0.0,4020.0,8634.652632559402,21.77695786717448,24.0,50998.125
47,19,0.0,4020.0,8340.653837626902,28.703880028564626,47.0,50312.33984375001
47,20,0.0,4020.0,8284.164316059843,27.279219233515825,47.0,50317.5625
47,21,165.0,4020.0,13127.667384485165,50.15591525827184,94.0,49157.09765625
47,22,600.0,4020.0,10719.50784427072,40.40823613425375,49.0,49419.8515625
47,23,0.0,4020.0,8301.010036679989,24.483456319923828,43.0,50617.06640624999
47,24,0.0,4020.0,9910.220443464139,25.090454653653893,27.0,50211.859375
47,25,0.0,4020.0,8537.602646894324,21.027136396096168,25.0,51307.3203125
47,26,0.0,4020.0,9716.193094048645,26.643656272316115,27.0,49853.69921875
47,27,0.0,4020.0,8785.67810189124,27.072125684360863,25.0,50585.3984375
47,28,0.0,4020.0,8948.929607175218,45.51059271601999,139.0,49500.6875
47,29,600.0,4020.0,10945.00099378985,41.87217329207331,71.0,49140.20703125
47,30,0.0,4020.0,9079.520835401672,22.09473934777434,8.0,50414.125
47,31,630.0,2640.0,11799.613883354526,58.98595572482742,152.0,50527.89453125
47,32,0.0,4020.0,10060.340983329377,54.254939300166626,116.0,48788.9140625
47,33,0.0,4020.0,8054.318353863629,35.02380385622472,95.0,50398.76953124999
47,34,675.0,2700.0,12240.108346698977,69.18709830992621,135.0,50835.984375
47,35,0.0,4020.0,9565.477624582352,44.8857414901214,113.0,49292.2578125
47,36,0.0,4020.0,9179.945896836216,45.42846941204475,138.0,49398.34765625001
47,37,0.0,4020.0,8892.60014806729,23.330159485836706,20.0,50716.03125
47,38,690.0,4020.0,15768.142672208876,73.07902880266603,158.0,47926.87109375
47,39,0.0,4020.0,9165.6876543705,27.23637229231135,41.0,49541.6953125
47,40,0.0,4020.0,7915.324227811037,21.416329445370152,26.0,50683.31249999999
47,41,0.0,4020.0,8468.181901959575,21.651987621994763,28.0,49956.98046875
47,42,0.0,4020.0,9307.78220348039,49.04546536538919,161.0,49161.05468750001
47,43,210.0,4020.0,13548.585314362263,70.06903118305165,168.0,48600.99609375
47,44,15.0,4020.0,10155.35293768952,30.864079980956916,46.0,49714.15625
47,45,0.0,4020.0,9264.537122450034,42.147107831468695,92.0,49868.14453125
47,46,0.0,4020.0,9532.550059275152,35.35586765055939,76.0,49599.96484375001
47,47,0.0,4020.0,8548.4176776274,23.619376338966912,27.0,50715.62500000001
47,48,0.0,4020.0,8648.790825907154,26.432992144727443,26.0,50739.17187499999
47,49,0.0,4020.0,9248.178536346612,47.13877648179005,137.0,49627.75781249999
47,50,0.0,4020.0,9271.636099032785,29.075220185670076,50.0,49619.05859375
47,51,705.0,4020.0,15103.938346637588,73.67174482266127,195.0,48722.9921875
47,52,585.0,4020.0,15384.200198005212,84.22637467269698,228.0,48680.42578125
47,53,0.0,4020.0,9225.995920014015,37.78386098547965,97.0,49763.75781250001
47,54,570.0,4140.0,11317.27446561526,50.66650797429183,126.0,49467.97265625
47,55,405.0,5520.0,12220.47718396017,46.18900261842418,114.0,49471.39453125
47,56,630.0,5520.0,15495.725373568344,50.9878600333254,78.0,49452.95312500001
47,57,0.0,4020.0,9142.346829224494,18.327779100214233,71.0,57195.8125
47,58,600.0,4020.0,11294.998927747049,51.04141870983099,128.0,49421.41015625001
47,59,0.0,4080.0,10026.86098950393,22.562485122589855,8.0,55659.17187500001
47,60,450.0,4080.0,11406.924800157234,33.6491311592478,24.0,50172.15234375
47,61,585.0,4020.0,11674.245694755231,41.84003808616996,86.0,49432.70703125
47,62,555.0,4020.0,10262.431856533789,38.22661271125922,43.0,49860.40625
47,63,645.0,4020.0,11741.572704239952,47.78862175672459,71.0,49550.4296875
47,64,0.0,4020.0,8204.55718891217,18.549154963104023,10.0,53040.89843749999
47,65,585.0,4020.0,11806.846351368778,58.92882646988812,157.0,49330.93750000001
47,66,0.0,4020.0,8471.298646613985,26.475839085931916,25.0,51112.65234375
47,67,30.0,4020.0,9207.841039996947,20.741490121399668,9.0,52720.8125
47,68,0.0,4020.0,8433.566508698905,25.340395144013335,35.0,51111.21484375
47,69,525.0,4020.0,11450.90902851,48.56700785527256,104.0,49335.7109375
47,70,0.0,4020.0,8641.26796489949,21.237800523684836,11.0,52039.38671874999
47,71,495.0,4140.0,12415.008317392472,66.08783622946918,133.0,49271.92968750001
47,72,585.0,4020.0,12659.114384249926,56.43656272316116,157.0,49015.96875
47,73,0.0,4020.0,13920.003690972368,64.05260652225661,155.0,49046.984375
47,74,0.0,4020.0,8326.033225261202,21.94834563199238,27.0,51341.3984375
47,75,495.0,4140.0,12318.140816758922,64.87383956200904,127.0,49347.7109375
47,76,120.0,4020.0,12236.2092672801,53.18376577005475,104.0,49401.24609375
47,77,0.0,4020.0,8173.855724841971,26.16162818376577,40.0,51023.83203125001
47,78,0.0,4020.0,8152.926345777811,25.297548202808855,34.0,51607.265625
47,79,0.0,4020.0,7932.1389090364355,18.891930492739824,12.0,52420.4453125
47,80,495.0,4140.0,12397.155043167237,65.75220185670078,134.0,49129.8515625
47,81,30.0,4020.0,9207.739711756029,20.741490121399668,9.0,52720.84375
47,82,0.0,4020.0,8443.397932919817,33.863365865270175,88.0,50377.640625
47,83,495.0,4140.0,12419.080451494527,65.60580814091882,134.0,48968.69921875001
47,84,15.0,4020.0,10215.692227487118,30.710545108307542,46.0,49882.6875
47,85,0.0,4020.0,8386.640173424927,24.908355153534878,33.0,51111.5625
47,86,0.0,4020.0,8955.413005594844,23.351582956438943,20.0,50751.48828125
47,87,0.0,4020.0,8470.488031869649,18.899071649607237,12.0,52401.94921875
47,88,585.0,4020.0,12453.880781286894,54.751249702451794,142.0,49087.3203125
47,89,0.0,4020.0,10072.400483625519,56.283027850511786,120.0,49502.18750000001
47,90,0.0,4020.0,8332.824473215125,21.469888121875744,25.0,51155.25390625
47,91,585.0,4020.0,12460.420073243044,53.42299452511306,127.0,49263.37890625
47,92,0.0,4020.0,8146.8088223257055,19.684598905022614,16.0,51820.3125
47,93,15.0,4020.0,9544.913754965262,25.211854320399908,17.0,50496.09765625
47,94,30.0,4020.0,10018.831528457657,41.340157105451084,101.0,49529.859375
47,95,600.0,4020.0,12602.476756180251,59.835753392049504,150.0,48878.28515625
47,96,0.0,4020.0,8284.65280974552,27.36848369435848,47.0,50407.26171875
47,97,0.0,4020.0,9195.945787946097,42.63984765532016,102.0,49700.37890625
47,98,0.0,4020.0,8495.074220144023,23.033801475839084,34.0,51052.59765625
47,99,0.0,4020.0,8322.453823722355,21.066412758866935,15.0,52129.98828124999
47,100,0.0,4020.0,8151.394007757398,25.31897167341109,38.0,51048.28906250001
47,101,0.0,4020.0,8655.535320150519,21.648417043561057,13.0,51996.43359374999
47,102,0.0,4020.0,9835.710039380745,40.40823613425375,110.0,49584.9296875
47,103,495.0,4140.0,12382.40775191522,66.02713639609617,136.0,49097.31640625001
47,104,0.0,4020.0,9170.543050211694,48.388478933587244,145.0,49807.3046875
47,105,0.0,4020.0,9417.553665347612,18.231373482504164,68.0,57748.17578124999
47,106,765.0,4020.0,15145.49383057031,61.571054510830756,104.0,49293.859375
47,107,600.0,4020.0,11582.37183179679,56.80076172339919,164.0,49059.20703125
47,108,15.0,4020.0,9347.480005794292,25.936681742442275,20.0,50586.80859375
47,109,615.0,4020.0,12216.71611598297,77.6279457272078,187.0,48866.23828124999
47,110,0.0,4020.0,8611.6065441762,24.319209711973343,29.0,50018.7578125
47,111,75.0,4020.0,10542.998617281493,53.373006427041176,88.0,49458.91015625
47,112,0.0,4020.0,8146.736972395873,19.85241609140681,17.0,51742.71875000001
47,113,600.0,4080.0,12138.293285289707,53.847893358724114,128.0,49261.3984375
47,114,150.0,4020.0,10526.72686317267,23.101642466079504,25.0,50686.40625
47,115,420.0,5520.0,16053.423546414884,62.67079266841228,159.0,48910.66796875
47,116,540.0,4080.0,11400.33622433111,34.873839562009046,35.0,50032.1171875
47,117,0.0,5460.0,8569.4504416056,25.761723399190664,45.0,50885.5546875
47,118,0.0,4020.0,8405.493102855638,36.823375386812664,90.0,50673.80859374999
47,119,0.0,4020.0,8572.800762001929,33.00642704118067,54.0,50482.75781249999
47,120,600.0,4020.0,11873.734320466094,46.335396334206145,84.0,49617.94140625
47,121,600.0,4020.0,11200.149421863738,42.71125922399429,76.0,49754.62890625
47,122,645.0,4020.0,11215.238291352984,42.96834087122114,55.0,49857.55078125
47,123,0.0,4020.0,8631.017199216685,36.80552249464413,103.0,50346.9453125
47,124,0.0,4020.0,8925.654624306477,27.54344203761009,30.0,50962.59765625
47,125,0.0,4020.0,9151.747559902029,39.10140442751726,87.0,50200.67578125
48,0,0.0,4020.0,8991.087002526532,17.910021423470603,6.0,55792.6640625
48,1,0.0,4080.0,8724.716196754216,23.70149964294216,19.0,51597.94140625
48,2,0.0,4020.0,8782.910861671031,22.291121161628183,16.0,51027.09765625
48,3,0.0,4020.0,8480.515242418222,26.272316115210664,24.0,51111.5390625
48,4,60.0,4020.0,9580.009917791107,25.590335634372764,17.0,50311.4765625
48,5,0.0,4020.0,8982.212604142507,17.938586050940252,6.0,55708.3125
48,6,0.0,4020.0,8343.156953536338,27.87550583194477,43.0,50595.67968749999
48,7,0.0,5460.0,8746.849331694655,21.316353249226374,8.0,51542.03125
48,8,15.0,4020.0,9760.935678790134,28.839562009045466,24.0,50280.4453125
48,9,450.0,4080.0,11406.922230657536,33.6491311592478,24.0,50170.65625
48,10,0.0,4020.0,8876.902730133508,17.788621756724588,16.0,55080.40234375001
48,11,0.0,4020.0,9345.301401019216,17.76719828612235,66.0,57625.92968750001
48,12,0.0,4020.0,7778.494544279365,17.86360390383242,9.0,51655.4765625
48,13,0.0,4020.0,8897.953980774233,26.890026184241847,21.0,50479.12499999999
48,14,0.0,4020.0,7900.371601969419,21.244941680552248,25.0,50772.84375
48,15,0.0,4020.0,8664.733291301134,25.25470126160438,13.0,50676.4765625
48,16,0.0,4020.0,9101.631402262945,47.48155201142585,139.0,49404.70703125
48,17,0.0,4020.0,9788.441550229894,38.3837181623423,69.0,49201.77734375
48,18,0.0,4020.0,8634.652632559402,21.77695786717448,24.0,50998.125
48,19,0.0,4020.0,8340.653837626902,28.703880028564626,47.0,50312.33984375001
48,20,0.0,4020.0,8284.164316059843,27.279219233515825,47.0,50317.5625
48,21,165.0,4020.0,13127.667384485165,50.15591525827184,94.0,49157.09765625
48,22,600.0,4020.0,10719.50784427072,40.40823613425375,49.0,49419.8515625
48,23,0.0,4020.0,8301.010036679989,24.483456319923828,43.0,50617.06640624999
48,24,0.0,4020.0,9910.220443464139,25.090454653653893,27.0,50211.859375
48,25,0.0,4020.0,8537.602646894324,21.027136396096168,25.0,51307.3203125
48,26,0.0,4020.0,9716.193094048645,26.643656272316115,27.0,49853.69921875
48,27,0.0,4020.0,8785.67810189124,27.072125684360863,25.0,50585.3984375
48,28,0.0,4020.0,8948.929607175218,45.51059271601999,139.0,49500.6875
48,29,600.0,4020.0,10945.00099378985,41.87217329207331,71.0,49140.20703125
48,30,0.0,4020.0,9079.520835401672,22.09473934777434,8.0,50414.125
48,31,630.0,2640.0,11799.613883354526,58.98595572482742,152.0,50527.89453125
48,32,0.0,4020.0,10060.340983329377,54.254939300166626,116.0,48788.9140625
48,33,0.0,4020.0,8054.318353863629,35.02380385622472,95.0,50398.76953124999
48,34,675.0,2700.0,12240.108346698977,69.18709830992621,135.0,50835.984375
48,35,0.0,4020.0,9565.477624582352,44.8857414901214,113.0,49292.2578125
48,36,0.0,4020.0,9179.945896836216,45.42846941204475,138.0,49398.34765625001
48,37,0.0,4020.0,8892.60014806729,23.330159485836706,20.0,50716.03125
48,38,690.0,4020.0,15768.142672208876,73.07902880266603,158.0,47926.87109375
48,39,0.0,4020.0,9165.6876543705,27.23637229231135,41.0,49541.6953125
48,40,0.0,4020.0,7915.324227811037,21.416329445370152,26.0,50683.31249999999
48,41,0.0,4020.0,8468.181901959575,21.651987621994763,28.0,49956.98046875
48,42,0.0,4020.0,9307.78220348039,49.04546536538919,161.0,49161.05468750001
48,43,210.0,4020.0,13548.585314362263,70.06903118305165,168.0,48600.99609375
48,44,0.0,4020.0,9409.028142028103,48.317067364913115,150.0,49142.09375
48,45,765.0,4020.0,15037.847485399601,63.35634372768388,115.0,49083.85937500001
48,46,15.0,4020.0,9404.6137979897,39.17281599619138,110.0,49513.5
48,47,0.0,4020.0,8391.809344369085,25.11187812425613,32.0,50564.26953125
48,48,0.0,4020.0,9654.770021489065,27.67555343965722,20.0,50377.29296874999
48,49,0.0,4020.0,8356.852829874395,28.1183051654368,46.0,50293.4375
48,50,0.0,4020.0,9167.62703765128,27.846941204475122,44.0,49532.40625
48,51,720.0,2700.0,12004.04263524328,68.30159485836705,134.0,50622.84375
48,52,0.0,4020.0,8654.282450016522,22.36967388716972,27.0,50553.33984374999
48,53,585.0,4020.0,11674.245694755231,41.84003808616996,86.0,49432.70703125
48,54,150.0,4020.0,10526.72686317267,23.101642466079504,25.0,50686.40625
48,55,405.0,5520.0,12220.47718396017,46.18900261842418,114.0,49471.39453125
48,56,0.0,4020.0,9417.553665347612,18.231373482504164,68.0,57748.17578124999
48,57,0.0,4080.0,10026.86098950393,22.562485122589855,8.0,55659.17187500001
48,58,0.0,4020.0,9264.537122450034,42.147107831468695,92.0,49868.14453125
48,59,525.0,4020.0,11450.90902851,48.56700785527256,104.0,49335.7109375
48,60,0.0,4020.0,9271.636099032785,29.075220185670076,50.0,49619.05859375
48,61,600.0,4020.0,11294.998927747049,51.04141870983099,128.0,49421.41015625001
48,62,630.0,5520.0,15495.725373568344,50.9878600333254,78.0,49452.95312500001
48,63,0.0,4020.0,9142.346829224494,18.327779100214233,71.0,57195.8125
48,64,570.0,4140.0,11317.27446561526,50.66650797429183,126.0,49467.97265625
48,65,450.0,4080.0,11406.924800157234,33.6491311592478,24.0,50172.15234375
48,66,0.0,4020.0,8648.790825907154,26.432992144727443,26.0,50739.17187499999
48,67,0.0,4020.0,13920.003690972368,64.05260652225661,155.0,49046.984375
48,68,0.0,4020.0,8146.736972395873,19.85241609140681,17.0,51742.71875000001
48,69,645.0,4020.0,11741.572704239952,47.78862175672459,71.0,49550.4296875
48,70,600.0,4020.0,11582.37183179679,56.80076172339919,164.0,49059.20703125
48,71,555.0,4020.0,10262.431856533789,38.22661271125922,43.0,49860.40625
48,72,585.0,4020.0,11810.13589825268,59.335872411330634,159.0,49310.80859375
48,73,0.0,4020.0,8471.298646613985,26.475839085931916,25.0,51112.65234375
48,74,0.0,4020.0,8655.535320150519,21.648417043561057,13.0,51996.43359374999
48,75,600.0,4020.0,11505.209873685253,57.93620566531778,146.0,49009.15234375
48,76,15.0,4020.0,10215.692227487118,30.710545108307542,46.0,49882.6875
48,77,30.0,4020.0,9207.739711756029,20.741490121399668,9.0,52720.84375
48,78,540.0,4020.0,12571.779061876401,78.60985479647702,197.0,49132.703125
48,79,120.0,4020.0,12236.2092672801,53.18376577005475,104.0,49401.24609375
48,80,0.0,4020.0,8146.8088223257055,19.684598905022614,16.0,51820.3125
48,81,585.0,4020.0,15384.200198005212,84.22637467269698,228.0,48680.42578125
48,82,285.0,5520.0,16197.91286083352,67.80885503451559,212.0,48865.66406250001
48,83,0.0,4020.0,9771.933467455674,65.29873839562009,180.0,49367.234375
48,84,15.0,4020.0,9544.913754965262,25.211854320399908,17.0,50496.09765625
48,85,585.0,4020.0,12659.114384249926,56.43656272316116,157.0,49015.96875
48,86,30.0,4020.0,10018.879274681698,41.340157105451084,101.0,49523.27734375
48,87,0.0,4020.0,7932.1389090364355,18.891930492739824,12.0,52420.4453125
48,88,0.0,4020.0,10000.615253846387,45.357057843370626,128.0,49520.0859375
48,89,585.0,4020.0,12460.420073243044,53.42299452511306,127.0,49263.37890625
48,90,0.0,4020.0,9248.178536346612,47.13877648179005,137.0,49627.75781249999
48,91,0.0,4020.0,8641.26796489949,21.237800523684836,11.0,52039.38671874999
48,92,15.0,4020.0,9126.279082213514,25.354677457748156,20.0,50418.31640625001
48,93,15.0,4020.0,10155.35293768952,30.864079980956916,46.0,49714.15625
48,94,615.0,4020.0,12216.71611598297,77.6279457272078,187.0,48866.23828124999
48,95,0.0,4020.0,8955.413005594844,23.351582956438943,20.0,50751.48828125
48,96,0.0,4020.0,9170.543050211694,48.388478933587244,145.0,49807.3046875
48,97,0.0,4020.0,9532.550059275152,35.35586765055939,76.0,49599.96484375001
48,98,0.0,4020.0,8470.488031869649,18.899071649607237,12.0,52401.94921875
48,99,0.0,4020.0,9195.945787946097,42.63984765532016,102.0,49700.37890625
48,100,600.0,4080.0,12138.293285289707,53.847893358724114,128.0,49261.3984375
48,101,75.0,4020.0,10542.998617281493,53.373006427041176,88.0,49458.91015625
48,102,0.0,4020.0,8151.394007757398,25.31897167341109,38.0,51048.28906250001
48,103,0.0,4020.0,8204.55718891217,18.549154963104023,10.0,53040.89843749999
48,104,0.0,4020.0,8433.566508698905,25.340395144013335,35.0,51111.21484375
48,105,0.0,4020.0,9225.995920014015,37.78386098547965,97.0,49763.75781250001
48,106,495.0,4140.0,12415.008317392472,66.08783622946918,133.0,49271.92968750001
48,107,30.0,4020.0,10018.831528457657,41.340157105451084,101.0,49529.859375
48,108,30.0,4020.0,9207.841039996947,20.741490121399668,9.0,52720.8125
48,109,0.0,4020.0,9139.089275796126,48.588431325874794,144.0,49575.2578125
48,110,600.0,4020.0,12602.476756180251,59.835753392049504,150.0,48878.28515625
48,111,0.0,4020.0,8098.931484234444,19.541775767674363,16.0,51934.90234375
48,112,420.0,5520.0,16053.423546414884,62.67079266841228,159.0,48910.66796875
48,113,0.0,4020.0,8548.4176776274,23.619376338966912,27.0,50715.62500000001
48,114,0.0,4020.0,8322.453823722355,21.066412758866935,15.0,52129.98828124999
48,115,0.0,4020.0,8332.824473215125,21.469888121875744,25.0,51155.25390625
48,116,0.0,4020.0,9835.710039380745,40.40823613425375,110.0,49584.9296875
48,117,585.0,4020.0,11806.846351368778,58.92882646988812,157.0,49330.93750000001
48,118,0.0,4020.0,9804.321506082819,39.019281123542015,94.0,49589.95703125
48,119,0.0,4020.0,8495.074220144023,23.033801475839084,34.0,51052.59765625
48,120,495.0,4140.0,12419.080451494527,65.60580814091882,134.0,48968.69921875001
48,121,495.0,4140.0,12382.40775191522,66.02713639609617,136.0,49097.31640625001
48,122,0.0,4020.0,10072.400483625519,56.283027850511786,120.0,49502.18750000001
48,123,0.0,4020.0,8297.968901985389,28.932397048321825,54.0,50350.90625000001
48,124,0.0,4020.0,8173.855724841971,26.16162818376577,40.0,51023.83203125001
48,125,495.0,4140.0,12397.155043167237,65.75220185670078,134.0,49129.8515625
49,0,0.0,4020.0,8991.087002526532,17.910021423470603,6.0,55792.6640625
49,1,0.0,4080.0,8724.716196754216,23.70149964294216,19.0,51597.94140625
49,2,0.0,4020.0,8782.910861671031,22.291121161628183,16.0,51027.09765625
49,3,60.0,4020.0,9580.009917791107,25.590335634372764,17.0,50311.4765625
49,4,0.0,4020.0,8982.212604142507,17.938586050940252,6.0,55708.3125
49,5,0.0,4020.0,8343.156953536338,27.87550583194477,43.0,50595.67968749999
49,6,0.0,5460.0,8746.849331694655,21.316353249226374,8.0,51542.03125
49,7,15.0,4020.0,9760.935678790134,28.839562009045466,24.0,50280.4453125
49,8,450.0,4080.0,11406.922230657536,33.6491311592478,24.0,50170.65625
49,9,0.0,4020.0,8876.902730133508,17.788621756724588,16.0,55080.40234375001
49,10,0.0,4020.0,9345.301401019216,17.76719828612235,66.0,57625.92968750001
49,11,0.0,4020.0,7778.494544279365,17.86360390383242,9.0,51655.4765625
49,12,0.0,4020.0,8897.953980774233,26.890026184241847,21.0,50479.12499999999
49,13,0.0,4020.0,7900.371601969419,21.244941680552248,25.0,50772.84375
49,14,0.0,4020.0,8664.733291301134,25.25470126160438,13.0,50676.4765625
49,15,0.0,4020.0,9101.631402262945,47.48155201142585,139.0,49404.70703125
49,16,0.0,4020.0,9788.441550229894,38.3837181623423,69.0,49201.77734375
49,17,0.0,4020.0,8634.652632559402,21.77695786717448,24.0,50998.125
49,18,0.0,4020.0,8340.653837626902,28.703880028564626,47.0,50312.33984375001
49,19,0.0,4020.0,8284.164316059843,27.279219233515825,47.0,50317.5625
49,20,600.0,4020.0,10719.50784427072,40.40823613425375,49.0,49419.8515625
49,21,0.0,4020.0,9910.220443464139,25.090454653653893,27.0,50211.859375
49,22,0.0,4020.0,8537.602646894324,21.027136396096168,25.0,51307.3203125
49,23,0.0,4020.0,9716.193094048645,26.643656272316115,27.0,49853.69921875
49,24,0.0,4020.0,8785.67810189124,27.072125684360863,25.0,50585.3984375
49,25,0.0,4020.0,8948.929607175218,45.51059271601999,139.0,49500.6875
49,26,600.0,4020.0,10945.00099378985,41.87217329207331,71.0,49140.20703125
49,27,0.0,4020.0,9079.520835401672,22.09473934777434,8.0,50414.125
49,28,630.0,2640.0,11799.613883354526,58.98595572482742,152.0,50527.89453125
49,29,0.0,4020.0,10060.340983329377,54.254939300166626,116.0,48788.9140625
49,30,0.0,4020.0,8054.318353863629,35.02380385622472,95.0,50398.76953124999
49,31,675.0,2700.0,12240.108346698977,69.18709830992621,135.0,50835.984375
49,32,0.0,4020.0,9565.477624582352,44.8857414901214,113.0,49292.2578125
49,33,0.0,4020.0,8892.60014806729,23.330159485836706,20.0,50716.03125
49,34,690.0,4020.0,15768.142672208876,73.07902880266603,158.0,47926.87109375
49,35,0.0,4020.0,9165.6876543705,27.23637229231135,41.0,49541.6953125
49,36,0.0,4020.0,7915.324227811037,21.416329445370152,26.0,50683.31249999999
49,37,0.0,4020.0,8468.181901959575,21.651987621994763,28.0,49956.98046875
49,38,210.0,4020.0,13548.585314362263,70.06903118305165,168.0,48600.99609375
49,39,0.0,4020.0,9409.028142028103,48.317067364913115,150.0,49142.09375
49,40,15.0,4020.0,9404.6137979897,39.17281599619138,110.0,49513.5
49,41,0.0,4020.0,8391.809344369085,25.11187812425613,32.0,50564.26953125
49,42,0.0,4020.0,9654.770021489065,27.67555343965722,20.0,50377.29296874999
49,43,0.0,4020.0,8356.852829874395,28.1183051654368,46.0,50293.4375
49,44,0.0,4020.0,9167.62703765128,27.846941204475122,44.0,49532.40625
49,45,720.0,2700.0,12004.04263524328,68.30159485836705,134.0,50622.84375
49,46,0.0,4020.0,8654.282450016522,22.36967388716972,27.0,50553.33984374999
49,47,0.0,4020.0,9235.848706974299,47.010235658176626,151.0,49095.48437499999
49,48,0.0,4020.0,13181.680748158677,66.62342299452511,170.0,48711.1015625
49,49,0.0,4020.0,8854.707239975673,28.918114734587,27.0,50178.61328125
49,50,690.0,4020.0,15697.270706368807,74.35372530349916,159.0,47786.30078125
49,51,60.0,4020.0,9630.097848565307,51.084265651035466,138.0,49151.30859375001
49,52,0.0,4020.0,9678.872289079074,28.857414901213993,25.0,50280.57421875
49,53,0.0,4020.0,9850.125825828873,39.17281599619138,73.0,49156.37109374999
49,54,0.0,4020.0,8804.200211998497,22.212568436086645,14.0,51086.453125
49,55,0.0,4020.0,7795.197961404234,22.19828612235182,24.0,50615.17578125
49,56,0.0,4020.0,9172.943833818012,45.224946441323496,137.0,49293.890625
49,57,705.0,4020.0,15386.041096081804,68.65865270173768,127.0,48660.69921875
49,58,585.0,4020.0,10877.19431537846,43.918114734587,83.0,48989.21875
49,59,630.0,4140.0,12061.414153969217,54.07641037848131,126.0,48930.6484375
49,60,15.0,4020.0,9767.306501772124,29.043084979766718,25.0,50260.92578125
49,61,0.0,4020.0,9508.657322370425,50.45584384670317,162.0,48982.43359375
49,62,660.0,4020.0,15472.253673223047,79.01690073791954,170.0,47773.96093749999
49,63,660.0,2700.0,11770.967461315016,71.09378719352534,146.0,51096.9296875
49,64,0.0,4020.0,8922.543083059125,39.54415615329683,91.0,49954.71484375
49,65,0.0,4020.0,8408.678016193986,25.011901928112355,30.0,50426.4296875
49,66,15.0,4020.0,10215.692227487118,30.710545108307542,46.0,49882.6875
49,67,150.0,4020.0,10526.72686317267,23.101642466079504,25.0,50686.40625
49,68,555.0,4020.0,10262.431856533789,38.22661271125922,43.0,49860.40625
49,69,585.0,4020.0,11674.245694755231,41.84003808616996,86.0,49432.70703125
49,70,0.0,4020.0,9417.553665347612,18.231373482504164,68.0,57748.17578124999
49,71,600.0,4020.0,11294.998927747049,51.04141870983099,128.0,49421.41015625001
49,72,630.0,5520.0,15495.725373568344,50.9878600333254,78.0,49452.95312500001
49,73,0.0,4080.0,10026.86098950393,22.562485122589855,8.0,55659.17187500001
49,74,405.0,5520.0,12220.47718396017,46.18900261842418,114.0,49471.39453125
49,75,0.0,4020.0,9142.346829224494,18.327779100214233,71.0,57195.8125
49,76,450.0,4080.0,11406.924800157234,33.6491311592478,24.0,50172.15234375
49,77,0.0,4020.0,8993.999987701241,34.01690073791954,80.0,50084.87890625
49,78,600.0,4020.0,11505.209873685253,57.93620566531778,146.0,49009.15234375
49,79,465.0,4080.0,10527.504952928819,34.231135443941916,36.0,50078.29687500001
49,80,600.0,4020.0,11582.37183179679,56.80076172339919,164.0,49059.20703125
49,81,600.0,4020.0,12072.997574491768,46.767436324684596,86.0,49198.74609375
49,82,0.0,4020.0,9264.537122450034,42.147107831468695,92.0,49868.14453125
49,83,0.0,4020.0,8480.515242418222,26.272316115210664,24.0,51111.5390625
49,84,0.0,4020.0,8322.453823722355,21.066412758866935,15.0,52129.98828124999
49,85,570.0,4140.0,11317.27446561526,50.66650797429183,126.0,49467.97265625
49,86,0.0,4020.0,8482.295114073526,45.61771006903118,92.0,49967.76953125
49,87,645.0,4020.0,11741.572704239952,47.78862175672459,71.0,49550.4296875
49,88,525.0,4020.0,11450.90902851,48.56700785527256,104.0,49335.7109375
49,89,0.0,4080.0,8666.534080558275,23.262318495596286,17.0,51660.578125
49,90,0.0,4020.0,13920.003690972368,64.05260652225661,155.0,49046.984375
49,91,0.0,4020.0,9225.995920014015,37.78386098547965,97.0,49763.75781250001
49,92,0.0,4020.0,8471.298646613985,26.475839085931916,25.0,51112.65234375
49,93,630.0,5520.0,15495.725373568344,50.9878600333254,78.0,49452.95312500001
49,94,0.0,4020.0,8648.790825907154,26.432992144727443,26.0,50739.17187499999
49,95,165.0,4020.0,13127.667384485165,50.15591525827184,94.0,49157.09765625
49,96,0.0,4020.0,8332.824473215125,21.469888121875744,25.0,51155.25390625
49,97,0.0,4020.0,8147.057747192773,19.684598905022614,16.0,51802.7578125
49,98,15.0,4020.0,10155.35293768952,30.864079980956916,46.0,49714.15625
49,99,15.0,4020.0,10156.89052611894,30.871221137824328,46.0,49694.78515624999
49,100,0.0,4020.0,8641.26796489949,21.237800523684836,11.0,52039.38671874999
49,101,585.0,4020.0,11806.846351368778,58.92882646988812,157.0,49330.93750000001
49,102,30.0,4020.0,9207.739711756029,20.741490121399668,9.0,52720.84375
49,103,0.0,4020.0,9532.550059275152,35.35586765055939,76.0,49599.96484375001
49,104,0.0,4020.0,9170.543050211694,48.388478933587244,145.0,49807.3046875
49,105,0.0,4020.0,9179.945896836216,45.42846941204475,138.0,49398.34765625001
49,106,0.0,4020.0,8204.55718891217,18.549154963104023,10.0,53040.89843749999
49,107,30.0,4020.0,10018.831528457657,41.340157105451084,101.0,49529.859375
49,108,585.0,4020.0,12463.606946075077,57.164960723637236,155.0,49153.203125
49,109,765.0,4020.0,15037.847485399601,63.35634372768388,115.0,49083.85937500001
49,110,15.0,4020.0,9544.913754965262,25.211854320399908,17.0,50496.09765625
49,111,60.0,4020.0,9499.370656248633,64.40252320875982,161.0,49126.06640625
49,112,30.0,4020.0,9207.841039996947,20.741490121399668,9.0,52720.8125
49,113,75.0,4020.0,10542.593094727406,53.373006427041176,88.0,49452.7265625
49,114,0.0,4020.0,9139.089275796126,48.588431325874794,144.0,49575.2578125
49,115,0.0,4020.0,8146.736972395873,19.85241609140681,17.0,51742.71875000001
49,116,15.0,4020.0,9126.279082213514,25.354677457748156,20.0,50418.31640625001
49,117,585.0,4020.0,15384.200198005212,84.22637467269698,228.0,48680.42578125
49,118,420.0,5520.0,16053.423546414884,62.67079266841228,159.0,48910.66796875
49,119,0.0,4020.0,8955.413005594844,23.351582956438943,20.0,50751.48828125
49,120,30.0,4020.0,10018.879274681698,41.340157105451084,101.0,49523.27734375
49,121,495.0,4140.0,12382.40775191522,66.02713639609617,136.0,49097.31640625001
49,122,0.0,4020.0,9307.78220348039,49.04546536538919,161.0,49161.05468750001
49,123,0.0,4020.0,8146.8088223257055,19.684598905022614,16.0,51820.3125
49,124,495.0,4140.0,12419.080451494527,65.60580814091882,134.0,48968.69921875001
49,125,0.0,4020.0,9195.945787946097,42.63984765532016,102.0,49700.37890625
50,0,0.0,4020.0,8991.087002526532,17.910021423470603,6.0,55792.6640625
50,1,0.0,4080.0,8724.716196754216,23.70149964294216,19.0,51597.94140625
50,2,0.0,4020.0,8782.910861671031,22.291121161628183,16.0,51027.09765625
50,3,60.0,4020.0,9580.009917791107,25.590335634372764,17.0,50311.4765625
50,4,0.0,4020.0,8982.212604142507,17.938586050940252,6.0,55708.3125
50,5,0.0,4020.0,8343.156953536338,27.87550583194477,43.0,50595.67968749999
50,6,0.0,5460.0,8746.849331694655,21.316353249226374,8.0,51542.03125
50,7,15.0,4020.0,9760.935678790134,28.839562009045466,24.0,50280.4453125
50,8,0.0,4020.0,8876.902730133508,17.788621756724588,16.0,55080.40234375001
50,9,0.0,4020.0,9345.301401019216,17.76719828612235,66.0,57625.92968750001
50,10,0.0,4020.0,7778.494544279365,17.86360390383242,9.0,51655.4765625
50,11,0.0,4020.0,8897.953980774233,26.890026184241847,21.0,50479.12499999999
50,12,0.0,4020.0,7900.371601969419,21.244941680552248,25.0,50772.84375
50,13,0.0,4020.0,8664.733291301134,25.25470126160438,13.0,50676.4765625
50,14,0.0,4020.0,9101.631402262945,47.48155201142585,139.0,49404.70703125
50,15,0.0,4020.0,9788.441550229894,38.3837181623423,69.0,49201.77734375
50,16,0.0,4020.0,8634.652632559402,21.77695786717448,24.0,50998.125
50,17,0.0,4020.0,8340.653837626902,28.703880028564626,47.0,50312.33984375001
50,18,0.0,4020.0,8284.164316059843,27.279219233515825,47.0,50317.5625
50,19,600.0,4020.0,10719.50784427072,40.40823613425375,49.0,49419.8515625
50,20,0.0,4020.0,8537.602646894324,21.027136396096168,25.0,51307.3203125
50,21,0.0,4020.0,9716.193094048645,26.643656272316115,27.0,49853.69921875
50,22,0.0,4020.0,8785.67810189124,27.072125684360863,25.0,50585.3984375
50,23,0.0,4020.0,8948.929607175218,45.51059271601999,139.0,49500.6875
50,24,600.0,4020.0,10945.00099378985,41.87217329207331,71.0,49140.20703125
50,25,0.0,4020.0,9079.520835401672,22.09473934777434,8.0,50414.125
50,26,0.0,4020.0,10060.340983329377,54.254939300166626,116.0,48788.9140625
50,27,0.0,4020.0,8054.318353863629,35.02380385622472,95.0,50398.76953124999
50,28,0.0,4020.0,8892.60014806729,23.330159485836706,20.0,50716.03125
50,29,690.0,4020.0,15768.142672208876,73.07902880266603,158.0,47926.87109375
50,30,0.0,4020.0,9165.6876543705,27.23637229231135,41.0,49541.6953125
50,31,0.0,4020.0,7915.324227811037,21.416329445370152,26.0,50683.31249999999
50,32,0.0,4020.0,8468.181901959575,21.651987621994763,28.0,49956.98046875
50,33,210.0,4020.0,13548.585314362263,70.06903118305165,168.0,48600.99609375
50,34,0.0,4020.0,9409.028142028103,48.317067364913115,150.0,49142.09375
50,35,0.0,4020.0,8391.809344369085,25.11187812425613,32.0,50564.26953125
50,36,0.0,4020.0,9654.770021489065,27.67555343965722,20.0,50377.29296874999
50,37,0.0,4020.0,8356.852829874395,28.1183051654368,46.0,50293.4375
50,38,0.0,4020.0,9167.62703765128,27.846941204475122,44.0,49532.40625
50,39,0.0,4020.0,8654.282450016522,22.36967388716972,27.0,50553.33984374999
50,40,0.0,4020.0,9235.848706974299,47.010235658176626,151.0,49095.48437499999
50,41,0.0,4020.0,13181.680748158677,66.62342299452511,170.0,48711.1015625
50,42,0.0,4020.0,8854.707239975673,28.918114734587,27.0,50178.61328125
50,43,690.0,4020.0,15697.270706368807,74.35372530349916,159.0,47786.30078125
50,44,60.0,4020.0,9630.097848565307,51.084265651035466,138.0,49151.30859375001
50,45,0.0,4020.0,9678.872289079074,28.857414901213993,25.0,50280.57421875
50,46,0.0,4020.0,9850.125825828873,39.17281599619138,73.0,49156.37109374999
50,47,0.0,4020.0,8804.200211998497,22.212568436086645,14.0,51086.453125
50,48,0.0,4020.0,7795.197961404234,22.19828612235182,24.0,50615.17578125
50,49,0.0,4020.0,9172.943833818012,45.224946441323496,137.0,49293.890625
50,50,705.0,4020.0,15386.041096081804,68.65865270173768,127.0,48660.69921875
50,51,585.0,4020.0,10877.19431537846,43.918114734587,83.0,48989.21875
50,52,630.0,4140.0,12061.414153969217,54.07641037848131,126.0,48930.6484375
50,53,15.0,4020.0,9767.306501772124,29.043084979766718,25.0,50260.92578125
50,54,0.0,4020.0,9508.657322370425,50.45584384670317,162.0,48982.43359375
50,55,660.0,4020.0,15472.253673223047,79.01690073791954,170.0,47773.96093749999
50,56,0.0,4020.0,8408.678016193986,25.011901928112355,30.0,50426.4296875
50,57,0.0,4020.0,9189.718113683812,34.870268983575336,79.0,49205.62890625
50,58,0.0,4020.0,8919.971747368196,21.85551059271602,12.0,50723.7421875
50,59,0.0,4020.0,8366.502417295702,25.322542251844798,34.0,50148.9375
50,60,0.0,4020.0,9888.416485775862,47.76719828612235,132.0,48872.13671875001
50,61,0.0,4020.0,8993.342815394117,32.078076648417046,60.0,49547.14453125
50,62,630.0,4020.0,10850.963759056642,43.58962151868603,54.0,49357.32421874999
50,63,0.0,4020.0,8418.05793430869,27.593430135681977,45.0,49893.6953125
50,64,0.0,4020.0,9777.790209029685,24.565579623899072,12.0,50141.73828125
50,65,330.0,5520.0,15680.35138720998,62.02094739347775,195.0,48680.63671874999
50,66,0.0,2640.0,8669.978365300061,34.00618900261843,57.0,49548.17187500001
50,67,210.0,4020.0,13585.092644389679,69.88336110449893,167.0,48457.28906250001
50,68,615.0,4020.0,14783.48275433567,68.23375386812664,170.0,48358.3515625
50,69,600.0,4080.0,11315.670463837876,37.837419661985244,54.0,49173.67578125
50,70,0.0,4020.0,10062.330689025763,30.73910973577719,40.0,49614.18749999999
50,71,585.0,4020.0,11674.245694755231,41.84003808616996,86.0,49432.70703125
50,72,15.0,4020.0,10215.692227487118,30.710545108307542,46.0,49882.6875
50,73,150.0,4020.0,10526.72686317267,23.101642466079504,25.0,50686.40625
50,74,0.0,4080.0,10026.86098950393,22.562485122589855,8.0,55659.17187500001
50,75,0.0,5460.0,8732.371389380536,21.441323494406095,10.0,52518.34375
50,76,0.0,4020.0,9142.346829224494,18.327779100214233,71.0,57195.8125
50,77,645.0,4020.0,11741.572704239952,47.78862175672459,71.0,49550.4296875
50,78,525.0,4020.0,11450.90902851,48.56700785527256,104.0,49335.7109375
50,79,0.0,4020.0,8482.295114073526,45.61771006903118,92.0,49967.76953125
50,80,465.0,4080.0,10527.504952928819,34.231135443941916,36.0,50078.29687500001
50,81,555.0,4020.0,10262.431856533789,38.22661271125922,43.0,49860.40625
50,82,630.0,4020.0,10935.153434175481,53.69078790764104,107.0,49430.66796875
50,83,0.0,4020.0,9417.553665347612,18.231373482504164,68.0,57748.17578124999
50,84,0.0,4020.0,8948.069449567567,36.54487026898358,93.0,49957.99609375
50,85,600.0,4020.0,11028.606686799925,42.50059509640562,74.0,49295.47265625
50,86,0.0,4020.0,8922.543083059125,39.54415615329683,91.0,49954.71484375
50,87,600.0,4020.0,11431.394400439629,58.73958581290169,150.0,48958.45703125
50,88,600.0,4020.0,12072.997574491768,46.767436324684596,86.0,49198.74609375
50,89,690.0,4020.0,11257.698357001242,53.373006427041176,124.0,49233.17578125
50,90,0.0,4020.0,9225.995920014015,37.78386098547965,97.0,49763.75781250001
50,91,0.0,4020.0,8471.298646613985,26.475839085931916,25.0,51112.65234375
50,92,0.0,4020.0,8993.999987701241,34.01690073791954,80.0,50084.87890625
50,93,0.0,4020.0,8480.515242418222,26.272316115210664,24.0,51111.5390625
50,94,525.0,4020.0,11479.92381303641,49.08474172815996,104.0,49330.83984375
50,95,450.0,4080.0,11406.922230657536,33.6491311592478,24.0,50170.65625
50,96,0.0,4020.0,8641.26796489949,21.237800523684836,11.0,52039.38671874999
50,97,585.0,4020.0,15384.200198005212,84.22637467269698,228.0,48680.42578125
50,98,0.0,4020.0,9264.537122450034,42.147107831468695,92.0,49868.14453125
50,99,0.0,4020.0,8648.790825907154,26.432992144727443,26.0,50739.17187499999
50,100,0.0,4020.0,8146.736972395873,19.85241609140681,17.0,51742.71875000001
50,101,645.0,4020.0,11713.524211266293,47.64222804094263,72.0,49266.8984375
50,102,660.0,2700.0,11602.155651219546,68.68721732920733,135.0,51528.33203125
50,103,0.0,4020.0,9307.78220348039,49.04546536538919,161.0,49161.05468750001
50,104,0.0,4020.0,8332.824473215125,21.469888121875744,25.0,51155.25390625
50,105,0.0,4020.0,9195.945787946097,42.63984765532016,102.0,49700.37890625
50,106,15.0,4020.0,9404.6137979897,39.17281599619138,110.0,49513.5
50,107,0.0,4020.0,8146.8088223257055,19.684598905022614,16.0,51820.3125
50,108,0.0,4020.0,9170.543050211694,48.388478933587244,145.0,49807.3046875
50,109,765.0,4020.0,15037.847485399601,63.35634372768388,115.0,49083.85937500001
50,110,0.0,4020.0,8204.55718891217,18.549154963104023,10.0,53040.89843749999
50,111,0.0,4020.0,9179.945896836216,45.42846941204475,138.0,49398.34765625001
50,112,15.0,4020.0,10155.35293768952,30.864079980956916,46.0,49714.15625
50,113,630.0,2640.0,11799.613883354526,58.98595572482742,152.0,50527.89453125
50,114,660.0,2700.0,11770.967461315016,71.09378719352534,146.0,51096.9296875
50,115,30.0,4020.0,9207.739711756029,20.741490121399668,9.0,52720.84375
50,116,420.0,5520.0,16053.423546414884,62.67079266841228,159.0,48910.66796875
50,117,60.0,4020.0,9499.370656248633,64.40252320875982,161.0,49126.06640625
50,118,0.0,4020.0,9139.089275796126,48.588431325874794,144.0,49575.2578125
50,119,15.0,4020.0,10156.89052611894,30.871221137824328,46.0,49694.78515624999
50,120,495.0,4140.0,12419.080451494527,65.60580814091882,134.0,48968.69921875001
50,121,0.0,4080.0,8666.534080558275,23.262318495596286,17.0,51660.578125
50,122,720.0,2700.0,12004.04263524328,68.30159485836705,134.0,50622.84375
50,123,0.0,4020.0,8884.112396428958,24.57629135920019,25.0,51154.30859375
50,124,0.0,4020.0,8147.057747192773,19.684598905022614,16.0,51802.7578125
50,125,30.0,4020.0,10018.879274681698,41.340157105451084,101.0,49523.27734375
51,0,0.0,4020.0,8991.087002526532,17.910021423470603,6.0,55792.6640625
51,1,0.0,4020.0,8782.910861671031,22.291121161628183,16.0,51027.09765625
51,2,60.0,4020.0,9580.009917791107,25.590335634372764,17.0,50311.4765625
51,3,0.0,4020.0,8982.212604142507,17.938586050940252,6.0,55708.3125
51,4,0.0,4020.0,8343.156953536338,27.87550583194477,43.0,50595.67968749999
51,5,0.0,5460.0,8746.849331694655,21.316353249226374,8.0,51542.03125
51,6,15.0,4020.0,9760.935678790134,28.839562009045466,24.0,50280.4453125
51,7,0.0,4020.0,8876.902730133508,17.788621756724588,16.0,55080.40234375001
51,8,0.0,4020.0,9345.301401019216,17.76719828612235,66.0,57625.92968750001
51,9,0.0,4020.0,7778.494544279365,17.86360390383242,9.0,51655.4765625
51,10,0.0,4020.0,8897.953980774233,26.890026184241847,21.0,50479.12499999999
51,11,0.0,4020.0,7900.371601969419,21.244941680552248,25.0,50772.84375
51,12,0.0,4020.0,8664.733291301134,25.25470126160438,13.0,50676.4765625
51,13,0.0,4020.0,9101.631402262945,47.48155201142585,139.0,49404.70703125
51,14,0.0,4020.0,9788.441550229894,38.3837181623423,69.0,49201.77734375
51,15,0.0,4020.0,8634.652632559402,21.77695786717448,24.0,50998.125
51,16,0.0,4020.0,8340.653837626902,28.703880028564626,47.0,50312.33984375001
51,17,0.0,4020.0,8284.164316059843,27.279219233515825,47.0,50317.5625
51,18,600.0,4020.0,10719.50784427072,40.40823613425375,49.0,49419.8515625
51,19,0.0,4020.0,9716.193094048645,26.643656272316115,27.0,49853.69921875
51,20,0.0,4020.0,8785.67810189124,27.072125684360863,25.0,50585.3984375
51,21,0.0,4020.0,8948.929607175218,45.51059271601999,139.0,49500.6875
51,22,600.0,4020.0,10945.00099378985,41.87217329207331,71.0,49140.20703125
51,23,0.0,4020.0,9079.520835401672,22.09473934777434,8.0,50414.125
51,24,0.0,4020.0,10060.340983329377,54.254939300166626,116.0,48788.9140625
51,25,0.0,4020.0,8054.318353863629,35.02380385622472,95.0,50398.76953124999
51,26,0.0,4020.0,8892.60014806729,23.330159485836706,20.0,50716.03125
51,27,690.0,4020.0,15768.142672208876,73.07902880266603,158.0,47926.87109375
51,28,0.0,4020.0,9165.6876543705,27.23637229231135,41.0,49541.6953125
51,29,0.0,4020.0,7915.324227811037,21.416329445370152,26.0,50683.31249999999
51,30,210.0,4020.0,13548.585314362263,70.06903118305165,168.0,48600.99609375
51,31,0.0,4020.0,9409.028142028103,48.317067364913115,150.0,49142.09375
51,32,0.0,4020.0,9654.770021489065,27.67555343965722,20.0,50377.29296874999
51,33,0.0,4020.0,8356.852829874395,28.1183051654368,46.0,50293.4375
51,34,0.0,4020.0,9167.62703765128,27.846941204475122,44.0,49532.40625
51,35,0.0,4020.0,9235.848706974299,47.010235658176626,151.0,49095.48437499999
51,36,690.0,4020.0,15697.270706368807,74.35372530349916,159.0,47786.30078125
51,37,60.0,4020.0,9630.097848565307,51.084265651035466,138.0,49151.30859375001
51,38,0.0,4020.0,9678.872289079074,28.857414901213993,25.0,50280.57421875
51,39,0.0,4020.0,9850.125825828873,39.17281599619138,73.0,49156.37109374999
51,40,0.0,4020.0,8804.200211998497,22.212568436086645,14.0,51086.453125
51,41,0.0,4020.0,7795.197961404234,22.19828612235182,24.0,50615.17578125
51,42,0.0,4020.0,9172.943833818012,45.224946441323496,137.0,49293.890625
51,43,705.0,4020.0,15386.041096081804,68.65865270173768,127.0,48660.69921875
51,44,585.0,4020.0,10877.19431537846,43.918114734587,83.0,48989.21875
51,45,630.0,4140.0,12061.414153969217,54.07641037848131,126.0,48930.6484375
51,46,15.0,4020.0,9767.306501772124,29.043084979766718,25.0,50260.92578125
51,47,0.0,4020.0,9508.657322370425,50.45584384670317,162.0,48982.43359375
51,48,660.0,4020.0,15472.253673223047,79.01690073791954,170.0,47773.96093749999
51,49,0.0,4020.0,9189.718113683812,34.870268983575336,79.0,49205.62890625
51,50,0.0,4020.0,8919.971747368196,21.85551059271602,12.0,50723.7421875
51,51,0.0,4020.0,8366.502417295702,25.322542251844798,34.0,50148.9375
51,52,0.0,4020.0,9888.416485775862,47.76719828612235,132.0,48872.13671875001
51,53,0.0,4020.0,8993.342815394117,32.078076648417046,60.0,49547.14453125
51,54,630.0,4020.0,10850.963759056642,43.58962151868603,54.0,49357.32421874999
51,55,0.0,4020.0,8418.05793430869,27.593430135681977,45.0,49893.6953125
51,56,0.0,4020.0,9777.790209029685,24.565579623899072,12.0,50141.73828125
51,57,330.0,5520.0,15680.35138720998,62.02094739347775,195.0,48680.63671874999
51,58,0.0,2640.0,8669.978365300061,34.00618900261843,57.0,49548.17187500001
51,59,210.0,4020.0,13585.092644389679,69.88336110449893,167.0,48457.28906250001
51,60,615.0,4020.0,14783.48275433567,68.23375386812664,170.0,48358.3515625
51,61,600.0,4080.0,11315.670463837876,37.837419661985244,54.0,49173.67578125
51,62,0.0,4020.0,10062.330689025763,30.73910973577719,40.0,49614.18749999999
51,63,0.0,4020.0,8384.924884284608,24.46203284932159,15.0,50717.49218750001
51,64,0.0,4020.0,12740.97834418531,57.57200666507974,166.0,48702.34374999999
51,65,0.0,4020.0,8374.310466528059,21.39490597476791,27.0,49936.140625
51,66,0.0,4020.0,9021.164904428017,46.41037848131397,142.0,49395.51953124999
51,67,510.0,4020.0,11260.726464268188,62.69935729588193,200.0,48551.51171875
51,68,0.0,4020.0,7729.312223148634,18.18138538443228,10.0,51171.02343750001
51,69,315.0,5520.0,16082.688550228886,66.08783622946918,203.0,48040.70703125
51,70,0.0,4020.0,9278.759388504,47.06022375624851,149.0,49173.6875
51,71,15.0,4020.0,8797.187694703196,25.290407045941443,35.0,49896.30859375
51,72,150.0,4020.0,10526.72686317267,23.101642466079504,25.0,50686.40625
51,73,15.0,4020.0,10215.692227487118,30.710545108307542,46.0,49882.6875
51,74,0.0,4020.0,9356.47555452403,55.904546536538916,124.0,49654.4453125
51,75,585.0,4020.0,11674.245694755231,41.84003808616996,86.0,49432.70703125
51,76,0.0,4080.0,10026.86098950393,22.562485122589855,8.0,55659.17187500001
51,77,645.0,4020.0,11713.524211266293,47.64222804094263,72.0,49266.8984375
51,78,0.0,5460.0,8732.371389380536,21.441323494406095,10.0,52518.34375
51,79,0.0,4020.0,9264.537122450034,42.147107831468695,92.0,49868.14453125
51,80,0.0,4020.0,9142.346829224494,18.327779100214233,71.0,57195.8125
51,81,0.0,4020.0,10223.982226611999,30.631992382766008,45.0,49743.6171875
51,82,0.0,4020.0,9195.945787946097,42.63984765532016,102.0,49700.37890625
51,83,645.0,4020.0,11741.572704239952,47.78862175672459,71.0,49550.4296875
51,84,0.0,4020.0,9417.553665347612,18.231373482504164,68.0,57748.17578124999
51,85,0.0,4020.0,9844.966542682065,31.028326588907404,43.0,49681.24609375
51,86,600.0,4020.0,11431.394400439629,58.73958581290169,150.0,48958.45703125
51,87,0.0,4020.0,8751.229161481839,33.024279933349206,75.0,49897.76171875
51,88,450.0,4080.0,11406.922230657536,33.6491311592478,24.0,50170.65625
51,89,15.0,4020.0,10155.35293768952,30.864079980956916,46.0,49714.15625
51,90,0.0,4020.0,8854.707239975673,28.918114734587,27.0,50178.61328125
51,91,0.0,4020.0,8147.057747192773,19.684598905022614,16.0,51802.7578125
51,92,600.0,4020.0,11028.606686799925,42.50059509640562,74.0,49295.47265625
51,93,15.0,4020.0,10156.89052611894,30.871221137824328,46.0,49694.78515624999
51,94,525.0,4020.0,11479.92381303641,49.08474172815996,104.0,49330.83984375
51,95,0.0,4020.0,9225.995920014015,37.78386098547965,97.0,49763.75781250001
51,96,600.0,4020.0,12072.997574491768,46.767436324684596,86.0,49198.74609375
51,97,0.0,4020.0,8480.515242418222,26.272316115210664,24.0,51111.5390625
51,98,0.0,4020.0,8332.824473215125,21.469888121875744,25.0,51155.25390625
51,99,630.0,4020.0,10935.153434175481,53.69078790764104,107.0,49430.66796875
51,100,660.0,2700.0,11602.155651219546,68.68721732920733,135.0,51528.33203125
51,101,0.0,4080.0,8724.716196754216,23.70149964294216,19.0,51597.94140625
51,102,0.0,4020.0,8648.790825907154,26.432992144727443,26.0,50739.17187499999
51,103,525.0,4020.0,11450.90902851,48.56700785527256,104.0,49335.7109375
51,104,765.0,4020.0,15037.847485399601,63.35634372768388,115.0,49083.85937500001
51,105,0.0,4020.0,8551.278128539208,25.065460604617947,27.0,50460.39453125
51,106,0.0,4020.0,8802.373122593315,21.93049273982385,23.0,51714.71484375
51,107,495.0,4140.0,12419.080451494527,65.60580814091882,134.0,48968.69921875001
51,108,690.0,4020.0,11257.698357001242,53.373006427041176,124.0,49233.17578125
51,109,720.0,2700.0,12004.04263524328,68.30159485836705,134.0,50622.84375
51,110,0.0,4020.0,8641.26796489949,21.237800523684836,11.0,52039.38671874999
51,111,0.0,4020.0,8471.298646613985,26.475839085931916,25.0,51112.65234375
51,112,630.0,2640.0,11799.613883354526,58.98595572482742,152.0,50527.89453125
51,113,0.0,4020.0,13181.680748158677,66.62342299452511,170.0,48711.1015625
51,114,60.0,4020.0,9499.370656248633,64.40252320875982,161.0,49126.06640625
51,115,0.0,4020.0,8204.55718891217,18.549154963104023,10.0,53040.89843749999
51,116,0.0,4080.0,8666.534080558275,23.262318495596286,17.0,51660.578125
51,117,0.0,4020.0,9139.089275796126,48.588431325874794,144.0,49575.2578125
51,118,0.0,4020.0,9648.836514276354,38.69078790764104,78.0,49811.83203125
51,119,585.0,4020.0,15384.200198005212,84.22637467269698,228.0,48680.42578125
51,120,0.0,4020.0,9307.78220348039,49.04546536538919,161.0,49161.05468750001
51,121,15.0,4020.0,9404.6137979897,39.17281599619138,110.0,49513.5
51,122,0.0,4020.0,8146.8088223257055,19.684598905022614,16.0,51820.3125
51,123,660.0,2700.0,11770.967461315016,71.09378719352534,146.0,51096.9296875
51,124,30.0,4020.0,9207.739711756029,20.741490121399668,9.0,52720.84375
51,125,15.0,4020.0,10085.792034255777,29.21447274458462,39.0,49909.92578125
52,0,0.0,4020.0,8991.087002526532,17.910021423470603,6.0,55792.6640625
52,1,0.0,4020.0,8782.910861671031,22.291121161628183,16.0,51027.09765625
52,2,60.0,4020.0,9580.009917791107,25.590335634372764,17.0,50311.4765625
52,3,0.0,4020.0,8982.212604142507,17.938586050940252,6.0,55708.3125
52,4,0.0,5460.0,8746.849331694655,21.316353249226374,8.0,51542.03125
52,5,15.0,4020.0,9760.935678790134,28.839562009045466,24.0,50280.4453125
52,6,0.0,4020.0,8876.902730133508,17.788621756724588,16.0,55080.40234375001
52,7,0.0,4020.0,9345.301401019216,17.76719828612235,66.0,57625.92968750001
52,8,0.0,4020.0,7778.494544279365,17.86360390383242,9.0,51655.4765625
52,9,0.0,4020.0,8897.953980774233,26.890026184241847,21.0,50479.12499999999
52,10,0.0,4020.0,7900.371601969419,21.244941680552248,25.0,50772.84375
52,11,0.0,4020.0,8664.733291301134,25.25470126160438,13.0,50676.4765625
52,12,0.0,4020.0,9788.441550229894,38.3837181623423,69.0,49201.77734375
52,13,0.0,4020.0,8634.652632559402,21.77695786717448,24.0,50998.125
52,14,0.0,4020.0,8340.653837626902,28.703880028564626,47.0,50312.33984375001
52,15,0.0,4020.0,8284.164316059843,27.279219233515825,47.0,50317.5625
52,16,600.0,4020.0,10719.50784427072,40.40823613425375,49.0,49419.8515625
52,17,0.0,4020.0,9716.193094048645,26.643656272316115,27.0,49853.69921875
52,18,0.0,4020.0,8948.929607175218,45.51059271601999,139.0,49500.6875
52,19,600.0,4020.0,10945.00099378985,41.87217329207331,71.0,49140.20703125
52,20,0.0,4020.0,9079.520835401672,22.09473934777434,8.0,50414.125
52,21,0.0,4020.0,10060.340983329377,54.254939300166626,116.0,48788.9140625
52,22,0.0,4020.0,8054.318353863629,35.02380385622472,95.0,50398.76953124999
52,23,0.0,4020.0,8892.60014806729,23.330159485836706,20.0,50716.03125
52,24,690.0,4020.0,15768.142672208876,73.07902880266603,158.0,47926.87109375
52,25,0.0,4020.0,9165.6876543705,27.23637229231135,41.0,49541.6953125
52,26,0.0,4020.0,7915.324227811037,21.416329445370152,26.0,50683.31249999999
52,27,210.0,4020.0,13548.585314362263,70.06903118305165,168.0,48600.99609375
52,28,0.0,4020.0,9654.770021489065,27.67555343965722,20.0,50377.29296874999
52,29,0.0,4020.0,8356.852829874395,28.1183051654368,46.0,50293.4375
52,30,0.0,4020.0,9167.62703765128,27.846941204475122,44.0,49532.40625
52,31,0.0,4020.0,9235.848706974299,47.010235658176626,151.0,49095.48437499999
52,32,690.0,4020.0,15697.270706368807,74.35372530349916,159.0,47786.30078125
52,33,60.0,4020.0,9630.097848565307,51.084265651035466,138.0,49151.30859375001
52,34,0.0,4020.0,9678.872289079074,28.857414901213993,25.0,50280.57421875
52,35,0.0,4020.0,9850.125825828873,39.17281599619138,73.0,49156.37109374999
52,36,0.0,4020.0,8804.200211998497,22.212568436086645,14.0,51086.453125
52,37,0.0,4020.0,7795.197961404234,22.19828612235182,24.0,50615.17578125
52,38,0.0,4020.0,9172.943833818012,45.224946441323496,137.0,49293.890625
52,39,15.0,4020.0,9767.306501772124,29.043084979766718,25.0,50260.92578125
52,40,0.0,4020.0,9508.657322370425,50.45584384670317,162.0,48982.43359375
52,41,660.0,4020.0,15472.253673223047,79.01690073791954,170.0,47773.96093749999
52,42,0.0,4020.0,9189.718113683812,34.870268983575336,79.0,49205.62890625
52,43,0.0,4020.0,8919.971747368196,21.85551059271602,12.0,50723.7421875
52,44,0.0,4020.0,8366.502417295702,25.322542251844798,34.0,50148.9375
52,45,0.0,4020.0,9888.416485775862,47.76719828612235,132.0,48872.13671875001
52,46,0.0,4020.0,8993.342815394117,32.078076648417046,60.0,49547.14453125
52,47,630.0,4020.0,10850.963759056642,43.58962151868603,54.0,49357.32421874999
52,48,0.0,4020.0,8418.05793430869,27.593430135681977,45.0,49893.6953125
52,49,0.0,4020.0,9777.790209029685,24.565579623899072,12.0,50141.73828125
52,50,330.0,5520.0,15680.35138720998,62.02094739347775,195.0,48680.63671874999
52,51,0.0,2640.0,8669.978365300061,34.00618900261843,57.0,49548.17187500001
52,52,210.0,4020.0,13585.092644389679,69.88336110449893,167.0,48457.28906250001
52,53,615.0,4020.0,14783.48275433567,68.23375386812664,170.0,48358.3515625
52,54,600.0,4080.0,11315.670463837876,37.837419661985244,54.0,49173.67578125
52,55,0.0,4020.0,10062.330689025763,30.73910973577719,40.0,49614.18749999999
52,56,0.0,4020.0,8384.924884284608,24.46203284932159,15.0,50717.49218750001
52,57,0.0,4020.0,12740.97834418531,57.57200666507974,166.0,48702.34374999999
52,58,0.0,4020.0,8374.310466528059,21.39490597476791,27.0,49936.140625
52,59,0.0,4020.0,9021.164904428017,46.41037848131397,142.0,49395.51953124999
52,60,510.0,4020.0,11260.726464268188,62.69935729588193,200.0,48551.51171875
52,61,0.0,4020.0,7729.312223148634,18.18138538443228,10.0,51171.02343750001
52,62,315.0,5520.0,16082.688550228886,66.08783622946918,203.0,48040.70703125
52,63,0.0,4020.0,9278.759388504,47.06022375624851,149.0,49173.6875
52,64,15.0,4020.0,8797.187694703196,25.290407045941443,35.0,49896.30859375
52,65,0.0,4020.0,8273.08252894246,24.779814329921443,24.0,50554.5625
52,66,0.0,4020.0,10399.108375118423,46.34610806950726,123.0,49125.54687500001
52,67,0.0,4020.0,8744.073251856364,47.17805284456082,129.0,49240.69921875
52,68,210.0,4020.0,13110.618025808766,55.91168769340633,103.0,48774.42187499999
52,69,585.0,4020.0,10763.58235167783,41.6900737919543,72.0,48906.37109375
52,70,660.0,4020.0,15228.160941938098,66.57343489645322,163.0,48397.13671875
52,71,690.0,4020.0,14832.16531417417,62.76005712925494,110.0,48369.53515625
52,72,90.0,4020.0,12790.150696176053,43.48964532254225,91.0,49051.859375
52,73,0.0,4020.0,9122.46796118439,47.238752677933824,150.0,48988.03906250001
52,74,0.0,4020.0,8616.081816641989,23.312306593668175,36.0,49926.94140625
52,75,150.0,4020.0,10526.72686317267,23.101642466079504,25.0,50686.40625
52,76,0.0,4080.0,10026.86098950393,22.562485122589855,8.0,55659.17187500001
52,77,450.0,4080.0,11406.922230657536,33.6491311592478,24.0,50170.65625
52,78,15.0,4020.0,10215.692227487118,30.710545108307542,46.0,49882.6875
52,79,585.0,4020.0,11674.245694755231,41.84003808616996,86.0,49432.70703125
52,80,0.0,2640.0,9118.17899782784,45.38205189240657,113.0,49586.28515625
52,81,0.0,4020.0,8675.934849127789,33.306355629612,63.0,50451.44921875
52,82,600.0,4020.0,11431.394400439629,58.73958581290169,150.0,48958.45703125
52,83,645.0,4020.0,11713.524211266293,47.64222804094263,72.0,49266.8984375
52,84,0.0,4020.0,10223.982226611999,30.631992382766008,45.0,49743.6171875
52,85,0.0,5460.0,8806.514912243365,21.127112592239943,11.0,51576.14453125
52,86,0.0,4020.0,9417.553665347612,18.231373482504164,68.0,57748.17578124999
52,87,0.0,4020.0,9198.234165924332,34.634610806950725,84.0,49538.07812499999
52,88,585.0,4020.0,10877.19431537846,43.918114734587,83.0,48989.21875
52,89,0.0,4020.0,9844.966542682065,31.028326588907404,43.0,49681.24609375
52,90,0.0,4020.0,8751.229161481839,33.024279933349206,75.0,49897.76171875
52,91,600.0,4020.0,11028.606686799925,42.50059509640562,74.0,49295.47265625
52,92,0.0,4020.0,9142.346829224494,18.327779100214233,71.0,57195.8125
52,93,0.0,5460.0,8732.371389380536,21.441323494406095,10.0,52518.34375
52,94,645.0,4020.0,11741.572704239952,47.78862175672459,71.0,49550.4296875
52,95,15.0,4020.0,10155.35293768952,30.864079980956916,46.0,49714.15625
52,96,0.0,4020.0,9195.945787946097,42.63984765532016,102.0,49700.37890625
52,97,525.0,4020.0,11479.92381303641,49.08474172815996,104.0,49330.83984375
52,98,0.0,4020.0,8450.154588065696,35.34872649369198,81.0,50302.35546875
52,99,570.0,4020.0,11580.171044373343,56.97929064508451,170.0,49128.7578125
52,100,0.0,4020.0,8648.790825907154,26.432992144727443,26.0,50739.17187499999
52,101,0.0,4020.0,8641.26796489949,21.237800523684836,11.0,52039.38671874999
52,102,15.0,4020.0,10156.89052611894,30.871221137824328,46.0,49694.78515624999
52,103,0.0,4020.0,7915.377073180902,31.806712687455374,79.0,51151.90625
52,104,0.0,4020.0,7759.732036970938,18.78124256129493,13.0,51275.41015625
52,105,0.0,4020.0,8785.67810189124,27.072125684360863,25.0,50585.3984375
52,106,495.0,4080.0,11627.552413833866,51.5591525827184,126.0,49303.765625
52,107,630.0,4140.0,12061.414153969217,54.07641037848131,126.0,48930.6484375
52,108,495.0,4140.0,12419.080451494527,65.60580814091882,134.0,48968.69921875001
52,109,0.0,4020.0,8480.515242418222,26.272316115210664,24.0,51111.5390625
52,110,30.0,4020.0,9207.739711756029,20.741490121399668,9.0,52720.84375
52,111,0.0,4020.0,8332.824473215125,21.469888121875744,25.0,51155.25390625
52,112,585.0,4020.0,15384.200198005212,84.22637467269698,228.0,48680.42578125
52,113,525.0,4020.0,11450.90902851,48.56700785527256,104.0,49335.7109375
52,114,0.0,4020.0,8551.278128539208,25.065460604617947,27.0,50460.39453125
52,115,0.0,4020.0,8204.55718891217,18.549154963104023,10.0,53040.89843749999
52,116,690.0,4020.0,11649.511404237968,56.18662223280172,144.0,48975.16015625
52,117,630.0,2640.0,11420.444482260915,47.46726969769102,96.0,50749.5390625
52,118,0.0,4020.0,8854.707239975673,28.918114734587,27.0,50178.61328125
52,119,0.0,4020.0,9307.78220348039,49.04546536538919,161.0,49161.05468750001
52,120,705.0,4020.0,15386.041096081804,68.65865270173768,127.0,48660.69921875
52,121,0.0,4020.0,8471.298646613985,26.475839085931916,25.0,51112.65234375
52,122,0.0,4020.0,9101.631402262945,47.48155201142585,139.0,49404.70703125
52,123,0.0,4020.0,9409.028142028103,48.317067364913115,150.0,49142.09375
52,124,60.0,4020.0,9499.370656248633,64.40252320875982,161.0,49126.06640625
52,125,15.0,4020.0,10085.792034255777,29.21447274458462,39.0,49909.92578125
53,0,0.0,4020.0,8991.087002526532,17.910021423470603,6.0,55792.6640625
53,1,0.0,4020.0,8982.212604142507,17.938586050940252,6.0,55708.3125
53,2,0.0,5460.0,8746.849331694655,21.316353249226374,8.0,51542.03125
53,3,0.0,4020.0,8876.902730133508,17.788621756724588,16.0,55080.40234375001
53,4,0.0,4020.0,9345.301401019216,17.76719828612235,66.0,57625.92968750001
53,5,0.0,4020.0,7778.494544279365,17.86360390383242,9.0,51655.4765625
53,6,0.0,4020.0,9788.441550229894,38.3837181623423,69.0,49201.77734375
53,7,0.0,4020.0,8340.653837626902,28.703880028564626,47.0,50312.33984375001
53,8,0.0,4020.0,8284.164316059843,27.279219233515825,47.0,50317.5625
53,9,0.0,4020.0,9716.193094048645,26.643656272316115,27.0,49853.69921875
53,10,600.0,4020.0,10945.00099378985,41.87217329207331,71.0,49140.20703125
53,11,0.0,4020.0,9079.520835401672,22.09473934777434,8.0,50414.125
53,12,0.0,4020.0,10060.340983329377,54.254939300166626,116.0,48788.9140625
53,13,690.0,4020.0,15768.142672208876,73.07902880266603,158.0,47926.87109375
53,14,0.0,4020.0,9165.6876543705,27.23637229231135,41.0,49541.6953125
53,15,0.0,4020.0,7915.324227811037,21.416329445370152,26.0,50683.31249999999
53,16,210.0,4020.0,13548.585314362263,70.06903118305165,168.0,48600.99609375
53,17,0.0,4020.0,8356.852829874395,28.1183051654368,46.0,50293.4375
53,18,0.0,4020.0,9167.62703765128,27.846941204475122,44.0,49532.40625
53,19,0.0,4020.0,9235.848706974299,47.010235658176626,151.0,49095.48437499999
53,20,690.0,4020.0,15697.270706368807,74.35372530349916,159.0,47786.30078125
53,21,0.0,4020.0,9850.125825828873,39.17281599619138,73.0,49156.37109374999
53,22,0.0,4020.0,7795.197961404234,22.19828612235182,24.0,50615.17578125
53,23,0.0,4020.0,9508.657322370425,50.45584384670317,162.0,48982.43359375
53,24,660.0,4020.0,15472.253673223047,79.01690073791954,170.0,47773.96093749999
53,25,0.0,4020.0,9189.718113683812,34.870268983575336,79.0,49205.62890625
53,26,0.0,4020.0,8919.971747368196,21.85551059271602,12.0,50723.7421875
53,27,0.0,4020.0,8366.502417295702,25.322542251844798,34.0,50148.9375
53,28,0.0,4020.0,9888.416485775862,47.76719828612235,132.0,48872.13671875001
53,29,0.0,4020.0,8993.342815394117,32.078076648417046,60.0,49547.14453125
53,30,0.0,4020.0,8418.05793430869,27.593430135681977,45.0,49893.6953125
53,31,0.0,4020.0,9777.790209029685,24.565579623899072,12.0,50141.73828125
53,32,330.0,5520.0,15680.35138720998,62.02094739347775,195.0,48680.63671874999
53,33,0.0,2640.0,8669.978365300061,34.00618900261843,57.0,49548.17187500001
53,34,210.0,4020.0,13585.092644389679,69.88336110449893,167.0,48457.28906250001
53,35,615.0,4020.0,14783.48275433567,68.23375386812664,170.0,48358.3515625
53,36,600.0,4080.0,11315.670463837876,37.837419661985244,54.0,49173.67578125
53,37,0.0,4020.0,10062.330689025763,30.73910973577719,40.0,49614.18749999999
53,38,0.0,4020.0,12740.97834418531,57.57200666507974,166.0,48702.34374999999
53,39,0.0,4020.0,8374.310466528059,21.39490597476791,27.0,49936.140625
53,40,510.0,4020.0,11260.726464268188,62.69935729588193,200.0,48551.51171875
53,41,0.0,4020.0,7729.312223148634,18.18138538443228,10.0,51171.02343750001
53,42,315.0,5520.0,16082.688550228886,66.08783622946918,203.0,48040.70703125
53,43,0.0,4020.0,9278.759388504,47.06022375624851,149.0,49173.6875
53,44,15.0,4020.0,8797.187694703196,25.290407045941443,35.0,49896.30859375
53,45,210.0,4020.0,13110.618025808766,55.91168769340633,103.0,48774.42187499999
53,46,585.0,4020.0,10763.58235167783,41.6900737919543,72.0,48906.37109375
53,47,660.0,4020.0,15228.160941938098,66.57343489645322,163.0,48397.13671875
53,48,690.0,4020.0,14832.16531417417,62.76005712925494,110.0,48369.53515625
53,49,90.0,4020.0,12790.150696176053,43.48964532254225,91.0,49051.859375
53,50,0.0,4020.0,9122.46796118439,47.238752677933824,150.0,48988.03906250001
53,51,0.0,4020.0,8616.081816641989,23.312306593668175,36.0,49926.94140625
53,52,0.0,4020.0,8987.731246984662,34.17757676743633,48.0,49658.44921875
53,53,285.0,5520.0,15574.381858302946,63.488455129731015,196.0,48519.046875
53,54,15.0,4020.0,8730.961738544736,25.315401094977386,24.0,49234.66015625
53,55,570.0,4140.0,15698.097698477548,72.12925493930017,213.0,48379.9296875
53,56,615.0,4020.0,14562.797705972778,68.56581766246131,167.0,48363.94921875001
53,57,0.0,4020.0,8026.626746404986,34.434658414663176,92.0,50105.8515625
53,58,0.0,4020.0,9810.805378361281,25.833134967864794,24.0,49821.40624999999
53,59,0.0,4020.0,8644.42097419593,33.16710307069745,53.0,49230.328125
53,60,0.0,4020.0,8384.282282759172,20.984289454891695,13.0,50112.3046875
53,61,615.0,4020.0,14636.911798151861,66.56986431801953,162.0,48428.51171875
53,62,0.0,4020.0,7733.716547043764,18.109973815758153,11.0,50761.87890625001
53,63,255.0,5520.0,11721.374149508829,34.48464651273506,81.0,49035.46484375
53,64,0.0,4020.0,9522.570472039362,42.79695310640324,112.0,48876.16406249999
53,65,0.0,4020.0,8240.673701180573,21.780528445608187,21.0,50443.625
53,66,60.0,4020.0,9097.26757273951,23.73363484884551,11.0,50227.04687500001
53,67,150.0,4020.0,10526.72686317267,23.101642466079504,25.0,50686.40625
53,68,0.0,4080.0,10026.86098950393,22.562485122589855,8.0,55659.17187500001
53,69,60.0,4020.0,9499.370656248633,64.40252320875982,161.0,49126.06640625
53,70,450.0,4080.0,11406.922230657536,33.6491311592478,24.0,50170.65625
53,71,0.0,2640.0,9118.17899782784,45.38205189240657,113.0,49586.28515625
53,72,0.0,4020.0,9142.346829224494,18.327779100214233,71.0,57195.8125
53,73,585.0,4020.0,10877.19431537846,43.918114734587,83.0,48989.21875
53,74,525.0,4020.0,11479.92381303641,49.08474172815996,104.0,49330.83984375
53,75,0.0,4020.0,9760.879077386027,31.531778148059985,49.0,49829.0546875
53,76,555.0,4080.0,10937.742285906046,36.930492739823855,49.0,49513.12109375
53,77,0.0,4020.0,8054.318353863629,35.02380385622472,95.0,50398.76953124999
53,78,0.0,4020.0,8384.924884284608,24.46203284932159,15.0,50717.49218750001
53,79,585.0,4020.0,11674.245694755231,41.84003808616996,86.0,49432.70703125
53,80,0.0,4020.0,9417.553665347612,18.231373482504164,68.0,57748.17578124999
53,81,600.0,4020.0,10719.50784427072,40.40823613425375,49.0,49419.8515625
53,82,0.0,4020.0,9195.945787946097,42.63984765532016,102.0,49700.37890625
53,83,0.0,4020.0,10223.982226611999,30.631992382766008,45.0,49743.6171875
53,84,630.0,4140.0,12061.414153969217,54.07641037848131,126.0,48930.6484375
53,85,0.0,4020.0,8854.707239975673,28.918114734587,27.0,50178.61328125
53,86,630.0,4020.0,10850.963759056642,43.58962151868603,54.0,49357.32421874999
53,87,0.0,4020.0,9844.966542682065,31.028326588907404,43.0,49681.24609375
53,88,0.0,4020.0,8273.08252894246,24.779814329921443,24.0,50554.5625
53,89,0.0,4020.0,8751.229161481839,33.024279933349206,75.0,49897.76171875
53,90,525.0,4020.0,11450.90902851,48.56700785527256,104.0,49335.7109375
53,91,0.0,4020.0,9198.234165924332,34.634610806950725,84.0,49538.07812499999
53,92,0.0,4020.0,8936.29591559571,38.01237800523685,92.0,49703.99609375001
53,93,0.0,4020.0,9021.164904428017,46.41037848131397,142.0,49395.51953124999
53,94,600.0,4020.0,10862.12853385209,41.51511544870269,69.0,49258.61328124999
53,95,510.0,4020.0,11471.42470840739,80.16305641513925,213.0,48895.76953125
53,96,0.0,4020.0,8897.953980774233,26.890026184241847,21.0,50479.12499999999
53,97,0.0,4020.0,8204.55718891217,18.549154963104023,10.0,53040.89843749999
53,98,0.0,4020.0,7759.732036970938,18.78124256129493,13.0,51275.41015625
53,99,0.0,4020.0,8744.073251856364,47.17805284456082,129.0,49240.69921875
53,100,0.0,5460.0,8806.514912243365,21.127112592239943,11.0,51576.14453125
53,101,600.0,4020.0,11431.394400439629,58.73958581290169,150.0,48958.45703125
53,102,0.0,4020.0,8551.278128539208,25.065460604617947,27.0,50460.39453125
53,103,0.0,4020.0,8664.733291301134,25.25470126160438,13.0,50676.4765625
53,104,0.0,4020.0,9409.028142028103,48.317067364913115,150.0,49142.09375
53,105,690.0,4020.0,11649.511404237968,56.18662223280172,144.0,48975.16015625
53,106,0.0,4020.0,8634.652632559402,21.77695786717448,24.0,50998.125
53,107,0.0,5460.0,8202.226960352591,22.708878838371817,11.0,50834.76953125
53,108,0.0,4020.0,8948.929607175218,45.51059271601999,139.0,49500.6875
53,109,0.0,5460.0,8732.371389380536,21.441323494406095,10.0,52518.34375
53,110,30.0,4020.0,9207.739711756029,20.741490121399668,9.0,52720.84375
53,111,15.0,4020.0,9760.935678790134,28.839562009045466,24.0,50280.4453125
53,112,0.0,4020.0,8641.26796489949,21.237800523684836,11.0,52039.38671874999
53,113,0.0,4020.0,9307.78220348039,49.04546536538919,161.0,49161.05468750001
53,114,0.0,4020.0,9726.07316641277,26.843608664603664,20.0,50495.71875
53,115,0.0,4020.0,7900.371601969419,21.244941680552248,25.0,50772.84375
53,116,0.0,4020.0,9172.943833818012,45.224946441323496,137.0,49293.890625
53,117,0.0,4020.0,8184.844608033931,27.30064270411807,56.0,50688.3984375
53,118,585.0,4020.0,12168.26549714166,55.7260176148536,149.0,48826.17578124999
53,119,0.0,4020.0,8782.910861671031,22.291121161628183,16.0,51027.09765625
53,120,585.0,4020.0,15384.200198005212,84.22637467269698,228.0,48680.42578125
53,121,0.0,4020.0,9654.770021489065,27.67555343965722,20.0,50377.29296874999
53,122,0.0,4020.0,8413.066254688954,24.515591525827183,30.0,50506.56249999999
53,123,15.0,4020.0,9767.306501772124,29.043084979766718,25.0,50260.92578125
53,124,705.0,4020.0,15386.041096081804,68.65865270173768,127.0,48660.69921875
53,125,0.0,4020.0,8367.813870624545,25.526065222566054,35.0,50149.421875
54,0,0.0,4020.0,8991.087002526532,17.910021423470603,6.0,55792.6640625
54,1,0.0,4020.0,8982.212604142507,17.938586050940252,6.0,55708.3125
54,2,0.0,5460.0,8746.849331694655,21.316353249226374,8.0,51542.03125
54,3,0.0,4020.0,8876.902730133508,17.788621756724588,16.0,55080.40234375001
54,4,0.0,4020.0,9345.301401019216,17.76719828612235,66.0,57625.92968750001
54,5,0.0,4020.0,7778.494544279365,17.86360390383242,9.0,51655.4765625
54,6,0.0,4020.0,8340.653837626902,28.703880028564626,47.0,50312.33984375001
54,7,0.0,4020.0,8284.164316059843,27.279219233515825,47.0,50317.5625
54,8,0.0,4020.0,9716.193094048645,26.643656272316115,27.0,49853.69921875
54,9,0.0,4020.0,9079.520835401672,22.09473934777434,8.0,50414.125
54,10,690.0,4020.0,15768.142672208876,73.07902880266603,158.0,47926.87109375
54,11,0.0,4020.0,9165.6876543705,27.23637229231135,41.0,49541.6953125
54,12,0.0,4020.0,7915.324227811037,21.416329445370152,26.0,50683.31249999999
54,13,0.0,4020.0,8356.852829874395,28.1183051654368,46.0,50293.4375
54,14,0.0,4020.0,9167.62703765128,27.846941204475122,44.0,49532.40625
54,15,690.0,4020.0,15697.270706368807,74.35372530349916,159.0,47786.30078125
54,16,0.0,4020.0,7795.197961404234,22.19828612235182,24.0,50615.17578125
54,17,660.0,4020.0,15472.253673223047,79.01690073791954,170.0,47773.96093749999
54,18,0.0,4020.0,8919.971747368196,21.85551059271602,12.0,50723.7421875
54,19,0.0,4020.0,8366.502417295702,25.322542251844798,34.0,50148.9375
54,20,0.0,4020.0,8993.342815394117,32.078076648417046,60.0,49547.14453125
54,21,0.0,4020.0,8418.05793430869,27.593430135681977,45.0,49893.6953125
54,22,0.0,4020.0,9777.790209029685,24.565579623899072,12.0,50141.73828125
54,23,0.0,2640.0,8669.978365300061,34.00618900261843,57.0,49548.17187500001
54,24,210.0,4020.0,13585.092644389679,69.88336110449893,167.0,48457.28906250001
54,25,615.0,4020.0,14783.48275433567,68.23375386812664,170.0,48358.3515625
54,26,600.0,4080.0,11315.670463837876,37.837419661985244,54.0,49173.67578125
54,27,0.0,4020.0,8374.310466528059,21.39490597476791,27.0,49936.140625
54,28,510.0,4020.0,11260.726464268188,62.69935729588193,200.0,48551.51171875
54,29,0.0,4020.0,7729.312223148634,18.18138538443228,10.0,51171.02343750001
54,30,315.0,5520.0,16082.688550228886,66.08783622946918,203.0,48040.70703125
54,31,15.0,4020.0,8797.187694703196,25.290407045941443,35.0,49896.30859375
54,32,210.0,4020.0,13110.618025808766,55.91168769340633,103.0,48774.42187499999
54,33,660.0,4020.0,15228.160941938098,66.57343489645322,163.0,48397.13671875
54,34,690.0,4020.0,14832.16531417417,62.76005712925494,110.0,48369.53515625
54,35,0.0,4020.0,8616.081816641989,23.312306593668175,36.0,49926.94140625
54,36,0.0,4020.0,8987.731246984662,34.17757676743633,48.0,49658.44921875
54,37,285.0,5520.0,15574.381858302946,63.488455129731015,196.0,48519.046875
54,38,15.0,4020.0,8730.961738544736,25.315401094977386,24.0,49234.66015625
54,39,615.0,4020.0,14562.797705972778,68.56581766246131,167.0,48363.94921875001
54,40,0.0,4020.0,8026.626746404986,34.434658414663176,92.0,50105.8515625
54,41,0.0,4020.0,9810.805378361281,25.833134967864794,24.0,49821.40624999999
54,42,0.0,4020.0,8644.42097419593,33.16710307069745,53.0,49230.328125
54,43,0.0,4020.0,8384.282282759172,20.984289454891695,13.0,50112.3046875
54,44,615.0,4020.0,14636.911798151861,66.56986431801953,162.0,48428.51171875
54,45,0.0,4020.0,7733.716547043764,18.109973815758153,11.0,50761.87890625001
54,46,0.0,4020.0,8240.673701180573,21.780528445608187,21.0,50443.625
54,47,60.0,4020.0,9097.26757273951,23.73363484884551,11.0,50227.04687500001
54,48,15.0,4020.0,13023.362295328872,56.21161628183766,164.0,48563.62109374999
54,49,585.0,4020.0,12047.750437910345,53.56938824089502,141.0,48509.60546875001
54,50,690.0,4020.0,15768.24975548172,73.07902880266603,158.0,47921.390625
54,51,645.0,4020.0,15589.107628413152,81.87693406331826,172.0,47802.6171875
54,52,0.0,4020.0,9349.11971859248,26.3508688407522,38.0,49607.609375
54,53,0.0,4020.0,9449.729477885292,41.82932635086884,112.0,48599.03125
54,54,60.0,4020.0,9345.678941703674,23.590811711497263,11.0,50412.93359375
54,55,690.0,4020.0,15258.034318709859,97.02689835753392,197.0,48293.26171875
54,56,0.0,4020.0,8925.321806370135,32.73506308021899,64.0,48789.69140625
54,57,0.0,4020.0,13684.056977014068,64.92382766008095,185.0,48378.2734375
54,58,0.0,4020.0,9760.879077386027,31.531778148059985,49.0,49829.0546875
54,59,0.0,4020.0,9122.46796118439,47.238752677933824,150.0,48988.03906250001
54,60,150.0,4020.0,10526.72686317267,23.101642466079504,25.0,50686.40625
54,61,0.0,2640.0,9118.17899782784,45.38205189240657,113.0,49586.28515625
54,62,0.0,4080.0,10026.86098950393,22.562485122589855,8.0,55659.17187500001
54,63,0.0,4020.0,9278.759388504,47.06022375624851,149.0,49173.6875
54,64,450.0,4080.0,11406.922230657536,33.6491311592478,24.0,50170.65625
54,65,0.0,4020.0,9417.553665347612,18.231373482504164,68.0,57748.17578124999
54,66,510.0,4020.0,11194.138530037031,61.28540823613425,193.0,48704.30078124999
54,67,0.0,4020.0,8936.29591559571,38.01237800523685,92.0,49703.99609375001
54,68,255.0,5520.0,11721.374149508829,34.48464651273506,81.0,49035.46484375
54,69,600.0,4020.0,10527.05392261589,37.501785289216855,34.0,49560.15624999999
54,70,0.0,4020.0,8756.10800936498,42.286360390383244,118.0,49379.37890625
54,71,0.0,4020.0,8054.318353863629,35.02380385622472,95.0,50398.76953124999
54,72,0.0,4020.0,9142.346829224494,18.327779100214233,71.0,57195.8125
54,73,630.0,4020.0,10850.963759056642,43.58962151868603,54.0,49357.32421874999
54,74,0.0,4020.0,9235.848706974299,47.010235658176626,151.0,49095.48437499999
54,75,585.0,4020.0,10763.58235167783,41.6900737919543,72.0,48906.37109375
54,76,600.0,4020.0,10945.00099378985,41.87217329207331,71.0,49140.20703125
54,77,0.0,4020.0,9198.234165924332,34.634610806950725,84.0,49538.07812499999
54,78,0.0,5460.0,8732.371389380536,21.441323494406095,10.0,52518.34375
54,79,30.0,4020.0,9207.739711756029,20.741490121399668,9.0,52720.84375
54,80,0.0,4020.0,9508.657322370425,50.45584384670317,162.0,48982.43359375
54,81,0.0,4020.0,8641.26796489949,21.237800523684836,11.0,52039.38671874999
54,82,0.0,4020.0,9189.718113683812,34.870268983575336,79.0,49205.62890625
54,83,15.0,4020.0,9170.060159538898,44.07522018567008,127.0,48902.46875
54,84,0.0,5460.0,8806.514912243365,21.127112592239943,11.0,51576.14453125
54,85,0.0,4020.0,7759.732036970938,18.78124256129493,13.0,51275.41015625
54,86,0.0,4020.0,8273.08252894246,24.779814329921443,24.0,50554.5625
54,87,0.0,4020.0,8744.073251856364,47.17805284456082,129.0,49240.69921875
54,88,0.0,4020.0,8203.220159013323,20.830754582242324,18.0,50948.265625
54,89,0.0,4020.0,9172.943833818012,45.224946441323496,137.0,49293.890625
54,90,0.0,5460.0,8202.226960352591,22.708878838371817,11.0,50834.76953125
54,91,0.0,4020.0,9496.128035188081,40.78314686979291,115.0,49055.8671875
54,92,0.0,4020.0,10062.330689025763,30.73910973577719,40.0,49614.18749999999
54,93,0.0,4020.0,8384.924884284608,24.46203284932159,15.0,50717.49218750001
54,94,0.0,4020.0,9888.416485775862,47.76719828612235,132.0,48872.13671875001
54,95,0.0,4020.0,8644.781103919084,48.53130207093549,136.0,49317.265625
54,96,330.0,5520.0,15680.35138720998,62.02094739347775,195.0,48680.63671874999
54,97,0.0,4020.0,10223.982226611999,30.631992382766008,45.0,49743.6171875
54,98,0.0,4020.0,8204.55718891217,18.549154963104023,10.0,53040.89843749999
54,99,0.0,4020.0,8782.910861671031,22.291121161628183,16.0,51027.09765625
54,100,0.0,4020.0,9788.441550229894,38.3837181623423,69.0,49201.77734375
54,101,0.0,4020.0,9833.578633456924,29.96429421566294,41.0,49806.53515625
54,102,570.0,4140.0,15698.097698477548,72.12925493930017,213.0,48379.9296875
54,103,210.0,4020.0,13548.585314362263,70.06903118305165,168.0,48600.99609375
54,104,0.0,4020.0,9203.59179254128,24.93691978100452,11.0,51312.85156249999
54,105,0.0,4020.0,9522.570472039362,42.79695310640324,112.0,48876.16406249999
54,106,705.0,4020.0,15386.041096081804,68.65865270173768,127.0,48660.69921875
54,107,0.0,4020.0,8751.229161481839,33.024279933349206,75.0,49897.76171875
54,108,0.0,4020.0,12740.97834418531,57.57200666507974,166.0,48702.34374999999
54,109,0.0,4020.0,9844.966542682065,31.028326588907404,43.0,49681.24609375
54,110,0.0,4020.0,8469.896811537847,25.401094977386336,33.0,49976.01562499999
54,111,660.0,4020.0,15415.599797710089,82.93382527969531,178.0,48584.78125
54,112,0.0,4020.0,8624.373323487443,22.980242799333492,27.0,50037.48828125
54,113,90.0,4020.0,12790.150696176053,43.48964532254225,91.0,49051.859375
54,114,0.0,4020.0,8367.813870624545,25.526065222566054,35.0,50149.421875
54,115,0.0,4020.0,8952.681703939295,34.099024041894786,64.0,49810.93359375
54,116,0.0,4020.0,9850.125825828873,39.17281599619138,73.0,49156.37109374999
54,117,0.0,4020.0,8897.953980774233,26.890026184241847,21.0,50479.12499999999
54,118,0.0,4020.0,8551.278128539208,25.065460604617947,27.0,50460.39453125
54,119,0.0,4020.0,9726.07316641277,26.843608664603664,20.0,50495.71875
54,120,0.0,4020.0,10060.340983329377,54.254939300166626,116.0,48788.9140625
54,121,0.0,4020.0,7900.371601969419,21.244941680552248,25.0,50772.84375
54,122,15.0,4020.0,9760.935678790134,28.839562009045466,24.0,50280.4453125
54,123,15.0,4020.0,9087.497121286739,27.279219233515825,40.0,49381.60546875
54,124,0.0,4020.0,8553.82057505312,21.544870268983576,23.0,50731.890625
54,125,0.0,4020.0,8413.066254688954,24.515591525827183,30.0,50506.56249999999
55,0,0.0,4020.0,8991.087002526532,17.910021423470603,6.0,55792.6640625
55,1,0.0,4020.0,8982.212604142507,17.938586050940252,6.0,55708.3125
55,2,0.0,5460.0,8746.849331694655,21.316353249226374,8.0,51542.03125
55,3,0.0,4020.0,8876.902730133508,17.788621756724588,16.0,55080.40234375001
55,4,0.0,4020.0,9345.301401019216,17.76719828612235,66.0,57625.92968750001
55,5,0.0,4020.0,8284.164316059843,27.279219233515825,47.0,50317.5625
55,6,0.0,4020.0,9079.520835401672,22.09473934777434,8.0,50414.125
55,7,690.0,4020.0,15768.142672208876,73.07902880266603,158.0,47926.87109375
55,8,0.0,4020.0,7915.324227811037,21.416329445370152,26.0,50683.31249999999
55,9,690.0,4020.0,15697.270706368807,74.35372530349916,159.0,47786.30078125
55,10,0.0,4020.0,7795.197961404234,22.19828612235182,24.0,50615.17578125
55,11,660.0,4020.0,15472.253673223047,79.01690073791954,170.0,47773.96093749999
55,12,0.0,4020.0,9777.790209029685,24.565579623899072,12.0,50141.73828125
55,13,0.0,2640.0,8669.978365300061,34.00618900261843,57.0,49548.17187500001
55,14,210.0,4020.0,13585.092644389679,69.88336110449893,167.0,48457.28906250001
55,15,600.0,4080.0,11315.670463837876,37.837419661985244,54.0,49173.67578125
55,16,0.0,4020.0,8374.310466528059,21.39490597476791,27.0,49936.140625
55,17,510.0,4020.0,11260.726464268188,62.69935729588193,200.0,48551.51171875
55,18,315.0,5520.0,16082.688550228886,66.08783622946918,203.0,48040.70703125
55,19,210.0,4020.0,13110.618025808766,55.91168769340633,103.0,48774.42187499999
55,20,660.0,4020.0,15228.160941938098,66.57343489645322,163.0,48397.13671875
55,21,690.0,4020.0,14832.16531417417,62.76005712925494,110.0,48369.53515625
55,22,0.0,4020.0,8616.081816641989,23.312306593668175,36.0,49926.94140625
55,23,15.0,4020.0,8730.961738544736,25.315401094977386,24.0,49234.66015625
55,24,615.0,4020.0,14562.797705972778,68.56581766246131,167.0,48363.94921875001
55,25,0.0,4020.0,8026.626746404986,34.434658414663176,92.0,50105.8515625
55,26,0.0,4020.0,8644.42097419593,33.16710307069745,53.0,49230.328125
55,27,0.0,4020.0,8384.282282759172,20.984289454891695,13.0,50112.3046875
55,28,615.0,4020.0,14636.911798151861,66.56986431801953,162.0,48428.51171875
55,29,0.0,4020.0,8240.673701180573,21.780528445608187,21.0,50443.625
55,30,60.0,4020.0,9097.26757273951,23.73363484884551,11.0,50227.04687500001
55,31,15.0,4020.0,13023.362295328872,56.21161628183766,164.0,48563.62109374999
55,32,585.0,4020.0,12047.750437910345,53.56938824089502,141.0,48509.60546875001
55,33,690.0,4020.0,15768.24975548172,73.07902880266603,158.0,47921.390625
55,34,645.0,4020.0,15589.107628413152,81.87693406331826,172.0,47802.6171875
55,35,0.0,4020.0,9449.729477885292,41.82932635086884,112.0,48599.03125
55,36,60.0,4020.0,9345.678941703674,23.590811711497263,11.0,50412.93359375
55,37,690.0,4020.0,15258.034318709859,97.02689835753392,197.0,48293.26171875
55,38,0.0,4020.0,8925.321806370135,32.73506308021899,64.0,48789.69140625
55,39,0.0,4020.0,13684.056977014068,64.92382766008095,185.0,48378.2734375
55,40,0.0,4020.0,7594.756611413569,17.83503927636277,9.0,50717.20703125
55,41,0.0,4020.0,9135.488999551777,27.846941204475122,44.0,49207.44140625
55,42,15.0,4020.0,8644.76512094507,24.272792192335157,75.0,49331.7890625
55,43,615.0,4020.0,14783.173714290228,68.23375386812664,170.0,48351.0625
55,44,0.0,4020.0,9331.672847519843,26.200904546536535,10.0,49907.484375
55,45,0.0,4020.0,8288.780388451278,23.64794096643656,16.0,49351.1953125
55,46,0.0,4020.0,9078.40831015932,22.09473934777434,8.0,50440.45703124999
55,47,0.0,4020.0,7966.800317758256,24.829802427993336,24.0,50493.20703124999
55,48,15.0,4020.0,12887.971109925937,58.77886217567246,173.0,48404.83984375
55,49,0.0,4020.0,7778.494544279365,17.86360390383242,9.0,51655.4765625
55,50,0.0,4020.0,8340.653837626902,28.703880028564626,47.0,50312.33984375001
55,51,0.0,4020.0,9716.193094048645,26.643656272316115,27.0,49853.69921875
55,52,0.0,4020.0,9165.6876543705,27.23637229231135,41.0,49541.6953125
55,53,0.0,4020.0,8356.852829874395,28.1183051654368,46.0,50293.4375
55,54,0.0,4020.0,9167.62703765128,27.846941204475122,44.0,49532.40625
55,55,0.0,4020.0,8919.971747368196,21.85551059271602,12.0,50723.7421875
55,56,0.0,4020.0,8366.502417295702,25.322542251844798,34.0,50148.9375
55,57,0.0,4020.0,8993.342815394117,32.078076648417046,60.0,49547.14453125
55,58,0.0,4020.0,8418.05793430869,27.593430135681977,45.0,49893.6953125
55,59,615.0,4020.0,14783.48275433567,68.23375386812664,170.0,48358.3515625
55,60,0.0,4020.0,7729.312223148634,18.18138538443228,10.0,51171.02343750001
55,61,15.0,4020.0,8797.187694703196,25.290407045941443,35.0,49896.30859375
55,62,0.0,4020.0,8987.731246984662,34.17757676743633,48.0,49658.44921875
55,63,285.0,5520.0,15574.381858302946,63.488455129731015,196.0,48519.046875
55,64,0.0,4020.0,9810.805378361281,25.833134967864794,24.0,49821.40624999999
55,65,0.0,4020.0,7733.716547043764,18.109973815758153,11.0,50761.87890625001
55,66,0.0,4020.0,9349.11971859248,26.3508688407522,38.0,49607.609375
55,67,0.0,4020.0,9122.46796118439,47.238752677933824,150.0,48988.03906250001
55,68,150.0,4020.0,10526.72686317267,23.101642466079504,25.0,50686.40625
55,69,0.0,2640.0,9118.17899782784,45.38205189240657,113.0,49586.28515625
55,70,0.0,4080.0,10026.86098950393,22.562485122589855,8.0,55659.17187500001
55,71,510.0,4020.0,11194.138530037031,61.28540823613425,193.0,48704.30078124999
55,72,255.0,5520.0,11721.374149508829,34.48464651273506,81.0,49035.46484375
55,73,600.0,4020.0,10527.05392261589,37.501785289216855,34.0,49560.15624999999
55,74,0.0,4020.0,8756.10800936498,42.286360390383244,118.0,49379.37890625
55,75,0.0,4020.0,8054.318353863629,35.02380385622472,95.0,50398.76953124999
55,76,630.0,4020.0,10850.963759056642,43.58962151868603,54.0,49357.32421874999
55,77,585.0,4020.0,10763.58235167783,41.6900737919543,72.0,48906.37109375
55,78,600.0,4020.0,10945.00099378985,41.87217329207331,71.0,49140.20703125
55,79,0.0,4020.0,9508.657322370425,50.45584384670317,162.0,48982.43359375
55,80,0.0,4020.0,9189.718113683812,34.870268983575336,79.0,49205.62890625
55,81,15.0,4020.0,9170.060159538898,44.07522018567008,127.0,48902.46875
55,82,0.0,4020.0,8273.08252894246,24.779814329921443,24.0,50554.5625
55,83,0.0,4020.0,8744.073251856364,47.17805284456082,129.0,49240.69921875
55,84,0.0,4020.0,9496.128035188081,40.78314686979291,115.0,49055.8671875
55,85,0.0,4020.0,8384.924884284608,24.46203284932159,15.0,50717.49218750001
55,86,0.0,4020.0,9888.416485775862,47.76719828612235,132.0,48872.13671875001
55,87,0.0,4020.0,8644.781103919084,48.53130207093549,136.0,49317.265625
55,88,0.0,4020.0,9788.441550229894,38.3837181623423,69.0,49201.77734375
55,89,570.0,4140.0,15698.097698477548,72.12925493930017,213.0,48379.9296875
55,90,210.0,4020.0,13548.585314362263,70.06903118305165,168.0,48600.99609375
55,91,0.0,4020.0,9522.570472039362,42.79695310640324,112.0,48876.16406249999
55,92,705.0,4020.0,15386.041096081804,68.65865270173768,127.0,48660.69921875
55,93,0.0,4020.0,12740.97834418531,57.57200666507974,166.0,48702.34374999999
55,94,0.0,4020.0,8469.896811537847,25.401094977386336,33.0,49976.01562499999
55,95,0.0,4020.0,8624.373323487443,22.980242799333492,27.0,50037.48828125
55,96,90.0,4020.0,12790.150696176053,43.48964532254225,91.0,49051.859375
55,97,0.0,4020.0,8952.681703939295,34.099024041894786,64.0,49810.93359375
55,98,0.0,4020.0,9850.125825828873,39.17281599619138,73.0,49156.37109374999
55,99,0.0,4020.0,8897.953980774233,26.890026184241847,21.0,50479.12499999999
55,100,0.0,4020.0,8551.278128539208,25.065460604617947,27.0,50460.39453125
55,101,0.0,4020.0,9726.07316641277,26.843608664603664,20.0,50495.71875
55,102,0.0,4020.0,10060.340983329377,54.254939300166626,116.0,48788.9140625
55,103,15.0,4020.0,9087.497121286739,27.279219233515825,40.0,49381.60546875
55,104,0.0,4020.0,8553.82057505312,21.544870268983576,23.0,50731.890625
55,105,0.0,4020.0,8413.066254688954,24.515591525827183,30.0,50506.56249999999
55,106,0.0,4020.0,8698.493824725982,31.24970245179719,73.0,49519.49609375
55,107,0.0,4020.0,8937.008905314411,45.00714115686741,139.0,49006.75390625001
55,108,0.0,4020.0,12761.253830354919,57.76481790049988,167.0,48627.7265625
55,109,0.0,4020.0,9034.392165181816,37.69459652463699,80.0,49116.28125
55,110,180.0,4020.0,12890.15049862217,49.07760057129255,87.0,48946.51171875
55,111,0.0,4020.0,9899.979913031435,58.58248036181862,149.0,48832.21484375001
55,112,30.0,4020.0,9261.165341881137,23.433706260414187,14.0,50526.07421875
55,113,0.0,4020.0,9127.736782879296,34.706022375624855,84.0,49391.44140625
55,114,0.0,4020.0,8624.004391485403,23.312306593668175,36.0,49978.60156250001
55,115,690.0,4020.0,15866.529847748032,75.24279933349203,169.0,48430.33203125
55,116,630.0,4020.0,15270.454011869762,79.99166865032136,166.0,48443.3359375
55,117,0.0,2640.0,9075.549004854427,36.23780052368484,85.0,50169.70703125
55,118,645.0,4020.0,15668.425441601503,83.31944775053559,179.0,48023.20703125
55,119,585.0,4020.0,14715.400628361404,70.81171149726255,194.0,48490.0390625
55,120,0.0,4020.0,8359.707284236318,28.828850273744344,45.0,50372.80859375
55,121,0.0,4020.0,9629.045404218657,24.619138300404664,21.0,50069.17578125001
55,122,60.0,4020.0,9271.631867551638,23.83004046655558,11.0,50467.01953125
55,123,315.0,5520.0,9999.119622852799,22.10188050464175,19.0,50782.24218750001
55,124,585.0,4020.0,11933.191164451713,52.969531064032374,137.0,48983.3125
55,125,450.0,4080.0,11406.922230657536,33.6491311592478,24.0,50170.65625
56,0,0.0,4020.0,8991.087002526532,17.910021423470603,6.0,55792.6640625
56,1,0.0,4020.0,8982.212604142507,17.938586050940252,6.0,55708.3125
56,2,0.0,5460.0,8746.849331694655,21.316353249226374,8.0,51542.03125
56,3,0.0,4020.0,8876.902730133508,17.788621756724588,16.0,55080.40234375001
56,4,0.0,4020.0,9345.301401019216,17.76719828612235,66.0,57625.92968750001
56,5,0.0,4020.0,8284.164316059843,27.279219233515825,47.0,50317.5625
56,6,0.0,4020.0,9079.520835401672,22.09473934777434,8.0,50414.125
56,7,690.0,4020.0,15768.142672208876,73.07902880266603,158.0,47926.87109375
56,8,0.0,4020.0,7915.324227811037,21.416329445370152,26.0,50683.31249999999
56,9,690.0,4020.0,15697.270706368807,74.35372530349916,159.0,47786.30078125
56,10,0.0,4020.0,7795.197961404234,22.19828612235182,24.0,50615.17578125
56,11,660.0,4020.0,15472.253673223047,79.01690073791954,170.0,47773.96093749999
56,12,0.0,4020.0,9777.790209029685,24.565579623899072,12.0,50141.73828125
56,13,0.0,2640.0,8669.978365300061,34.00618900261843,57.0,49548.17187500001
56,14,0.0,4020.0,8374.310466528059,21.39490597476791,27.0,49936.140625
56,15,510.0,4020.0,11260.726464268188,62.69935729588193,200.0,48551.51171875
56,16,315.0,5520.0,16082.688550228886,66.08783622946918,203.0,48040.70703125
56,17,210.0,4020.0,13110.618025808766,55.91168769340633,103.0,48774.42187499999
56,18,690.0,4020.0,14832.16531417417,62.76005712925494,110.0,48369.53515625
56,19,0.0,4020.0,8616.081816641989,23.312306593668175,36.0,49926.94140625
56,20,15.0,4020.0,8730.961738544736,25.315401094977386,24.0,49234.66015625
56,21,0.0,4020.0,8026.626746404986,34.434658414663176,92.0,50105.8515625
56,22,0.0,4020.0,8644.42097419593,33.16710307069745,53.0,49230.328125
56,23,0.0,4020.0,8384.282282759172,20.984289454891695,13.0,50112.3046875
56,24,0.0,4020.0,8240.673701180573,21.780528445608187,21.0,50443.625
56,25,60.0,4020.0,9097.26757273951,23.73363484884551,11.0,50227.04687500001
56,26,15.0,4020.0,13023.362295328872,56.21161628183766,164.0,48563.62109374999
56,27,585.0,4020.0,12047.750437910345,53.56938824089502,141.0,48509.60546875001
56,28,690.0,4020.0,15768.24975548172,73.07902880266603,158.0,47921.390625
56,29,645.0,4020.0,15589.107628413152,81.87693406331826,172.0,47802.6171875
56,30,0.0,4020.0,9449.729477885292,41.82932635086884,112.0,48599.03125
56,31,60.0,4020.0,9345.678941703674,23.590811711497263,11.0,50412.93359375
56,32,0.0,4020.0,8925.321806370135,32.73506308021899,64.0,48789.69140625
56,33,0.0,4020.0,7594.756611413569,17.83503927636277,9.0,50717.20703125
56,34,0.0,4020.0,9135.488999551777,27.846941204475122,44.0,49207.44140625
56,35,15.0,4020.0,8644.76512094507,24.272792192335157,75.0,49331.7890625
56,36,0.0,4020.0,9331.672847519843,26.200904546536535,10.0,49907.484375
56,37,0.0,4020.0,8288.780388451278,23.64794096643656,16.0,49351.1953125
56,38,0.0,4020.0,9078.40831015932,22.09473934777434,8.0,50440.45703124999
56,39,15.0,4020.0,12887.971109925937,58.77886217567246,173.0,48404.83984375
56,40,0.0,4020.0,8800.68449465168,33.44203761009283,50.0,49105.37500000001
56,41,705.0,4020.0,14951.071276075374,62.13520590335634,101.0,48242.75390625
56,42,690.0,4020.0,15122.11516248645,74.22875505831945,157.0,47953.65625
56,43,525.0,4020.0,12184.894807565059,57.286360390383244,153.0,48246.64453125
56,44,0.0,4020.0,7783.065593513513,22.787431563913355,15.0,50429.67578125
56,45,690.0,4020.0,15789.75876271083,74.87860033325398,162.0,47668.14453125
56,46,720.0,4020.0,14700.431924787586,74.42156629373959,165.0,48224.84765625
56,47,0.0,4020.0,7809.411577586345,31.196143775291596,76.0,50393.43750000001
56,48,0.0,4020.0,8774.76998999743,30.021423470602237,43.0,49185.05859375
56,49,0.0,4020.0,13611.896618846113,64.6238990716496,183.0,48065.15234375
56,50,240.0,5520.0,12542.319112442528,51.23422994525113,152.0,48453.7421875
56,51,0.0,4020.0,8639.382219404422,23.31587717210188,36.0,49874.21484375
56,52,615.0,4020.0,15540.49190001281,80.10949773863366,172.0,48013.38671875
56,53,0.0,4020.0,13182.042858884906,61.96738871697215,135.0,48359.9609375
56,54,0.0,4020.0,8937.008905314411,45.00714115686741,139.0,49006.75390625001
56,55,0.0,4020.0,7966.800317758256,24.829802427993336,24.0,50493.20703124999
56,56,555.0,4020.0,10826.472735833315,44.89288264698881,69.0,49166.19921875
56,57,630.0,4020.0,10850.963759056642,43.58962151868603,54.0,49357.32421874999
56,58,0.0,2640.0,9118.17899782784,45.38205189240657,113.0,49586.28515625
56,59,150.0,4020.0,10526.72686317267,23.101642466079504,25.0,50686.40625
56,60,600.0,4080.0,11267.858284254216,36.25565341585337,46.0,49366.8203125
56,61,15.0,4020.0,9087.497121286739,27.279219233515825,40.0,49381.60546875
56,62,600.0,4080.0,11315.670463837876,37.837419661985244,54.0,49173.67578125
56,63,0.0,2640.0,9075.549004854427,36.23780052368484,85.0,50169.70703125
56,64,600.0,4020.0,10945.00099378985,41.87217329207331,71.0,49140.20703125
56,65,0.0,4020.0,8416.446436089049,25.340395144013335,27.0,50321.31640625
56,66,0.0,4020.0,9190.408706478189,41.072363722923114,125.0,49046.53125
56,67,510.0,4020.0,11194.138530037031,61.28540823613425,193.0,48704.30078124999
56,68,0.0,4020.0,7733.716547043764,18.109973815758153,11.0,50761.87890625001
56,69,0.0,4020.0,8054.318353863629,35.02380385622472,95.0,50398.76953124999
56,70,0.0,4080.0,10026.86098950393,22.562485122589855,8.0,55659.17187500001
56,71,255.0,5520.0,11721.374149508829,34.48464651273506,81.0,49035.46484375
56,72,0.0,4020.0,9122.46796118439,47.238752677933824,150.0,48988.03906250001
56,73,600.0,4020.0,10527.05392261589,37.501785289216855,34.0,49560.15624999999
56,74,0.0,4020.0,8551.278128539208,25.065460604617947,27.0,50460.39453125
56,75,585.0,4020.0,10763.58235167783,41.6900737919543,72.0,48906.37109375
56,76,0.0,4020.0,7778.494544279365,17.86360390383242,9.0,51655.4765625
56,77,0.0,4020.0,8273.08252894246,24.779814329921443,24.0,50554.5625
56,78,0.0,4020.0,8756.10800936498,42.286360390383244,118.0,49379.37890625
56,79,0.0,4020.0,8644.781103919084,48.53130207093549,136.0,49317.265625
56,80,0.0,4020.0,8682.559266149308,32.2208997857653,49.0,49880.01171875
56,81,0.0,4020.0,7729.312223148634,18.18138538443228,10.0,51171.02343750001
56,82,0.0,4020.0,8944.157468809022,31.528207569626275,60.0,49599.34375
56,83,15.0,4020.0,9170.060159538898,44.07522018567008,127.0,48902.46875
56,84,0.0,4020.0,8384.924884284608,24.46203284932159,15.0,50717.49218750001
56,85,0.0,4020.0,8828.605298211456,37.85527255415377,97.0,49214.08984375
56,86,0.0,4020.0,8744.073251856364,47.17805284456082,129.0,49240.69921875
56,87,0.0,4020.0,8993.342815394117,32.078076648417046,60.0,49547.14453125
56,88,0.0,4020.0,8340.653837626902,28.703880028564626,47.0,50312.33984375001
56,89,0.0,4020.0,9127.736782879296,34.706022375624855,84.0,49391.44140625
56,90,0.0,4020.0,9596.53022233128,24.312068555105927,18.0,49775.4765625
56,91,60.0,4020.0,9271.631867551638,23.83004046655558,11.0,50467.01953125
56,92,0.0,4020.0,12761.253830354919,57.76481790049988,167.0,48627.7265625
56,93,0.0,4020.0,9034.392165181816,37.69459652463699,80.0,49116.28125
56,94,0.0,4020.0,8469.896811537847,25.401094977386336,33.0,49976.01562499999
56,95,0.0,4020.0,9165.6876543705,27.23637229231135,41.0,49541.6953125
56,96,0.0,4020.0,8366.502417295702,25.322542251844798,34.0,50148.9375
56,97,210.0,4020.0,13548.585314362263,70.06903118305165,168.0,48600.99609375
56,98,0.0,4020.0,8698.493824725982,31.24970245179719,73.0,49519.49609375
56,99,0.0,4020.0,13684.056977014068,64.92382766008095,185.0,48378.2734375
56,100,0.0,4020.0,9349.11971859248,26.3508688407522,38.0,49607.609375
56,101,0.0,4020.0,8385.113142712964,31.8816948345632,63.0,49396.16796875
56,102,0.0,4020.0,8361.155043012293,25.36181861461557,39.0,50351.6953125
56,103,0.0,4020.0,9496.128035188081,40.78314686979291,115.0,49055.8671875
56,104,0.0,4020.0,8919.971747368196,21.85551059271602,12.0,50723.7421875
56,105,0.0,4020.0,8359.707284236318,28.828850273744344,45.0,50372.80859375
56,106,30.0,4020.0,9261.165341881137,23.433706260414187,14.0,50526.07421875
56,107,0.0,4020.0,9167.62703765128,27.846941204475122,44.0,49532.40625
56,108,0.0,4020.0,12740.97834418531,57.57200666507974,166.0,48702.34374999999
56,109,615.0,4020.0,14636.911798151861,66.56986431801953,162.0,48428.51171875
56,110,0.0,4020.0,8418.05793430869,27.593430135681977,45.0,49893.6953125
56,111,180.0,4020.0,12890.15049862217,49.07760057129255,87.0,48946.51171875
56,112,0.0,4020.0,8897.953980774233,26.890026184241847,21.0,50479.12499999999
56,113,705.0,4020.0,15386.041096081804,68.65865270173768,127.0,48660.69921875
56,114,0.0,4020.0,8553.82057505312,21.544870268983576,23.0,50731.890625
56,115,0.0,4020.0,10060.340983329377,54.254939300166626,116.0,48788.9140625
56,116,0.0,4020.0,8688.339689815248,24.276362770768866,34.0,49697.375
56,117,0.0,4020.0,8856.491752868238,30.046417519638183,44.0,49634.44921875001
56,118,0.0,4020.0,8624.373323487443,22.980242799333492,27.0,50037.48828125
56,119,210.0,4020.0,13585.092644389679,69.88336110449893,167.0,48457.28906250001
56,120,690.0,4020.0,15294.822507742429,96.96619852416093,195.0,48344.51953125001
56,121,615.0,4020.0,14562.797705972778,68.56581766246131,167.0,48363.94921875001
56,122,0.0,4020.0,9888.416485775862,47.76719828612235,132.0,48872.13671875001
56,123,0.0,4020.0,8356.852829874395,28.1183051654368,46.0,50293.4375
56,124,0.0,4020.0,9899.979913031435,58.58248036181862,149.0,48832.21484375001
56,125,0.0,4020.0,8624.004391485403,23.312306593668175,36.0,49978.60156250001
57,0,0.0,4020.0,8991.087002526532,17.910021423470603,6.0,55792.6640625
57,1,0.0,4020.0,8982.212604142507,17.938586050940252,6.0,55708.3125
57,2,0.0,5460.0,8746.849331694655,21.316353249226374,8.0,51542.03125
57,3,0.0,4020.0,8876.902730133508,17.788621756724588,16.0,55080.40234375001
57,4,0.0,4020.0,9345.301401019216,17.76719828612235,66.0,57625.92968750001
57,5,0.0,4020.0,8284.164316059843,27.279219233515825,47.0,50317.5625
57,6,0.0,4020.0,9079.520835401672,22.09473934777434,8.0,50414.125
57,7,690.0,4020.0,15768.142672208876,73.07902880266603,158.0,47926.87109375
57,8,0.0,4020.0,7915.324227811037,21.416329445370152,26.0,50683.31249999999
57,9,690.0,4020.0,15697.270706368807,74.35372530349916,159.0,47786.30078125
57,10,0.0,4020.0,7795.197961404234,22.19828612235182,24.0,50615.17578125
57,11,660.0,4020.0,15472.253673223047,79.01690073791954,170.0,47773.96093749999
57,12,0.0,4020.0,9777.790209029685,24.565579623899072,12.0,50141.73828125
57,13,0.0,2640.0,8669.978365300061,34.00618900261843,57.0,49548.17187500001
57,14,0.0,4020.0,8374.310466528059,21.39490597476791,27.0,49936.140625
57,15,510.0,4020.0,11260.726464268188,62.69935729588193,200.0,48551.51171875
57,16,315.0,5520.0,16082.688550228886,66.08783622946918,203.0,48040.70703125
57,17,690.0,4020.0,14832.16531417417,62.76005712925494,110.0,48369.53515625
57,18,0.0,4020.0,8616.081816641989,23.312306593668175,36.0,49926.94140625
57,19,0.0,4020.0,8026.626746404986,34.434658414663176,92.0,50105.8515625
57,20,0.0,4020.0,8384.282282759172,20.984289454891695,13.0,50112.3046875
57,21,0.0,4020.0,8240.673701180573,21.780528445608187,21.0,50443.625
57,22,60.0,4020.0,9097.26757273951,23.73363484884551,11.0,50227.04687500001
57,23,15.0,4020.0,13023.362295328872,56.21161628183766,164.0,48563.62109374999
57,24,585.0,4020.0,12047.750437910345,53.56938824089502,141.0,48509.60546875001
57,25,690.0,4020.0,15768.24975548172,73.07902880266603,158.0,47921.390625
57,26,645.0,4020.0,15589.107628413152,81.87693406331826,172.0,47802.6171875
57,27,0.0,4020.0,9449.729477885292,41.82932635086884,112.0,48599.03125
57,28,60.0,4020.0,9345.678941703674,23.590811711497263,11.0,50412.93359375
57,29,0.0,4020.0,8925.321806370135,32.73506308021899,64.0,48789.69140625
57,30,0.0,4020.0,7594.756611413569,17.83503927636277,9.0,50717.20703125
57,31,15.0,4020.0,8644.76512094507,24.272792192335157,75.0,49331.7890625
57,32,0.0,4020.0,9331.672847519843,26.200904546536535,10.0,49907.484375
57,33,0.0,4020.0,8288.780388451278,23.64794096643656,16.0,49351.1953125
57,34,0.0,4020.0,9078.40831015932,22.09473934777434,8.0,50440.45703124999
57,35,15.0,4020.0,12887.971109925937,58.77886217567246,173.0,48404.83984375
57,36,0.0,4020.0,8800.68449465168,33.44203761009283,50.0,49105.37500000001
57,37,705.0,4020.0,14951.071276075374,62.13520590335634,101.0,48242.75390625
57,38,690.0,4020.0,15122.11516248645,74.22875505831945,157.0,47953.65625
57,39,525.0,4020.0,12184.894807565059,57.286360390383244,153.0,48246.64453125
57,40,0.0,4020.0,7783.065593513513,22.787431563913355,15.0,50429.67578125
57,41,690.0,4020.0,15789.75876271083,74.87860033325398,162.0,47668.14453125
57,42,0.0,4020.0,7809.411577586345,31.196143775291596,76.0,50393.43750000001
57,43,0.0,4020.0,13611.896618846113,64.6238990716496,183.0,48065.15234375
57,44,240.0,5520.0,12542.319112442528,51.23422994525113,152.0,48453.7421875
57,45,0.0,4020.0,8639.382219404422,23.31587717210188,36.0,49874.21484375
57,46,615.0,4020.0,15540.49190001281,80.10949773863366,172.0,48013.38671875
57,47,0.0,4020.0,13182.042858884906,61.96738871697215,135.0,48359.9609375
57,48,615.0,4020.0,12713.660969703833,50.22375624851226,81.0,48511.17578124999
57,49,0.0,4020.0,8677.025709468018,23.544394191859084,37.0,49632.36328124999
57,50,0.0,4020.0,9194.980657858505,34.92739823851464,56.0,48735.828125
57,51,0.0,4020.0,13356.786823096634,64.93453939538205,185.0,48164.25390625
57,52,0.0,4020.0,10359.9856240777,41.275886693644374,112.0,48601.640625
57,53,690.0,4020.0,15797.230899877191,75.08569388240895,163.0,47520.21484375
57,54,0.0,4020.0,8351.103886640414,24.78695548678886,18.0,49110.1640625
57,55,0.0,4020.0,13278.453082755426,62.84932159009759,137.0,48176.1796875
57,56,0.0,4020.0,8922.570528471344,21.859081171149725,12.0,50684.5078125
57,57,600.0,4080.0,11315.670463837876,37.837419661985244,54.0,49173.67578125
57,58,0.0,2640.0,9118.17899782784,45.38205189240657,113.0,49586.28515625
57,59,0.0,4020.0,8311.920087439132,25.47964770292787,25.0,49643.75390625
57,60,0.0,4020.0,9135.488999551777,27.846941204475122,44.0,49207.44140625
57,61,0.0,4020.0,8937.008905314411,45.00714115686741,139.0,49006.75390625001
57,62,255.0,5520.0,11721.374149508829,34.48464651273506,81.0,49035.46484375
57,63,510.0,4020.0,11194.138530037031,61.28540823613425,193.0,48704.30078124999
57,64,585.0,4020.0,10763.58235167783,41.6900737919543,72.0,48906.37109375
57,65,0.0,4020.0,9122.46796118439,47.238752677933824,150.0,48988.03906250001
57,66,0.0,2640.0,9075.549004854427,36.23780052368484,85.0,50169.70703125
57,67,0.0,4020.0,8551.278128539208,25.065460604617947,27.0,50460.39453125
57,68,600.0,4020.0,10945.00099378985,41.87217329207331,71.0,49140.20703125
57,69,0.0,4020.0,8054.318353863629,35.02380385622472,95.0,50398.76953124999
57,70,0.0,4020.0,8273.08252894246,24.779814329921443,24.0,50554.5625
57,71,15.0,4020.0,9170.060159538898,44.07522018567008,127.0,48902.46875
57,72,555.0,4020.0,10826.472735833315,44.89288264698881,69.0,49166.19921875
57,73,0.0,4020.0,7729.312223148634,18.18138538443228,10.0,51171.02343750001
57,74,0.0,4020.0,7778.494544279365,17.86360390383242,9.0,51655.4765625
57,75,0.0,4020.0,9190.408706478189,41.072363722923114,125.0,49046.53125
57,76,0.0,4080.0,10026.86098950393,22.562485122589855,8.0,55659.17187500001
57,77,0.0,4020.0,7966.800317758256,24.829802427993336,24.0,50493.20703124999
57,78,0.0,4020.0,8644.42097419593,33.16710307069745,53.0,49230.328125
57,79,0.0,4020.0,8302.186955367593,38.77291121161628,95.0,49910.69140625001
57,80,0.0,4020.0,7733.716547043764,18.109973815758153,11.0,50761.87890625001
57,81,0.0,4020.0,8273.139401003917,24.57629135920019,23.0,50672.45312499999
57,82,0.0,4020.0,8950.960773749837,34.92739823851464,90.0,49167.05859375
57,83,0.0,4020.0,8698.493824725982,31.24970245179719,73.0,49519.49609375
57,84,0.0,4020.0,8416.446436089049,25.340395144013335,27.0,50321.31640625
57,85,0.0,4020.0,9034.392165181816,37.69459652463699,80.0,49116.28125
57,86,0.0,4020.0,8384.924884284608,24.46203284932159,15.0,50717.49218750001
57,87,0.0,4020.0,8774.76998999743,30.021423470602237,43.0,49185.05859375
57,88,0.0,4020.0,8919.971747368196,21.85551059271602,12.0,50723.7421875
57,89,0.0,4020.0,8802.016672261037,28.168293263508687,49.0,49314.27734375
57,90,0.0,4020.0,8725.893918092232,25.261842418471794,29.0,49319.72265625
57,91,0.0,4020.0,8529.2902244175,26.400856938824084,48.0,49603.46484375
57,92,0.0,4020.0,8385.113142712964,31.8816948345632,63.0,49396.16796875
57,93,0.0,4020.0,8180.915425483999,23.969293025470126,30.0,50499.33203125
57,94,60.0,4020.0,9271.631867551638,23.83004046655558,11.0,50467.01953125
57,95,0.0,4020.0,8761.04608021298,22.794572720780767,31.0,50489.67968750001
57,96,0.0,4020.0,8494.197589810066,23.558676505593905,30.0,50438.5078125
57,97,0.0,4020.0,9496.128035188081,40.78314686979291,115.0,49055.8671875
57,98,0.0,4020.0,9888.416485775862,47.76719828612235,132.0,48872.13671875001
57,99,0.0,4020.0,8624.004391485403,23.312306593668175,36.0,49978.60156250001
57,100,0.0,4020.0,8781.66237062656,21.648417043561057,21.0,50565.7265625
57,101,15.0,4020.0,8730.961738544736,25.315401094977386,24.0,49234.66015625
57,102,210.0,4020.0,13110.618025808766,55.91168769340633,103.0,48774.42187499999
57,103,0.0,4020.0,8469.896811537847,25.401094977386336,33.0,49976.01562499999
57,104,0.0,4020.0,12761.253830354919,57.76481790049988,167.0,48627.7265625
57,105,0.0,4020.0,8897.953980774233,26.890026184241847,21.0,50479.12499999999
57,106,0.0,4020.0,8361.155043012293,25.36181861461557,39.0,50351.6953125
57,107,615.0,4020.0,14562.797705972778,68.56581766246131,167.0,48363.94921875001
57,108,720.0,4020.0,14700.431924787586,74.42156629373959,165.0,48224.84765625
57,109,0.0,4020.0,8168.718276220337,27.814805998571764,43.0,50448.96484375001
57,110,30.0,4020.0,9261.165341881137,23.433706260414187,14.0,50526.07421875
57,111,210.0,4020.0,13548.585314362263,70.06903118305165,168.0,48600.99609375
57,112,0.0,4020.0,9899.979913031435,58.58248036181862,149.0,48832.21484375001
57,113,0.0,4020.0,8366.502417295702,25.322542251844798,34.0,50148.9375
57,114,0.0,4020.0,8624.373323487443,22.980242799333492,27.0,50037.48828125
57,115,615.0,4020.0,15261.868075527123,81.102118543204,184.0,48146.3984375
57,116,615.0,4020.0,14636.911798151861,66.56986431801953,162.0,48428.51171875
57,117,0.0,4020.0,8553.82057505312,21.544870268983576,23.0,50731.890625
57,118,240.0,5520.0,15993.5248293353,68.46941204475125,211.0,48127.8828125
57,119,0.0,4020.0,8688.339689815248,24.276362770768866,34.0,49697.375
57,120,0.0,4020.0,9596.53022233128,24.312068555105927,18.0,49775.4765625
57,121,210.0,4020.0,13585.092644389679,69.88336110449893,167.0,48457.28906250001
57,122,705.0,4020.0,15386.041096081804,68.65865270173768,127.0,48660.69921875
57,123,0.0,4020.0,10060.340983329377,54.254939300166626,116.0,48788.9140625
57,124,585.0,4020.0,12602.538427892978,70.69031183051656,178.0,48283.87109375
57,125,0.0,4020.0,9565.14665226129,41.01523446798382,108.0,48965.79296874999
58,0,0.0,4020.0,8991.087002526532,17.910021423470603,6.0,55792.6640625
58,1,0.0,4020.0,8982.212604142507,17.938586050940252,6.0,55708.3125
58,2,0.0,5460.0,8746.849331694655,21.316353249226374,8.0,51542.03125
58,3,0.0,4020.0,8876.902730133508,17.788621756724588,16.0,55080.40234375001
58,4,0.0,4020.0,9345.301401019216,17.76719828612235,66.0,57625.92968750001
58,5,0.0,4020.0,8284.164316059843,27.279219233515825,47.0,50317.5625
58,6,0.0,4020.0,9079.520835401672,22.09473934777434,8.0,50414.125
58,7,690.0,4020.0,15768.142672208876,73.07902880266603,158.0,47926.87109375
58,8,0.0,4020.0,7915.324227811037,21.416329445370152,26.0,50683.31249999999
58,9,690.0,4020.0,15697.270706368807,74.35372530349916,159.0,47786.30078125
58,10,0.0,4020.0,7795.197961404234,22.19828612235182,24.0,50615.17578125
58,11,660.0,4020.0,15472.253673223047,79.01690073791954,170.0,47773.96093749999
58,12,0.0,4020.0,9777.790209029685,24.565579623899072,12.0,50141.73828125
58,13,0.0,2640.0,8669.978365300061,34.00618900261843,57.0,49548.17187500001
58,14,0.0,4020.0,8374.310466528059,21.39490597476791,27.0,49936.140625
58,15,510.0,4020.0,11260.726464268188,62.69935729588193,200.0,48551.51171875
58,16,315.0,5520.0,16082.688550228886,66.08783622946918,203.0,48040.70703125
58,17,690.0,4020.0,14832.16531417417,62.76005712925494,110.0,48369.53515625
58,18,0.0,4020.0,8616.081816641989,23.312306593668175,36.0,49926.94140625
58,19,0.0,4020.0,8026.626746404986,34.434658414663176,92.0,50105.8515625
58,20,0.0,4020.0,8384.282282759172,20.984289454891695,13.0,50112.3046875
58,21,0.0,4020.0,8240.673701180573,21.780528445608187,21.0,50443.625
58,22,60.0,4020.0,9097.26757273951,23.73363484884551,11.0,50227.04687500001
58,23,15.0,4020.0,13023.362295328872,56.21161628183766,164.0,48563.62109374999
58,24,585.0,4020.0,12047.750437910345,53.56938824089502,141.0,48509.60546875001
58,25,690.0,4020.0,15768.24975548172,73.07902880266603,158.0,47921.390625
58,26,645.0,4020.0,15589.107628413152,81.87693406331826,172.0,47802.6171875
58,27,0.0,4020.0,9449.729477885292,41.82932635086884,112.0,48599.03125
58,28,60.0,4020.0,9345.678941703674,23.590811711497263,11.0,50412.93359375
58,29,0.0,4020.0,8925.321806370135,32.73506308021899,64.0,48789.69140625
58,30,0.0,4020.0,7594.756611413569,17.83503927636277,9.0,50717.20703125
58,31,15.0,4020.0,8644.76512094507,24.272792192335157,75.0,49331.7890625
58,32,0.0,4020.0,9331.672847519843,26.200904546536535,10.0,49907.484375
58,33,0.0,4020.0,8288.780388451278,23.64794096643656,16.0,49351.1953125
58,34,0.0,4020.0,9078.40831015932,22.09473934777434,8.0,50440.45703124999
58,35,15.0,4020.0,12887.971109925937,58.77886217567246,173.0,48404.83984375
58,36,0.0,4020.0,8800.68449465168,33.44203761009283,50.0,49105.37500000001
58,37,705.0,4020.0,14951.071276075374,62.13520590335634,101.0,48242.75390625
58,38,690.0,4020.0,15122.11516248645,74.22875505831945,157.0,47953.65625
58,39,525.0,4020.0,12184.894807565059,57.286360390383244,153.0,48246.64453125
58,40,0.0,4020.0,7783.065593513513,22.787431563913355,15.0,50429.67578125
58,41,690.0,4020.0,15789.75876271083,74.87860033325398,162.0,47668.14453125
58,42,0.0,4020.0,7809.411577586345,31.196143775291596,76.0,50393.43750000001
58,43,0.0,4020.0,13611.896618846113,64.6238990716496,183.0,48065.15234375
58,44,240.0,5520.0,12542.319112442528,51.23422994525113,152.0,48453.7421875
58,45,0.0,4020.0,8639.382219404422,23.31587717210188,36.0,49874.21484375
58,46,615.0,4020.0,15540.49190001281,80.10949773863366,172.0,48013.38671875
58,47,0.0,4020.0,13182.042858884906,61.96738871697215,135.0,48359.9609375
58,48,615.0,4020.0,12713.660969703833,50.22375624851226,81.0,48511.17578124999
58,49,0.0,4020.0,8677.025709468018,23.544394191859084,37.0,49632.36328124999
58,50,0.0,4020.0,9194.980657858505,34.92739823851464,56.0,48735.828125
58,51,0.0,4020.0,13356.786823096634,64.93453939538205,185.0,48164.25390625
58,52,0.0,4020.0,10359.9856240777,41.275886693644374,112.0,48601.640625
58,53,690.0,4020.0,15797.230899877191,75.08569388240895,163.0,47520.21484375
58,54,0.0,4020.0,8351.103886640414,24.78695548678886,18.0,49110.1640625
58,55,0.0,4020.0,13278.453082755426,62.84932159009759,137.0,48176.1796875
58,56,0.0,4020.0,8922.570528471344,21.859081171149725,12.0,50684.5078125
58,57,525.0,4020.0,12225.395858210155,56.56867412520828,148.0,48328.203125
58,58,0.0,4020.0,8358.172139625924,21.616281837657702,15.0,50650.5859375
58,59,510.0,4020.0,11732.852617883022,71.03308736015235,165.0,48388.22265625
58,60,0.0,4020.0,8001.032486151654,22.22685074982147,13.0,50439.68359375
58,61,0.0,4020.0,12590.090302544275,60.1142585098786,179.0,48372.95312499999
58,62,0.0,4020.0,9241.499971041743,36.19852416091407,61.0,48663.38671875
58,63,30.0,4020.0,13001.219722771832,56.75791478219471,165.0,48454.80468749999
58,64,585.0,4020.0,12673.426857710394,71.52939776243751,182.0,48241.4375
58,65,0.0,2640.0,9105.242313576982,45.49631040228517,112.0,49899.12890625001
58,66,0.0,4020.0,9135.488999551777,27.846941204475122,44.0,49207.44140625
58,67,0.0,4020.0,8311.920087439132,25.47964770292787,25.0,49643.75390625
58,68,0.0,4020.0,8937.008905314411,45.00714115686741,139.0,49006.75390625001
58,69,600.0,4080.0,11315.670463837876,37.837419661985244,54.0,49173.67578125
58,70,0.0,4020.0,8479.304322487269,28.057605332063794,34.0,49265.69921874999
58,71,0.0,2640.0,9075.549004854427,36.23780052368484,85.0,50169.70703125
58,72,555.0,4020.0,10826.472735833315,44.89288264698881,69.0,49166.19921875
58,73,0.0,2640.0,9118.17899782784,45.38205189240657,113.0,49586.28515625
58,74,255.0,5520.0,11721.374149508829,34.48464651273506,81.0,49035.46484375
58,75,0.0,4020.0,9190.408706478189,41.072363722923114,125.0,49046.53125
58,76,600.0,4020.0,10945.00099378985,41.87217329207331,71.0,49140.20703125
58,77,0.0,4020.0,8416.446436089049,25.340395144013335,27.0,50321.31640625
58,78,585.0,4020.0,10763.58235167783,41.6900737919543,72.0,48906.37109375
58,79,0.0,4020.0,9030.432650180253,45.84979766722209,116.0,48869.15625000001
58,80,0.0,4020.0,8054.318353863629,35.02380385622472,95.0,50398.76953124999
58,81,0.0,4020.0,8384.924884284608,24.46203284932159,15.0,50717.49218750001
58,82,0.0,4020.0,7733.716547043764,18.109973815758153,11.0,50761.87890625001
58,83,0.0,4020.0,8213.80033990772,35.784337062604145,97.0,50313.01171875
58,84,0.0,4080.0,10026.86098950393,22.562485122589855,8.0,55659.17187500001
58,85,15.0,4020.0,9170.060159538898,44.07522018567008,127.0,48902.46875
58,86,0.0,4020.0,7729.312223148634,18.18138538443228,10.0,51171.02343750001
58,87,0.0,4020.0,8273.08252894246,24.779814329921443,24.0,50554.5625
58,88,0.0,4020.0,8644.42097419593,33.16710307069745,53.0,49230.328125
58,89,0.0,4020.0,8302.186955367593,38.77291121161628,95.0,49910.69140625001
58,90,0.0,4020.0,8273.139401003917,24.57629135920019,23.0,50672.45312499999
58,91,0.0,4020.0,7778.494544279365,17.86360390383242,9.0,51655.4765625
58,92,0.0,4020.0,8406.525847173178,32.278029040704595,65.0,49200.82421875001
58,93,0.0,4020.0,8774.76998999743,30.021423470602237,43.0,49185.05859375
58,94,0.0,4020.0,8551.278128539208,25.065460604617947,27.0,50460.39453125
58,95,0.0,4020.0,7723.574919680022,19.184717924303737,15.0,51322.15625
58,96,0.0,4020.0,8385.113142712964,31.8816948345632,63.0,49396.16796875
58,97,0.0,4020.0,7966.800317758256,24.829802427993336,24.0,50493.20703124999
58,98,0.0,4020.0,8553.82057505312,21.544870268983576,23.0,50731.890625
58,99,0.0,4020.0,8168.718276220337,27.814805998571764,43.0,50448.96484375001
58,100,0.0,4020.0,8950.960773749837,34.92739823851464,90.0,49167.05859375
58,101,0.0,4020.0,9596.53022233128,24.312068555105927,18.0,49775.4765625
58,102,0.0,4020.0,8361.155043012293,25.36181861461557,39.0,50351.6953125
58,103,0.0,4020.0,9034.392165181816,37.69459652463699,80.0,49116.28125
58,104,0.0,4020.0,8761.04608021298,22.794572720780767,31.0,50489.67968750001
58,105,0.0,4020.0,8624.004391485403,23.312306593668175,36.0,49978.60156250001
58,106,0.0,4020.0,8688.339689815248,24.276362770768866,34.0,49697.375
58,107,30.0,4020.0,9261.165341881137,23.433706260414187,14.0,50526.07421875
58,108,0.0,4020.0,8919.971747368196,21.85551059271602,12.0,50723.7421875
58,109,0.0,4020.0,8180.915425483999,23.969293025470126,30.0,50499.33203125
58,110,240.0,5520.0,15993.5248293353,68.46941204475125,211.0,48127.8828125
58,111,0.0,4020.0,8168.718276220337,27.814805998571764,43.0,50448.96484375001
58,112,15.0,4020.0,8730.961738544736,25.315401094977386,24.0,49234.66015625
58,113,0.0,4020.0,10060.340983329377,54.254939300166626,116.0,48788.9140625
58,114,0.0,4020.0,8725.893918092232,25.261842418471794,29.0,49319.72265625
58,115,0.0,4020.0,8469.896811537847,25.401094977386336,33.0,49976.01562499999
58,116,0.0,4020.0,8897.953980774233,26.890026184241847,21.0,50479.12499999999
58,117,0.0,4020.0,9496.128035188081,40.78314686979291,115.0,49055.8671875
58,118,0.0,4020.0,8529.2902244175,26.400856938824084,48.0,49603.46484375
58,119,0.0,4020.0,8624.373323487443,22.980242799333492,27.0,50037.48828125
58,120,0.0,4020.0,9899.979913031435,58.58248036181862,149.0,48832.21484375001
58,121,0.0,4020.0,8366.502417295702,25.322542251844798,34.0,50148.9375
58,122,720.0,4020.0,14700.431924787586,74.42156629373959,165.0,48224.84765625
58,123,0.0,4020.0,9565.14665226129,41.01523446798382,108.0,48965.79296874999
58,124,60.0,4020.0,9245.15920661978,23.81218757438705,11.0,50364.3046875
58,125,0.0,4020.0,8494.197589810066,23.558676505593905,30.0,50438.5078125
59,0,0.0,4020.0,8991.087002526532,17.910021423470603,6.0,55792.6640625
59,1,0.0,4020.0,8982.212604142507,17.938586050940252,6.0,55708.3125
59,2,0.0,5460.0,8746.849331694655,21.316353249226374,8.0,51542.03125
59,3,0.0,4020.0,8876.902730133508,17.788621756724588,16.0,55080.40234375001
59,4,0.0,4020.0,9345.301401019216,17.76719828612235,66.0,57625.92968750001
59,5,0.0,4020.0,9079.520835401672,22.09473934777434,8.0,50414.125
59,6,690.0,4020.0,15768.142672208876,73.07902880266603,158.0,47926.87109375
59,7,0.0,4020.0,7915.324227811037,21.416329445370152,26.0,50683.31249999999
59,8,690.0,4020.0,15697.270706368807,74.35372530349916,159.0,47786.30078125
59,9,0.0,4020.0,7795.197961404234,22.19828612235182,24.0,50615.17578125
59,10,660.0,4020.0,15472.253673223047,79.01690073791954,170.0,47773.96093749999
59,11,0.0,4020.0,9777.790209029685,24.565579623899072,12.0,50141.73828125
59,12,0.0,2640.0,8669.978365300061,34.00618900261843,57.0,49548.17187500001
59,13,0.0,4020.0,8374.310466528059,21.39490597476791,27.0,49936.140625
59,14,510.0,4020.0,11260.726464268188,62.69935729588193,200.0,48551.51171875
59,15,315.0,5520.0,16082.688550228886,66.08783622946918,203.0,48040.70703125
59,16,690.0,4020.0,14832.16531417417,62.76005712925494,110.0,48369.53515625
59,17,0.0,4020.0,8616.081816641989,23.312306593668175,36.0,49926.94140625
59,18,0.0,4020.0,8026.626746404986,34.434658414663176,92.0,50105.8515625
59,19,0.0,4020.0,8384.282282759172,20.984289454891695,13.0,50112.3046875
59,20,0.0,4020.0,8240.673701180573,21.780528445608187,21.0,50443.625
59,21,60.0,4020.0,9097.26757273951,23.73363484884551,11.0,50227.04687500001
59,22,15.0,4020.0,13023.362295328872,56.21161628183766,164.0,48563.62109374999
59,23,585.0,4020.0,12047.750437910345,53.56938824089502,141.0,48509.60546875001
59,24,690.0,4020.0,15768.24975548172,73.07902880266603,158.0,47921.390625
59,25,0.0,4020.0,9449.729477885292,41.82932635086884,112.0,48599.03125
59,26,60.0,4020.0,9345.678941703674,23.590811711497263,11.0,50412.93359375
59,27,0.0,4020.0,8925.321806370135,32.73506308021899,64.0,48789.69140625
59,28,0.0,4020.0,7594.756611413569,17.83503927636277,9.0,50717.20703125
59,29,15.0,4020.0,8644.76512094507,24.272792192335157,75.0,49331.7890625
59,30,0.0,4020.0,9331.672847519843,26.200904546536535,10.0,49907.484375
59,31,0.0,4020.0,8288.780388451278,23.64794096643656,16.0,49351.1953125
59,32,0.0,4020.0,9078.40831015932,22.09473934777434,8.0,50440.45703124999
59,33,15.0,4020.0,12887.971109925937,58.77886217567246,173.0,48404.83984375
59,34,0.0,4020.0,8800.68449465168,33.44203761009283,50.0,49105.37500000001
59,35,705.0,4020.0,14951.071276075374,62.13520590335634,101.0,48242.75390625
59,36,690.0,4020.0,15122.11516248645,74.22875505831945,157.0,47953.65625
59,37,525.0,4020.0,12184.894807565059,57.286360390383244,153.0,48246.64453125
59,38,0.0,4020.0,7783.065593513513,22.787431563913355,15.0,50429.67578125
59,39,690.0,4020.0,15789.75876271083,74.87860033325398,162.0,47668.14453125
59,40,0.0,4020.0,7809.411577586345,31.196143775291596,76.0,50393.43750000001
59,41,0.0,4020.0,13611.896618846113,64.6238990716496,183.0,48065.15234375
59,42,240.0,5520.0,12542.319112442528,51.23422994525113,152.0,48453.7421875
59,43,0.0,4020.0,8639.382219404422,23.31587717210188,36.0,49874.21484375
59,44,615.0,4020.0,15540.49190001281,80.10949773863366,172.0,48013.38671875
59,45,0.0,4020.0,13182.042858884906,61.96738871697215,135.0,48359.9609375
59,46,615.0,4020.0,12713.660969703833,50.22375624851226,81.0,48511.17578124999
59,47,0.0,4020.0,8677.025709468018,23.544394191859084,37.0,49632.36328124999
59,48,0.0,4020.0,9194.980657858505,34.92739823851464,56.0,48735.828125
59,49,0.0,4020.0,13356.786823096634,64.93453939538205,185.0,48164.25390625
59,50,0.0,4020.0,10359.9856240777,41.275886693644374,112.0,48601.640625
59,51,690.0,4020.0,15797.230899877191,75.08569388240895,163.0,47520.21484375
59,52,0.0,4020.0,8351.103886640414,24.78695548678886,18.0,49110.1640625
59,53,0.0,4020.0,13278.453082755426,62.84932159009759,137.0,48176.1796875
59,54,0.0,4020.0,8922.570528471344,21.859081171149725,12.0,50684.5078125
59,55,525.0,4020.0,12225.395858210155,56.56867412520828,148.0,48328.203125
59,56,0.0,4020.0,8358.172139625924,21.616281837657702,15.0,50650.5859375
59,57,510.0,4020.0,11732.852617883022,71.03308736015235,165.0,48388.22265625
59,58,0.0,4020.0,8001.032486151654,22.22685074982147,13.0,50439.68359375
59,59,0.0,4020.0,12590.090302544275,60.1142585098786,179.0,48372.95312499999
59,60,0.0,4020.0,9241.499971041743,36.19852416091407,61.0,48663.38671875
59,61,30.0,4020.0,13001.219722771832,56.75791478219471,165.0,48454.80468749999
59,62,585.0,4020.0,12673.426857710394,71.52939776243751,182.0,48241.4375
59,63,0.0,4020.0,8734.234578332507,22.508926446084267,32.0,49862.22265625
59,64,0.0,4020.0,8739.465274829665,37.405379671506786,108.0,49089.46875
59,65,0.0,4020.0,13082.73351502571,66.91621042608902,158.0,48302.1640625
59,66,0.0,4020.0,8118.779521213633,33.088550345155916,85.0,50340.54296874999
59,67,0.0,4020.0,8192.488038375417,36.077124494168054,82.0,50000.78515625
59,68,0.0,4020.0,8279.341204246335,26.15448702689836,31.0,49969.1015625
59,69,0.0,4020.0,13049.366679530911,68.03023089740537,164.0,48450.10546875
59,70,0.0,4020.0,8885.990203133693,47.474410854558435,150.0,48976.96484375
59,71,705.0,4020.0,14532.00129200123,60.24636991192573,107.0,48099.29687500001
59,72,630.0,4020.0,15341.999216481709,78.36705546298501,156.0,47774.79296875001
59,73,0.0,4020.0,13167.660665232012,61.742442275648656,132.0,48450.953125
59,74,600.0,4020.0,12374.980493963441,70.87955248750298,171.0,48183.79687500001
59,75,0.0,4020.0,8222.015256262348,34.12401809093073,90.0,50038.84765625001
59,76,600.0,4080.0,11315.670463837876,37.837419661985244,54.0,49173.67578125
59,77,585.0,4020.0,11394.889524035032,41.20090454653654,81.0,48738.515625
59,78,0.0,2640.0,9105.242313576982,45.49631040228517,112.0,49899.12890625001
59,79,0.0,4020.0,9135.488999551777,27.846941204475122,44.0,49207.44140625
59,80,0.0,4020.0,8551.278128539208,25.065460604617947,27.0,50460.39453125
59,81,255.0,5520.0,11721.374149508829,34.48464651273506,81.0,49035.46484375
59,82,0.0,2640.0,9118.17899782784,45.38205189240657,113.0,49586.28515625
59,83,585.0,4020.0,11433.627826867327,50.48083789573911,96.0,48732.84765625
59,84,0.0,2640.0,9075.549004854427,36.23780052368484,85.0,50169.70703125
59,85,555.0,4020.0,10826.472735833315,44.89288264698881,69.0,49166.19921875
59,86,0.0,4020.0,9030.432650180253,45.84979766722209,116.0,48869.15625000001
59,87,585.0,4020.0,10763.58235167783,41.6900737919543,72.0,48906.37109375
59,88,0.0,4020.0,8479.304322487269,28.057605332063794,34.0,49265.69921874999
59,89,570.0,4020.0,11551.649767861196,67.78386098547965,131.0,48599.71484375
59,90,600.0,4020.0,10945.00099378985,41.87217329207331,71.0,49140.20703125
59,91,0.0,4020.0,7778.494544279365,17.86360390383242,9.0,51655.4765625
59,92,0.0,4080.0,10026.86098950393,22.562485122589855,8.0,55659.17187500001
59,93,0.0,4020.0,8311.920087439132,25.47964770292787,25.0,49643.75390625
59,94,0.0,4020.0,8937.008905314411,45.00714115686741,139.0,49006.75390625001
59,95,0.0,4020.0,8273.139401003917,24.57629135920019,23.0,50672.45312499999
59,96,0.0,4020.0,9034.392165181816,37.69459652463699,80.0,49116.28125
59,97,0.0,4020.0,8362.886420765586,23.70149964294216,18.0,50696.09375
59,98,0.0,4020.0,9190.408706478189,41.072363722923114,125.0,49046.53125
59,99,0.0,4020.0,8302.186955367593,38.77291121161628,95.0,49910.69140625001
59,100,15.0,4020.0,9078.212063078161,43.23970483218282,123.0,48854.10546875
59,101,0.0,4020.0,8384.924884284608,24.46203284932159,15.0,50717.49218750001
59,102,0.0,4020.0,7733.716547043764,18.109973815758153,11.0,50761.87890625001
59,103,0.0,4020.0,8385.113142712964,31.8816948345632,63.0,49396.16796875
59,104,0.0,4020.0,8168.718276220337,27.814805998571764,43.0,50448.96484375001
59,105,0.0,4020.0,8054.318353863629,35.02380385622472,95.0,50398.76953124999
59,106,0.0,4020.0,8416.446436089049,25.340395144013335,27.0,50321.31640625
59,107,0.0,4020.0,8950.960773749837,34.92739823851464,90.0,49167.05859375
59,108,0.0,4020.0,7729.312223148634,18.18138538443228,10.0,51171.02343750001
59,109,0.0,4020.0,8180.915425483999,23.969293025470126,30.0,50499.33203125
59,110,0.0,4020.0,8308.400960159704,38.80147583908593,95.0,49749.22265625
59,111,0.0,4020.0,7723.574919680022,19.184717924303737,15.0,51322.15625
59,112,0.0,4020.0,7966.800317758256,24.829802427993336,24.0,50493.20703124999
59,113,0.0,4020.0,8638.749913340935,30.02499404903594,43.0,49216.7421875
59,114,0.0,4020.0,8835.864109714319,25.27612473220662,20.0,50574.875
59,115,0.0,4020.0,8774.76998999743,30.021423470602237,43.0,49185.05859375
59,116,0.0,4020.0,8366.502417295702,25.322542251844798,34.0,50148.9375
59,117,0.0,4020.0,8273.08252894246,24.779814329921443,24.0,50554.5625
59,118,0.0,4020.0,8213.80033990772,35.784337062604145,97.0,50313.01171875
59,119,0.0,4020.0,8406.525847173178,32.278029040704595,65.0,49200.82421875001
59,120,0.0,4020.0,8284.164316059843,27.279219233515825,47.0,50317.5625
59,121,0.0,4020.0,8919.971747368196,21.85551059271602,12.0,50723.7421875
59,122,15.0,4020.0,8714.782712135044,25.908117114972626,22.0,50691.2421875
59,123,0.0,4020.0,8361.155043012293,25.36181861461557,39.0,50351.6953125
59,124,0.0,4020.0,8897.953980774233,26.890026184241847,21.0,50479.12499999999
59,125,0.0,4020.0,8688.339689815248,24.276362770768866,34.0,49697.375
60,0,0.0,4020.0,8991.087002526532,17.910021423470603,6.0,55792.6640625
60,1,0.0,4020.0,8982.212604142507,17.938586050940252,6.0,55708.3125
60,2,0.0,5460.0,8746.849331694655,21.316353249226374,8.0,51542.03125
60,3,0.0,4020.0,8876.902730133508,17.788621756724588,16.0,55080.40234375001
60,4,0.0,4020.0,9345.301401019216,17.76719828612235,66.0,57625.92968750001
60,5,0.0,4020.0,9079.520835401672,22.09473934777434,8.0,50414.125
60,6,690.0,4020.0,15768.142672208876,73.07902880266603,158.0,47926.87109375
60,7,0.0,4020.0,7915.324227811037,21.416329445370152,26.0,50683.31249999999
60,8,690.0,4020.0,15697.270706368807,74.35372530349916,159.0,47786.30078125
60,9,0.0,4020.0,7795.197961404234,22.19828612235182,24.0,50615.17578125
60,10,660.0,4020.0,15472.253673223047,79.01690073791954,170.0,47773.96093749999
60,11,0.0,4020.0,9777.790209029685,24.565579623899072,12.0,50141.73828125
60,12,0.0,2640.0,8669.978365300061,34.00618900261843,57.0,49548.17187500001
60,13,0.0,4020.0,8374.310466528059,21.39490597476791,27.0,49936.140625
60,14,510.0,4020.0,11260.726464268188,62.69935729588193,200.0,48551.51171875
60,15,690.0,4020.0,14832.16531417417,62.76005712925494,110.0,48369.53515625
60,16,0.0,4020.0,8616.081816641989,23.312306593668175,36.0,49926.94140625
60,17,0.0,4020.0,8026.626746404986,34.434658414663176,92.0,50105.8515625
60,18,0.0,4020.0,8384.282282759172,20.984289454891695,13.0,50112.3046875
60,19,0.0,4020.0,8240.673701180573,21.780528445608187,21.0,50443.625
60,20,15.0,4020.0,13023.362295328872,56.21161628183766,164.0,48563.62109374999
60,21,585.0,4020.0,12047.750437910345,53.56938824089502,141.0,48509.60546875001
60,22,690.0,4020.0,15768.24975548172,73.07902880266603,158.0,47921.390625
60,23,0.0,4020.0,9449.729477885292,41.82932635086884,112.0,48599.03125
60,24,0.0,4020.0,8925.321806370135,32.73506308021899,64.0,48789.69140625
60,25,0.0,4020.0,7594.756611413569,17.83503927636277,9.0,50717.20703125
60,26,15.0,4020.0,8644.76512094507,24.272792192335157,75.0,49331.7890625
60,27,0.0,4020.0,9331.672847519843,26.200904546536535,10.0,49907.484375
60,28,0.0,4020.0,8288.780388451278,23.64794096643656,16.0,49351.1953125
60,29,0.0,4020.0,9078.40831015932,22.09473934777434,8.0,50440.45703124999
60,30,15.0,4020.0,12887.971109925937,58.77886217567246,173.0,48404.83984375
60,31,0.0,4020.0,8800.68449465168,33.44203761009283,50.0,49105.37500000001
60,32,705.0,4020.0,14951.071276075374,62.13520590335634,101.0,48242.75390625
60,33,690.0,4020.0,15122.11516248645,74.22875505831945,157.0,47953.65625
60,34,525.0,4020.0,12184.894807565059,57.286360390383244,153.0,48246.64453125
60,35,0.0,4020.0,7783.065593513513,22.787431563913355,15.0,50429.67578125
60,36,690.0,4020.0,15789.75876271083,74.87860033325398,162.0,47668.14453125
60,37,0.0,4020.0,7809.411577586345,31.196143775291596,76.0,50393.43750000001
60,38,0.0,4020.0,13611.896618846113,64.6238990716496,183.0,48065.15234375
60,39,240.0,5520.0,12542.319112442528,51.23422994525113,152.0,48453.7421875
60,40,0.0,4020.0,8639.382219404422,23.31587717210188,36.0,49874.21484375
60,41,615.0,4020.0,15540.49190001281,80.10949773863366,172.0,48013.38671875
60,42,0.0,4020.0,13182.042858884906,61.96738871697215,135.0,48359.9609375
60,43,615.0,4020.0,12713.660969703833,50.22375624851226,81.0,48511.17578124999
60,44,0.0,4020.0,8677.025709468018,23.544394191859084,37.0,49632.36328124999
60,45,0.0,4020.0,9194.980657858505,34.92739823851464,56.0,48735.828125
60,46,0.0,4020.0,13356.786823096634,64.93453939538205,185.0,48164.25390625
60,47,0.0,4020.0,10359.9856240777,41.275886693644374,112.0,48601.640625
60,48,690.0,4020.0,15797.230899877191,75.08569388240895,163.0,47520.21484375
60,49,0.0,4020.0,8351.103886640414,24.78695548678886,18.0,49110.1640625
60,50,0.0,4020.0,13278.453082755426,62.84932159009759,137.0,48176.1796875
60,51,0.0,4020.0,8922.570528471344,21.859081171149725,12.0,50684.5078125
60,52,525.0,4020.0,12225.395858210155,56.56867412520828,148.0,48328.203125
60,53,510.0,4020.0,11732.852617883022,71.03308736015235,165.0,48388.22265625
60,54,0.0,4020.0,8001.032486151654,22.22685074982147,13.0,50439.68359375
60,55,0.0,4020.0,12590.090302544275,60.1142585098786,179.0,48372.95312499999
60,56,0.0,4020.0,9241.499971041743,36.19852416091407,61.0,48663.38671875
60,57,30.0,4020.0,13001.219722771832,56.75791478219471,165.0,48454.80468749999
60,58,585.0,4020.0,12673.426857710394,71.52939776243751,182.0,48241.4375
60,59,0.0,4020.0,8734.234578332507,22.508926446084267,32.0,49862.22265625
60,60,0.0,4020.0,8739.465274829665,37.405379671506786,108.0,49089.46875
60,61,0.0,4020.0,13082.73351502571,66.91621042608902,158.0,48302.1640625
60,62,0.0,4020.0,8118.779521213633,33.088550345155916,85.0,50340.54296874999
60,63,0.0,4020.0,8192.488038375417,36.077124494168054,82.0,50000.78515625
60,64,0.0,4020.0,8279.341204246335,26.15448702689836,31.0,49969.1015625
60,65,0.0,4020.0,13049.366679530911,68.03023089740537,164.0,48450.10546875
60,66,0.0,4020.0,8885.990203133693,47.474410854558435,150.0,48976.96484375
60,67,705.0,4020.0,14532.00129200123,60.24636991192573,107.0,48099.29687500001
60,68,630.0,4020.0,15341.999216481709,78.36705546298501,156.0,47774.79296875001
60,69,0.0,4020.0,13167.660665232012,61.742442275648656,132.0,48450.953125
60,70,600.0,4020.0,12374.980493963441,70.87955248750298,171.0,48183.79687500001
60,71,555.0,4020.0,11569.312706803503,56.83289692930254,169.0,48543.53515625
60,72,0.0,4020.0,8349.897808361775,21.248512258985954,14.0,50602.40234375
60,73,30.0,4020.0,10268.226285068773,50.72720780766484,133.0,48585.69921874999
60,74,0.0,4020.0,8831.29921837931,48.213520590335634,98.0,48958.95703125
60,75,0.0,4020.0,8303.253422104555,22.05903356343728,28.0,50421.67578125
60,76,690.0,4020.0,15696.43805034053,75.6284218043323,166.0,47438.64843749999
60,77,60.0,4020.0,9086.092386356639,23.501547250654607,10.0,50018.8125
60,78,690.0,4020.0,15661.623769859161,72.36134253749107,155.0,48117.5
60,79,30.0,4020.0,13014.566063760565,55.96167579147822,160.0,48531.671875
60,80,0.0,4020.0,8433.560610714,23.11235420138062,10.0,50259.76171875
60,81,0.0,4020.0,13162.404431971885,62.19590573672935,134.0,48547.83984375
60,82,0.0,4020.0,8335.338950103913,21.341347298262317,27.0,50026.45703125
60,83,0.0,4020.0,9078.672843829765,22.098309926208046,8.0,50400.12109375
60,84,315.0,5520.0,16082.601605404398,66.08783622946918,203.0,48037.25390625
60,85,645.0,4020.0,15051.30712716376,70.15472506546061,168.0,48047.42578124999
60,86,0.0,4020.0,8070.589011598941,33.20280885503452,85.0,49565.66796875
60,87,0.0,4020.0,8229.445425103497,21.591287788621756,15.0,50640.2265625
60,88,0.0,4020.0,9604.249178301583,26.82932635086884,14.0,49781.73828125
60,89,0.0,4020.0,12903.775959708786,68.91930492739824,166.0,48058.0390625
60,90,600.0,4080.0,11315.670463837876,37.837419661985244,54.0,49173.67578125
60,91,585.0,4020.0,11394.889524035032,41.20090454653654,81.0,48738.515625
60,92,0.0,4020.0,9135.488999551777,27.846941204475122,44.0,49207.44140625
60,93,660.0,2640.0,10934.248781605496,51.91263984765532,73.0,49892.48828124999
60,94,0.0,2640.0,9105.242313576982,45.49631040228517,112.0,49899.12890625001
60,95,255.0,5520.0,11721.374149508829,34.48464651273506,81.0,49035.46484375
60,96,0.0,2640.0,9075.549004854427,36.23780052368484,85.0,50169.70703125
60,97,510.0,5520.0,14916.046661388973,58.125446322304214,160.0,48802.85937500001
60,98,0.0,2640.0,9150.833181994869,45.53915734348965,112.0,49623.68359375
60,99,555.0,4020.0,11334.288347223872,51.70197572006665,80.0,48793.984375
60,100,0.0,4020.0,8479.304322487269,28.057605332063794,34.0,49265.69921874999
60,101,15.0,4020.0,9078.212063078161,43.23970483218282,123.0,48854.10546875
60,102,585.0,4020.0,10763.58235167783,41.6900737919543,72.0,48906.37109375
60,103,585.0,4020.0,11433.627826867327,50.48083789573911,96.0,48732.84765625
60,104,0.0,2640.0,9118.17899782784,45.38205189240657,113.0,49586.28515625
60,105,0.0,4020.0,8550.620321470395,26.304451321114016,25.0,49467.04296875
60,106,555.0,4020.0,10826.472735833315,44.89288264698881,69.0,49166.19921875
60,107,0.0,4020.0,8937.008905314411,45.00714115686741,139.0,49006.75390625001
60,108,0.0,4020.0,8551.278128539208,25.065460604617947,27.0,50460.39453125
60,109,0.0,4080.0,10026.86098950393,22.562485122589855,8.0,55659.17187500001
60,110,570.0,4020.0,11551.649767861196,67.78386098547965,131.0,48599.71484375
60,111,0.0,4020.0,9030.432650180253,45.84979766722209,116.0,48869.15625000001
60,112,0.0,4020.0,8385.113142712964,31.8816948345632,63.0,49396.16796875
60,113,0.0,4020.0,8416.446436089049,25.340395144013335,27.0,50321.31640625
60,114,600.0,4020.0,10945.00099378985,41.87217329207331,71.0,49140.20703125
60,115,0.0,4020.0,8242.127563145032,24.30135681980481,13.0,50596.72265625
60,116,0.0,4020.0,7778.494544279365,17.86360390383242,9.0,51655.4765625
60,117,0.0,4020.0,8406.525847173178,32.278029040704595,65.0,49200.82421875001
60,118,0.0,4020.0,8311.920087439132,25.47964770292787,25.0,49643.75390625
60,119,0.0,4020.0,8302.186955367593,38.77291121161628,95.0,49910.69140625001
60,120,0.0,4020.0,8358.172139625924,21.616281837657702,15.0,50650.5859375
60,121,0.0,4020.0,9034.392165181816,37.69459652463699,80.0,49116.28125
60,122,0.0,4020.0,8222.015256262348,34.12401809093073,90.0,50038.84765625001
60,123,0.0,4020.0,7733.716547043764,18.109973815758153,11.0,50761.87890625001
60,124,0.0,4020.0,8273.08252894246,24.779814329921443,24.0,50554.5625
60,125,0.0,4020.0,8284.164316059843,27.279219233515825,47.0,50317.5625
61,0,0.0,4020.0,8991.087002526532,17.910021423470603,6.0,55792.6640625
61,1,0.0,4020.0,8982.212604142507,17.938586050940252,6.0,55708.3125
61,2,0.0,5460.0,8746.849331694655,21.316353249226374,8.0,51542.03125
61,3,0.0,4020.0,8876.902730133508,17.788621756724588,16.0,55080.40234375001
61,4,0.0,4020.0,9345.301401019216,17.76719828612235,66.0,57625.92968750001
61,5,0.0,4020.0,9079.520835401672,22.09473934777434,8.0,50414.125
61,6,690.0,4020.0,15768.142672208876,73.07902880266603,158.0,47926.87109375
61,7,0.0,4020.0,7915.324227811037,21.416329445370152,26.0,50683.31249999999
61,8,690.0,4020.0,15697.270706368807,74.35372530349916,159.0,47786.30078125
61,9,0.0,4020.0,7795.197961404234,22.19828612235182,24.0,50615.17578125
61,10,660.0,4020.0,15472.253673223047,79.01690073791954,170.0,47773.96093749999
61,11,0.0,4020.0,9777.790209029685,24.565579623899072,12.0,50141.73828125
61,12,0.0,2640.0,8669.978365300061,34.00618900261843,57.0,49548.17187500001
61,13,0.0,4020.0,8374.310466528059,21.39490597476791,27.0,49936.140625
61,14,690.0,4020.0,14832.16531417417,62.76005712925494,110.0,48369.53515625
61,15,0.0,4020.0,8616.081816641989,23.312306593668175,36.0,49926.94140625
61,16,0.0,4020.0,8026.626746404986,34.434658414663176,92.0,50105.8515625
61,17,0.0,4020.0,8384.282282759172,20.984289454891695,13.0,50112.3046875
61,18,0.0,4020.0,8240.673701180573,21.780528445608187,21.0,50443.625
61,19,690.0,4020.0,15768.24975548172,73.07902880266603,158.0,47921.390625
61,20,0.0,4020.0,9449.729477885292,41.82932635086884,112.0,48599.03125
61,21,0.0,4020.0,8925.321806370135,32.73506308021899,64.0,48789.69140625
61,22,0.0,4020.0,7594.756611413569,17.83503927636277,9.0,50717.20703125
61,23,15.0,4020.0,8644.76512094507,24.272792192335157,75.0,49331.7890625
61,24,0.0,4020.0,9331.672847519843,26.200904546536535,10.0,49907.484375
61,25,0.0,4020.0,8288.780388451278,23.64794096643656,16.0,49351.1953125
61,26,0.0,4020.0,9078.40831015932,22.09473934777434,8.0,50440.45703124999
61,27,0.0,4020.0,8800.68449465168,33.44203761009283,50.0,49105.37500000001
61,28,705.0,4020.0,14951.071276075374,62.13520590335634,101.0,48242.75390625
61,29,690.0,4020.0,15122.11516248645,74.22875505831945,157.0,47953.65625
61,30,525.0,4020.0,12184.894807565059,57.286360390383244,153.0,48246.64453125
61,31,0.0,4020.0,7783.065593513513,22.787431563913355,15.0,50429.67578125
61,32,690.0,4020.0,15789.75876271083,74.87860033325398,162.0,47668.14453125
61,33,0.0,4020.0,7809.411577586345,31.196143775291596,76.0,50393.43750000001
61,34,0.0,4020.0,13611.896618846113,64.6238990716496,183.0,48065.15234375
61,35,240.0,5520.0,12542.319112442528,51.23422994525113,152.0,48453.7421875
61,36,0.0,4020.0,8639.382219404422,23.31587717210188,36.0,49874.21484375
61,37,615.0,4020.0,15540.49190001281,80.10949773863366,172.0,48013.38671875
61,38,0.0,4020.0,13182.042858884906,61.96738871697215,135.0,48359.9609375
61,39,615.0,4020.0,12713.660969703833,50.22375624851226,81.0,48511.17578124999
61,40,0.0,4020.0,8677.025709468018,23.544394191859084,37.0,49632.36328124999
61,41,0.0,4020.0,9194.980657858505,34.92739823851464,56.0,48735.828125
61,42,0.0,4020.0,13356.786823096634,64.93453939538205,185.0,48164.25390625
61,43,690.0,4020.0,15797.230899877191,75.08569388240895,163.0,47520.21484375
61,44,0.0,4020.0,8351.103886640414,24.78695548678886,18.0,49110.1640625
61,45,0.0,4020.0,13278.453082755426,62.84932159009759,137.0,48176.1796875
61,46,0.0,4020.0,8922.570528471344,21.859081171149725,12.0,50684.5078125
61,47,525.0,4020.0,12225.395858210155,56.56867412520828,148.0,48328.203125
61,48,510.0,4020.0,11732.852617883022,71.03308736015235,165.0,48388.22265625
61,49,0.0,4020.0,8001.032486151654,22.22685074982147,13.0,50439.68359375
61,50,0.0,4020.0,12590.090302544275,60.1142585098786,179.0,48372.95312499999
61,51,0.0,4020.0,9241.499971041743,36.19852416091407,61.0,48663.38671875
61,52,585.0,4020.0,12673.426857710394,71.52939776243751,182.0,48241.4375
61,53,0.0,4020.0,8734.234578332507,22.508926446084267,32.0,49862.22265625
61,54,0.0,4020.0,8739.465274829665,37.405379671506786,108.0,49089.46875
61,55,0.0,4020.0,8118.779521213633,33.088550345155916,85.0,50340.54296874999
61,56,0.0,4020.0,8192.488038375417,36.077124494168054,82.0,50000.78515625
61,57,0.0,4020.0,8279.341204246335,26.15448702689836,31.0,49969.1015625
61,58,705.0,4020.0,14532.00129200123,60.24636991192573,107.0,48099.29687500001
61,59,630.0,4020.0,15341.999216481709,78.36705546298501,156.0,47774.79296875001
61,60,0.0,4020.0,13167.660665232012,61.742442275648656,132.0,48450.953125
61,61,600.0,4020.0,12374.980493963441,70.87955248750298,171.0,48183.79687500001
61,62,0.0,4020.0,8349.897808361775,21.248512258985954,14.0,50602.40234375
61,63,690.0,4020.0,15696.43805034053,75.6284218043323,166.0,47438.64843749999
61,64,60.0,4020.0,9086.092386356639,23.501547250654607,10.0,50018.8125
61,65,690.0,4020.0,15661.623769859161,72.36134253749107,155.0,48117.5
61,66,0.0,4020.0,8433.560610714,23.11235420138062,10.0,50259.76171875
61,67,0.0,4020.0,8335.338950103913,21.341347298262317,27.0,50026.45703125
61,68,0.0,4020.0,9078.672843829765,22.098309926208046,8.0,50400.12109375
61,69,315.0,5520.0,16082.601605404398,66.08783622946918,203.0,48037.25390625
61,70,645.0,4020.0,15051.30712716376,70.15472506546061,168.0,48047.42578124999
61,71,0.0,4020.0,8070.589011598941,33.20280885503452,85.0,49565.66796875
61,72,0.0,4020.0,8229.445425103497,21.591287788621756,15.0,50640.2265625
61,73,0.0,4020.0,9604.249178301583,26.82932635086884,14.0,49781.73828125
61,74,0.0,4020.0,12903.775959708786,68.91930492739824,166.0,48058.0390625
61,75,690.0,4020.0,15552.520788997317,72.8862175672459,151.0,48114.4453125
61,76,0.0,4020.0,13078.983913522661,66.55558200428469,153.0,48288.5859375
61,77,0.0,4020.0,7934.80320564163,21.94834563199238,15.0,50342.53906249999
61,78,0.0,4020.0,8469.269803446556,37.48750297548203,94.0,48775.890625
61,79,0.0,4020.0,9619.239465188806,23.065936681742443,13.0,50041.82812500001
61,80,0.0,4020.0,8337.930663383617,25.79028802666032,23.0,49307.34375
61,81,0.0,4020.0,8380.752060634572,21.598428945489168,16.0,49961.15234374999
61,82,690.0,4020.0,14970.52168232255,61.64246607950488,109.0,48476.4453125
61,83,0.0,4020.0,7898.61191166479,30.50345155915258,75.0,50391.21875
61,84,570.0,4020.0,11336.235763629971,50.85931920971198,100.0,48532.11328125
61,85,690.0,4020.0,15226.175809047072,63.10640323732444,123.0,48139.22265625
61,86,0.0,4020.0,9599.336949236811,40.79742918352773,111.0,48454.65625
61,87,0.0,4020.0,12771.382972405863,51.26636515115449,140.0,48347.80859375
61,88,0.0,4020.0,9172.339826358802,23.433706260414187,14.0,50030.48828125
61,89,585.0,4140.0,15059.475639943877,62.63151630564151,165.0,48199.01171875
61,90,0.0,4020.0,13486.497258876621,59.39657224470364,170.0,48103.63671875
61,91,630.0,4020.0,15100.17368159174,77.77433944298977,152.0,47852.88281249999
61,92,0.0,2640.0,9105.242313576982,45.49631040228517,112.0,49899.12890625001
61,93,600.0,4080.0,11315.670463837876,37.837419661985244,54.0,49173.67578125
61,94,585.0,4020.0,11394.889524035032,41.20090454653654,81.0,48738.515625
61,95,0.0,4020.0,9135.488999551777,27.846941204475122,44.0,49207.44140625
61,96,660.0,2640.0,10934.248781605496,51.91263984765532,73.0,49892.48828124999
61,97,255.0,5520.0,11721.374149508829,34.48464651273506,81.0,49035.46484375
61,98,585.0,4020.0,10763.58235167783,41.6900737919543,72.0,48906.37109375
61,99,0.0,2640.0,9118.17899782784,45.38205189240657,113.0,49586.28515625
61,100,0.0,2640.0,9075.549004854427,36.23780052368484,85.0,50169.70703125
61,101,510.0,4020.0,11260.726464268188,62.69935729588193,200.0,48551.51171875
61,102,0.0,4020.0,9030.432650180253,45.84979766722209,116.0,48869.15625000001
61,103,0.0,4020.0,8550.620321470395,26.304451321114016,25.0,49467.04296875
61,104,0.0,4020.0,8937.008905314411,45.00714115686741,139.0,49006.75390625001
61,105,570.0,4020.0,11551.649767861196,67.78386098547965,131.0,48599.71484375
61,106,0.0,2640.0,9150.833181994869,45.53915734348965,112.0,49623.68359375
61,107,555.0,4020.0,10826.472735833315,44.89288264698881,69.0,49166.19921875
61,108,0.0,4080.0,10026.86098950393,22.562485122589855,8.0,55659.17187500001
61,109,555.0,4020.0,11334.288347223872,51.70197572006665,80.0,48793.984375
61,110,0.0,4020.0,8551.278128539208,25.065460604617947,27.0,50460.39453125
61,111,0.0,2640.0,9114.705144796306,46.0854558438467,115.0,49889.40234375
61,112,0.0,4020.0,8885.990203133693,47.474410854558435,150.0,48976.96484375
61,113,585.0,4020.0,11433.627826867327,50.48083789573911,96.0,48732.84765625
61,114,15.0,4020.0,9078.212063078161,43.23970483218282,123.0,48854.10546875
61,115,600.0,4020.0,10945.00099378985,41.87217329207331,71.0,49140.20703125
61,116,555.0,4020.0,11569.312706803503,56.83289692930254,169.0,48543.53515625
61,117,0.0,4020.0,8416.446436089049,25.340395144013335,27.0,50321.31640625
61,118,0.0,4020.0,7778.494544279365,17.86360390383242,9.0,51655.4765625
61,119,0.0,4020.0,8406.525847173178,32.278029040704595,65.0,49200.82421875001
61,120,0.0,4020.0,8242.127563145032,24.30135681980481,13.0,50596.72265625
61,121,0.0,4020.0,8479.304322487269,28.057605332063794,34.0,49265.69921874999
61,122,0.0,4020.0,8385.113142712964,31.8816948345632,63.0,49396.16796875
61,123,0.0,4020.0,7733.716547043764,18.109973815758153,11.0,50761.87890625001
61,124,0.0,4020.0,8630.178582408042,22.291121161628183,31.0,49988.1484375
61,125,0.0,4020.0,8831.29921837931,48.213520590335634,98.0,48958.95703125
62,0,0.0,4020.0,8991.087002526532,17.910021423470603,6.0,55792.6640625
62,1,0.0,4020.0,8982.212604142507,17.938586050940252,6.0,55708.3125
62,2,0.0,5460.0,8746.849331694655,21.316353249226374,8.0,51542.03125
62,3,0.0,4020.0,8876.902730133508,17.788621756724588,16.0,55080.40234375001
62,4,0.0,4020.0,9345.301401019216,17.76719828612235,66.0,57625.92968750001
62,5,0.0,4020.0,9079.520835401672,22.09473934777434,8.0,50414.125
62,6,690.0,4020.0,15768.142672208876,73.07902880266603,158.0,47926.87109375
62,7,690.0,4020.0,15697.270706368807,74.35372530349916,159.0,47786.30078125
62,8,660.0,4020.0,15472.253673223047,79.01690073791954,170.0,47773.96093749999
62,9,0.0,4020.0,9777.790209029685,24.565579623899072,12.0,50141.73828125
62,10,0.0,2640.0,8669.978365300061,34.00618900261843,57.0,49548.17187500001
62,11,690.0,4020.0,14832.16531417417,62.76005712925494,110.0,48369.53515625
62,12,0.0,4020.0,8384.282282759172,20.984289454891695,13.0,50112.3046875
62,13,690.0,4020.0,15768.24975548172,73.07902880266603,158.0,47921.390625
62,14,0.0,4020.0,9449.729477885292,41.82932635086884,112.0,48599.03125
62,15,0.0,4020.0,8925.321806370135,32.73506308021899,64.0,48789.69140625
62,16,0.0,4020.0,7594.756611413569,17.83503927636277,9.0,50717.20703125
62,17,15.0,4020.0,8644.76512094507,24.272792192335157,75.0,49331.7890625
62,18,0.0,4020.0,9331.672847519843,26.200904546536535,10.0,49907.484375
62,19,0.0,4020.0,8288.780388451278,23.64794096643656,16.0,49351.1953125
62,20,0.0,4020.0,9078.40831015932,22.09473934777434,8.0,50440.45703124999
62,21,0.0,4020.0,8800.68449465168,33.44203761009283,50.0,49105.37500000001
62,22,705.0,4020.0,14951.071276075374,62.13520590335634,101.0,48242.75390625
62,23,690.0,4020.0,15122.11516248645,74.22875505831945,157.0,47953.65625
62,24,525.0,4020.0,12184.894807565059,57.286360390383244,153.0,48246.64453125
62,25,690.0,4020.0,15789.75876271083,74.87860033325398,162.0,47668.14453125
62,26,0.0,4020.0,13611.896618846113,64.6238990716496,183.0,48065.15234375
62,27,240.0,5520.0,12542.319112442528,51.23422994525113,152.0,48453.7421875
62,28,615.0,4020.0,15540.49190001281,80.10949773863366,172.0,48013.38671875
62,29,0.0,4020.0,13182.042858884906,61.96738871697215,135.0,48359.9609375
62,30,615.0,4020.0,12713.660969703833,50.22375624851226,81.0,48511.17578124999
62,31,0.0,4020.0,8677.025709468018,23.544394191859084,37.0,49632.36328124999
62,32,0.0,4020.0,9194.980657858505,34.92739823851464,56.0,48735.828125
62,33,0.0,4020.0,13356.786823096634,64.93453939538205,185.0,48164.25390625
62,34,0.0,4020.0,8351.103886640414,24.78695548678886,18.0,49110.1640625
62,35,0.0,4020.0,13278.453082755426,62.84932159009759,137.0,48176.1796875
62,36,0.0,4020.0,8922.570528471344,21.859081171149725,12.0,50684.5078125
62,37,525.0,4020.0,12225.395858210155,56.56867412520828,148.0,48328.203125
62,38,510.0,4020.0,11732.852617883022,71.03308736015235,165.0,48388.22265625
62,39,0.0,4020.0,8001.032486151654,22.22685074982147,13.0,50439.68359375
62,40,0.0,4020.0,12590.090302544275,60.1142585098786,179.0,48372.95312499999
62,41,0.0,4020.0,9241.499971041743,36.19852416091407,61.0,48663.38671875
62,42,585.0,4020.0,12673.426857710394,71.52939776243751,182.0,48241.4375
62,43,0.0,4020.0,8739.465274829665,37.405379671506786,108.0,49089.46875
62,44,705.0,4020.0,14532.00129200123,60.24636991192573,107.0,48099.29687500001
62,45,630.0,4020.0,15341.999216481709,78.36705546298501,156.0,47774.79296875001
62,46,0.0,4020.0,13167.660665232012,61.742442275648656,132.0,48450.953125
62,47,600.0,4020.0,12374.980493963441,70.87955248750298,171.0,48183.79687500001
62,48,690.0,4020.0,15696.43805034053,75.6284218043323,166.0,47438.64843749999
62,49,60.0,4020.0,9086.092386356639,23.501547250654607,10.0,50018.8125
62,50,690.0,4020.0,15661.623769859161,72.36134253749107,155.0,48117.5
62,51,0.0,4020.0,8433.560610714,23.11235420138062,10.0,50259.76171875
62,52,0.0,4020.0,9078.672843829765,22.098309926208046,8.0,50400.12109375
62,53,315.0,5520.0,16082.601605404398,66.08783622946918,203.0,48037.25390625
62,54,645.0,4020.0,15051.30712716376,70.15472506546061,168.0,48047.42578124999
62,55,0.0,4020.0,8070.589011598941,33.20280885503452,85.0,49565.66796875
62,56,0.0,4020.0,9604.249178301583,26.82932635086884,14.0,49781.73828125
62,57,0.0,4020.0,12903.775959708786,68.91930492739824,166.0,48058.0390625
62,58,690.0,4020.0,15552.520788997317,72.8862175672459,151.0,48114.4453125
62,59,0.0,4020.0,13078.983913522661,66.55558200428469,153.0,48288.5859375
62,60,0.0,4020.0,8469.269803446556,37.48750297548203,94.0,48775.890625
62,61,0.0,4020.0,9619.239465188806,23.065936681742443,13.0,50041.82812500001
62,62,0.0,4020.0,8337.930663383617,25.79028802666032,23.0,49307.34375
62,63,690.0,4020.0,14970.52168232255,61.64246607950488,109.0,48476.4453125
62,64,570.0,4020.0,11336.235763629971,50.85931920971198,100.0,48532.11328125
62,65,690.0,4020.0,15226.175809047072,63.10640323732444,123.0,48139.22265625
62,66,0.0,4020.0,9599.336949236811,40.79742918352773,111.0,48454.65625
62,67,0.0,4020.0,12771.382972405863,51.26636515115449,140.0,48347.80859375
62,68,585.0,4140.0,15059.475639943877,62.63151630564151,165.0,48199.01171875
62,69,0.0,4020.0,13486.497258876621,59.39657224470364,170.0,48103.63671875
62,70,630.0,4020.0,15100.17368159174,77.77433944298977,152.0,47852.88281249999
62,71,690.0,4020.0,15642.66438410664,74.90716496072363,163.0,47493.5703125
62,72,0.0,4020.0,8887.999634083375,31.756724589383488,59.0,48797.33984375
62,73,690.0,4020.0,15258.21982612985,74.34658414663176,154.0,47941.72265625
62,74,630.0,4020.0,14998.193537943578,80.68436086646037,166.0,47965.32421875
62,75,690.0,4020.0,15226.174345767758,63.10640323732444,123.0,48144.26953124999
62,76,0.0,4020.0,9921.248154304943,28.25041656748393,30.0,48774.953125
62,77,15.0,2640.0,9268.196885375939,49.74886931682933,99.0,48787.34375000001
62,78,0.0,4020.0,7780.18021933051,18.85622470840276,14.0,49863.984375
62,79,525.0,4020.0,11739.213268376861,45.70340395144013,96.0,48529.22265625
62,80,0.0,4020.0,8045.023864517398,21.694834563199237,14.0,49849.58984375
62,81,600.0,4020.0,11513.309890275534,50.77719590573673,99.0,48612.90234375
62,82,0.0,2640.0,9105.242313576982,45.49631040228517,112.0,49899.12890625001
62,83,0.0,4020.0,9135.488999551777,27.846941204475122,44.0,49207.44140625
62,84,660.0,2640.0,10934.248781605496,51.91263984765532,73.0,49892.48828124999
62,85,600.0,4080.0,11315.670463837876,37.837419661985244,54.0,49173.67578125
62,86,15.0,4020.0,9078.212063078161,43.23970483218282,123.0,48854.10546875
62,87,585.0,4020.0,11394.889524035032,41.20090454653654,81.0,48738.515625
62,88,555.0,4020.0,10826.472735833315,44.89288264698881,69.0,49166.19921875
62,89,0.0,4020.0,8242.127563145032,24.30135681980481,13.0,50596.72265625
62,90,0.0,2640.0,9150.833181994869,45.53915734348965,112.0,49623.68359375
62,91,0.0,2640.0,9075.549004854427,36.23780052368484,85.0,50169.70703125
62,92,0.0,4020.0,8192.488038375417,36.077124494168054,82.0,50000.78515625
62,93,0.0,4020.0,7795.197961404234,22.19828612235182,24.0,50615.17578125
62,94,255.0,5520.0,11721.374149508829,34.48464651273506,81.0,49035.46484375
62,95,0.0,4020.0,7733.716547043764,18.109973815758153,11.0,50761.87890625001
62,96,0.0,4020.0,7898.61191166479,30.50345155915258,75.0,50391.21875
62,97,0.0,4020.0,8885.990203133693,47.474410854558435,150.0,48976.96484375
62,98,600.0,4020.0,10945.00099378985,41.87217329207331,71.0,49140.20703125
62,99,0.0,2640.0,9118.17899782784,45.38205189240657,113.0,49586.28515625
62,100,0.0,4020.0,8616.081816641989,23.312306593668175,36.0,49926.94140625
62,101,0.0,4020.0,8550.620321470395,26.304451321114016,25.0,49467.04296875
62,102,510.0,4020.0,11260.726464268188,62.69935729588193,200.0,48551.51171875
62,103,0.0,4020.0,7809.411577586345,31.196143775291596,76.0,50393.43750000001
62,104,0.0,4020.0,7778.494544279365,17.86360390383242,9.0,51655.4765625
62,105,0.0,4080.0,10026.86098950393,22.562485122589855,8.0,55659.17187500001
62,106,0.0,2640.0,9114.705144796306,46.0854558438467,115.0,49889.40234375
62,107,0.0,4020.0,8479.304322487269,28.057605332063794,34.0,49265.69921874999
62,108,0.0,4020.0,8937.008905314411,45.00714115686741,139.0,49006.75390625001
62,109,555.0,4020.0,11334.288347223872,51.70197572006665,80.0,48793.984375
62,110,0.0,4020.0,8374.310466528059,21.39490597476791,27.0,49936.140625
62,111,555.0,4020.0,11569.312706803503,56.83289692930254,169.0,48543.53515625
62,112,0.0,4020.0,9030.432650180253,45.84979766722209,116.0,48869.15625000001
62,113,0.0,4020.0,7915.324227811037,21.416329445370152,26.0,50683.31249999999
62,114,585.0,4020.0,10763.58235167783,41.6900737919543,72.0,48906.37109375
62,115,0.0,4020.0,8279.341204246335,26.15448702689836,31.0,49969.1015625
62,116,0.0,4020.0,8831.29921837931,48.213520590335634,98.0,48958.95703125
62,117,570.0,4020.0,11551.649767861196,67.78386098547965,131.0,48599.71484375
62,118,0.0,4020.0,8639.382219404422,23.31587717210188,36.0,49874.21484375
62,119,0.0,4020.0,8335.338950103913,21.341347298262317,27.0,50026.45703125
62,120,585.0,4020.0,11433.627826867327,50.48083789573911,96.0,48732.84765625
62,121,0.0,4020.0,8349.897808361775,21.248512258985954,14.0,50602.40234375
62,122,0.0,4020.0,8026.626746404986,34.434658414663176,92.0,50105.8515625
62,123,0.0,4020.0,8270.392993539337,24.272792192335157,13.0,50565.06640625
62,124,615.0,4020.0,11568.47388835414,59.8250416567484,166.0,48651.44921875
62,125,0.0,4020.0,8406.525847173178,32.278029040704595,65.0,49200.82421875001
63,0,0.0,4020.0,8991.087002526532,17.910021423470603,6.0,55792.6640625
63,1,0.0,4020.0,8982.212604142507,17.938586050940252,6.0,55708.3125
63,2,0.0,5460.0,8746.849331694655,21.316353249226374,8.0,51542.03125
63,3,0.0,4020.0,8876.902730133508,17.788621756724588,16.0,55080.40234375001
63,4,0.0,4020.0,9345.301401019216,17.76719828612235,66.0,57625.92968750001
63,5,0.0,4020.0,9079.520835401672,22.09473934777434,8.0,50414.125
63,6,660.0,4020.0,15472.253673223047,79.01690073791954,170.0,47773.96093749999
63,7,0.0,4020.0,9777.790209029685,24.565579623899072,12.0,50141.73828125
63,8,0.0,2640.0,8669.978365300061,34.00618900261843,57.0,49548.17187500001
63,9,0.0,4020.0,8384.282282759172,20.984289454891695,13.0,50112.3046875
63,10,0.0,4020.0,9449.729477885292,41.82932635086884,112.0,48599.03125
63,11,0.0,4020.0,8925.321806370135,32.73506308021899,64.0,48789.69140625
63,12,0.0,4020.0,7594.756611413569,17.83503927636277,9.0,50717.20703125
63,13,15.0,4020.0,8644.76512094507,24.272792192335157,75.0,49331.7890625
63,14,0.0,4020.0,9331.672847519843,26.200904546536535,10.0,49907.484375
63,15,0.0,4020.0,8288.780388451278,23.64794096643656,16.0,49351.1953125
63,16,0.0,4020.0,9078.40831015932,22.09473934777434,8.0,50440.45703124999
63,17,525.0,4020.0,12184.894807565059,57.286360390383244,153.0,48246.64453125
63,18,0.0,4020.0,13611.896618846113,64.6238990716496,183.0,48065.15234375
63,19,240.0,5520.0,12542.319112442528,51.23422994525113,152.0,48453.7421875
63,20,615.0,4020.0,15540.49190001281,80.10949773863366,172.0,48013.38671875
63,21,0.0,4020.0,13182.042858884906,61.96738871697215,135.0,48359.9609375
63,22,615.0,4020.0,12713.660969703833,50.22375624851226,81.0,48511.17578124999
63,23,0.0,4020.0,8677.025709468018,23.544394191859084,37.0,49632.36328124999
63,24,0.0,4020.0,9194.980657858505,34.92739823851464,56.0,48735.828125
63,25,0.0,4020.0,13356.786823096634,64.93453939538205,185.0,48164.25390625
63,26,0.0,4020.0,8351.103886640414,24.78695548678886,18.0,49110.1640625
63,27,0.0,4020.0,13278.453082755426,62.84932159009759,137.0,48176.1796875
63,28,0.0,4020.0,8922.570528471344,21.859081171149725,12.0,50684.5078125
63,29,525.0,4020.0,12225.395858210155,56.56867412520828,148.0,48328.203125
63,30,510.0,4020.0,11732.852617883022,71.03308736015235,165.0,48388.22265625
63,31,0.0,4020.0,8001.032486151654,22.22685074982147,13.0,50439.68359375
63,32,0.0,4020.0,12590.090302544275,60.1142585098786,179.0,48372.95312499999
63,33,0.0,4020.0,9241.499971041743,36.19852416091407,61.0,48663.38671875
63,34,630.0,4020.0,15341.999216481709,78.36705546298501,156.0,47774.79296875001
63,35,0.0,4020.0,13167.660665232012,61.742442275648656,132.0,48450.953125
63,36,690.0,4020.0,15696.43805034053,75.6284218043323,166.0,47438.64843749999
63,37,60.0,4020.0,9086.092386356639,23.501547250654607,10.0,50018.8125
63,38,0.0,4020.0,8433.560610714,23.11235420138062,10.0,50259.76171875
63,39,0.0,4020.0,9078.672843829765,22.098309926208046,8.0,50400.12109375
63,40,315.0,5520.0,16082.601605404398,66.08783622946918,203.0,48037.25390625
63,41,0.0,4020.0,8070.589011598941,33.20280885503452,85.0,49565.66796875
63,42,0.0,4020.0,9604.249178301583,26.82932635086884,14.0,49781.73828125
63,43,0.0,4020.0,12903.775959708786,68.91930492739824,166.0,48058.0390625
63,44,0.0,4020.0,13078.983913522661,66.55558200428469,153.0,48288.5859375
63,45,0.0,4020.0,8469.269803446556,37.48750297548203,94.0,48775.890625
63,46,0.0,4020.0,9619.239465188806,23.065936681742443,13.0,50041.82812500001
63,47,570.0,4020.0,11336.235763629971,50.85931920971198,100.0,48532.11328125
63,48,0.0,4020.0,9599.336949236811,40.79742918352773,111.0,48454.65625
63,49,0.0,4020.0,12771.382972405863,51.26636515115449,140.0,48347.80859375
63,50,0.0,4020.0,13486.497258876621,59.39657224470364,170.0,48103.63671875
63,51,630.0,4020.0,15100.17368159174,77.77433944298977,152.0,47852.88281249999
63,52,690.0,4020.0,15642.66438410664,74.90716496072363,163.0,47493.5703125
63,53,0.0,4020.0,8887.999634083375,31.756724589383488,59.0,48797.33984375
63,54,630.0,4020.0,14998.193537943578,80.68436086646037,166.0,47965.32421875
63,55,0.0,4020.0,9921.248154304943,28.25041656748393,30.0,48774.953125
63,56,15.0,2640.0,9268.196885375939,49.74886931682933,99.0,48787.34375000001
63,57,0.0,4020.0,7780.18021933051,18.85622470840276,14.0,49863.984375
63,58,525.0,4020.0,11739.213268376861,45.70340395144013,96.0,48529.22265625
63,59,0.0,4020.0,8045.023864517398,21.694834563199237,14.0,49849.58984375
63,60,0.0,4020.0,8238.51112920832,36.284218043323015,83.0,49843.70312500001
63,61,600.0,4020.0,11473.44953310028,50.173768150440374,96.0,48098.6484375
63,62,0.0,4020.0,13164.471969787526,64.25970007141157,185.0,48232.03124999999
63,63,585.0,4020.0,11617.672223707312,57.60771244941681,164.0,48122.453125
63,64,645.0,4020.0,15008.703251818264,69.9761961437753,167.0,47883.91406249999
63,65,0.0,4020.0,8329.527397888018,25.058319447750534,23.0,49291.03906249999
63,66,0.0,4020.0,8470.649952784548,26.375862889788145,26.0,48979.36718750001
63,67,660.0,4020.0,12365.675088394088,70.7760057129255,127.0,47808.51171875001
63,68,690.0,4020.0,14654.403273412612,60.53201618662223,98.0,47626.44921875
63,69,585.0,4020.0,11251.85167204215,49.45965246369912,91.0,48478.62890625
63,70,0.0,4020.0,8401.007680124127,21.744822661271126,29.0,49679.7265625
63,71,0.0,5460.0,8756.781901213086,21.355629611997145,8.0,51491.64453125
63,72,0.0,2640.0,9105.242313576982,45.49631040228517,112.0,49899.12890625001
63,73,660.0,2640.0,10934.248781605496,51.91263984765532,73.0,49892.48828124999
63,74,0.0,4020.0,8885.990203133693,47.474410854558435,150.0,48976.96484375
63,75,255.0,5520.0,11721.374149508829,34.48464651273506,81.0,49035.46484375
63,76,585.0,4020.0,10763.58235167783,41.6900737919543,72.0,48906.37109375
63,77,585.0,4020.0,11394.889524035032,41.20090454653654,81.0,48738.515625
63,78,0.0,2640.0,9114.705144796306,46.0854558438467,115.0,49889.40234375
63,79,0.0,4020.0,8810.853805450828,47.46012854082361,136.0,48999.43359375
63,80,0.0,4020.0,8349.897808361775,21.248512258985954,14.0,50602.40234375
63,81,0.0,2640.0,9075.549004854427,36.23780052368484,85.0,50169.70703125
63,82,0.0,4020.0,8026.626746404986,34.434658414663176,92.0,50105.8515625
63,83,0.0,4020.0,8270.392993539337,24.272792192335157,13.0,50565.06640625
63,84,0.0,2640.0,9228.043346030918,37.173292073315885,89.0,49998.7109375
63,85,0.0,4020.0,7733.716547043764,18.109973815758153,11.0,50761.87890625001
63,86,0.0,2640.0,9150.833181994869,45.53915734348965,112.0,49623.68359375
63,87,0.0,4020.0,9030.432650180253,45.84979766722209,116.0,48869.15625000001
63,88,0.0,4080.0,10026.86098950393,22.562485122589855,8.0,55659.17187500001
63,89,0.0,4020.0,8279.341204246335,26.15448702689836,31.0,49969.1015625
63,90,0.0,4020.0,8739.465274829665,37.405379671506786,108.0,49089.46875
63,91,555.0,4020.0,11569.312706803503,56.83289692930254,169.0,48543.53515625
63,92,0.0,4020.0,7898.61191166479,30.50345155915258,75.0,50391.21875
63,93,555.0,4020.0,11334.288347223872,51.70197572006665,80.0,48793.984375
63,94,0.0,2640.0,9118.17899782784,45.38205189240657,113.0,49586.28515625
63,95,0.0,4020.0,8374.310466528059,21.39490597476791,27.0,49936.140625
63,96,0.0,4020.0,7795.197961404234,22.19828612235182,24.0,50615.17578125
63,97,0.0,4020.0,8479.304322487269,28.057605332063794,34.0,49265.69921874999
63,98,0.0,4020.0,8937.008905314411,45.00714115686741,139.0,49006.75390625001
63,99,0.0,4020.0,7809.411577586345,31.196143775291596,76.0,50393.43750000001
63,100,0.0,4020.0,8639.382219404422,23.31587717210188,36.0,49874.21484375
63,101,510.0,4020.0,11260.726464268188,62.69935729588193,200.0,48551.51171875
63,102,0.0,4020.0,7915.324227811037,21.416329445370152,26.0,50683.31249999999
63,103,0.0,4020.0,8337.930663383617,25.79028802666032,23.0,49307.34375
63,104,0.0,4020.0,8335.338950103913,21.341347298262317,27.0,50026.45703125
63,105,0.0,4020.0,8800.68449465168,33.44203761009283,50.0,49105.37500000001
63,106,0.0,4020.0,8487.630322552788,37.848131397286366,105.0,49056.16015625
63,107,0.0,4020.0,8192.488038375417,36.077124494168054,82.0,50000.78515625
63,108,0.0,4020.0,7778.494544279365,17.86360390383242,9.0,51655.4765625
63,109,570.0,4020.0,11551.649767861196,67.78386098547965,131.0,48599.71484375
63,110,0.0,4020.0,8406.525847173178,32.278029040704595,65.0,49200.82421875001
63,111,0.0,4020.0,8616.081816641989,23.312306593668175,36.0,49926.94140625
63,112,0.0,4020.0,8504.080663582075,37.637467269697694,102.0,49103.01953124999
63,113,600.0,4020.0,11513.309890275534,50.77719590573673,99.0,48612.90234375
63,114,0.0,4020.0,9149.054412890651,45.492739823851466,132.0,48992.3828125
63,115,0.0,4020.0,8242.127563145032,24.30135681980481,13.0,50596.72265625
63,116,0.0,4020.0,8831.29921837931,48.213520590335634,98.0,48958.95703125
63,117,585.0,4020.0,11433.627826867327,50.48083789573911,96.0,48732.84765625
63,118,0.0,4020.0,8469.725374804968,26.233039752439893,41.0,49161.71874999999
63,119,30.0,4020.0,8946.331671614855,23.705070221375863,23.0,50110.71875
63,120,60.0,4020.0,9247.476491839177,23.70864079980957,10.0,50433.8359375
63,121,645.0,4020.0,15051.30712716376,70.15472506546061,168.0,48047.42578124999
63,122,0.0,4020.0,9110.59153990174,23.323018328969294,14.0,50413.6171875
63,123,570.0,4140.0,14870.3878373367,61.242561294929786,160.0,48265.71093749999
63,124,60.0,4020.0,9100.916990681555,23.705070221375863,11.0,50033.68359375
63,125,0.0,4020.0,9542.591260686499,23.023089740537962,16.0,50262.6640625
64,0,0.0,4020.0,8991.087002526532,17.910021423470603,6.0,55792.6640625
64,1,0.0,4020.0,8982.212604142507,17.938586050940252,6.0,55708.3125
64,2,0.0,5460.0,8746.849331694655,21.316353249226374,8.0,51542.03125
64,3,0.0,4020.0,8876.902730133508,17.788621756724588,16.0,55080.40234375001
64,4,0.0,4020.0,9345.301401019216,17.76719828612235,66.0,57625.92968750001
64,5,0.0,4020.0,9079.520835401672,22.09473934777434,8.0,50414.125
64,6,660.0,4020.0,15472.253673223047,79.01690073791954,170.0,47773.96093749999
64,7,0.0,4020.0,9777.790209029685,24.565579623899072,12.0,50141.73828125
64,8,0.0,2640.0,8669.978365300061,34.00618900261843,57.0,49548.17187500001
64,9,0.0,4020.0,8384.282282759172,20.984289454891695,13.0,50112.3046875
64,10,0.0,4020.0,9449.729477885292,41.82932635086884,112.0,48599.03125
64,11,0.0,4020.0,8925.321806370135,32.73506308021899,64.0,48789.69140625
64,12,0.0,4020.0,7594.756611413569,17.83503927636277,9.0,50717.20703125
64,13,0.0,4020.0,9331.672847519843,26.200904546536535,10.0,49907.484375
64,14,0.0,4020.0,8288.780388451278,23.64794096643656,16.0,49351.1953125
64,15,0.0,4020.0,9078.40831015932,22.09473934777434,8.0,50440.45703124999
64,16,525.0,4020.0,12184.894807565059,57.286360390383244,153.0,48246.64453125
64,17,0.0,4020.0,13611.896618846113,64.6238990716496,183.0,48065.15234375
64,18,240.0,5520.0,12542.319112442528,51.23422994525113,152.0,48453.7421875
64,19,615.0,4020.0,15540.49190001281,80.10949773863366,172.0,48013.38671875
64,20,0.0,4020.0,13182.042858884906,61.96738871697215,135.0,48359.9609375
64,21,615.0,4020.0,12713.660969703833,50.22375624851226,81.0,48511.17578124999
64,22,0.0,4020.0,9194.980657858505,34.92739823851464,56.0,48735.828125
64,23,0.0,4020.0,13356.786823096634,64.93453939538205,185.0,48164.25390625
64,24,0.0,4020.0,8351.103886640414,24.78695548678886,18.0,49110.1640625
64,25,0.0,4020.0,13278.453082755426,62.84932159009759,137.0,48176.1796875
64,26,0.0,4020.0,8922.570528471344,21.859081171149725,12.0,50684.5078125
64,27,525.0,4020.0,12225.395858210155,56.56867412520828,148.0,48328.203125
64,28,510.0,4020.0,11732.852617883022,71.03308736015235,165.0,48388.22265625
64,29,0.0,4020.0,8001.032486151654,22.22685074982147,13.0,50439.68359375
64,30,0.0,4020.0,12590.090302544275,60.1142585098786,179.0,48372.95312499999
64,31,0.0,4020.0,9241.499971041743,36.19852416091407,61.0,48663.38671875
64,32,630.0,4020.0,15341.999216481709,78.36705546298501,156.0,47774.79296875001
64,33,0.0,4020.0,13167.660665232012,61.742442275648656,132.0,48450.953125
64,34,690.0,4020.0,15696.43805034053,75.6284218043323,166.0,47438.64843749999
64,35,60.0,4020.0,9086.092386356639,23.501547250654607,10.0,50018.8125
64,36,0.0,4020.0,8433.560610714,23.11235420138062,10.0,50259.76171875
64,37,0.0,4020.0,9078.672843829765,22.098309926208046,8.0,50400.12109375
64,38,315.0,5520.0,16082.601605404398,66.08783622946918,203.0,48037.25390625
64,39,0.0,4020.0,8070.589011598941,33.20280885503452,85.0,49565.66796875
64,40,0.0,4020.0,9604.249178301583,26.82932635086884,14.0,49781.73828125
64,41,0.0,4020.0,12903.775959708786,68.91930492739824,166.0,48058.0390625
64,42,0.0,4020.0,13078.983913522661,66.55558200428469,153.0,48288.5859375
64,43,0.0,4020.0,8469.269803446556,37.48750297548203,94.0,48775.890625
64,44,0.0,4020.0,9619.239465188806,23.065936681742443,13.0,50041.82812500001
64,45,570.0,4020.0,11336.235763629971,50.85931920971198,100.0,48532.11328125
64,46,0.0,4020.0,9599.336949236811,40.79742918352773,111.0,48454.65625
64,47,0.0,4020.0,12771.382972405863,51.26636515115449,140.0,48347.80859375
64,48,0.0,4020.0,13486.497258876621,59.39657224470364,170.0,48103.63671875
64,49,630.0,4020.0,15100.17368159174,77.77433944298977,152.0,47852.88281249999
64,50,690.0,4020.0,15642.66438410664,74.90716496072363,163.0,47493.5703125
64,51,0.0,4020.0,8887.999634083375,31.756724589383488,59.0,48797.33984375
64,52,630.0,4020.0,14998.193537943578,80.68436086646037,166.0,47965.32421875
64,53,0.0,4020.0,9921.248154304943,28.25041656748393,30.0,48774.953125
64,54,15.0,2640.0,9268.196885375939,49.74886931682933,99.0,48787.34375000001
64,55,0.0,4020.0,7780.18021933051,18.85622470840276,14.0,49863.984375
64,56,525.0,4020.0,11739.213268376861,45.70340395144013,96.0,48529.22265625
64,57,0.0,4020.0,8045.023864517398,21.694834563199237,14.0,49849.58984375
64,58,600.0,4020.0,11473.44953310028,50.173768150440374,96.0,48098.6484375
64,59,0.0,4020.0,13164.471969787526,64.25970007141157,185.0,48232.03124999999
64,60,585.0,4020.0,11617.672223707312,57.60771244941681,164.0,48122.453125
64,61,645.0,4020.0,15008.703251818264,69.9761961437753,167.0,47883.91406249999
64,62,0.0,4020.0,8329.527397888018,25.058319447750534,23.0,49291.03906249999
64,63,0.0,4020.0,8470.649952784548,26.375862889788145,26.0,48979.36718750001
64,64,660.0,4020.0,12365.675088394088,70.7760057129255,127.0,47808.51171875001
64,65,690.0,4020.0,14654.403273412612,60.53201618662223,98.0,47626.44921875
64,66,585.0,4020.0,11251.85167204215,49.45965246369912,91.0,48478.62890625
64,67,0.0,4020.0,8401.007680124127,21.744822661271126,29.0,49679.7265625
64,68,0.0,5460.0,8756.781901213086,21.355629611997145,8.0,51491.64453125
64,69,0.0,4020.0,7608.575348427241,19.116876934063317,16.0,50658.296875
64,70,15.0,4020.0,8643.376589284111,24.0692692216139,74.0,49319.92187499999
64,71,0.0,4020.0,8137.844350044534,23.915734348964527,18.0,49602.31640624999
64,72,0.0,4020.0,9329.702828839716,36.2163770530826,61.0,48628.39843750001
64,73,0.0,4020.0,8443.822044207023,22.798143299214473,34.0,49589.07421875
64,74,0.0,2640.0,9360.975970758296,30.93549154963104,49.0,49362.38671875
64,75,0.0,4020.0,8094.183500627162,35.645084503689596,80.0,49686.24218750001
64,76,660.0,2640.0,10934.248781605496,51.91263984765532,73.0,49892.48828124999
64,77,0.0,4020.0,8885.990203133693,47.474410854558435,150.0,48976.96484375
64,78,585.0,4020.0,10763.58235167783,41.6900737919543,72.0,48906.37109375
64,79,0.0,2640.0,9105.242313576982,45.49631040228517,112.0,49899.12890625001
64,80,255.0,5520.0,11721.374149508829,34.48464651273506,81.0,49035.46484375
64,81,0.0,2640.0,9118.17899782784,45.38205189240657,113.0,49586.28515625
64,82,0.0,4020.0,9149.054412890651,45.492739823851466,132.0,48992.3828125
64,83,585.0,4020.0,11394.889524035032,41.20090454653654,81.0,48738.515625
64,84,0.0,4020.0,8242.127563145032,24.30135681980481,13.0,50596.72265625
64,85,0.0,2640.0,9114.705144796306,46.0854558438467,115.0,49889.40234375
64,86,0.0,4020.0,8487.630322552788,37.848131397286366,105.0,49056.16015625
64,87,0.0,4020.0,8238.51112920832,36.284218043323015,83.0,49843.70312500001
64,88,0.0,2640.0,9075.549004854427,36.23780052368484,85.0,50169.70703125
64,89,0.0,4020.0,7915.324227811037,21.416329445370152,26.0,50683.31249999999
64,90,0.0,4020.0,7795.197961404234,22.19828612235182,24.0,50615.17578125
64,91,0.0,4020.0,8831.29921837931,48.213520590335634,98.0,48958.95703125
64,92,0.0,4020.0,8639.382219404422,23.31587717210188,36.0,49874.21484375
64,93,0.0,2640.0,9228.043346030918,37.173292073315885,89.0,49998.7109375
64,94,0.0,2640.0,9150.833181994869,45.53915734348965,112.0,49623.68359375
64,95,0.0,4020.0,8279.341204246335,26.15448702689836,31.0,49969.1015625
64,96,0.0,4080.0,10026.86098950393,22.562485122589855,8.0,55659.17187500001
64,97,0.0,4020.0,8810.853805450828,47.46012854082361,136.0,48999.43359375
64,98,555.0,4020.0,11334.288347223872,51.70197572006665,80.0,48793.984375
64,99,510.0,4020.0,11260.726464268188,62.69935729588193,200.0,48551.51171875
64,100,0.0,4020.0,8739.465274829665,37.405379671506786,108.0,49089.46875
64,101,600.0,4020.0,11513.309890275534,50.77719590573673,99.0,48612.90234375
64,102,0.0,4020.0,7778.494544279365,17.86360390383242,9.0,51655.4765625
64,103,0.0,4020.0,8270.392993539337,24.272792192335157,13.0,50565.06640625
64,104,0.0,4020.0,8335.338950103913,21.341347298262317,27.0,50026.45703125
64,105,0.0,4020.0,7936.229283336907,30.121399666746008,74.0,50318.92578124999
64,106,0.0,4020.0,8677.025709468018,23.544394191859084,37.0,49632.36328124999
64,107,0.0,4020.0,8800.68449465168,33.44203761009283,50.0,49105.37500000001
64,108,0.0,4020.0,8026.626746404986,34.434658414663176,92.0,50105.8515625
64,109,0.0,4020.0,8479.304322487269,28.057605332063794,34.0,49265.69921874999
64,110,600.0,4020.0,11567.953965177236,51.155677219709595,102.0,48421.03125
64,111,0.0,4020.0,7733.716547043764,18.109973815758153,11.0,50761.87890625001
64,112,0.0,4020.0,8937.008905314411,45.00714115686741,139.0,49006.75390625001
64,113,0.0,4020.0,8349.897808361775,21.248512258985954,14.0,50602.40234375
64,114,555.0,4020.0,11569.312706803503,56.83289692930254,169.0,48543.53515625
64,115,0.0,4020.0,9030.432650180253,45.84979766722209,116.0,48869.15625000001
64,116,0.0,4020.0,7898.61191166479,30.50345155915258,75.0,50391.21875
64,117,0.0,4020.0,8406.525847173178,32.278029040704595,65.0,49200.82421875001
64,118,15.0,4020.0,8644.76512094507,24.272792192335157,75.0,49331.7890625
64,119,0.0,4020.0,8302.111537813173,25.936681742442275,30.0,50328.66015624999
64,120,0.0,4020.0,8374.310466528059,21.39490597476791,27.0,49936.140625
64,121,0.0,4020.0,8337.930663383617,25.79028802666032,23.0,49307.34375
64,122,510.0,4020.0,11268.428020234729,62.71363960961676,200.0,48549.45703125
64,123,0.0,4020.0,9084.079077104874,45.87479171625803,134.0,48837.296875
64,124,0.0,4020.0,8504.080663582075,37.637467269697694,102.0,49103.01953124999
64,125,570.0,4020.0,11042.690631084166,55.85455843846703,131.0,48619.296875
65,0,0.0,4020.0,8991.087002526532,17.910021423470603,6.0,55792.6640625
65,1,0.0,4020.0,8982.212604142507,17.938586050940252,6.0,55708.3125
65,2,0.0,5460.0,8746.849331694655,21.316353249226374,8.0,51542.03125
65,3,0.0,4020.0,8876.902730133508,17.788621756724588,16.0,55080.40234375001
65,4,0.0,4020.0,9345.301401019216,17.76719828612235,66.0,57625.92968750001
65,5,0.0,4020.0,9079.520835401672,22.09473934777434,8.0,50414.125
65,6,660.0,4020.0,15472.253673223047,79.01690073791954,170.0,47773.96093749999
65,7,0.0,2640.0,8669.978365300061,34.00618900261843,57.0,49548.17187500001
65,8,0.0,4020.0,8384.282282759172,20.984289454891695,13.0,50112.3046875
65,9,0.0,4020.0,9449.729477885292,41.82932635086884,112.0,48599.03125
65,10,0.0,4020.0,8925.321806370135,32.73506308021899,64.0,48789.69140625
65,11,0.0,4020.0,7594.756611413569,17.83503927636277,9.0,50717.20703125
65,12,0.0,4020.0,9331.672847519843,26.200904546536535,10.0,49907.484375
65,13,0.0,4020.0,8288.780388451278,23.64794096643656,16.0,49351.1953125
65,14,0.0,4020.0,9078.40831015932,22.09473934777434,8.0,50440.45703124999
65,15,525.0,4020.0,12184.894807565059,57.286360390383244,153.0,48246.64453125
65,16,0.0,4020.0,13611.896618846113,64.6238990716496,183.0,48065.15234375
65,17,240.0,5520.0,12542.319112442528,51.23422994525113,152.0,48453.7421875
65,18,615.0,4020.0,15540.49190001281,80.10949773863366,172.0,48013.38671875
65,19,0.0,4020.0,13182.042858884906,61.96738871697215,135.0,48359.9609375
65,20,0.0,4020.0,9194.980657858505,34.92739823851464,56.0,48735.828125
65,21,0.0,4020.0,13356.786823096634,64.93453939538205,185.0,48164.25390625
65,22,0.0,4020.0,8351.103886640414,24.78695548678886,18.0,49110.1640625
65,23,0.0,4020.0,13278.453082755426,62.84932159009759,137.0,48176.1796875
65,24,0.0,4020.0,8922.570528471344,21.859081171149725,12.0,50684.5078125
65,25,525.0,4020.0,12225.395858210155,56.56867412520828,148.0,48328.203125
65,26,510.0,4020.0,11732.852617883022,71.03308736015235,165.0,48388.22265625
65,27,0.0,4020.0,8001.032486151654,22.22685074982147,13.0,50439.68359375
65,28,0.0,4020.0,12590.090302544275,60.1142585098786,179.0,48372.95312499999
65,29,0.0,4020.0,9241.499971041743,36.19852416091407,61.0,48663.38671875
65,30,630.0,4020.0,15341.999216481709,78.36705546298501,156.0,47774.79296875001
65,31,0.0,4020.0,13167.660665232012,61.742442275648656,132.0,48450.953125
65,32,690.0,4020.0,15696.43805034053,75.6284218043323,166.0,47438.64843749999
65,33,60.0,4020.0,9086.092386356639,23.501547250654607,10.0,50018.8125
65,34,0.0,4020.0,8433.560610714,23.11235420138062,10.0,50259.76171875
65,35,0.0,4020.0,9078.672843829765,22.098309926208046,8.0,50400.12109375
65,36,315.0,5520.0,16082.601605404398,66.08783622946918,203.0,48037.25390625
65,37,0.0,4020.0,8070.589011598941,33.20280885503452,85.0,49565.66796875
65,38,0.0,4020.0,12903.775959708786,68.91930492739824,166.0,48058.0390625
65,39,0.0,4020.0,8469.269803446556,37.48750297548203,94.0,48775.890625
65,40,570.0,4020.0,11336.235763629971,50.85931920971198,100.0,48532.11328125
65,41,0.0,4020.0,9599.336949236811,40.79742918352773,111.0,48454.65625
65,42,0.0,4020.0,12771.382972405863,51.26636515115449,140.0,48347.80859375
65,43,0.0,4020.0,13486.497258876621,59.39657224470364,170.0,48103.63671875
65,44,630.0,4020.0,15100.17368159174,77.77433944298977,152.0,47852.88281249999
65,45,690.0,4020.0,15642.66438410664,74.90716496072363,163.0,47493.5703125
65,46,0.0,4020.0,8887.999634083375,31.756724589383488,59.0,48797.33984375
65,47,630.0,4020.0,14998.193537943578,80.68436086646037,166.0,47965.32421875
65,48,0.0,4020.0,9921.248154304943,28.25041656748393,30.0,48774.953125
65,49,15.0,2640.0,9268.196885375939,49.74886931682933,99.0,48787.34375000001
65,50,0.0,4020.0,7780.18021933051,18.85622470840276,14.0,49863.984375
65,51,525.0,4020.0,11739.213268376861,45.70340395144013,96.0,48529.22265625
65,52,0.0,4020.0,8045.023864517398,21.694834563199237,14.0,49849.58984375
65,53,600.0,4020.0,11473.44953310028,50.173768150440374,96.0,48098.6484375
65,54,585.0,4020.0,11617.672223707312,57.60771244941681,164.0,48122.453125
65,55,645.0,4020.0,15008.703251818264,69.9761961437753,167.0,47883.91406249999
65,56,0.0,4020.0,8329.527397888018,25.058319447750534,23.0,49291.03906249999
65,57,0.0,4020.0,8470.649952784548,26.375862889788145,26.0,48979.36718750001
65,58,660.0,4020.0,12365.675088394088,70.7760057129255,127.0,47808.51171875001
65,59,690.0,4020.0,14654.403273412612,60.53201618662223,98.0,47626.44921875
65,60,585.0,4020.0,11251.85167204215,49.45965246369912,91.0,48478.62890625
65,61,0.0,4020.0,8401.007680124127,21.744822661271126,29.0,49679.7265625
65,62,0.0,5460.0,8756.781901213086,21.355629611997145,8.0,51491.64453125
65,63,0.0,4020.0,7608.575348427241,19.116876934063317,16.0,50658.296875
65,64,15.0,4020.0,8643.376589284111,24.0692692216139,74.0,49319.92187499999
65,65,0.0,4020.0,8137.844350044534,23.915734348964527,18.0,49602.31640624999
65,66,0.0,4020.0,9329.702828839716,36.2163770530826,61.0,48628.39843750001
65,67,0.0,4020.0,8443.822044207023,22.798143299214473,34.0,49589.07421875
65,68,0.0,2640.0,9360.975970758296,30.93549154963104,49.0,49362.38671875
65,69,0.0,4020.0,8094.183500627162,35.645084503689596,80.0,49686.24218750001
65,70,0.0,4020.0,12973.614060805721,62.756486550821236,141.0,48191.00390625
65,71,0.0,4020.0,8217.622098015354,25.079742918352775,32.0,49323.76953125
65,72,0.0,4020.0,8349.038774766057,33.35634372768389,70.0,48936.46875
65,73,0.0,4020.0,8859.090950602123,48.59914306117591,104.0,48724.42187500001
65,74,0.0,4020.0,7968.133578574338,20.016662699357298,19.0,49819.27734375
65,75,0.0,4020.0,13138.678371403392,66.95191621042609,156.0,48063.0390625
65,76,0.0,4020.0,9599.266121091892,22.873125446322305,8.0,49182.45703125
65,77,600.0,4020.0,11314.73861350636,50.102356581766244,95.0,48312.8125
65,78,615.0,4020.0,11392.616661580174,50.70935491549631,79.0,48542.73437500001
65,79,615.0,4020.0,12440.52354763103,47.90288026660319,70.0,48362.21875
65,80,660.0,2640.0,10934.248781605496,51.91263984765532,73.0,49892.48828124999
65,81,255.0,5520.0,11721.374149508829,34.48464651273506,81.0,49035.46484375
65,82,0.0,2640.0,9105.170464216917,45.49631040228517,112.0,49893.44140625
65,83,585.0,4020.0,10763.58235167783,41.6900737919543,72.0,48906.37109375
65,84,0.0,4020.0,8885.990203133693,47.474410854558435,150.0,48976.96484375
65,85,585.0,4020.0,11394.889524035032,41.20090454653654,81.0,48738.515625
65,86,0.0,2640.0,9150.833181994869,45.53915734348965,112.0,49623.68359375
65,87,0.0,4020.0,8487.630322552788,37.848131397286366,105.0,49056.16015625
65,88,0.0,2640.0,9114.705144796306,46.0854558438467,115.0,49889.40234375
65,89,0.0,4020.0,9084.079077104874,45.87479171625803,134.0,48837.296875
65,90,0.0,4020.0,8242.127563145032,24.30135681980481,13.0,50596.72265625
65,91,525.0,4020.0,11465.45687605493,44.23232563675315,95.0,48859.40625
65,92,0.0,4020.0,8831.29921837931,48.213520590335634,98.0,48958.95703125
65,93,0.0,2640.0,9075.549004854427,36.23780052368484,85.0,50169.70703125
65,94,0.0,4020.0,8349.897808361775,21.248512258985954,14.0,50602.40234375
65,95,0.0,4020.0,8810.853805450828,47.46012854082361,136.0,48999.43359375
65,96,0.0,4020.0,8302.111537813173,25.936681742442275,30.0,50328.66015624999
65,97,0.0,2640.0,9228.043346030918,37.173292073315885,89.0,49998.7109375
65,98,0.0,4080.0,10026.86098950393,22.562485122589855,8.0,55659.17187500001
65,99,0.0,2640.0,9118.17899782784,45.38205189240657,113.0,49586.28515625
65,100,0.0,4020.0,7936.229283336907,30.121399666746008,74.0,50318.92578124999
65,101,0.0,4020.0,7778.494544279365,17.86360390383242,9.0,51655.4765625
65,102,0.0,4020.0,7795.197961404234,22.19828612235182,24.0,50615.17578125
65,103,615.0,4020.0,12713.660969703833,50.22375624851226,81.0,48511.17578124999
65,104,0.0,4020.0,8677.025709468018,23.544394191859084,37.0,49632.36328124999
65,105,0.0,4020.0,9149.054412890651,45.492739823851466,132.0,48992.3828125
65,106,0.0,4020.0,8479.304322487269,28.057605332063794,34.0,49265.69921874999
65,107,600.0,4020.0,11513.309890275534,50.77719590573673,99.0,48612.90234375
65,108,0.0,4020.0,8238.51112920832,36.284218043323015,83.0,49843.70312500001
65,109,0.0,4020.0,8270.392993539337,24.272792192335157,13.0,50565.06640625
65,110,570.0,4020.0,10851.739649503674,44.0859319209712,79.0,48958.9609375
65,111,0.0,4020.0,8937.008905314411,45.00714115686741,139.0,49006.75390625001
65,112,0.0,4020.0,7915.324227811037,21.416329445370152,26.0,50683.31249999999
65,113,570.0,4020.0,11042.690631084166,55.85455843846703,131.0,48619.296875
65,114,15.0,4020.0,8644.76512094507,24.272792192335157,75.0,49331.7890625
65,115,0.0,4020.0,8504.080663582075,37.637467269697694,102.0,49103.01953124999
65,116,0.0,4020.0,8684.90583018993,32.84575101166389,46.0,49053.48046875001
65,117,0.0,4020.0,8026.626746404986,34.434658414663176,92.0,50105.8515625
65,118,555.0,4020.0,11569.312706803503,56.83289692930254,169.0,48543.53515625
65,119,0.0,4020.0,9030.432650180253,45.84979766722209,116.0,48869.15625000001
65,120,0.0,4020.0,8374.540512054657,26.400856938824084,26.0,49290.99999999999
65,121,600.0,4020.0,11334.517228155084,50.377291121161626,86.0,48640.68359375
65,122,0.0,4020.0,7733.716547043764,18.109973815758153,11.0,50761.87890625001
65,123,0.0,4020.0,8335.338950103913,21.341347298262317,27.0,50026.45703125
65,124,0.0,4020.0,8406.525847173178,32.278029040704595,65.0,49200.82421875001
65,125,0.0,4020.0,8337.930663383617,25.79028802666032,23.0,49307.34375
